region,canal,metodo_pago,ticket,dias_entrega,satisfaccion
Lima,App,Tarjeta,108.81,2.0,5.0
Norte,App,Tarjeta,67.15,4.0,5.0
Norte,App,Tarjeta,100.35,7.0,3.0
Lima,Web,Billetera digital,92.36,3.0,4.0
Lima,Web,Tarjeta,18.87,1.0,5.0
Sur,App,Tarjeta,328.98,3.0,3.0
Centro,Web,Tarjeta,132.15,3.0,5.0
Lima,App,Tarjeta,364.72,2.0,5.0
Sur,Web,Contra entrega,134.71,3.0,5.0
Lima,App,Tarjeta,267.42,3.0,3.0
Oriente,Web,Billetera digital,116.72,3.0,4.0
Centro,App,Billetera digital,192.83,4.0,4.0
Norte,Web,Billetera digital,138.15,4.0,3.0
Sur,Web,Contra entrega,239.61,1.0,5.0
Norte,App,Contra entrega,183.33,5.0,3.0
Centro,App,Billetera digital,175.09,5.0,4.0
Lima,Web,Tarjeta,95.85,2.0,5.0
Lima,App,Billetera digital,153.43,2.0,3.0
Lima,Web,Billetera digital,69.39,1.0,4.0
Lima,App,Contra entrega,136.19,1.0,4.0
Norte,App,Contra entrega,34.28,4.0,5.0
Lima,App,Billetera digital,148.24,3.0,3.0
Sur,App,Billetera digital,109.78,2.0,5.0
Lima,App,Tarjeta,174.71,4.0,4.0
Lima,App,Billetera digital,280.63,3.0,4.0
Lima,App,Billetera digital,138.96,2.0,4.0
Lima,App,Billetera digital,214.19,1.0,5.0
Norte,Web,Tarjeta,42.31,3.0,4.0
Lima,App,Billetera digital,386.95,1.0,5.0
Lima,Web,Tarjeta,126.39,2.0,4.0
Lima,Web,Billetera digital,102.43,2.0,5.0
Centro,Web,Tarjeta,125.76,6.0,4.0
Sur,App,Billetera digital,56.26,3.0,
Norte,App,Billetera digital,119.86,4.0,4.0
Lima,App,Tarjeta,242.16,1.0,5.0
Oriente,Web,Billetera digital,108.27,6.0,4.0
Norte,App,Contra entrega,268.54,5.0,3.0
Lima,App,Tarjeta,175.21,2.0,4.0
Centro,Web,Billetera digital,176.97,3.0,4.0
Lima,App,Billetera digital,119.29,3.0,4.0
Sur,App,Tarjeta,120.62,3.0,3.0
Lima,Web,Tarjeta,105.22,2.0,4.0
Lima,Web,Tarjeta,171.06,3.0,4.0
Sur,App,Billetera digital,237.55,5.0,5.0
Lima,Web,Billetera digital,99.45,1.0,4.0
Norte,Web,Billetera digital,71.36,2.0,5.0
Norte,Web,Billetera digital,122.79,2.0,5.0
Lima,App,Contra entrega,91.0,2.0,3.0
Sur,Web,Billetera digital,84.6,3.0,3.0
Norte,App,Tarjeta,36.51,3.0,4.0
Norte,App,Billetera digital,218.39,3.0,3.0
Lima,Web,Billetera digital,43.2,3.0,3.0
Lima,Web,Billetera digital,52.64,2.0,4.0
Norte,Web,Billetera digital,192.14,4.0,3.0
Norte,App,Tarjeta,199.38,3.0,5.0
Sur,App,Contra entrega,63.65,2.0,5.0
Norte,App,Billetera digital,79.09,5.0,4.0
Lima,App,Tarjeta,120.72,2.0,2.0
Lima,App,Tarjeta,604.86,3.0,4.0
Sur,Web,Billetera digital,203.01,4.0,5.0
Norte,Web,Contra entrega,199.22,3.0,4.0
Lima,App,Billetera digital,94.18,2.0,4.0
Norte,App,Contra entrega,199.8,4.0,4.0
Lima,App,Billetera digital,209.86,3.0,3.0
Centro,App,Tarjeta,70.32,3.0,4.0
Oriente,App,Tarjeta,176.2,2.0,3.0
Lima,Web,Contra entrega,350.11,2.0,4.0
Lima,Web,Tarjeta,133.44,2.0,4.0
Sur,Web,Tarjeta,71.96,3.0,4.0
Lima,Web,Billetera digital,71.79,3.0,5.0
Norte,App,Contra entrega,136.4,4.0,4.0
Lima,Web,Contra entrega,192.23,2.0,5.0
Sur,App,Tarjeta,52.83,2.0,4.0
Oriente,Web,Contra entrega,66.04,3.0,4.0
Centro,Web,Billetera digital,70.11,5.0,4.0
Norte,Web,Contra entrega,99.71,6.0,3.0
Lima,App,Billetera digital,136.97,1.0,5.0
Oriente,Web,Tarjeta,137.14,3.0,4.0
Lima,Web,Tarjeta,106.73,3.0,3.0
Lima,Web,Billetera digital,51.15,2.0,4.0
Lima,App,Tarjeta,139.75,3.0,5.0
Sur,App,Contra entrega,70.66,2.0,4.0
Norte,Web,Billetera digital,99.95,3.0,5.0
Lima,App,Billetera digital,150.3,1.0,5.0
Lima,Web,Tarjeta,201.79,1.0,5.0
Norte,App,Tarjeta,57.64,3.0,4.0
Norte,App,Tarjeta,315.92,2.0,5.0
Norte,App,Billetera digital,85.08,1.0,5.0
Norte,App,Tarjeta,73.47,3.0,4.0
Centro,App,Billetera digital,79.86,3.0,4.0
Centro,Web,Billetera digital,2674.84,2.0,4.0
Lima,App,Billetera digital,213.99,3.0,5.0
Oriente,App,Billetera digital,88.5,2.0,4.0
Sur,App,Billetera digital,123.84,4.0,2.0
Norte,App,Billetera digital,346.69,2.0,3.0
Sur,Web,Tarjeta,382.19,5.0,3.0
Norte,Web,Tarjeta,147.4,4.0,5.0
Centro,Web,Billetera digital,129.73,2.0,5.0
Lima,App,Tarjeta,210.87,3.0,3.0
Norte,Web,Tarjeta,119.14,5.0,3.0
Sur,Web,Contra entrega,277.13,3.0,3.0
Lima,App,Contra entrega,166.53,1.0,4.0
Norte,App,Tarjeta,92.49,1.0,5.0
Lima,Web,Tarjeta,163.57,4.0,4.0
Sur,Web,Tarjeta,361.0,4.0,5.0
Lima,Web,Billetera digital,218.94,3.0,4.0
Norte,Web,Tarjeta,131.3,3.0,4.0
Centro,Web,Billetera digital,210.05,5.0,4.0
Norte,Web,Billetera digital,195.65,2.0,4.0
Lima,Web,Tarjeta,137.03,2.0,4.0
Sur,Web,Tarjeta,107.06,1.0,5.0
Lima,App,Tarjeta,155.56,1.0,5.0
Sur,App,Billetera digital,217.77,4.0,3.0
Lima,Web,Tarjeta,130.0,2.0,4.0
Lima,Web,Billetera digital,193.82,2.0,4.0
Lima,App,Billetera digital,184.86,1.0,5.0
Lima,Web,Billetera digital,65.92,1.0,4.0
Norte,Web,Billetera digital,68.61,3.0,5.0
Lima,App,Billetera digital,113.77,2.0,4.0
Norte,Web,Contra entrega,119.1,2.0,4.0
Sur,Web,Billetera digital,95.83,2.0,5.0
Centro,App,Tarjeta,91.81,5.0,4.0
Lima,Web,Tarjeta,176.27,1.0,3.0
Lima,Web,Tarjeta,160.25,2.0,3.0
Lima,Web,Tarjeta,136.37,2.0,5.0
Lima,Web,Billetera digital,210.4,2.0,3.0
Sur,Web,Tarjeta,189.24,1.0,5.0
Sur,Web,Billetera digital,50.87,2.0,5.0
Norte,Web,Tarjeta,241.02,2.0,4.0
Norte,Web,Tarjeta,169.36,2.0,5.0
Oriente,Web,Billetera digital,162.16,6.0,3.0
Sur,Web,Tarjeta,271.1,3.0,3.0
Sur,App,Contra entrega,123.51,1.0,5.0
Centro,Web,Contra entrega,120.6,2.0,5.0
Lima,App,Billetera digital,173.35,2.0,4.0
Sur,Web,Tarjeta,79.65,3.0,4.0
Sur,Web,Billetera digital,154.46,5.0,3.0
Centro,App,Contra entrega,60.69,6.0,4.0
Lima,App,Contra entrega,166.18,1.0,3.0
Sur,Web,Tarjeta,72.49,4.0,4.0
Norte,App,Tarjeta,84.98,2.0,5.0
Lima,Web,Billetera digital,101.19,1.0,4.0
Lima,App,Billetera digital,100.92,1.0,5.0
Lima,App,Tarjeta,248.43,2.0,4.0
Oriente,Web,Contra entrega,97.1,2.0,3.0
Lima,Web,Contra entrega,722.75,2.0,4.0
Lima,App,Tarjeta,124.97,1.0,5.0
Lima,Web,Tarjeta,58.45,1.0,5.0
Lima,Web,Billetera digital,211.98,1.0,5.0
Lima,App,Billetera digital,115.54,2.0,5.0
Centro,App,Contra entrega,210.68,4.0,5.0
Lima,App,Billetera digital,354.57,4.0,4.0
Norte,App,Tarjeta,357.44,3.0,4.0
Lima,App,Billetera digital,273.17,2.0,5.0
Sur,App,Billetera digital,93.53,3.0,4.0
Lima,Web,Billetera digital,146.23,1.0,4.0
Sur,Web,Contra entrega,117.23,6.0,4.0
Lima,App,Contra entrega,170.91,3.0,4.0
Lima,Web,Tarjeta,210.34,2.0,5.0
Sur,App,Tarjeta,130.86,1.0,4.0
Norte,Web,Tarjeta,271.89,3.0,4.0
Lima,Web,Tarjeta,137.17,1.0,5.0
Lima,App,Billetera digital,392.79,2.0,4.0
Sur,Web,Billetera digital,155.31,3.0,4.0
Lima,App,Billetera digital,206.05,1.0,4.0
Lima,App,Tarjeta,169.3,1.0,4.0
Oriente,Web,Tarjeta,75.58,2.0,4.0
Lima,Web,Contra entrega,179.21,1.0,5.0
Lima,App,Tarjeta,296.36,1.0,5.0
Norte,Web,Billetera digital,63.84,1.0,5.0
Lima,Web,Tarjeta,227.03,3.0,3.0
Lima,App,Tarjeta,145.35,1.0,5.0
Norte,Web,Billetera digital,65.87,2.0,5.0
Oriente,App,Contra entrega,115.17,1.0,5.0
Oriente,App,Tarjeta,156.33,7.0,4.0
Lima,App,Billetera digital,208.02,1.0,5.0
Centro,Web,Billetera digital,93.64,6.0,2.0
Lima,App,Billetera digital,165.56,1.0,5.0
Sur,App,Billetera digital,64.92,4.0,4.0
Lima,Web,Contra entrega,107.88,2.0,3.0
Sur,Web,Contra entrega,212.43,5.0,4.0
Sur,Web,Tarjeta,154.17,2.0,4.0
Centro,Web,Contra entrega,243.32,7.0,3.0
Oriente,Web,Contra entrega,133.92,2.0,3.0
Lima,Web,Billetera digital,76.12,1.0,5.0
Norte,Web,Billetera digital,91.11,2.0,3.0
Sur,App,Tarjeta,178.88,4.0,
Lima,Web,Tarjeta,160.61,3.0,4.0
Sur,Web,Tarjeta,106.49,8.0,3.0
Lima,App,Tarjeta,85.29,2.0,4.0
Lima,Web,Contra entrega,95.6,2.0,5.0
Norte,Web,Tarjeta,288.71,5.0,3.0
Norte,Web,Tarjeta,77.51,6.0,4.0
Norte,Web,Billetera digital,105.61,3.0,5.0
Norte,Web,Billetera digital,294.28,1.0,5.0
Norte,Web,Billetera digital,96.87,4.0,4.0
Centro,Web,Billetera digital,164.2,2.0,5.0
Lima,Web,Tarjeta,380.98,1.0,5.0
Lima,Web,Tarjeta,80.39,1.0,5.0
Lima,App,Tarjeta,107.6,3.0,5.0
Sur,Web,Tarjeta,73.37,3.0,3.0
Sur,App,Contra entrega,217.54,2.0,4.0
Lima,App,Contra entrega,102.04,1.0,5.0
Sur,App,Contra entrega,140.43,5.0,4.0
Sur,Web,Contra entrega,110.99,3.0,2.0
Sur,Web,Tarjeta,137.75,3.0,5.0
Lima,App,Tarjeta,137.08,1.0,4.0
Lima,App,Tarjeta,407.84,4.0,4.0
Centro,App,Billetera digital,198.29,6.0,3.0
Centro,App,Billetera digital,167.05,5.0,3.0
Lima,App,Billetera digital,249.1,2.0,5.0
Norte,App,Billetera digital,44.13,3.0,4.0
Lima,App,Billetera digital,51.29,4.0,
Lima,App,Tarjeta,145.01,2.0,5.0
Lima,App,Tarjeta,71.18,1.0,3.0
Lima,Web,Contra entrega,153.05,1.0,4.0
Lima,App,Tarjeta,65.75,3.0,5.0
Centro,Web,Billetera digital,90.39,2.0,5.0
Norte,Web,Billetera digital,74.38,1.0,5.0
Lima,App,Billetera digital,44.25,1.0,4.0
Lima,App,Billetera digital,65.25,2.0,4.0
Norte,App,Tarjeta,243.53,2.0,5.0
Norte,App,Contra entrega,65.18,2.0,4.0
Norte,Web,Tarjeta,67.68,3.0,3.0
Lima,Web,Tarjeta,346.73,2.0,5.0
Lima,Web,Tarjeta,103.7,6.0,5.0
Norte,App,Tarjeta,196.36,1.0,5.0
Oriente,App,Contra entrega,170.07,7.0,3.0
Norte,App,Contra entrega,233.06,3.0,
Centro,Web,Tarjeta,56.14,3.0,5.0
Lima,Web,Tarjeta,60.11,2.0,5.0
Lima,Web,Billetera digital,176.3,4.0,4.0
Centro,Web,Contra entrega,171.98,6.0,4.0
Norte,Web,Contra entrega,116.0,2.0,4.0
Norte,Web,Tarjeta,185.01,2.0,4.0
Lima,Web,Billetera digital,465.17,3.0,5.0
Lima,App,Billetera digital,135.26,1.0,5.0
Sur,App,Billetera digital,130.8,5.0,4.0
Lima,App,Tarjeta,274.14,3.0,4.0
Lima,Web,Billetera digital,202.74,1.0,5.0
Sur,Web,Tarjeta,102.26,5.0,2.0
Oriente,App,Tarjeta,323.76,6.0,3.0
Oriente,App,Billetera digital,125.56,6.0,4.0
Norte,Web,Billetera digital,155.48,4.0,3.0
Lima,Web,Billetera digital,186.41,2.0,4.0
Lima,Web,Contra entrega,219.87,3.0,5.0
Norte,Web,Tarjeta,142.82,4.0,4.0
Lima,Web,Tarjeta,141.81,2.0,5.0
Lima,App,Billetera digital,122.23,2.0,5.0
Lima,App,Tarjeta,68.46,2.0,5.0
Oriente,App,Billetera digital,124.11,5.0,3.0
Lima,App,Tarjeta,150.22,5.0,3.0
Lima,App,Contra entrega,109.09,1.0,5.0
Centro,Web,Contra entrega,196.81,3.0,4.0
Norte,Web,Tarjeta,135.79,3.0,4.0
Sur,Web,Tarjeta,245.28,5.0,3.0
Lima,Web,Tarjeta,231.38,1.0,4.0
Oriente,Web,Contra entrega,272.97,4.0,4.0
Oriente,App,Billetera digital,121.33,2.0,5.0
Norte,App,Tarjeta,118.11,1.0,4.0
Oriente,Web,Billetera digital,136.05,3.0,5.0
Norte,Web,Contra entrega,294.01,2.0,5.0
Lima,Web,Billetera digital,180.69,6.0,4.0
Sur,Web,Tarjeta,90.08,7.0,3.0
Norte,Web,Contra entrega,113.48,2.0,4.0
Lima,Web,Billetera digital,296.9,2.0,4.0
Norte,Web,Billetera digital,105.33,3.0,5.0
Lima,App,Tarjeta,191.65,2.0,5.0
Centro,Web,Contra entrega,67.41,5.0,4.0
Norte,Web,Tarjeta,294.4,4.0,4.0
Lima,Web,Billetera digital,228.54,3.0,2.0
Oriente,Web,Billetera digital,42.45,11.0,2.0
Oriente,Web,Tarjeta,94.05,6.0,4.0
Sur,App,Tarjeta,114.7,5.0,2.0
Lima,App,Tarjeta,75.3,2.0,4.0
Norte,App,Billetera digital,303.33,4.0,4.0
Lima,App,Billetera digital,98.86,3.0,5.0
Lima,App,Tarjeta,204.87,1.0,3.0
Lima,App,Contra entrega,89.45,1.0,4.0
Lima,App,Billetera digital,173.63,1.0,4.0
Sur,Web,Tarjeta,338.05,8.0,3.0
Lima,App,Contra entrega,237.44,1.0,4.0
Lima,App,Tarjeta,154.03,1.0,4.0
Sur,Web,Billetera digital,111.48,4.0,4.0
Centro,Web,Contra entrega,50.37,4.0,3.0
Centro,Web,Tarjeta,128.05,3.0,5.0
Sur,App,Tarjeta,63.0,5.0,4.0
Oriente,Web,Billetera digital,104.91,4.0,4.0
Norte,Web,Billetera digital,196.83,3.0,3.0
Sur,Web,Billetera digital,181.45,6.0,2.0
Lima,Web,Billetera digital,147.06,2.0,4.0
Lima,Web,Tarjeta,208.96,3.0,5.0
Centro,Web,Contra entrega,172.3,1.0,4.0
Lima,App,Billetera digital,88.49,1.0,4.0
Sur,App,Billetera digital,143.13,2.0,4.0
Norte,Web,Billetera digital,66.51,2.0,5.0
Lima,Web,Billetera digital,327.29,3.0,3.0
Lima,Web,Billetera digital,62.59,1.0,4.0
Norte,App,Tarjeta,263.0,2.0,5.0
Sur,App,Billetera digital,244.27,4.0,5.0
Sur,Web,Billetera digital,274.38,5.0,4.0
Lima,Web,Tarjeta,80.32,1.0,4.0
Lima,Web,Tarjeta,336.05,2.0,4.0
Norte,Web,Tarjeta,221.23,1.0,5.0
Lima,Web,Tarjeta,62.94,3.0,5.0
Lima,Web,Billetera digital,85.98,1.0,4.0
Norte,App,Contra entrega,22.83,7.0,5.0
Lima,Web,Contra entrega,117.58,2.0,4.0
Norte,App,Tarjeta,107.54,2.0,3.0
Lima,App,Billetera digital,200.28,1.0,4.0
Lima,Web,Tarjeta,115.04,2.0,3.0
Centro,App,Tarjeta,277.07,1.0,4.0
Norte,App,Tarjeta,223.34,7.0,3.0
Centro,Web,Billetera digital,59.29,1.0,5.0
Centro,App,Tarjeta,208.16,6.0,3.0
Lima,Web,Billetera digital,99.48,4.0,3.0
Lima,App,Tarjeta,124.71,1.0,4.0
Norte,Web,Contra entrega,113.09,1.0,5.0
Lima,Web,Tarjeta,132.43,1.0,5.0
Lima,Web,Contra entrega,190.35,4.0,5.0
Centro,App,Contra entrega,195.6,1.0,5.0
Centro,Web,Billetera digital,25.96,5.0,2.0
Lima,App,Tarjeta,207.92,1.0,4.0
Sur,Web,Contra entrega,161.91,5.0,4.0
Norte,App,Billetera digital,134.49,4.0,5.0
Sur,Web,Tarjeta,151.83,4.0,4.0
Lima,Web,Billetera digital,406.97,3.0,4.0
Norte,App,Tarjeta,168.22,6.0,4.0
Centro,App,Billetera digital,137.18,4.0,3.0
Sur,Web,Billetera digital,86.43,2.0,4.0
Lima,Web,Contra entrega,146.53,2.0,5.0
Centro,Web,Billetera digital,67.67,2.0,4.0
Lima,Web,Tarjeta,155.5,2.0,4.0
Sur,Web,Tarjeta,64.93,1.0,4.0
Sur,App,Billetera digital,93.4,8.0,3.0
Lima,Web,Tarjeta,47.91,1.0,5.0
Centro,App,Contra entrega,20.88,3.0,4.0
Norte,Web,Contra entrega,148.81,4.0,4.0
Oriente,Web,Billetera digital,56.05,9.0,3.0
Oriente,Web,Billetera digital,88.59,9.0,4.0
Centro,Web,Tarjeta,171.19,3.0,4.0
Centro,App,Billetera digital,61.42,4.0,4.0
Lima,App,Billetera digital,197.48,1.0,5.0
Norte,Web,Tarjeta,145.61,2.0,4.0
Sur,App,Billetera digital,84.2,4.0,4.0
Norte,App,Billetera digital,172.14,3.0,4.0
Norte,App,Billetera digital,70.68,5.0,3.0
Lima,Web,Tarjeta,26.62,1.0,4.0
Lima,Web,Tarjeta,121.6,2.0,4.0
Sur,App,Tarjeta,195.24,2.0,4.0
Lima,Web,Tarjeta,76.09,1.0,4.0
Sur,App,Billetera digital,153.27,3.0,4.0
Lima,App,Tarjeta,87.41,1.0,4.0
Lima,Web,Billetera digital,102.33,3.0,2.0
Lima,Web,Billetera digital,72.15,1.0,2.0
Sur,Web,Tarjeta,239.32,2.0,5.0
Lima,Web,Tarjeta,165.53,2.0,3.0
Norte,App,Tarjeta,133.58,3.0,5.0
Lima,App,Tarjeta,74.13,3.0,3.0
Norte,Web,Tarjeta,43.94,3.0,5.0
Sur,Web,Contra entrega,206.16,1.0,3.0
Lima,App,Billetera digital,166.78,1.0,5.0
Sur,App,Tarjeta,119.02,4.0,3.0
Sur,App,Tarjeta,79.28,2.0,5.0
Oriente,App,Billetera digital,158.61,6.0,2.0
Lima,Web,Tarjeta,126.69,3.0,5.0
Centro,App,Contra entrega,127.75,6.0,3.0
Lima,Web,Tarjeta,73.36,2.0,4.0
Oriente,App,Billetera digital,143.3,3.0,5.0
Lima,App,Billetera digital,272.63,1.0,5.0
Lima,Web,Billetera digital,132.39,2.0,4.0
Lima,Web,Billetera digital,127.1,3.0,4.0
Centro,Web,Tarjeta,117.89,5.0,3.0
Norte,App,Tarjeta,253.82,2.0,4.0
Oriente,App,Contra entrega,93.37,3.0,5.0
Lima,App,Tarjeta,226.25,1.0,5.0
Centro,App,Contra entrega,377.65,1.0,5.0
Lima,App,Billetera digital,287.24,3.0,4.0
Lima,Web,Tarjeta,98.93,2.0,3.0
Sur,Web,Tarjeta,65.14,4.0,3.0
Lima,App,Tarjeta,203.11,3.0,5.0
Norte,App,Tarjeta,228.57,1.0,4.0
Norte,App,Contra entrega,120.31,3.0,3.0
Lima,Web,Billetera digital,56.59,2.0,3.0
Lima,App,Tarjeta,97.39,2.0,
Lima,Web,Tarjeta,73.72,2.0,4.0
Lima,Web,Tarjeta,69.84,2.0,3.0
Oriente,App,Contra entrega,211.04,2.0,4.0
Norte,Web,Billetera digital,152.46,1.0,3.0
Lima,Web,Billetera digital,103.49,2.0,5.0
Sur,App,Tarjeta,124.67,1.0,4.0
Lima,App,Tarjeta,67.88,2.0,4.0
Norte,App,Tarjeta,691.04,2.0,4.0
Lima,App,Tarjeta,131.32,1.0,4.0
Norte,App,Billetera digital,74.48,4.0,4.0
Sur,Web,Billetera digital,140.23,2.0,4.0
Lima,Web,Billetera digital,78.09,2.0,2.0
Centro,Web,Billetera digital,188.96,2.0,4.0
Norte,Web,Contra entrega,110.14,2.0,4.0
Norte,Web,Billetera digital,129.4,5.0,5.0
Lima,App,Tarjeta,475.21,1.0,5.0
Lima,App,Billetera digital,220.03,2.0,3.0
Lima,Web,Billetera digital,118.03,1.0,4.0
Lima,Web,Tarjeta,200.42,2.0,5.0
Lima,Web,Billetera digital,149.38,2.0,4.0
Sur,Web,Tarjeta,108.38,3.0,5.0
Lima,App,Billetera digital,84.85,2.0,5.0
Sur,Web,Tarjeta,148.82,3.0,4.0
Lima,App,Tarjeta,150.0,1.0,5.0
Sur,App,Billetera digital,129.25,2.0,5.0
Lima,App,Tarjeta,39.59,5.0,4.0
Centro,Web,Tarjeta,166.96,11.0,3.0
Centro,Web,Contra entrega,85.92,2.0,4.0
Sur,App,Contra entrega,101.7,2.0,
Lima,App,Billetera digital,296.91,6.0,4.0
Lima,App,Tarjeta,148.92,1.0,5.0
Sur,Web,Billetera digital,124.57,1.0,4.0
Norte,App,Tarjeta,56.66,3.0,5.0
Lima,App,Tarjeta,35.39,1.0,4.0
Norte,Web,Billetera digital,141.57,6.0,5.0
Lima,Web,Tarjeta,255.45,1.0,5.0
Norte,Web,Billetera digital,197.24,3.0,3.0
Norte,App,Tarjeta,147.91,2.0,5.0
Sur,App,Tarjeta,119.42,7.0,2.0
Lima,App,Tarjeta,180.36,3.0,4.0
Lima,Web,Billetera digital,213.63,1.0,5.0
Lima,App,Contra entrega,111.18,1.0,5.0
Lima,App,Tarjeta,78.19,3.0,3.0
Oriente,App,Contra entrega,219.64,5.0,3.0
Centro,Web,Contra entrega,240.44,4.0,4.0
Norte,Web,Billetera digital,268.85,3.0,4.0
Lima,Web,Billetera digital,95.07,2.0,3.0
Lima,Web,Billetera digital,80.18,2.0,4.0
Oriente,App,Contra entrega,92.95,6.0,5.0
Lima,Web,Tarjeta,182.13,2.0,4.0
Lima,Web,Tarjeta,168.78,1.0,4.0
Sur,Web,Contra entrega,62.53,7.0,3.0
Lima,Web,Billetera digital,167.94,2.0,4.0
Lima,App,Billetera digital,317.37,1.0,4.0
Lima,Web,Tarjeta,121.77,2.0,4.0
Sur,App,Tarjeta,178.35,2.0,5.0
Norte,Web,Contra entrega,28.15,3.0,5.0
Sur,Web,Tarjeta,95.03,4.0,4.0
Norte,App,Billetera digital,70.63,5.0,3.0
Lima,Web,Billetera digital,66.23,1.0,5.0
Lima,Web,Billetera digital,92.72,2.0,5.0
Sur,App,Tarjeta,77.99,2.0,5.0
Lima,App,Billetera digital,62.01,2.0,4.0
Norte,Web,Tarjeta,53.0,4.0,
Norte,App,Billetera digital,58.57,3.0,5.0
Oriente,App,Billetera digital,76.35,6.0,4.0
Lima,App,Tarjeta,195.67,2.0,5.0
Lima,Web,Billetera digital,280.8,2.0,4.0
Sur,Web,Contra entrega,60.79,7.0,2.0
Lima,Web,Tarjeta,192.34,3.0,3.0
Lima,Web,Tarjeta,123.53,2.0,4.0
Centro,App,Contra entrega,114.61,6.0,5.0
Sur,App,Tarjeta,283.96,5.0,4.0
Lima,Web,Tarjeta,126.9,1.0,5.0
Lima,Web,Tarjeta,174.95,2.0,5.0
Centro,App,Billetera digital,252.08,2.0,5.0
Norte,App,Tarjeta,131.91,3.0,4.0
Centro,Web,Billetera digital,172.5,2.0,4.0
Norte,App,Tarjeta,162.86,2.0,4.0
Lima,App,Tarjeta,74.42,1.0,4.0
Lima,App,Billetera digital,52.57,1.0,4.0
Lima,Web,Billetera digital,312.5,3.0,5.0
Sur,Web,Tarjeta,214.99,3.0,4.0
Lima,Web,Billetera digital,293.0,3.0,4.0
Lima,Web,Billetera digital,66.26,2.0,5.0
Lima,App,Tarjeta,71.82,1.0,5.0
Sur,Web,Billetera digital,112.94,6.0,4.0
Lima,App,Tarjeta,99.85,3.0,5.0
Centro,App,Tarjeta,242.57,4.0,3.0
Lima,App,Tarjeta,163.74,3.0,4.0
Centro,Web,Contra entrega,116.91,3.0,4.0
Centro,Web,Tarjeta,39.12,3.0,5.0
Centro,App,Contra entrega,215.78,2.0,3.0
Lima,App,Billetera digital,155.95,2.0,4.0
Centro,Web,Tarjeta,100.76,4.0,3.0
Lima,App,Billetera digital,132.34,2.0,3.0
Lima,Web,Billetera digital,71.19,2.0,3.0
Lima,App,Contra entrega,135.41,7.0,3.0
Norte,Web,Billetera digital,211.27,1.0,5.0
Lima,Web,Tarjeta,271.79,3.0,5.0
Oriente,Web,Tarjeta,80.57,4.0,3.0
Lima,Web,Tarjeta,205.75,1.0,5.0
Norte,App,Tarjeta,237.21,2.0,5.0
Centro,Web,Contra entrega,207.81,10.0,3.0
Lima,Web,Tarjeta,145.98,1.0,5.0
Norte,App,Tarjeta,394.33,3.0,4.0
Norte,App,Billetera digital,286.09,4.0,3.0
Sur,Web,Tarjeta,364.44,2.0,5.0
Sur,Web,Billetera digital,80.79,2.0,4.0
Centro,App,Billetera digital,117.58,2.0,4.0
Sur,App,Contra entrega,100.52,1.0,4.0
Norte,Web,Tarjeta,41.05,3.0,5.0
Lima,App,Contra entrega,274.66,4.0,3.0
Lima,App,Tarjeta,221.42,3.0,4.0
Lima,Web,Tarjeta,95.11,3.0,3.0
Centro,App,Contra entrega,60.02,3.0,4.0
Lima,Web,Billetera digital,226.41,2.0,4.0
Centro,App,Billetera digital,201.26,4.0,5.0
Lima,Web,Billetera digital,284.28,3.0,4.0
Lima,Web,Billetera digital,231.51,2.0,5.0
Lima,App,Tarjeta,241.76,2.0,5.0
Lima,App,Billetera digital,147.62,5.0,3.0
Lima,Web,Tarjeta,168.9,4.0,2.0
Lima,App,Billetera digital,245.18,1.0,3.0
Sur,App,Contra entrega,135.92,2.0,
Lima,App,Tarjeta,70.62,2.0,4.0
Norte,Web,Tarjeta,147.75,1.0,5.0
Oriente,App,Billetera digital,430.45,3.0,4.0
Lima,App,Billetera digital,100.72,2.0,3.0
Norte,App,Tarjeta,134.1,2.0,5.0
Oriente,Web,Billetera digital,104.0,7.0,4.0
Norte,App,Billetera digital,133.0,1.0,4.0
Norte,Web,Contra entrega,86.29,2.0,4.0
Norte,Web,Tarjeta,140.43,5.0,4.0
Lima,App,Billetera digital,568.25,2.0,5.0
Sur,App,Billetera digital,130.22,1.0,5.0
Centro,Web,Tarjeta,144.08,6.0,4.0
Centro,App,Tarjeta,166.1,6.0,3.0
Norte,App,Contra entrega,284.3,5.0,5.0
Lima,App,Tarjeta,440.5,1.0,5.0
Sur,Web,Billetera digital,306.95,4.0,5.0
Oriente,App,Billetera digital,98.08,12.0,2.0
Oriente,Web,Tarjeta,221.17,4.0,4.0
Lima,Web,Tarjeta,290.9,2.0,5.0
Oriente,App,Billetera digital,225.66,4.0,4.0
Sur,Web,Billetera digital,181.04,5.0,5.0
Centro,App,Tarjeta,91.93,2.0,5.0
Lima,Web,Billetera digital,86.99,1.0,5.0
Oriente,Web,Contra entrega,86.34,2.0,4.0
Sur,App,Billetera digital,258.06,6.0,4.0
Lima,Web,Tarjeta,343.16,2.0,3.0
Norte,App,Billetera digital,115.13,2.0,4.0
Lima,Web,Contra entrega,90.96,1.0,5.0
Sur,App,Billetera digital,85.51,3.0,4.0
Norte,App,Billetera digital,56.37,2.0,3.0
Norte,App,Tarjeta,67.98,3.0,4.0
Centro,Web,Billetera digital,88.7,6.0,3.0
Sur,Web,Billetera digital,216.88,6.0,4.0
Lima,Web,Contra entrega,219.75,1.0,5.0
Sur,App,Tarjeta,45.21,4.0,5.0
Norte,App,Billetera digital,97.19,5.0,4.0
Lima,Web,Tarjeta,55.08,3.0,5.0
Lima,App,Billetera digital,149.33,1.0,4.0
Norte,App,Tarjeta,77.42,3.0,5.0
Centro,Web,Contra entrega,126.66,8.0,2.0
Centro,App,Contra entrega,87.29,3.0,4.0
Lima,Web,Tarjeta,77.16,3.0,4.0
Lima,Web,Billetera digital,360.07,1.0,4.0
Centro,Web,Billetera digital,77.81,5.0,4.0
Norte,Web,Billetera digital,83.73,2.0,5.0
Centro,Web,Billetera digital,39.93,4.0,5.0
Norte,App,Tarjeta,233.53,3.0,5.0
Lima,App,Billetera digital,76.7,4.0,3.0
Norte,Web,Billetera digital,67.63,1.0,4.0
Norte,Web,Billetera digital,101.59,5.0,3.0
Centro,Web,Billetera digital,89.09,3.0,4.0
Lima,Web,Tarjeta,72.77,1.0,5.0
Lima,Web,Contra entrega,145.22,2.0,5.0
Sur,Web,Contra entrega,273.63,3.0,4.0
Lima,Web,Billetera digital,204.06,1.0,4.0
Norte,Web,Tarjeta,163.07,3.0,4.0
Oriente,App,Tarjeta,70.54,9.0,3.0
Sur,Web,Tarjeta,184.85,4.0,5.0
Sur,Web,Contra entrega,500.1,2.0,3.0
Oriente,App,Tarjeta,89.78,7.0,2.0
Sur,Web,Billetera digital,75.32,5.0,5.0
Oriente,App,Contra entrega,237.98,10.0,2.0
Norte,Web,Tarjeta,149.93,2.0,5.0
Norte,App,Billetera digital,119.17,2.0,5.0
Lima,App,Billetera digital,135.87,2.0,4.0
Lima,App,Billetera digital,304.58,3.0,5.0
Norte,Web,Tarjeta,93.72,5.0,3.0
Lima,Web,Tarjeta,183.69,2.0,3.0
Lima,App,Tarjeta,239.97,1.0,4.0
Sur,Web,Tarjeta,255.48,5.0,3.0
Sur,Web,Billetera digital,458.36,4.0,4.0
Lima,Web,Billetera digital,85.61,1.0,5.0
Lima,App,Tarjeta,167.65,2.0,3.0
Norte,App,Tarjeta,145.07,4.0,4.0
Lima,App,Tarjeta,183.99,2.0,5.0
Norte,Web,Billetera digital,294.11,1.0,5.0
Lima,App,Billetera digital,622.04,1.0,4.0
Centro,App,Billetera digital,54.42,7.0,2.0
Lima,Web,Billetera digital,250.31,2.0,4.0
Lima,App,Billetera digital,177.14,2.0,3.0
Lima,App,Contra entrega,118.84,2.0,4.0
Norte,App,Tarjeta,358.89,5.0,
Oriente,Web,Billetera digital,79.89,7.0,3.0
Lima,App,Billetera digital,393.9,1.0,5.0
Lima,Web,Billetera digital,86.39,2.0,3.0
Lima,Web,Tarjeta,126.18,1.0,5.0
Sur,App,Contra entrega,285.92,6.0,3.0
Lima,Web,Billetera digital,75.2,2.0,5.0
Centro,Web,Billetera digital,86.54,3.0,5.0
Lima,Web,Contra entrega,167.73,1.0,5.0
Norte,Web,Contra entrega,140.25,3.0,4.0
Sur,Web,Billetera digital,76.9,3.0,4.0
Norte,Web,Billetera digital,94.9,2.0,4.0
Lima,App,Billetera digital,166.6,2.0,3.0
Sur,Web,Billetera digital,243.32,5.0,3.0
Norte,Web,Billetera digital,59.45,3.0,2.0
Centro,Web,Billetera digital,43.12,5.0,4.0
Lima,Web,Tarjeta,231.25,2.0,5.0
Norte,Web,Billetera digital,103.11,5.0,4.0
Norte,Web,Tarjeta,105.65,3.0,3.0
Centro,Web,Billetera digital,111.7,2.0,4.0
Lima,Web,Billetera digital,177.55,2.0,4.0
Sur,App,Tarjeta,238.74,3.0,4.0
Sur,App,Billetera digital,176.05,3.0,4.0
Centro,Web,Contra entrega,118.69,2.0,4.0
Norte,Web,Billetera digital,248.53,2.0,5.0
Norte,App,Billetera digital,210.86,2.0,5.0
Sur,App,Contra entrega,215.91,3.0,4.0
Lima,Web,Billetera digital,320.38,1.0,4.0
Lima,Web,Billetera digital,79.33,1.0,4.0
Sur,Web,Billetera digital,64.45,5.0,3.0
Sur,App,Tarjeta,244.12,2.0,5.0
Centro,Web,Contra entrega,199.27,3.0,5.0
Lima,Web,Billetera digital,102.14,2.0,3.0
Sur,App,Tarjeta,232.85,2.0,4.0
Sur,Web,Tarjeta,72.36,3.0,3.0
Lima,App,Billetera digital,81.52,2.0,3.0
Sur,Web,Tarjeta,162.08,1.0,4.0
Oriente,App,Contra entrega,47.74,4.0,3.0
Lima,Web,Tarjeta,180.04,2.0,4.0
Lima,App,Billetera digital,63.9,1.0,5.0
Norte,Web,Tarjeta,469.26,6.0,4.0
Centro,Web,Contra entrega,139.87,5.0,5.0
Norte,App,Tarjeta,82.08,4.0,5.0
Oriente,Web,Contra entrega,50.73,2.0,4.0
Centro,App,Billetera digital,68.16,3.0,4.0
Sur,Web,Tarjeta,171.94,7.0,2.0
Sur,App,Billetera digital,76.11,7.0,4.0
Lima,App,Tarjeta,109.14,1.0,3.0
Lima,Web,Tarjeta,179.56,3.0,4.0
Sur,Web,Contra entrega,254.96,2.0,4.0
Lima,App,Billetera digital,74.9,2.0,5.0
Lima,App,Tarjeta,281.34,1.0,3.0
Lima,Web,Tarjeta,46.08,1.0,3.0
Lima,Web,Tarjeta,259.96,5.0,3.0
Norte,Web,Tarjeta,152.0,1.0,3.0
Centro,App,Tarjeta,64.69,3.0,4.0
Lima,Web,Tarjeta,53.26,2.0,3.0
Sur,Web,Tarjeta,128.3,5.0,3.0
Lima,Web,Tarjeta,127.29,1.0,4.0
Centro,Web,Tarjeta,60.09,1.0,5.0
Centro,Web,Tarjeta,165.15,3.0,5.0
Norte,App,Tarjeta,63.56,3.0,4.0
Norte,App,Billetera digital,56.6,2.0,4.0
Centro,App,Contra entrega,184.96,11.0,2.0
Lima,Web,Tarjeta,236.55,3.0,5.0
Centro,Web,Billetera digital,157.17,3.0,3.0
Centro,Web,Contra entrega,298.54,2.0,4.0
Oriente,App,Contra entrega,423.49,2.0,5.0
Centro,Web,Tarjeta,101.07,6.0,4.0
Norte,Web,Contra entrega,118.01,4.0,4.0
Sur,Web,Tarjeta,160.58,5.0,5.0
Norte,Web,Billetera digital,166.69,1.0,5.0
Lima,Web,Billetera digital,165.91,3.0,3.0
Oriente,Web,Billetera digital,43.15,2.0,5.0
Lima,Web,Tarjeta,154.26,1.0,5.0
Lima,Web,Tarjeta,133.57,2.0,4.0
Centro,Web,Billetera digital,31.94,3.0,4.0
Oriente,Web,Contra entrega,114.84,2.0,3.0
Lima,Web,Billetera digital,107.79,3.0,5.0
Oriente,Web,Contra entrega,92.76,6.0,2.0
Sur,App,Billetera digital,44.26,2.0,5.0
Sur,App,Tarjeta,50.65,7.0,4.0
Norte,Web,Tarjeta,77.29,7.0,2.0
Lima,Web,Billetera digital,118.59,3.0,5.0
Lima,Web,Billetera digital,233.83,2.0,4.0
Lima,App,Billetera digital,83.03,3.0,4.0
Lima,Web,Tarjeta,242.73,2.0,5.0
Lima,Web,Tarjeta,46.21,2.0,3.0
Lima,App,Contra entrega,302.54,1.0,3.0
Lima,App,Tarjeta,122.35,2.0,4.0
Norte,Web,Billetera digital,144.86,5.0,3.0
Sur,Web,Tarjeta,282.29,2.0,4.0
Norte,App,Tarjeta,87.06,5.0,4.0
Norte,App,Tarjeta,171.16,2.0,2.0
Sur,App,Billetera digital,151.31,6.0,3.0
Centro,Web,Contra entrega,106.18,3.0,4.0
Lima,Web,Tarjeta,132.75,2.0,5.0
Norte,Web,Tarjeta,63.06,4.0,5.0
Centro,Web,Billetera digital,105.32,3.0,5.0
Lima,App,Billetera digital,179.46,3.0,4.0
Norte,Web,Tarjeta,133.71,2.0,5.0
Sur,Web,Tarjeta,106.66,3.0,3.0
Lima,App,Tarjeta,142.98,1.0,5.0
Sur,App,Contra entrega,97.03,5.0,4.0
Centro,Web,Contra entrega,75.06,3.0,5.0
Sur,App,Contra entrega,194.05,5.0,5.0
Norte,Web,Billetera digital,74.21,4.0,5.0
Sur,Web,Tarjeta,206.84,3.0,4.0
Sur,Web,Contra entrega,86.91,3.0,3.0
Lima,Web,Contra entrega,485.61,3.0,4.0
Lima,Web,Billetera digital,162.24,2.0,3.0
Oriente,Web,Contra entrega,63.81,6.0,3.0
Norte,Web,Billetera digital,213.65,3.0,
Lima,Web,Billetera digital,108.48,2.0,4.0
Lima,Web,Billetera digital,164.9,3.0,5.0
Lima,App,Tarjeta,398.59,1.0,5.0
Norte,Web,Billetera digital,129.35,1.0,5.0
Norte,Web,Tarjeta,115.52,2.0,4.0
Lima,Web,Billetera digital,153.5,2.0,5.0
Lima,Web,Billetera digital,90.3,3.0,3.0
Oriente,Web,Contra entrega,117.08,5.0,4.0
Lima,Web,Billetera digital,41.29,2.0,4.0
Centro,App,Tarjeta,87.57,2.0,5.0
Lima,Web,Tarjeta,99.84,2.0,4.0
Norte,Web,Billetera digital,100.23,1.0,5.0
Sur,Web,Tarjeta,76.8,5.0,4.0
Sur,App,Billetera digital,85.21,5.0,5.0
Sur,App,Tarjeta,141.27,3.0,5.0
Lima,App,Billetera digital,96.16,4.0,5.0
Centro,App,Contra entrega,171.21,5.0,4.0
Norte,App,Contra entrega,338.91,2.0,5.0
Oriente,App,Billetera digital,183.51,11.0,2.0
Oriente,App,Tarjeta,272.75,3.0,5.0
Sur,App,Billetera digital,242.81,2.0,5.0
Sur,Web,Tarjeta,169.27,2.0,3.0
Oriente,Web,Tarjeta,68.39,13.0,2.0
Sur,Web,Billetera digital,90.4,2.0,3.0
Norte,Web,Billetera digital,99.17,4.0,3.0
Norte,App,Tarjeta,62.75,1.0,4.0
Norte,App,Contra entrega,100.7,4.0,4.0
Norte,App,Contra entrega,59.53,6.0,3.0
Norte,Web,Contra entrega,126.24,4.0,5.0
Lima,Web,Billetera digital,266.63,1.0,5.0
Lima,App,Tarjeta,84.39,1.0,4.0
Lima,Web,Billetera digital,76.39,2.0,4.0
Lima,Web,Billetera digital,157.56,3.0,4.0
Sur,Web,Billetera digital,136.95,1.0,5.0
Oriente,Web,Billetera digital,283.81,5.0,4.0
Lima,Web,Billetera digital,128.51,2.0,
Sur,App,Tarjeta,199.29,3.0,4.0
Lima,Web,Tarjeta,121.76,2.0,5.0
Sur,Web,Billetera digital,286.26,1.0,3.0
Lima,App,Billetera digital,190.06,2.0,4.0
Norte,App,Contra entrega,198.16,2.0,5.0
Norte,Web,Billetera digital,219.98,2.0,5.0
Centro,App,Billetera digital,70.89,4.0,4.0
Lima,Web,Contra entrega,148.47,2.0,5.0
Norte,Web,Tarjeta,86.14,4.0,5.0
Centro,Web,Contra entrega,191.89,5.0,3.0
Sur,App,Tarjeta,139.12,8.0,3.0
Lima,Web,Billetera digital,140.03,1.0,5.0
Centro,Web,Tarjeta,112.71,4.0,4.0
Lima,Web,Billetera digital,90.6,1.0,3.0
Lima,Web,Billetera digital,181.08,1.0,5.0
Lima,Web,Billetera digital,138.02,1.0,4.0
Sur,Web,Tarjeta,185.65,4.0,3.0
Centro,Web,Billetera digital,115.93,3.0,5.0
Centro,Web,Tarjeta,160.56,2.0,4.0
Sur,Web,Billetera digital,50.14,6.0,4.0
Centro,App,Billetera digital,157.84,4.0,3.0
Centro,App,Billetera digital,107.64,3.0,3.0
Norte,App,Tarjeta,120.22,3.0,
Norte,App,Tarjeta,284.52,4.0,5.0
Oriente,App,Billetera digital,297.85,5.0,4.0
Norte,Web,Billetera digital,86.93,2.0,5.0
Lima,Web,Tarjeta,170.38,3.0,4.0
Oriente,App,Tarjeta,121.51,12.0,4.0
Lima,App,Billetera digital,205.19,1.0,4.0
Norte,Web,Billetera digital,73.11,3.0,5.0
Centro,App,Contra entrega,99.39,2.0,2.0
Sur,App,Billetera digital,79.63,2.0,4.0
Norte,Web,Tarjeta,124.96,4.0,4.0
Norte,Web,Tarjeta,142.81,3.0,4.0
Lima,App,Billetera digital,56.48,2.0,5.0
Norte,App,Billetera digital,46.69,4.0,5.0
Sur,Web,Tarjeta,89.21,3.0,3.0
Norte,App,Contra entrega,276.77,5.0,4.0
Sur,App,Tarjeta,287.91,4.0,4.0
Oriente,App,Contra entrega,326.23,4.0,3.0
Norte,Web,Tarjeta,186.27,1.0,5.0
Sur,Web,Tarjeta,133.79,2.0,4.0
Centro,Web,Contra entrega,74.83,5.0,4.0
Norte,App,Contra entrega,79.2,1.0,5.0
Lima,Web,Tarjeta,81.31,1.0,4.0
Sur,Web,Billetera digital,167.94,2.0,4.0
Centro,Web,Contra entrega,109.75,3.0,4.0
Oriente,Web,Tarjeta,132.58,4.0,4.0
Lima,Web,Billetera digital,59.59,2.0,5.0
Norte,Web,Tarjeta,51.46,4.0,5.0
Lima,Web,Billetera digital,110.0,2.0,3.0
Norte,App,Tarjeta,142.91,3.0,4.0
Norte,Web,Tarjeta,253.26,4.0,4.0
Lima,App,Billetera digital,82.05,1.0,3.0
Oriente,App,Tarjeta,94.96,2.0,3.0
Sur,Web,Billetera digital,304.58,2.0,4.0
Lima,App,Billetera digital,108.69,3.0,5.0
Sur,App,Billetera digital,210.21,5.0,3.0
Lima,App,Billetera digital,210.53,1.0,5.0
Lima,Web,Tarjeta,312.91,1.0,5.0
Sur,App,Tarjeta,78.55,5.0,4.0
Sur,Web,Billetera digital,225.49,7.0,4.0
Sur,App,Billetera digital,95.82,4.0,4.0
Lima,Web,Tarjeta,270.67,2.0,5.0
Lima,App,Contra entrega,122.51,3.0,5.0
Lima,App,Tarjeta,162.37,2.0,5.0
Sur,Web,Tarjeta,119.85,2.0,4.0
Centro,App,Billetera digital,204.06,10.0,3.0
Centro,Web,Billetera digital,133.28,8.0,4.0
Oriente,App,Contra entrega,83.02,5.0,5.0
Lima,Web,Tarjeta,188.86,2.0,4.0
Centro,Web,Billetera digital,139.58,2.0,5.0
Oriente,App,Tarjeta,74.5,4.0,4.0
Lima,App,Tarjeta,77.39,2.0,4.0
Lima,Web,Tarjeta,136.1,1.0,4.0
Lima,Web,Tarjeta,107.58,3.0,4.0
Sur,Web,Tarjeta,114.64,12.0,2.0
Sur,Web,Billetera digital,134.72,3.0,4.0
Lima,Web,Billetera digital,350.36,2.0,5.0
Oriente,App,Tarjeta,55.6,3.0,4.0
Lima,Web,Tarjeta,119.65,2.0,4.0
Sur,App,Billetera digital,156.01,6.0,3.0
Lima,App,Tarjeta,337.71,2.0,4.0
Sur,Web,Contra entrega,233.93,3.0,5.0
Lima,Web,Billetera digital,317.8,1.0,5.0
Norte,Web,Billetera digital,96.9,2.0,5.0
Lima,Web,Billetera digital,155.09,1.0,4.0
Sur,Web,Tarjeta,110.84,3.0,3.0
Centro,App,Billetera digital,119.49,3.0,3.0
Lima,Web,Contra entrega,36.77,2.0,4.0
Oriente,App,Contra entrega,481.9,2.0,4.0
Norte,Web,Contra entrega,31.5,1.0,4.0
Lima,Web,Tarjeta,42.28,2.0,5.0
Lima,App,Tarjeta,218.03,2.0,3.0
Lima,Web,Tarjeta,105.1,2.0,5.0
Lima,Web,Tarjeta,180.54,2.0,5.0
Centro,App,Tarjeta,199.27,5.0,5.0
Lima,App,Billetera digital,101.2,2.0,4.0
Norte,Web,Tarjeta,157.66,3.0,4.0
Norte,App,Tarjeta,217.71,5.0,3.0
Norte,App,Tarjeta,79.6,1.0,3.0
Norte,App,Tarjeta,62.99,5.0,3.0
Lima,App,Contra entrega,95.58,1.0,5.0
Lima,App,Tarjeta,154.56,3.0,4.0
Sur,Web,Billetera digital,77.84,3.0,5.0
Centro,Web,Contra entrega,140.51,4.0,3.0
Norte,App,Billetera digital,486.06,3.0,4.0
Lima,Web,Billetera digital,153.53,2.0,4.0
Centro,App,Tarjeta,80.29,7.0,
Lima,Web,Contra entrega,192.58,1.0,4.0
Norte,App,Contra entrega,117.09,4.0,3.0
Oriente,App,Contra entrega,186.53,3.0,4.0
Lima,App,Tarjeta,137.02,2.0,
Lima,Web,Tarjeta,146.44,1.0,4.0
Lima,Web,Billetera digital,129.53,5.0,4.0
Norte,Web,Tarjeta,85.39,7.0,3.0
Centro,Web,Billetera digital,238.7,4.0,4.0
Sur,Web,Billetera digital,48.06,2.0,4.0
Lima,Web,Tarjeta,151.62,2.0,4.0
Lima,App,Tarjeta,132.77,1.0,5.0
Norte,Web,Billetera digital,253.16,4.0,5.0
Norte,Web,Tarjeta,93.01,2.0,4.0
Lima,Web,Billetera digital,146.18,2.0,4.0
Norte,Web,Tarjeta,186.14,2.0,4.0
Sur,Web,Contra entrega,96.93,3.0,4.0
Lima,App,Tarjeta,218.92,2.0,4.0
Sur,App,Billetera digital,133.45,5.0,5.0
Lima,App,Contra entrega,110.36,2.0,5.0
Lima,Web,Tarjeta,86.73,2.0,3.0
Norte,Web,Billetera digital,105.98,2.0,5.0
Sur,Web,Tarjeta,486.45,2.0,4.0
Norte,App,Tarjeta,115.43,3.0,4.0
Norte,App,Contra entrega,118.77,5.0,4.0
Lima,App,Tarjeta,124.02,2.0,4.0
Norte,App,Tarjeta,142.72,6.0,4.0
Norte,App,Tarjeta,54.95,3.0,3.0
Lima,App,Billetera digital,81.24,2.0,5.0
Sur,Web,Billetera digital,131.42,3.0,5.0
Lima,App,Billetera digital,140.11,2.0,5.0
Norte,App,Tarjeta,161.52,4.0,4.0
Norte,App,Billetera digital,227.85,2.0,4.0
Sur,Web,Contra entrega,130.32,6.0,3.0
Centro,Web,Billetera digital,43.56,4.0,3.0
Sur,Web,Contra entrega,361.52,5.0,5.0
Lima,Web,Tarjeta,290.46,1.0,4.0
Lima,App,Billetera digital,215.55,2.0,5.0
Lima,App,Billetera digital,94.31,2.0,4.0
Lima,Web,Billetera digital,397.8,1.0,5.0
Sur,App,Tarjeta,130.46,2.0,5.0
Norte,App,Tarjeta,267.32,5.0,4.0
Norte,App,Tarjeta,207.14,3.0,
Norte,Web,Billetera digital,544.04,2.0,5.0
Lima,Web,Billetera digital,254.39,2.0,5.0
Centro,App,Tarjeta,100.62,4.0,3.0
Sur,Web,Tarjeta,127.83,1.0,4.0
Sur,App,Billetera digital,30.81,2.0,4.0
Oriente,Web,Contra entrega,272.17,6.0,5.0
Sur,App,Billetera digital,84.0,3.0,5.0
Sur,Web,Billetera digital,433.64,6.0,4.0
Sur,Web,Tarjeta,124.72,3.0,4.0
Norte,App,Billetera digital,153.01,2.0,4.0
Oriente,App,Contra entrega,155.75,6.0,4.0
Lima,Web,Tarjeta,246.88,3.0,4.0
Lima,Web,Tarjeta,58.13,1.0,5.0
Lima,Web,Billetera digital,264.89,2.0,4.0
Oriente,Web,Contra entrega,45.36,3.0,5.0
Lima,App,Tarjeta,87.28,1.0,5.0
Centro,Web,Contra entrega,77.37,3.0,4.0
Lima,Web,Billetera digital,296.97,2.0,4.0
Oriente,App,Billetera digital,97.78,3.0,5.0
Lima,Web,Billetera digital,191.7,2.0,4.0
Lima,Web,Billetera digital,149.2,2.0,5.0
Sur,Web,Contra entrega,76.54,6.0,3.0
Lima,Web,Contra entrega,236.73,1.0,4.0
Lima,App,Tarjeta,177.25,1.0,4.0
Lima,App,Billetera digital,114.25,1.0,4.0
Lima,Web,Tarjeta,38.87,4.0,4.0
Centro,Web,Billetera digital,70.63,2.0,5.0
Norte,Web,Billetera digital,142.63,2.0,4.0
Sur,App,Billetera digital,513.63,6.0,4.0
Lima,Web,Tarjeta,139.77,2.0,4.0
Norte,App,Contra entrega,64.11,4.0,5.0
Centro,App,Billetera digital,541.84,2.0,4.0
Centro,Web,Tarjeta,158.09,4.0,4.0
Norte,Web,Billetera digital,211.09,3.0,4.0
Sur,App,Billetera digital,136.24,2.0,4.0
Lima,Web,Billetera digital,152.16,1.0,4.0
Lima,App,Tarjeta,305.74,1.0,5.0
Norte,Web,Tarjeta,72.36,4.0,5.0
Lima,Web,Billetera digital,156.85,2.0,5.0
Lima,App,Tarjeta,164.01,1.0,5.0
Sur,Web,Tarjeta,144.65,6.0,3.0
Lima,Web,Contra entrega,163.42,2.0,5.0
Centro,App,Tarjeta,73.47,6.0,4.0
Lima,Web,Billetera digital,124.1,1.0,5.0
Sur,Web,Tarjeta,121.45,2.0,3.0
Norte,App,Tarjeta,62.89,9.0,2.0
Sur,Web,Billetera digital,130.57,2.0,5.0
Lima,App,Tarjeta,93.67,3.0,5.0
Lima,App,Tarjeta,284.61,2.0,5.0
Norte,App,Billetera digital,201.28,2.0,3.0
Oriente,Web,Billetera digital,123.18,4.0,4.0
Sur,App,Tarjeta,240.66,6.0,3.0
Lima,App,Billetera digital,91.24,1.0,4.0
Lima,Web,Billetera digital,140.36,3.0,3.0
Lima,App,Tarjeta,169.51,2.0,4.0
Lima,Web,Tarjeta,217.64,1.0,4.0
Lima,Web,Tarjeta,142.24,3.0,3.0
Oriente,App,Tarjeta,112.15,3.0,4.0
Lima,App,Tarjeta,325.82,3.0,4.0
Norte,App,Billetera digital,168.83,1.0,4.0
Lima,App,Tarjeta,104.74,2.0,5.0
Lima,App,Tarjeta,288.16,2.0,4.0
Norte,Web,Billetera digital,194.48,4.0,4.0
Lima,App,Billetera digital,124.48,3.0,5.0
Lima,App,Tarjeta,193.12,2.0,3.0
Sur,App,Billetera digital,89.35,4.0,3.0
Oriente,Web,Billetera digital,53.86,9.0,1.0
Lima,Web,Billetera digital,107.16,1.0,5.0
Lima,App,Tarjeta,213.11,4.0,4.0
Sur,App,Billetera digital,309.74,7.0,4.0
Norte,Web,Billetera digital,239.65,1.0,5.0
Lima,Web,Tarjeta,150.74,2.0,5.0
Lima,App,Contra entrega,144.92,1.0,5.0
Oriente,App,Billetera digital,130.11,3.0,5.0
Sur,App,Tarjeta,115.63,3.0,5.0
Norte,Web,Tarjeta,154.61,1.0,4.0
Lima,App,Tarjeta,66.79,3.0,4.0
Centro,Web,Billetera digital,59.94,6.0,3.0
Lima,Web,Billetera digital,137.91,1.0,5.0
Lima,App,Tarjeta,243.89,1.0,5.0
Sur,Web,Billetera digital,146.28,4.0,4.0
Sur,App,Tarjeta,127.76,5.0,4.0
Lima,App,Billetera digital,88.55,2.0,4.0
Norte,App,Contra entrega,131.66,4.0,4.0
Lima,Web,Contra entrega,145.04,1.0,4.0
Oriente,App,Contra entrega,133.11,2.0,4.0
Lima,Web,Contra entrega,554.64,1.0,
Lima,App,Tarjeta,71.41,2.0,3.0
Sur,App,Billetera digital,66.88,2.0,5.0
Centro,Web,Billetera digital,195.63,1.0,4.0
Norte,Web,Billetera digital,125.51,2.0,5.0
Norte,App,Billetera digital,154.57,2.0,3.0
Lima,Web,Tarjeta,101.77,2.0,4.0
Lima,Web,Tarjeta,242.27,2.0,3.0
Sur,App,Contra entrega,149.37,4.0,3.0
Lima,Web,Tarjeta,234.47,1.0,5.0
Oriente,Web,Tarjeta,97.56,6.0,4.0
Oriente,Web,Billetera digital,138.83,4.0,3.0
Norte,Web,Billetera digital,80.52,2.0,4.0
Lima,Web,Tarjeta,127.09,2.0,4.0
Centro,Web,Billetera digital,57.69,2.0,3.0
Sur,App,Billetera digital,326.8,2.0,3.0
Sur,Web,Billetera digital,174.18,3.0,4.0
Lima,App,Billetera digital,175.0,1.0,5.0
Norte,Web,Contra entrega,179.81,2.0,4.0
Sur,Web,Contra entrega,140.89,2.0,5.0
Lima,Web,Contra entrega,109.68,1.0,4.0
Lima,App,Contra entrega,96.93,3.0,4.0
Lima,App,Tarjeta,290.71,3.0,4.0
Sur,Web,Tarjeta,56.62,2.0,2.0
Lima,App,Billetera digital,129.9,2.0,4.0
Sur,App,Contra entrega,119.72,3.0,5.0
Norte,App,Billetera digital,100.07,2.0,3.0
Sur,Web,Tarjeta,176.38,1.0,5.0
Lima,Web,Billetera digital,114.55,1.0,4.0
Oriente,App,Tarjeta,171.72,5.0,3.0
Lima,Web,Billetera digital,414.45,3.0,4.0
Centro,Web,Billetera digital,97.48,2.0,3.0
Lima,Web,Contra entrega,191.66,1.0,5.0
Sur,App,Tarjeta,100.29,2.0,4.0
Lima,Web,Tarjeta,117.59,2.0,5.0
Lima,Web,Billetera digital,134.85,3.0,5.0
Centro,App,Tarjeta,275.71,2.0,4.0
Lima,Web,Billetera digital,124.03,3.0,4.0
Norte,App,Billetera digital,167.52,2.0,4.0
Norte,App,Billetera digital,122.72,2.0,4.0
Lima,Web,Contra entrega,259.01,2.0,4.0
Sur,App,Tarjeta,76.71,3.0,3.0
Oriente,App,Tarjeta,106.51,3.0,3.0
Lima,Web,Billetera digital,124.71,2.0,4.0
Centro,Web,Billetera digital,868.96,2.0,4.0
Lima,Web,Billetera digital,125.87,2.0,5.0
Norte,App,Tarjeta,190.19,4.0,4.0
Lima,App,Tarjeta,386.76,1.0,5.0
Lima,Web,Billetera digital,177.12,1.0,5.0
Norte,Web,Tarjeta,195.54,2.0,5.0
Lima,App,Tarjeta,80.54,1.0,
Oriente,App,Tarjeta,389.54,3.0,4.0
Sur,App,Contra entrega,43.83,2.0,5.0
Lima,Web,Tarjeta,146.42,3.0,3.0
Norte,Web,Tarjeta,105.01,2.0,5.0
Lima,App,Billetera digital,106.67,2.0,4.0
Sur,App,Contra entrega,159.68,8.0,2.0
Centro,Web,Billetera digital,45.62,4.0,3.0
Sur,Web,Contra entrega,184.23,3.0,4.0
Lima,App,Tarjeta,276.9,2.0,5.0
Lima,App,Billetera digital,180.23,2.0,5.0
Sur,Web,Tarjeta,538.94,3.0,4.0
Lima,App,Tarjeta,473.87,2.0,4.0
Centro,Web,Contra entrega,132.58,6.0,4.0
Norte,Web,Billetera digital,95.3,3.0,5.0
Norte,Web,Contra entrega,213.59,4.0,4.0
Sur,Web,Billetera digital,183.19,1.0,5.0
Centro,Web,Contra entrega,286.72,3.0,4.0
Norte,App,Contra entrega,231.62,2.0,4.0
Norte,App,Contra entrega,198.45,5.0,3.0
Lima,Web,Tarjeta,155.52,4.0,5.0
Centro,Web,Contra entrega,65.61,4.0,4.0
Centro,App,Billetera digital,154.37,2.0,5.0
Lima,App,Billetera digital,101.92,3.0,5.0
Lima,Web,Tarjeta,118.65,1.0,5.0
Centro,App,Contra entrega,95.0,6.0,4.0
Norte,Web,Billetera digital,55.16,4.0,4.0
Lima,App,Tarjeta,114.28,1.0,4.0
Lima,Web,Tarjeta,220.78,1.0,4.0
Sur,App,Tarjeta,72.46,2.0,5.0
Sur,Web,Contra entrega,98.83,2.0,4.0
Lima,Web,Tarjeta,176.87,1.0,4.0
Lima,Web,Billetera digital,324.49,2.0,5.0
Centro,Web,Billetera digital,64.31,5.0,5.0
Centro,App,Tarjeta,139.55,6.0,3.0
Sur,App,Billetera digital,269.18,2.0,4.0
Sur,App,Tarjeta,71.12,3.0,4.0
Sur,Web,Tarjeta,107.82,2.0,5.0
Centro,App,Tarjeta,147.99,2.0,4.0
Lima,Web,Tarjeta,87.96,1.0,5.0
Lima,App,Billetera digital,151.75,2.0,5.0
Lima,Web,Tarjeta,165.27,2.0,4.0
Norte,Web,Tarjeta,109.9,4.0,2.0
Lima,Web,Tarjeta,318.66,2.0,3.0
Centro,Web,Contra entrega,64.49,3.0,4.0
Lima,App,Tarjeta,86.41,3.0,5.0
Sur,Web,Billetera digital,140.3,5.0,3.0
Lima,Web,Tarjeta,50.7,3.0,3.0
Lima,App,Billetera digital,100.35,1.0,5.0
Lima,App,Billetera digital,95.52,1.0,4.0
Lima,Web,Contra entrega,64.22,1.0,4.0
Lima,App,Tarjeta,479.14,2.0,3.0
Lima,Web,Billetera digital,49.13,1.0,5.0
Oriente,App,Contra entrega,131.62,4.0,5.0
Lima,Web,Contra entrega,246.66,1.0,5.0
Norte,Web,Contra entrega,110.51,3.0,5.0
Lima,App,Contra entrega,137.93,2.0,4.0
Lima,App,Billetera digital,99.75,3.0,3.0
Norte,Web,Tarjeta,150.33,6.0,3.0
Lima,App,Contra entrega,200.36,1.0,5.0
Lima,App,Tarjeta,110.09,2.0,4.0
Lima,App,Billetera digital,130.75,1.0,5.0
Sur,App,Billetera digital,158.87,3.0,4.0
Oriente,App,Contra entrega,107.64,3.0,3.0
Lima,Web,Tarjeta,177.09,2.0,4.0
Lima,App,Tarjeta,207.36,1.0,4.0
Lima,Web,Billetera digital,143.05,1.0,5.0
Lima,Web,Tarjeta,322.99,1.0,5.0
Lima,App,Billetera digital,182.85,2.0,4.0
Centro,Web,Tarjeta,127.9,4.0,2.0
Lima,App,Billetera digital,187.81,1.0,5.0
Sur,Web,Tarjeta,83.04,4.0,5.0
Lima,Web,Billetera digital,144.37,1.0,5.0
Norte,Web,Tarjeta,104.7,4.0,3.0
Sur,Web,Billetera digital,271.64,2.0,3.0
Lima,Web,Billetera digital,176.65,1.0,5.0
Centro,App,Contra entrega,209.15,2.0,2.0
Sur,App,Billetera digital,119.03,7.0,3.0
Norte,Web,Billetera digital,189.37,2.0,4.0
Lima,App,Billetera digital,160.16,2.0,3.0
Lima,Web,Billetera digital,92.61,2.0,5.0
Norte,App,Tarjeta,32.13,2.0,4.0
Lima,Web,Tarjeta,148.4,2.0,4.0
Centro,App,Billetera digital,213.5,4.0,4.0
Centro,Web,Billetera digital,54.55,2.0,3.0
Norte,App,Contra entrega,96.1,6.0,2.0
Sur,Web,Contra entrega,353.87,5.0,2.0
Sur,Web,Billetera digital,293.01,2.0,5.0
Lima,Web,Billetera digital,71.59,1.0,5.0
Lima,App,Billetera digital,68.29,2.0,4.0
Lima,App,Billetera digital,105.88,1.0,5.0
Norte,App,Contra entrega,115.53,3.0,5.0
Sur,Web,Billetera digital,78.16,3.0,3.0
Sur,App,Billetera digital,246.59,3.0,4.0
Lima,Web,Billetera digital,87.8,1.0,4.0
Centro,Web,Billetera digital,133.39,5.0,3.0
Lima,Web,Contra entrega,114.44,1.0,4.0
Lima,App,Tarjeta,147.21,2.0,4.0
Lima,App,Billetera digital,67.88,3.0,5.0
Norte,App,Contra entrega,40.32,2.0,4.0
Centro,App,Contra entrega,129.46,2.0,4.0
Sur,App,Contra entrega,85.25,2.0,4.0
Norte,Web,Billetera digital,263.88,2.0,5.0
Centro,Web,Contra entrega,152.78,7.0,2.0
Oriente,Web,Contra entrega,60.66,4.0,4.0
Norte,App,Contra entrega,71.22,2.0,5.0
Sur,Web,Tarjeta,208.1,4.0,4.0
Oriente,Web,Billetera digital,89.99,7.0,3.0
Lima,App,Contra entrega,70.91,2.0,5.0
Norte,Web,Billetera digital,245.69,4.0,4.0
Sur,Web,Billetera digital,294.64,2.0,5.0
Norte,App,Contra entrega,195.23,4.0,
Lima,Web,Billetera digital,322.44,3.0,4.0
Lima,Web,Billetera digital,192.1,2.0,4.0
Centro,App,Contra entrega,80.47,1.0,5.0
Centro,App,Tarjeta,421.13,5.0,5.0
Lima,Web,Tarjeta,266.28,2.0,4.0
Sur,Web,Billetera digital,297.28,5.0,4.0
Sur,Web,Contra entrega,202.75,5.0,3.0
Norte,App,Contra entrega,41.1,3.0,4.0
Lima,App,Contra entrega,179.28,1.0,4.0
Lima,Web,Billetera digital,584.47,2.0,5.0
Sur,Web,Contra entrega,187.55,4.0,4.0
Norte,Web,Billetera digital,168.94,4.0,4.0
Sur,Web,Contra entrega,69.2,1.0,4.0
Sur,Web,Tarjeta,171.02,3.0,4.0
Oriente,Web,Billetera digital,145.69,7.0,3.0
Sur,Web,Billetera digital,144.06,3.0,4.0
Lima,App,Billetera digital,109.47,2.0,4.0
Lima,Web,Billetera digital,64.13,2.0,4.0
Norte,App,Tarjeta,103.01,4.0,4.0
Lima,Web,Tarjeta,100.4,1.0,4.0
Norte,Web,Billetera digital,206.35,2.0,4.0
Lima,Web,Contra entrega,89.06,1.0,4.0
Lima,Web,Billetera digital,358.21,1.0,3.0
Lima,Web,Billetera digital,181.68,5.0,3.0
Lima,App,Billetera digital,287.77,1.0,5.0
Lima,Web,Billetera digital,176.81,1.0,4.0
Oriente,App,Contra entrega,104.68,7.0,3.0
Lima,Web,Billetera digital,198.12,2.0,3.0
Oriente,App,Billetera digital,97.44,8.0,3.0
Lima,Web,Billetera digital,117.14,2.0,4.0
Norte,App,Contra entrega,206.66,4.0,4.0
Norte,Web,Tarjeta,234.6,3.0,4.0
Norte,Web,Billetera digital,381.99,3.0,5.0
Centro,Web,Contra entrega,244.26,8.0,1.0
Lima,App,Billetera digital,111.78,2.0,3.0
Sur,Web,Tarjeta,78.43,5.0,3.0
Lima,App,Tarjeta,106.59,1.0,5.0
Sur,Web,Billetera digital,134.25,3.0,3.0
Norte,Web,Contra entrega,77.41,3.0,4.0
Lima,Web,Billetera digital,78.81,1.0,5.0
Lima,Web,Billetera digital,110.79,2.0,5.0
Lima,Web,Tarjeta,116.15,1.0,5.0
Sur,App,Tarjeta,234.98,1.0,5.0
Lima,App,Billetera digital,80.41,1.0,4.0
Norte,App,Contra entrega,135.64,3.0,4.0
Norte,Web,Contra entrega,89.0,2.0,4.0
Lima,Web,Tarjeta,168.41,1.0,4.0
Oriente,App,Billetera digital,137.57,3.0,5.0
Sur,Web,Billetera digital,96.44,5.0,4.0
Norte,App,Billetera digital,122.55,2.0,5.0
Lima,App,Billetera digital,95.66,1.0,4.0
Lima,Web,Tarjeta,209.58,1.0,4.0
Lima,App,Tarjeta,235.67,1.0,4.0
Sur,App,Tarjeta,144.47,1.0,5.0
Lima,Web,Billetera digital,233.89,2.0,4.0
Lima,Web,Tarjeta,102.35,3.0,3.0
Sur,App,Contra entrega,102.04,3.0,3.0
Lima,App,Tarjeta,58.37,1.0,3.0
Lima,App,Tarjeta,82.69,3.0,4.0
Lima,Web,Billetera digital,98.47,2.0,5.0
Lima,App,Tarjeta,124.87,2.0,5.0
Lima,Web,Tarjeta,115.51,1.0,4.0
Norte,Web,Tarjeta,133.32,2.0,3.0
Oriente,App,Billetera digital,172.59,6.0,4.0
Sur,App,Contra entrega,241.09,5.0,3.0
Lima,Web,Tarjeta,196.36,2.0,5.0
Sur,Web,Contra entrega,122.85,5.0,3.0
Lima,Web,Tarjeta,101.76,2.0,4.0
Sur,Web,Tarjeta,119.01,2.0,4.0
Lima,App,Contra entrega,204.17,1.0,4.0
Sur,App,Tarjeta,50.4,2.0,4.0
Oriente,App,Tarjeta,46.03,12.0,3.0
Oriente,App,Tarjeta,223.1,6.0,4.0
Norte,Web,Billetera digital,268.25,2.0,3.0
Lima,Web,Billetera digital,154.76,4.0,5.0
Lima,App,Tarjeta,115.46,1.0,4.0
Lima,App,Billetera digital,398.33,1.0,5.0
Lima,Web,Tarjeta,64.36,3.0,5.0
Lima,App,Tarjeta,184.11,2.0,5.0
Centro,Web,Billetera digital,167.17,4.0,4.0
Lima,App,Billetera digital,133.67,2.0,4.0
Lima,Web,Tarjeta,79.14,1.0,5.0
Centro,Web,Tarjeta,45.34,5.0,3.0
Sur,Web,Contra entrega,203.36,1.0,5.0
Lima,App,Billetera digital,278.1,2.0,5.0
Norte,App,Contra entrega,99.88,2.0,4.0
Norte,Web,Contra entrega,73.37,4.0,4.0
Sur,Web,Contra entrega,98.49,4.0,4.0
Lima,Web,Billetera digital,165.57,2.0,4.0
Sur,App,Tarjeta,131.36,1.0,5.0
Lima,App,Tarjeta,162.65,1.0,5.0
Norte,App,Billetera digital,287.09,5.0,5.0
Oriente,Web,Tarjeta,68.83,4.0,3.0
Lima,Web,Tarjeta,71.11,2.0,5.0
Sur,Web,Contra entrega,249.27,4.0,4.0
Lima,Web,Billetera digital,80.02,2.0,5.0
Lima,Web,Billetera digital,185.75,2.0,3.0
Norte,Web,Tarjeta,78.58,2.0,5.0
Lima,App,Billetera digital,167.27,2.0,4.0
Lima,Web,Contra entrega,74.95,2.0,5.0
Norte,App,Tarjeta,121.42,2.0,2.0
Sur,App,Tarjeta,310.43,1.0,5.0
Sur,Web,Tarjeta,203.49,2.0,5.0
Centro,App,Billetera digital,48.5,4.0,3.0
Norte,Web,Billetera digital,84.48,3.0,3.0
Centro,App,Billetera digital,110.73,2.0,4.0
Centro,Web,Tarjeta,61.39,5.0,3.0
Norte,Web,Billetera digital,100.71,2.0,4.0
Lima,App,Billetera digital,105.79,4.0,3.0
Lima,App,Billetera digital,124.4,3.0,
Sur,Web,Billetera digital,129.63,2.0,5.0
Norte,Web,Contra entrega,172.24,1.0,5.0
Lima,App,Billetera digital,207.96,1.0,5.0
Centro,App,Billetera digital,110.88,1.0,3.0
Norte,App,Billetera digital,99.93,7.0,3.0
Lima,App,Billetera digital,191.0,4.0,4.0
Centro,App,Billetera digital,167.67,4.0,4.0
Norte,Web,Contra entrega,73.45,3.0,5.0
Lima,App,Billetera digital,177.5,1.0,5.0
Norte,Web,Billetera digital,159.7,1.0,3.0
Norte,App,Billetera digital,118.31,3.0,5.0
Oriente,App,Billetera digital,133.58,6.0,4.0
Sur,App,Contra entrega,197.35,4.0,
Lima,Web,Contra entrega,230.28,2.0,5.0
Lima,App,Contra entrega,97.42,6.0,2.0
Lima,Web,Billetera digital,175.74,3.0,5.0
Lima,Web,Tarjeta,90.71,3.0,4.0
Sur,Web,Tarjeta,77.02,5.0,3.0
Lima,Web,Tarjeta,122.3,1.0,5.0
Sur,Web,Tarjeta,371.15,3.0,5.0
Lima,App,Billetera digital,114.29,1.0,5.0
Norte,Web,Billetera digital,89.04,2.0,5.0
Lima,App,Contra entrega,117.52,1.0,4.0
Lima,Web,Tarjeta,55.39,5.0,5.0
Lima,App,Billetera digital,165.29,3.0,4.0
Centro,Web,Tarjeta,132.78,1.0,5.0
Sur,App,Tarjeta,179.41,4.0,4.0
Lima,Web,Tarjeta,139.44,1.0,4.0
Lima,Web,Tarjeta,88.12,1.0,5.0
Lima,App,Contra entrega,132.4,1.0,4.0
Norte,Web,Billetera digital,52.89,2.0,3.0
Oriente,App,Contra entrega,107.24,4.0,3.0
Norte,App,Billetera digital,124.07,2.0,5.0
Sur,Web,Tarjeta,178.88,3.0,4.0
Lima,Web,Billetera digital,125.9,2.0,5.0
Sur,Web,Tarjeta,106.77,5.0,3.0
Norte,App,Tarjeta,138.47,2.0,4.0
Sur,App,Billetera digital,253.91,4.0,4.0
Lima,App,Tarjeta,236.28,2.0,5.0
Sur,Web,Tarjeta,83.36,5.0,2.0
Lima,Web,Contra entrega,157.85,2.0,4.0
Lima,Web,Billetera digital,222.04,1.0,5.0
Lima,Web,Tarjeta,122.66,1.0,5.0
Lima,Web,Billetera digital,71.63,2.0,5.0
Lima,App,Tarjeta,67.82,1.0,5.0
Norte,Web,Billetera digital,191.99,2.0,4.0
Norte,Web,Billetera digital,172.3,10.0,3.0
Lima,App,Billetera digital,343.1,3.0,4.0
Sur,App,Contra entrega,85.69,1.0,3.0
Sur,Web,Billetera digital,149.48,2.0,4.0
Oriente,Web,Tarjeta,105.79,8.0,2.0
Centro,App,Tarjeta,122.64,2.0,5.0
Oriente,Web,Tarjeta,367.06,7.0,3.0
Centro,Web,Contra entrega,218.11,2.0,4.0
Centro,Web,Billetera digital,115.82,3.0,4.0
Oriente,Web,Contra entrega,155.92,4.0,3.0
Oriente,App,Tarjeta,255.46,2.0,5.0
Lima,App,Contra entrega,279.98,2.0,4.0
Lima,Web,Tarjeta,97.5,2.0,5.0
Oriente,App,Tarjeta,103.12,3.0,5.0
Lima,Web,Billetera digital,122.26,3.0,4.0
Centro,App,Tarjeta,148.11,5.0,3.0
Oriente,App,Contra entrega,104.67,4.0,4.0
Norte,App,Contra entrega,173.62,5.0,4.0
Lima,App,Tarjeta,173.95,2.0,5.0
Sur,App,Tarjeta,153.35,2.0,4.0
Centro,Web,Billetera digital,197.01,4.0,4.0
Lima,App,Tarjeta,120.97,2.0,5.0
Centro,App,Tarjeta,109.52,11.0,2.0
Sur,Web,Tarjeta,179.12,2.0,4.0
Centro,App,Billetera digital,127.84,6.0,4.0
Lima,Web,Billetera digital,225.8,2.0,3.0
Centro,App,Billetera digital,703.39,2.0,5.0
Lima,Web,Billetera digital,73.91,4.0,5.0
Sur,App,Billetera digital,144.33,4.0,3.0
Oriente,Web,Billetera digital,126.98,15.0,2.0
Norte,App,Contra entrega,130.62,3.0,4.0
Lima,Web,Billetera digital,299.21,1.0,5.0
Oriente,App,Billetera digital,158.79,3.0,4.0
Norte,App,Billetera digital,171.14,6.0,3.0
Lima,Web,Tarjeta,85.95,2.0,4.0
Centro,App,Tarjeta,86.9,4.0,3.0
Centro,Web,Billetera digital,61.76,4.0,3.0
Oriente,Web,Contra entrega,72.7,1.0,5.0
Norte,App,Tarjeta,100.28,4.0,3.0
Lima,Web,Tarjeta,167.63,2.0,3.0
Norte,App,Tarjeta,94.84,2.0,4.0
Norte,Web,Contra entrega,169.02,2.0,5.0
Norte,App,Tarjeta,100.29,2.0,4.0
Lima,App,Billetera digital,61.65,1.0,5.0
Lima,Web,Billetera digital,112.53,1.0,4.0
Lima,Web,Tarjeta,410.45,2.0,5.0
Lima,Web,Billetera digital,104.57,2.0,5.0
Lima,Web,Tarjeta,87.94,2.0,4.0
Lima,App,Billetera digital,161.64,2.0,4.0
Sur,App,Billetera digital,137.8,2.0,5.0
Norte,Web,Billetera digital,57.08,3.0,4.0
Norte,App,Tarjeta,118.4,5.0,4.0
Lima,App,Contra entrega,209.51,1.0,5.0
Lima,App,Tarjeta,107.23,2.0,4.0
Lima,App,Billetera digital,104.55,1.0,5.0
Lima,Web,Billetera digital,152.07,1.0,5.0
Lima,Web,Tarjeta,80.51,1.0,4.0
Lima,App,Contra entrega,104.86,1.0,4.0
Lima,Web,Billetera digital,104.26,1.0,4.0
Lima,App,Tarjeta,186.72,1.0,5.0
Sur,App,Billetera digital,161.2,3.0,4.0
Lima,Web,Tarjeta,176.19,1.0,4.0
Lima,Web,Billetera digital,138.68,2.0,3.0
Sur,App,Contra entrega,130.73,2.0,5.0
Sur,Web,Billetera digital,111.23,4.0,2.0
Sur,App,Contra entrega,261.23,1.0,5.0
Norte,Web,Tarjeta,96.47,3.0,5.0
Lima,Web,Tarjeta,327.36,3.0,3.0
Centro,Web,Billetera digital,117.24,3.0,5.0
Norte,Web,Tarjeta,343.37,2.0,5.0
Oriente,Web,Tarjeta,274.36,5.0,4.0
Lima,Web,Tarjeta,176.24,1.0,4.0
Lima,Web,Billetera digital,94.82,3.0,5.0
Centro,Web,Contra entrega,165.52,2.0,5.0
Lima,App,Contra entrega,233.8,1.0,5.0
Oriente,App,Contra entrega,133.92,13.0,3.0
Sur,App,Tarjeta,98.47,2.0,4.0
Lima,Web,Billetera digital,214.0,1.0,4.0
Norte,Web,Tarjeta,59.15,4.0,4.0
Lima,App,Contra entrega,349.92,2.0,3.0
Centro,App,Billetera digital,147.63,4.0,4.0
Norte,Web,Tarjeta,283.54,1.0,5.0
Sur,Web,Tarjeta,221.52,3.0,4.0
Lima,Web,Tarjeta,171.11,1.0,5.0
Lima,App,Contra entrega,56.44,1.0,5.0
Lima,Web,Tarjeta,149.52,3.0,4.0
Sur,Web,Contra entrega,87.56,2.0,3.0
Centro,App,Billetera digital,85.53,2.0,4.0
Lima,Web,Billetera digital,229.67,1.0,4.0
Norte,App,Tarjeta,110.35,2.0,4.0
Centro,App,Contra entrega,184.73,3.0,4.0
Lima,App,Contra entrega,140.39,1.0,4.0
Sur,Web,Contra entrega,105.79,4.0,3.0
Centro,Web,Contra entrega,47.69,8.0,3.0
Norte,App,Contra entrega,96.09,5.0,4.0
Lima,Web,Tarjeta,130.98,2.0,5.0
Sur,Web,Billetera digital,206.24,4.0,4.0
Lima,Web,Tarjeta,148.68,1.0,5.0
Lima,App,Billetera digital,230.28,3.0,5.0
Centro,Web,Tarjeta,247.1,1.0,5.0
Sur,App,Tarjeta,155.53,5.0,3.0
Lima,App,Billetera digital,175.71,2.0,4.0
Sur,Web,Contra entrega,62.91,1.0,3.0
Norte,Web,Tarjeta,135.48,3.0,5.0
Sur,Web,Tarjeta,159.75,3.0,3.0
Sur,App,Billetera digital,92.85,5.0,4.0
Centro,Web,Contra entrega,109.2,1.0,3.0
Sur,App,Billetera digital,293.96,3.0,5.0
Lima,App,Billetera digital,91.45,1.0,4.0
Norte,App,Billetera digital,150.78,3.0,4.0
Lima,Web,Tarjeta,143.24,3.0,5.0
Lima,Web,Tarjeta,157.43,2.0,4.0
Lima,App,Tarjeta,228.93,1.0,5.0
Norte,App,Contra entrega,389.77,5.0,4.0
Lima,Web,Billetera digital,122.62,1.0,4.0
Lima,Web,Billetera digital,183.11,2.0,5.0
Centro,Web,Billetera digital,188.11,4.0,4.0
Lima,Web,Billetera digital,72.52,1.0,5.0
Norte,Web,Billetera digital,69.02,3.0,
Norte,Web,Billetera digital,101.63,3.0,4.0
Lima,App,Tarjeta,180.16,2.0,5.0
Norte,App,Billetera digital,323.68,2.0,5.0
Lima,App,Billetera digital,158.33,2.0,5.0
Centro,Web,Billetera digital,159.08,4.0,4.0
Lima,App,Tarjeta,229.39,2.0,5.0
Lima,App,Billetera digital,96.19,2.0,4.0
Norte,App,Tarjeta,196.35,4.0,3.0
Sur,Web,Billetera digital,119.94,2.0,4.0
Centro,App,Tarjeta,96.98,4.0,3.0
Norte,App,Tarjeta,249.72,3.0,5.0
Oriente,Web,Contra entrega,233.97,12.0,4.0
Sur,Web,Billetera digital,176.7,4.0,4.0
Oriente,Web,Contra entrega,111.64,5.0,5.0
Centro,App,Tarjeta,194.27,4.0,4.0
Centro,App,Billetera digital,109.77,5.0,4.0
Lima,Web,Contra entrega,206.14,2.0,4.0
Centro,Web,Billetera digital,93.21,4.0,5.0
Sur,App,Tarjeta,175.62,4.0,2.0
Lima,App,Tarjeta,126.62,3.0,
Lima,App,Tarjeta,152.37,1.0,5.0
Lima,Web,Billetera digital,72.44,2.0,3.0
Norte,Web,Tarjeta,176.2,3.0,4.0
Lima,Web,Billetera digital,170.38,2.0,4.0
Lima,Web,Contra entrega,189.35,2.0,4.0
Lima,Web,Billetera digital,234.98,1.0,5.0
Lima,App,Contra entrega,122.06,2.0,4.0
Lima,Web,Tarjeta,146.57,1.0,5.0
Lima,Web,Billetera digital,279.51,2.0,4.0
Centro,Web,Billetera digital,87.36,6.0,2.0
Sur,Web,Contra entrega,113.25,3.0,4.0
Norte,App,Billetera digital,99.84,2.0,3.0
Oriente,Web,Billetera digital,127.36,5.0,4.0
Norte,Web,Tarjeta,395.36,2.0,4.0
Oriente,Web,Tarjeta,91.66,6.0,4.0
Sur,Web,Contra entrega,89.32,6.0,2.0
Lima,App,Billetera digital,122.52,1.0,4.0
Sur,App,Tarjeta,148.9,2.0,4.0
Lima,Web,Tarjeta,204.48,2.0,5.0
Lima,Web,Billetera digital,153.34,1.0,5.0
Lima,Web,Tarjeta,117.89,2.0,4.0
Centro,Web,Billetera digital,105.98,5.0,3.0
Lima,App,Billetera digital,186.72,3.0,5.0
Centro,Web,Tarjeta,58.94,3.0,4.0
Lima,App,Billetera digital,180.0,4.0,3.0
Lima,Web,Contra entrega,66.8,1.0,4.0
Norte,App,Tarjeta,146.22,2.0,3.0
Lima,App,Billetera digital,114.62,1.0,4.0
Sur,App,Contra entrega,70.78,3.0,5.0
Lima,Web,Billetera digital,152.3,2.0,5.0
Sur,Web,Contra entrega,412.81,1.0,5.0
Lima,Web,Billetera digital,70.67,2.0,4.0
Lima,Web,Billetera digital,258.23,1.0,4.0
Lima,App,Contra entrega,226.14,2.0,4.0
Oriente,Web,Tarjeta,90.85,4.0,5.0
Lima,Web,Billetera digital,276.2,1.0,5.0
Norte,Web,Billetera digital,135.66,2.0,5.0
Lima,Web,Billetera digital,100.29,3.0,4.0
Lima,Web,Billetera digital,101.69,2.0,4.0
Lima,App,Billetera digital,116.45,2.0,5.0
Norte,Web,Tarjeta,156.77,3.0,3.0
Norte,App,Tarjeta,376.46,2.0,4.0
Oriente,App,Tarjeta,81.75,5.0,4.0
Centro,Web,Billetera digital,112.71,3.0,5.0
Sur,Web,Billetera digital,2780.31,3.0,4.0
Lima,App,Billetera digital,194.76,1.0,5.0
Norte,App,Billetera digital,178.01,3.0,4.0
Lima,App,Tarjeta,185.98,3.0,3.0
Centro,App,Billetera digital,58.35,3.0,3.0
Lima,App,Tarjeta,125.85,2.0,4.0
Lima,Web,Billetera digital,187.71,1.0,5.0
Lima,Web,Billetera digital,205.57,2.0,4.0
Lima,Web,Tarjeta,106.27,1.0,5.0
Oriente,App,Contra entrega,46.22,3.0,4.0
Norte,App,Contra entrega,163.68,4.0,4.0
Norte,App,Billetera digital,60.79,3.0,4.0
Sur,App,Contra entrega,101.72,3.0,5.0
Norte,Web,Billetera digital,161.06,3.0,4.0
Centro,Web,Billetera digital,41.42,6.0,5.0
Sur,App,Contra entrega,168.68,3.0,5.0
Lima,App,Billetera digital,221.8,2.0,5.0
Norte,Web,Billetera digital,44.38,1.0,4.0
Lima,Web,Billetera digital,104.5,2.0,3.0
Lima,App,Tarjeta,122.82,1.0,5.0
Lima,Web,Billetera digital,213.41,3.0,5.0
Sur,App,Tarjeta,110.69,1.0,5.0
Lima,App,Tarjeta,87.29,1.0,4.0
Norte,Web,Tarjeta,155.3,1.0,5.0
Norte,Web,Tarjeta,137.85,3.0,5.0
Centro,Web,Billetera digital,43.23,4.0,4.0
Sur,Web,Contra entrega,174.05,4.0,2.0
Lima,Web,Tarjeta,107.76,2.0,5.0
Sur,Web,Billetera digital,185.95,4.0,5.0
Lima,Web,Billetera digital,133.24,2.0,5.0
Sur,Web,Tarjeta,41.39,4.0,4.0
Lima,Web,Contra entrega,177.26,2.0,4.0
Lima,Web,Tarjeta,294.33,1.0,4.0
Oriente,App,Contra entrega,80.42,4.0,3.0
Centro,Web,Tarjeta,194.43,4.0,3.0
Norte,Web,Tarjeta,146.86,1.0,5.0
Lima,App,Tarjeta,132.99,2.0,5.0
Lima,Web,Tarjeta,349.53,2.0,5.0
Lima,App,Billetera digital,65.14,1.0,5.0
Lima,Web,Tarjeta,131.0,4.0,3.0
Lima,Web,Billetera digital,99.61,1.0,5.0
Lima,Web,Contra entrega,304.17,2.0,3.0
Lima,Web,Billetera digital,221.56,1.0,4.0
Lima,Web,Billetera digital,77.76,1.0,4.0
Centro,App,Tarjeta,73.26,3.0,4.0
Sur,Web,Tarjeta,84.56,5.0,4.0
Sur,Web,Contra entrega,306.58,7.0,2.0
Sur,Web,Contra entrega,138.65,3.0,5.0
Lima,Web,Billetera digital,40.57,3.0,5.0
Sur,App,Billetera digital,32.45,1.0,5.0
Centro,App,Billetera digital,50.88,4.0,4.0
Centro,Web,Tarjeta,117.05,2.0,3.0
Lima,App,Billetera digital,87.42,2.0,3.0
Centro,App,Contra entrega,171.68,4.0,4.0
Sur,App,Billetera digital,102.47,3.0,4.0
Lima,Web,Billetera digital,155.13,1.0,5.0
Norte,Web,Tarjeta,91.38,3.0,3.0
Lima,Web,Billetera digital,347.45,1.0,3.0
Lima,Web,Billetera digital,45.87,3.0,5.0
Norte,App,Tarjeta,166.71,4.0,3.0
Norte,Web,Billetera digital,240.71,1.0,5.0
Lima,Web,Tarjeta,268.56,1.0,4.0
Lima,App,Contra entrega,231.23,3.0,5.0
Lima,Web,Tarjeta,162.44,3.0,3.0
Lima,App,Tarjeta,130.97,1.0,5.0
Sur,App,Tarjeta,279.82,4.0,5.0
Lima,App,Billetera digital,352.69,3.0,4.0
Norte,Web,Contra entrega,197.51,1.0,5.0
Centro,Web,Billetera digital,150.57,1.0,5.0
Centro,Web,Billetera digital,112.64,6.0,4.0
Lima,Web,Billetera digital,133.5,1.0,5.0
Lima,App,Tarjeta,188.24,1.0,4.0
Lima,App,Tarjeta,163.78,2.0,4.0
Lima,Web,Billetera digital,93.58,2.0,4.0
Lima,App,Billetera digital,200.69,2.0,5.0
Sur,Web,Billetera digital,57.81,3.0,3.0
Norte,App,Contra entrega,123.73,3.0,
Lima,App,Billetera digital,124.13,1.0,4.0
Lima,App,Billetera digital,179.47,2.0,4.0
Lima,Web,Tarjeta,193.87,2.0,4.0
Sur,Web,Billetera digital,54.74,4.0,4.0
Lima,Web,Billetera digital,373.24,1.0,3.0
Lima,Web,Billetera digital,153.95,2.0,5.0
Norte,Web,Contra entrega,79.49,6.0,3.0
Lima,Web,Billetera digital,169.17,2.0,4.0
Sur,App,Billetera digital,151.62,4.0,5.0
Lima,Web,Billetera digital,227.35,1.0,5.0
Norte,App,Billetera digital,142.64,3.0,2.0
Lima,App,Tarjeta,154.37,3.0,3.0
Lima,Web,Tarjeta,159.93,3.0,4.0
Sur,App,Tarjeta,163.42,5.0,4.0
Lima,Web,Tarjeta,252.99,1.0,4.0
Sur,App,Billetera digital,343.29,6.0,4.0
Centro,Web,Billetera digital,138.29,3.0,4.0
Lima,App,Billetera digital,110.94,1.0,3.0
Norte,App,Billetera digital,181.71,2.0,4.0
Sur,App,Contra entrega,103.21,2.0,4.0
Lima,App,Tarjeta,294.04,3.0,2.0
Norte,Web,Billetera digital,89.7,5.0,3.0
Lima,App,Billetera digital,80.37,2.0,5.0
Lima,Web,Billetera digital,29.92,2.0,4.0
Lima,App,Contra entrega,141.71,1.0,5.0
Sur,Web,Tarjeta,48.04,2.0,4.0
Norte,App,Contra entrega,95.92,3.0,4.0
Sur,App,Billetera digital,113.75,2.0,4.0
Centro,App,Contra entrega,114.41,6.0,4.0
Oriente,Web,Billetera digital,77.33,4.0,4.0
Lima,App,Tarjeta,94.49,1.0,5.0
Norte,Web,Contra entrega,77.87,3.0,5.0
Lima,App,Billetera digital,180.94,1.0,5.0
Lima,App,Contra entrega,600.45,1.0,5.0
Centro,Web,Tarjeta,80.29,3.0,4.0
Norte,Web,Tarjeta,153.72,2.0,5.0
Lima,Web,Billetera digital,71.17,1.0,5.0
Lima,Web,Tarjeta,108.94,2.0,
Sur,Web,Billetera digital,252.25,3.0,5.0
Centro,Web,Contra entrega,53.64,4.0,3.0
Sur,Web,Contra entrega,96.9,4.0,4.0
Sur,App,Tarjeta,110.09,4.0,5.0
Lima,Web,Tarjeta,298.91,1.0,4.0
Lima,App,Tarjeta,221.58,1.0,4.0
Norte,App,Billetera digital,121.77,2.0,5.0
Sur,App,Tarjeta,255.65,6.0,4.0
Lima,Web,Billetera digital,103.6,4.0,4.0
Lima,Web,Tarjeta,236.03,1.0,5.0
Oriente,Web,Billetera digital,70.77,1.0,3.0
Lima,Web,Billetera digital,124.59,1.0,5.0
Sur,Web,Tarjeta,150.78,2.0,5.0
Lima,App,Billetera digital,95.53,1.0,4.0
Centro,App,Billetera digital,181.48,6.0,3.0
Lima,Web,Tarjeta,149.31,2.0,5.0
Sur,App,Billetera digital,142.24,5.0,4.0
Oriente,App,Contra entrega,81.87,7.0,5.0
Sur,App,Billetera digital,69.06,5.0,3.0
Lima,Web,Tarjeta,320.72,1.0,5.0
Oriente,Web,Tarjeta,324.57,4.0,3.0
Sur,Web,Billetera digital,149.96,1.0,5.0
Sur,Web,Tarjeta,119.21,6.0,4.0
Lima,App,Tarjeta,194.96,1.0,5.0
Sur,Web,Tarjeta,141.32,5.0,4.0
Centro,Web,Tarjeta,109.38,1.0,5.0
Norte,App,Contra entrega,106.18,1.0,5.0
Lima,Web,Tarjeta,112.06,1.0,5.0
Oriente,App,Contra entrega,99.95,2.0,4.0
Lima,Web,Tarjeta,97.4,2.0,5.0
Lima,Web,Tarjeta,177.65,3.0,4.0
Oriente,App,Tarjeta,123.62,6.0,2.0
Norte,Web,Contra entrega,95.97,5.0,4.0
Lima,App,Billetera digital,92.9,2.0,4.0
Norte,Web,Tarjeta,123.62,12.0,2.0
Oriente,App,Tarjeta,55.26,3.0,5.0
Centro,Web,Billetera digital,44.96,3.0,5.0
Lima,App,Billetera digital,237.81,2.0,5.0
Lima,Web,Tarjeta,226.27,2.0,3.0
Lima,Web,Billetera digital,56.63,1.0,5.0
Lima,App,Billetera digital,250.1,2.0,
Lima,Web,Billetera digital,187.68,1.0,5.0
Lima,App,Tarjeta,87.95,1.0,4.0
Sur,Web,Tarjeta,169.77,3.0,5.0
Norte,Web,Contra entrega,96.9,3.0,4.0
Lima,Web,Tarjeta,66.88,1.0,4.0
Centro,Web,Billetera digital,123.53,7.0,3.0
Lima,App,Billetera digital,98.89,1.0,5.0
Lima,Web,Tarjeta,194.84,1.0,5.0
Norte,Web,Contra entrega,116.9,4.0,5.0
Lima,App,Billetera digital,69.67,2.0,4.0
Lima,App,Billetera digital,250.51,2.0,4.0
Sur,Web,Billetera digital,91.46,3.0,4.0
Lima,App,Tarjeta,131.47,1.0,5.0
Norte,App,Billetera digital,118.75,3.0,5.0
Lima,Web,Billetera digital,165.42,4.0,4.0
Oriente,Web,Contra entrega,216.88,2.0,4.0
Lima,App,Contra entrega,66.75,1.0,5.0
Oriente,App,Tarjeta,151.41,2.0,4.0
Sur,Web,Tarjeta,115.83,4.0,5.0
Oriente,Web,Billetera digital,173.66,3.0,3.0
Lima,Web,Tarjeta,93.82,2.0,5.0
Lima,App,Tarjeta,76.54,2.0,4.0
Lima,Web,Tarjeta,133.34,2.0,5.0
Oriente,App,Tarjeta,116.94,8.0,5.0
Lima,App,Billetera digital,446.1,2.0,5.0
Lima,App,Billetera digital,80.04,1.0,3.0
Norte,App,Tarjeta,31.46,3.0,2.0
Centro,Web,Contra entrega,50.36,6.0,3.0
Norte,Web,Billetera digital,227.17,4.0,4.0
Lima,Web,Billetera digital,78.91,2.0,4.0
Lima,App,Tarjeta,47.34,3.0,4.0
Norte,App,Billetera digital,119.25,1.0,5.0
Norte,Web,Billetera digital,203.15,3.0,4.0
Lima,App,Tarjeta,418.58,1.0,5.0
Lima,App,Tarjeta,226.87,1.0,5.0
Lima,Web,Tarjeta,125.94,2.0,5.0
Lima,App,Billetera digital,252.74,3.0,4.0
Norte,Web,Billetera digital,222.06,4.0,3.0
Centro,Web,Tarjeta,182.28,2.0,5.0
Lima,Web,Contra entrega,542.0,1.0,3.0
Sur,Web,Contra entrega,329.69,4.0,3.0
Lima,App,Tarjeta,221.25,1.0,4.0
Lima,Web,Billetera digital,69.08,1.0,4.0
Norte,App,Contra entrega,63.35,3.0,5.0
Lima,Web,Tarjeta,137.38,1.0,5.0
Lima,Web,Billetera digital,100.48,3.0,4.0
Sur,App,Billetera digital,111.9,7.0,5.0
Lima,App,Billetera digital,209.02,1.0,5.0
Oriente,App,Billetera digital,49.44,4.0,4.0
Lima,App,Billetera digital,157.72,1.0,3.0
Lima,Web,Billetera digital,218.67,2.0,4.0
Norte,App,Tarjeta,592.14,3.0,5.0
Sur,App,Billetera digital,89.6,4.0,3.0
Sur,App,Billetera digital,250.62,10.0,3.0
Lima,App,Tarjeta,306.13,1.0,5.0
Lima,Web,Tarjeta,174.14,1.0,5.0
Lima,Web,Tarjeta,66.13,1.0,4.0
Lima,App,Billetera digital,369.23,2.0,3.0
Lima,Web,Billetera digital,155.24,1.0,5.0
Lima,Web,Tarjeta,54.7,1.0,5.0
Sur,App,Tarjeta,123.9,5.0,4.0
Lima,App,Billetera digital,242.89,2.0,5.0
Centro,App,Tarjeta,346.74,4.0,4.0
Norte,App,Billetera digital,100.84,2.0,4.0
Lima,App,Tarjeta,85.01,2.0,3.0
Sur,Web,Tarjeta,172.07,9.0,3.0
Lima,App,Contra entrega,175.7,1.0,4.0
Lima,App,Billetera digital,88.36,2.0,5.0
Lima,App,Billetera digital,99.77,1.0,5.0
Lima,App,Tarjeta,118.38,2.0,5.0
Centro,Web,Tarjeta,135.04,4.0,4.0
Lima,App,Tarjeta,163.15,1.0,4.0
Norte,Web,Tarjeta,207.12,2.0,5.0
Lima,Web,Billetera digital,201.97,2.0,5.0
Norte,App,Billetera digital,45.8,4.0,4.0
Centro,Web,Billetera digital,46.22,4.0,4.0
Lima,Web,Tarjeta,152.49,1.0,5.0
Lima,App,Billetera digital,268.95,2.0,3.0
Norte,App,Billetera digital,127.46,2.0,4.0
Lima,Web,Billetera digital,115.86,1.0,5.0
Norte,App,Contra entrega,60.43,2.0,5.0
Oriente,App,Tarjeta,81.44,3.0,4.0
Sur,App,Tarjeta,190.74,5.0,4.0
Norte,Web,Billetera digital,124.7,2.0,3.0
Lima,App,Contra entrega,272.77,4.0,3.0
Lima,Web,Contra entrega,190.68,3.0,5.0
Centro,Web,Contra entrega,86.36,2.0,4.0
Sur,App,Billetera digital,126.95,4.0,4.0
Sur,App,Billetera digital,73.25,4.0,4.0
Norte,App,Tarjeta,128.04,2.0,3.0
Lima,App,Tarjeta,428.78,2.0,4.0
Norte,App,Billetera digital,228.47,3.0,3.0
Norte,Web,Tarjeta,108.8,4.0,4.0
Lima,Web,Tarjeta,103.25,3.0,4.0
Lima,App,Billetera digital,88.71,2.0,5.0
Norte,Web,Tarjeta,71.83,1.0,5.0
Lima,Web,Contra entrega,127.44,1.0,5.0
Lima,Web,Tarjeta,163.87,1.0,5.0
Lima,Web,Tarjeta,215.51,2.0,5.0
Sur,Web,Tarjeta,121.55,4.0,3.0
Lima,App,Billetera digital,134.49,5.0,5.0
Norte,Web,Contra entrega,157.6,3.0,5.0
Lima,App,Billetera digital,38.9,2.0,4.0
Lima,App,Tarjeta,237.53,1.0,5.0
Lima,App,Tarjeta,115.1,2.0,5.0
Lima,Web,Billetera digital,153.84,2.0,5.0
Oriente,App,Tarjeta,92.03,4.0,4.0
Sur,Web,Billetera digital,153.84,4.0,4.0
Sur,App,Tarjeta,189.14,4.0,5.0
Sur,Web,Tarjeta,59.82,2.0,5.0
Lima,Web,Contra entrega,260.53,3.0,4.0
Sur,Web,Tarjeta,59.37,3.0,2.0
Sur,App,Contra entrega,265.42,2.0,3.0
Sur,Web,Billetera digital,162.49,4.0,5.0
Centro,Web,Tarjeta,199.94,2.0,5.0
Lima,App,Billetera digital,126.27,1.0,5.0
Lima,App,Billetera digital,201.0,1.0,4.0
Centro,Web,Billetera digital,48.2,3.0,4.0
Lima,App,Tarjeta,126.44,1.0,5.0
Oriente,App,Tarjeta,65.02,3.0,5.0
Norte,App,Contra entrega,147.31,1.0,4.0
Lima,App,Billetera digital,57.99,2.0,4.0
Sur,Web,Tarjeta,87.68,2.0,4.0
Norte,App,Contra entrega,118.18,7.0,3.0
Lima,Web,Tarjeta,151.54,3.0,4.0
Lima,Web,Billetera digital,189.43,2.0,4.0
Lima,App,Billetera digital,214.15,3.0,3.0
Centro,App,Billetera digital,119.81,8.0,
Centro,Web,Tarjeta,140.83,4.0,5.0
Lima,Web,Tarjeta,203.63,1.0,4.0
Lima,App,Tarjeta,68.29,2.0,5.0
Sur,Web,Tarjeta,79.27,3.0,4.0
Lima,App,Tarjeta,90.56,1.0,4.0
Lima,Web,Tarjeta,128.62,3.0,4.0
Lima,Web,Tarjeta,207.49,1.0,4.0
Oriente,Web,Contra entrega,302.79,3.0,4.0
Norte,App,Tarjeta,117.42,3.0,5.0
Lima,Web,Billetera digital,45.21,1.0,4.0
Lima,Web,Billetera digital,268.18,1.0,3.0
Lima,Web,Billetera digital,43.07,2.0,4.0
Norte,Web,Tarjeta,69.11,2.0,5.0
Lima,App,Billetera digital,377.91,1.0,4.0
Norte,App,Billetera digital,37.03,1.0,3.0
Oriente,App,Billetera digital,95.85,5.0,4.0
Norte,App,Billetera digital,54.82,3.0,5.0
Lima,App,Billetera digital,70.29,2.0,4.0
Lima,App,Tarjeta,53.12,1.0,4.0
Lima,App,Billetera digital,107.38,2.0,5.0
Norte,Web,Billetera digital,339.67,6.0,4.0
Lima,App,Billetera digital,65.31,2.0,4.0
Lima,Web,Billetera digital,153.27,2.0,5.0
Sur,Web,Billetera digital,113.72,2.0,4.0
Norte,App,Tarjeta,116.16,2.0,4.0
Sur,App,Contra entrega,175.58,4.0,4.0
Lima,App,Tarjeta,110.59,2.0,5.0
Lima,Web,Billetera digital,40.52,1.0,5.0
Norte,Web,Billetera digital,134.63,3.0,4.0
Lima,Web,Tarjeta,104.82,1.0,5.0
Lima,Web,Billetera digital,218.89,3.0,4.0
Centro,Web,Contra entrega,38.08,6.0,4.0
Oriente,App,Contra entrega,41.85,4.0,3.0
Sur,Web,Contra entrega,163.61,3.0,2.0
Centro,App,Tarjeta,227.01,3.0,4.0
Norte,App,Contra entrega,140.02,2.0,5.0
Lima,Web,Contra entrega,120.41,2.0,3.0
Centro,Web,Contra entrega,76.4,5.0,4.0
Sur,App,Contra entrega,96.16,5.0,3.0
Lima,Web,Billetera digital,195.67,3.0,3.0
Oriente,App,Contra entrega,86.27,7.0,4.0
Oriente,App,Contra entrega,103.44,6.0,3.0
Lima,App,Billetera digital,249.46,1.0,5.0
Lima,Web,Tarjeta,226.89,1.0,5.0
Lima,Web,Billetera digital,86.13,2.0,5.0
Norte,Web,Tarjeta,47.84,2.0,4.0
Lima,Web,Tarjeta,48.29,2.0,5.0
Lima,App,Billetera digital,83.95,1.0,5.0
Oriente,Web,Tarjeta,36.18,8.0,2.0
Sur,App,Tarjeta,74.37,5.0,2.0
Oriente,App,Billetera digital,250.29,2.0,5.0
Sur,Web,Billetera digital,178.24,5.0,4.0
Lima,App,Tarjeta,114.89,1.0,5.0
Sur,App,Tarjeta,189.91,4.0,4.0
Lima,Web,Contra entrega,198.06,1.0,5.0
Oriente,App,Tarjeta,242.6,5.0,5.0
Lima,App,Tarjeta,76.43,3.0,4.0
Lima,App,Tarjeta,81.3,1.0,3.0
Sur,Web,Billetera digital,153.36,1.0,4.0
Lima,Web,Billetera digital,68.3,3.0,4.0
Lima,Web,Tarjeta,146.08,2.0,4.0
Lima,App,Tarjeta,132.52,2.0,5.0
Lima,Web,Tarjeta,92.77,1.0,
Norte,App,Contra entrega,55.16,6.0,4.0
Norte,App,Billetera digital,209.6,2.0,5.0
Lima,Web,Tarjeta,52.28,1.0,4.0
Lima,App,Billetera digital,204.09,1.0,3.0
Lima,Web,Billetera digital,102.48,3.0,5.0
Lima,App,Billetera digital,150.19,2.0,4.0
Sur,App,Billetera digital,129.63,3.0,3.0
Norte,App,Contra entrega,43.23,4.0,3.0
Lima,App,Tarjeta,68.24,2.0,3.0
Lima,Web,Billetera digital,150.13,2.0,3.0
Norte,Web,Tarjeta,74.38,2.0,5.0
Norte,App,Billetera digital,68.11,10.0,2.0
Norte,Web,Tarjeta,220.51,2.0,5.0
Norte,Web,Billetera digital,93.39,3.0,4.0
Lima,App,Tarjeta,203.72,2.0,5.0
Lima,App,Billetera digital,233.89,1.0,4.0
Lima,App,Billetera digital,180.54,1.0,4.0
Norte,Web,Contra entrega,218.27,2.0,5.0
Lima,Web,Billetera digital,108.55,2.0,5.0
Sur,Web,Billetera digital,80.29,2.0,4.0
Sur,Web,Contra entrega,83.92,2.0,4.0
Lima,Web,Tarjeta,213.07,2.0,3.0
Lima,App,Billetera digital,100.9,1.0,5.0
Sur,Web,Tarjeta,42.82,4.0,5.0
Norte,Web,Billetera digital,132.06,2.0,4.0
Sur,Web,Billetera digital,107.55,2.0,5.0
Lima,App,Contra entrega,119.1,1.0,4.0
Norte,Web,Tarjeta,247.62,7.0,3.0
Lima,App,Tarjeta,115.6,2.0,4.0
Lima,App,Billetera digital,143.77,1.0,5.0
Norte,App,Billetera digital,137.61,3.0,4.0
Norte,Web,Tarjeta,233.28,2.0,5.0
Sur,Web,Billetera digital,124.3,1.0,5.0
Lima,Web,Billetera digital,70.76,1.0,5.0
Lima,Web,Tarjeta,191.37,3.0,5.0
Lima,App,Tarjeta,135.51,3.0,4.0
Norte,Web,Tarjeta,114.74,1.0,3.0
Norte,App,Tarjeta,132.61,2.0,5.0
Lima,App,Tarjeta,108.31,1.0,5.0
Oriente,Web,Contra entrega,163.52,13.0,2.0
Centro,Web,Tarjeta,75.38,3.0,4.0
Centro,Web,Contra entrega,114.07,4.0,4.0
Norte,App,Billetera digital,98.11,5.0,3.0
Lima,App,Tarjeta,90.73,1.0,5.0
Sur,App,Billetera digital,161.15,6.0,3.0
Oriente,Web,Contra entrega,80.58,3.0,4.0
Sur,Web,Billetera digital,68.36,2.0,3.0
Lima,Web,Billetera digital,52.47,1.0,5.0
Sur,App,Tarjeta,230.13,10.0,2.0
Norte,Web,Billetera digital,87.63,3.0,4.0
Lima,App,Tarjeta,104.02,2.0,4.0
Lima,Web,Tarjeta,173.0,1.0,5.0
Centro,App,Billetera digital,108.17,4.0,3.0
Norte,App,Tarjeta,58.06,3.0,4.0
Sur,App,Tarjeta,109.86,3.0,2.0
Lima,App,Billetera digital,42.02,2.0,4.0
Lima,Web,Billetera digital,121.33,1.0,3.0
Norte,Web,Tarjeta,80.0,2.0,4.0
Lima,Web,Billetera digital,300.06,1.0,5.0
Lima,Web,Billetera digital,108.47,2.0,5.0
Sur,App,Tarjeta,49.21,3.0,4.0
Norte,App,Billetera digital,96.72,1.0,4.0
Lima,App,Tarjeta,158.57,2.0,4.0
Lima,Web,Tarjeta,95.76,2.0,5.0
Sur,App,Billetera digital,187.31,4.0,5.0
Sur,Web,Contra entrega,115.43,8.0,3.0
Lima,Web,Tarjeta,243.89,2.0,5.0
Sur,Web,Tarjeta,73.71,4.0,4.0
Lima,Web,Billetera digital,53.07,1.0,4.0
Sur,App,Tarjeta,162.28,2.0,4.0
Centro,Web,Tarjeta,92.19,5.0,3.0
Lima,Web,Tarjeta,309.92,1.0,4.0
Norte,Web,Billetera digital,69.25,6.0,3.0
Sur,App,Contra entrega,291.05,1.0,5.0
Oriente,App,Tarjeta,122.35,6.0,4.0
Sur,Web,Contra entrega,172.31,2.0,4.0
Sur,App,Tarjeta,133.64,4.0,4.0
Oriente,App,Billetera digital,205.63,7.0,3.0
Lima,App,Tarjeta,51.81,2.0,
Norte,Web,Tarjeta,238.47,1.0,4.0
Sur,Web,Billetera digital,119.25,5.0,4.0
Lima,App,Billetera digital,217.34,2.0,4.0
Norte,App,Contra entrega,146.63,2.0,4.0
Lima,Web,Billetera digital,359.23,2.0,5.0
Lima,App,Tarjeta,208.25,1.0,4.0
Lima,App,Tarjeta,236.13,1.0,2.0
Lima,Web,Contra entrega,218.67,3.0,4.0
Sur,App,Contra entrega,157.38,3.0,5.0
Centro,App,Billetera digital,280.28,7.0,4.0
Lima,App,Billetera digital,114.91,1.0,5.0
Centro,Web,Billetera digital,180.94,5.0,3.0
Lima,App,Tarjeta,200.51,2.0,4.0
Lima,Web,Tarjeta,209.15,1.0,4.0
Lima,Web,Contra entrega,136.91,1.0,5.0
Lima,App,Billetera digital,80.49,1.0,5.0
Centro,App,Billetera digital,75.64,3.0,5.0
Norte,App,Billetera digital,157.52,2.0,3.0
Lima,Web,Tarjeta,115.7,4.0,3.0
Lima,App,Billetera digital,174.66,1.0,5.0
Sur,Web,Tarjeta,36.86,2.0,4.0
Norte,Web,Billetera digital,73.16,7.0,3.0
Norte,Web,Tarjeta,88.37,8.0,3.0
Lima,Web,Billetera digital,169.35,3.0,4.0
Norte,App,Billetera digital,181.99,2.0,
Lima,App,Billetera digital,49.67,4.0,4.0
Lima,App,Tarjeta,112.65,1.0,4.0
Lima,Web,Tarjeta,158.13,4.0,5.0
Norte,App,Tarjeta,139.9,3.0,3.0
Norte,Web,Billetera digital,123.53,4.0,5.0
Lima,Web,Tarjeta,32.82,3.0,5.0
Norte,App,Contra entrega,147.83,3.0,4.0
Lima,Web,Billetera digital,145.22,1.0,5.0
Norte,Web,Tarjeta,162.81,3.0,5.0
Sur,App,Tarjeta,110.43,2.0,5.0
Norte,App,Billetera digital,86.12,3.0,5.0
Lima,App,Tarjeta,517.62,2.0,5.0
Lima,Web,Billetera digital,133.39,1.0,4.0
Lima,App,Tarjeta,50.74,1.0,4.0
Sur,App,Billetera digital,185.18,2.0,3.0
Lima,App,Billetera digital,118.8,2.0,5.0
Sur,App,Contra entrega,110.01,5.0,3.0
Lima,App,Tarjeta,177.28,1.0,4.0
Lima,Web,Tarjeta,126.9,2.0,5.0
Centro,App,Billetera digital,99.97,4.0,4.0
Sur,Web,Contra entrega,110.76,3.0,3.0
Lima,Web,Billetera digital,127.78,2.0,4.0
Centro,Web,Billetera digital,200.82,2.0,5.0
Centro,Web,Billetera digital,118.48,1.0,5.0
Norte,App,Contra entrega,167.46,2.0,3.0
Lima,Web,Contra entrega,92.49,2.0,5.0
Lima,Web,Tarjeta,183.13,3.0,4.0
Lima,Web,Billetera digital,225.05,2.0,5.0
Sur,Web,Billetera digital,92.63,4.0,3.0
Lima,Web,Contra entrega,92.43,2.0,4.0
Sur,Web,Tarjeta,95.73,2.0,5.0
Oriente,App,Tarjeta,94.37,6.0,3.0
Sur,App,Contra entrega,147.29,3.0,5.0
Lima,Web,Billetera digital,182.35,1.0,4.0
Lima,Web,Tarjeta,67.5,1.0,4.0
Lima,App,Tarjeta,98.98,1.0,4.0
Norte,App,Billetera digital,123.97,3.0,3.0
Lima,Web,Billetera digital,120.91,3.0,5.0
Lima,Web,Billetera digital,144.21,3.0,5.0
Lima,Web,Billetera digital,399.12,3.0,4.0
Norte,App,Tarjeta,148.89,6.0,4.0
Sur,App,Billetera digital,245.18,1.0,4.0
Norte,Web,Billetera digital,43.39,4.0,3.0
Lima,App,Billetera digital,57.87,2.0,5.0
Sur,App,Billetera digital,211.06,4.0,3.0
Centro,App,Contra entrega,285.91,3.0,4.0
Centro,App,Contra entrega,109.08,5.0,4.0
Oriente,Web,Billetera digital,50.87,4.0,4.0
Centro,Web,Tarjeta,130.75,2.0,4.0
Sur,Web,Tarjeta,92.66,3.0,4.0
Lima,App,Tarjeta,99.96,2.0,4.0
Oriente,Web,Tarjeta,46.23,6.0,2.0
Lima,App,Tarjeta,377.63,1.0,5.0
Lima,Web,Billetera digital,171.53,2.0,5.0
Oriente,App,Billetera digital,123.02,5.0,2.0
Oriente,App,Billetera digital,144.96,3.0,3.0
Lima,App,Billetera digital,47.44,1.0,5.0
Oriente,App,Contra entrega,68.54,3.0,3.0
Lima,Web,Billetera digital,203.36,1.0,5.0
Lima,Web,Tarjeta,119.99,2.0,5.0
Lima,Web,Tarjeta,169.96,2.0,5.0
Sur,App,Tarjeta,78.3,3.0,5.0
Lima,App,Billetera digital,173.08,2.0,3.0
Norte,App,Contra entrega,126.57,5.0,3.0
Lima,Web,Billetera digital,183.44,2.0,3.0
Lima,App,Tarjeta,155.99,2.0,4.0
Sur,Web,Tarjeta,235.91,5.0,5.0
Norte,Web,Tarjeta,112.64,4.0,4.0
Lima,Web,Billetera digital,130.16,4.0,4.0
Lima,App,Tarjeta,138.53,1.0,5.0
Centro,App,Billetera digital,201.75,2.0,5.0
Norte,Web,Tarjeta,78.42,4.0,5.0
Oriente,App,Contra entrega,61.47,4.0,3.0
Lima,Web,Tarjeta,111.71,4.0,4.0
Oriente,Web,Contra entrega,101.16,6.0,3.0
Oriente,Web,Tarjeta,116.31,4.0,3.0
Centro,Web,Contra entrega,90.14,7.0,3.0
Lima,Web,Billetera digital,109.85,1.0,4.0
Sur,App,Billetera digital,210.08,1.0,5.0
Norte,Web,Contra entrega,191.65,1.0,5.0
Sur,App,Tarjeta,44.72,3.0,4.0
Lima,App,Tarjeta,310.67,3.0,4.0
Sur,Web,Tarjeta,66.15,1.0,5.0
Lima,App,Billetera digital,143.17,2.0,4.0
Lima,App,Billetera digital,305.44,2.0,5.0
Lima,App,Billetera digital,221.1,3.0,5.0
Lima,Web,Billetera digital,147.78,4.0,4.0
Lima,App,Billetera digital,237.07,2.0,5.0
Sur,Web,Billetera digital,66.07,1.0,5.0
Sur,Web,Tarjeta,173.02,5.0,3.0
Centro,Web,Contra entrega,141.79,6.0,4.0
Centro,App,Billetera digital,238.57,2.0,4.0
Lima,Web,Billetera digital,135.63,1.0,3.0
Sur,Web,Billetera digital,91.62,4.0,4.0
Lima,App,Billetera digital,434.53,1.0,4.0
Sur,App,Billetera digital,200.95,3.0,5.0
Lima,Web,Tarjeta,152.75,2.0,5.0
Lima,App,Tarjeta,153.1,3.0,4.0
Centro,Web,Contra entrega,158.66,3.0,3.0
Sur,Web,Tarjeta,128.47,7.0,3.0
Lima,Web,Tarjeta,174.86,1.0,5.0
Sur,App,Billetera digital,91.73,2.0,3.0
Lima,Web,Tarjeta,121.6,1.0,4.0
Norte,Web,Tarjeta,386.18,2.0,5.0
Sur,Web,Billetera digital,51.09,2.0,5.0
Lima,App,Billetera digital,140.46,1.0,5.0
Lima,Web,Billetera digital,62.0,1.0,5.0
Lima,Web,Billetera digital,205.75,2.0,5.0
Sur,Web,Billetera digital,287.66,2.0,5.0
Lima,Web,Billetera digital,84.56,1.0,4.0
Norte,Web,Tarjeta,99.87,4.0,5.0
Sur,App,Billetera digital,119.18,2.0,5.0
Lima,Web,Billetera digital,186.87,2.0,4.0
Lima,Web,Billetera digital,243.98,1.0,5.0
Lima,Web,Tarjeta,108.59,1.0,4.0
Norte,App,Tarjeta,176.08,3.0,4.0
Norte,Web,Billetera digital,138.06,3.0,4.0
Sur,Web,Tarjeta,104.11,3.0,5.0
Norte,Web,Tarjeta,84.29,2.0,5.0
Centro,App,Tarjeta,267.59,2.0,5.0
Centro,Web,Billetera digital,249.03,3.0,4.0
Lima,Web,Billetera digital,198.87,2.0,5.0
Norte,Web,Contra entrega,147.28,4.0,4.0
Sur,Web,Tarjeta,37.33,2.0,5.0
Norte,Web,Billetera digital,165.85,2.0,5.0
Lima,Web,Tarjeta,210.06,1.0,5.0
Lima,App,Tarjeta,72.09,1.0,4.0
Sur,App,Billetera digital,113.4,2.0,4.0
Lima,Web,Tarjeta,438.62,1.0,5.0
Norte,App,Tarjeta,177.97,1.0,5.0
Oriente,Web,Billetera digital,81.91,3.0,4.0
Sur,App,Billetera digital,261.3,5.0,4.0
Lima,Web,Tarjeta,130.68,1.0,4.0
Centro,Web,Billetera digital,211.76,2.0,4.0
Sur,App,Billetera digital,186.54,1.0,4.0
Sur,Web,Tarjeta,131.03,4.0,4.0
Lima,App,Tarjeta,121.63,2.0,5.0
Oriente,Web,Billetera digital,100.32,6.0,3.0
Sur,App,Billetera digital,119.68,5.0,
Lima,Web,Tarjeta,112.77,2.0,4.0
Lima,App,Billetera digital,98.95,2.0,4.0
Lima,App,Billetera digital,209.39,3.0,5.0
Lima,Web,Tarjeta,71.87,2.0,4.0
Lima,Web,Billetera digital,435.91,1.0,4.0
Lima,App,Contra entrega,108.5,2.0,5.0
Centro,Web,Billetera digital,73.28,4.0,5.0
Norte,Web,Billetera digital,69.93,2.0,4.0
Lima,App,Tarjeta,365.36,2.0,5.0
Norte,App,Tarjeta,140.13,4.0,5.0
Oriente,Web,Contra entrega,149.33,7.0,3.0
Lima,App,Contra entrega,195.78,3.0,3.0
Lima,App,Billetera digital,160.05,3.0,5.0
Lima,Web,Billetera digital,182.91,1.0,4.0
Lima,App,Tarjeta,157.89,2.0,4.0
Lima,Web,Tarjeta,238.24,1.0,3.0
Norte,Web,Billetera digital,53.91,2.0,4.0
Norte,App,Contra entrega,168.65,5.0,4.0
Norte,Web,Billetera digital,120.41,4.0,4.0
Sur,Web,Tarjeta,144.15,2.0,4.0
Lima,App,Billetera digital,135.4,1.0,
Norte,App,Billetera digital,72.84,3.0,4.0
Oriente,App,Tarjeta,104.3,5.0,4.0
Norte,Web,Billetera digital,279.27,2.0,4.0
Sur,Web,Tarjeta,179.72,2.0,3.0
Norte,Web,Contra entrega,138.91,4.0,4.0
Lima,Web,Tarjeta,60.85,2.0,5.0
Oriente,Web,Contra entrega,1444.48,10.0,1.0
Lima,App,Billetera digital,168.65,2.0,4.0
Lima,App,Billetera digital,309.89,3.0,4.0
Norte,App,Contra entrega,159.69,1.0,5.0
Lima,App,Billetera digital,134.27,3.0,3.0
Lima,Web,Billetera digital,372.67,1.0,5.0
Norte,Web,Tarjeta,117.25,1.0,4.0
Lima,App,Tarjeta,148.29,1.0,5.0
Centro,App,Contra entrega,55.33,2.0,4.0
Lima,App,Tarjeta,242.86,1.0,5.0
Norte,App,Billetera digital,80.14,2.0,5.0
Sur,Web,Tarjeta,64.51,4.0,4.0
Lima,Web,Billetera digital,64.87,3.0,4.0
Centro,Web,Contra entrega,192.93,5.0,4.0
Sur,Web,Billetera digital,92.07,3.0,4.0
Sur,Web,Tarjeta,141.56,2.0,4.0
Norte,App,Tarjeta,146.11,3.0,4.0
Sur,Web,Tarjeta,161.44,7.0,5.0
Lima,App,Tarjeta,85.09,2.0,5.0
Centro,Web,Tarjeta,72.72,5.0,4.0
Lima,App,Billetera digital,92.21,3.0,4.0
Lima,App,Tarjeta,170.1,2.0,4.0
Lima,App,Contra entrega,154.75,2.0,5.0
Lima,App,Contra entrega,285.07,1.0,3.0
Oriente,App,Billetera digital,173.6,3.0,5.0
Lima,Web,Billetera digital,174.71,1.0,3.0
Lima,App,Billetera digital,67.73,1.0,5.0
Centro,App,Tarjeta,40.67,2.0,4.0
Sur,App,Tarjeta,664.47,2.0,5.0
Norte,Web,Billetera digital,175.31,1.0,5.0
Centro,App,Contra entrega,88.99,5.0,5.0
Lima,Web,Billetera digital,75.36,1.0,5.0
Sur,App,Tarjeta,154.09,1.0,4.0
Lima,App,Tarjeta,152.65,1.0,4.0
Lima,Web,Billetera digital,133.73,1.0,5.0
Oriente,Web,Billetera digital,22.92,5.0,3.0
Oriente,Web,Billetera digital,173.66,2.0,3.0
Norte,Web,Tarjeta,90.09,3.0,4.0
Lima,App,Tarjeta,150.43,2.0,5.0
Centro,Web,Contra entrega,57.26,2.0,5.0
Lima,App,Tarjeta,70.58,1.0,5.0
Norte,Web,Contra entrega,94.76,2.0,5.0
Lima,App,Billetera digital,315.03,4.0,4.0
Norte,Web,Billetera digital,66.45,4.0,3.0
Lima,Web,Tarjeta,77.64,1.0,5.0
Lima,Web,Billetera digital,92.9,3.0,4.0
Lima,Web,Billetera digital,238.29,2.0,4.0
Sur,App,Billetera digital,135.58,3.0,4.0
Norte,App,Tarjeta,121.16,4.0,3.0
Centro,Web,Billetera digital,55.42,6.0,2.0
Centro,App,Tarjeta,149.76,2.0,5.0
Lima,App,Tarjeta,194.16,1.0,4.0
Oriente,Web,Billetera digital,72.9,4.0,4.0
Centro,App,Contra entrega,89.63,1.0,4.0
Lima,App,Tarjeta,194.77,3.0,4.0
Norte,App,Tarjeta,358.57,2.0,5.0
Lima,App,Billetera digital,191.4,1.0,5.0
Lima,Web,Contra entrega,137.2,4.0,3.0
Lima,Web,Tarjeta,173.17,1.0,3.0
Norte,Web,Tarjeta,172.33,9.0,4.0
Lima,Web,Billetera digital,154.92,1.0,5.0
Oriente,App,Tarjeta,552.39,6.0,2.0
Centro,App,Billetera digital,104.45,2.0,5.0
Lima,Web,Contra entrega,201.49,2.0,5.0
Centro,App,Billetera digital,167.89,2.0,5.0
Norte,Web,Billetera digital,101.51,2.0,3.0
Lima,Web,Tarjeta,217.32,2.0,4.0
Norte,Web,Billetera digital,104.99,5.0,3.0
Lima,Web,Billetera digital,145.05,2.0,4.0
Norte,Web,Contra entrega,118.18,3.0,3.0
Centro,Web,Billetera digital,51.94,2.0,4.0
Lima,App,Tarjeta,217.59,1.0,4.0
Lima,Web,Tarjeta,65.56,1.0,5.0
Lima,Web,Tarjeta,132.53,1.0,4.0
Lima,App,Contra entrega,117.97,1.0,4.0
Lima,App,Billetera digital,223.29,3.0,5.0
Sur,Web,Tarjeta,88.25,5.0,4.0
Lima,Web,Billetera digital,136.63,3.0,4.0
Sur,App,Tarjeta,132.79,6.0,4.0
Lima,App,Billetera digital,114.82,2.0,3.0
Lima,Web,Tarjeta,94.14,1.0,5.0
Sur,App,Billetera digital,54.14,6.0,3.0
Centro,Web,Billetera digital,91.13,4.0,4.0
Norte,Web,Tarjeta,178.41,2.0,5.0
Lima,App,Tarjeta,539.41,2.0,5.0
Sur,App,Billetera digital,89.18,2.0,5.0
Lima,Web,Billetera digital,453.78,2.0,4.0
Lima,Web,Tarjeta,249.69,2.0,4.0
Lima,Web,Tarjeta,269.58,1.0,5.0
Lima,Web,Billetera digital,177.36,1.0,4.0
Norte,Web,Tarjeta,107.34,2.0,5.0
Norte,Web,Billetera digital,234.95,4.0,3.0
Oriente,App,Tarjeta,167.97,8.0,4.0
Lima,App,Billetera digital,194.28,1.0,4.0
Sur,Web,Billetera digital,111.25,2.0,5.0
Norte,Web,Contra entrega,232.15,7.0,3.0
Oriente,App,Billetera digital,96.27,11.0,1.0
Oriente,Web,Tarjeta,94.59,2.0,4.0
Norte,App,Tarjeta,204.8,1.0,4.0
Lima,App,Tarjeta,118.09,5.0,4.0
Centro,Web,Tarjeta,114.93,3.0,5.0
Lima,Web,Billetera digital,36.57,4.0,3.0
Sur,App,Billetera digital,234.7,5.0,2.0
Centro,Web,Billetera digital,83.37,2.0,3.0
Centro,Web,Contra entrega,247.48,6.0,3.0
Lima,Web,Contra entrega,346.4,1.0,3.0
Norte,Web,Billetera digital,120.64,4.0,3.0
Lima,Web,Billetera digital,254.97,1.0,5.0
Lima,Web,Billetera digital,147.38,1.0,4.0
Sur,App,Tarjeta,129.87,4.0,2.0
Lima,Web,Billetera digital,252.39,1.0,5.0
Norte,Web,Billetera digital,78.61,3.0,4.0
Lima,App,Tarjeta,101.14,1.0,5.0
Lima,Web,Tarjeta,85.98,1.0,4.0
Sur,Web,Contra entrega,100.25,3.0,4.0
Centro,App,Contra entrega,152.53,4.0,3.0
Lima,App,Contra entrega,135.28,2.0,5.0
Norte,Web,Billetera digital,98.3,2.0,5.0
Lima,Web,Tarjeta,261.76,5.0,4.0
Lima,App,Contra entrega,206.19,2.0,4.0
Lima,Web,Tarjeta,224.14,2.0,4.0
Sur,App,Billetera digital,186.85,2.0,5.0
Sur,Web,Billetera digital,113.97,4.0,3.0
Lima,Web,Tarjeta,133.22,4.0,4.0
Lima,App,Tarjeta,295.63,1.0,4.0
Lima,Web,Billetera digital,124.14,1.0,5.0
Lima,App,Billetera digital,162.61,1.0,5.0
Centro,Web,Contra entrega,140.29,1.0,4.0
Lima,App,Contra entrega,129.26,2.0,5.0
Lima,App,Tarjeta,120.81,3.0,2.0
Centro,Web,Tarjeta,150.54,3.0,5.0
Centro,App,Contra entrega,367.94,2.0,5.0
Lima,Web,Billetera digital,205.58,1.0,3.0
Lima,Web,Tarjeta,262.66,1.0,5.0
Lima,App,Billetera digital,226.63,3.0,5.0
Norte,Web,Tarjeta,102.17,3.0,4.0
Lima,Web,Tarjeta,123.02,2.0,5.0
Lima,App,Tarjeta,162.36,2.0,4.0
Centro,Web,Contra entrega,79.1,6.0,4.0
Lima,Web,Tarjeta,108.28,1.0,5.0
Lima,Web,Billetera digital,410.08,3.0,4.0
Lima,Web,Tarjeta,67.38,2.0,4.0
Lima,Web,Billetera digital,156.26,1.0,4.0
Lima,App,Billetera digital,175.59,1.0,4.0
Centro,Web,Billetera digital,88.64,1.0,5.0
Oriente,Web,Billetera digital,331.13,8.0,4.0
Oriente,App,Contra entrega,186.08,5.0,5.0
Lima,Web,Billetera digital,106.85,1.0,5.0
Oriente,Web,Billetera digital,131.89,5.0,5.0
Centro,App,Tarjeta,233.6,1.0,5.0
Lima,App,Billetera digital,199.89,1.0,5.0
Norte,Web,Tarjeta,145.04,3.0,4.0
Norte,Web,Billetera digital,176.8,3.0,4.0
Lima,Web,Billetera digital,165.34,1.0,4.0
Sur,App,Tarjeta,148.73,4.0,3.0
Norte,Web,Billetera digital,83.27,8.0,4.0
Lima,Web,Billetera digital,47.69,3.0,3.0
Sur,Web,Contra entrega,137.0,4.0,4.0
Norte,Web,Tarjeta,103.36,1.0,4.0
Lima,Web,Billetera digital,174.25,2.0,4.0
Lima,Web,Billetera digital,190.51,2.0,5.0
Lima,Web,Tarjeta,273.79,1.0,4.0
Lima,Web,Tarjeta,84.69,1.0,5.0
Lima,Web,Tarjeta,130.44,1.0,4.0
Lima,Web,Contra entrega,143.66,1.0,5.0
Lima,Web,Billetera digital,416.88,2.0,4.0
Lima,App,Tarjeta,378.63,3.0,4.0
Sur,Web,Billetera digital,424.38,4.0,5.0
Centro,App,Contra entrega,1997.78,5.0,5.0
Lima,Web,Billetera digital,106.34,3.0,3.0
Lima,App,Tarjeta,118.62,1.0,4.0
Centro,App,Contra entrega,55.75,2.0,5.0
Lima,App,Tarjeta,168.15,2.0,5.0
Norte,Web,Tarjeta,79.31,3.0,
Sur,Web,Billetera digital,134.87,3.0,3.0
Norte,App,Billetera digital,312.4,2.0,4.0
Oriente,Web,Contra entrega,103.29,2.0,
Lima,Web,Tarjeta,263.74,1.0,5.0
Lima,App,Billetera digital,165.9,2.0,4.0
Oriente,App,Tarjeta,130.24,6.0,4.0
Norte,Web,Billetera digital,78.34,2.0,5.0
Lima,App,Tarjeta,126.7,2.0,4.0
Oriente,Web,Contra entrega,64.78,6.0,4.0
Centro,App,Billetera digital,74.77,3.0,3.0
Centro,App,Tarjeta,95.07,4.0,3.0
Lima,Web,Billetera digital,92.79,1.0,5.0
Lima,App,Tarjeta,140.8,1.0,5.0
Centro,App,Billetera digital,59.89,2.0,5.0
Lima,Web,Billetera digital,221.63,2.0,3.0
Sur,App,Tarjeta,115.87,3.0,3.0
Centro,Web,Contra entrega,121.31,5.0,2.0
Sur,App,Billetera digital,104.21,4.0,2.0
Lima,Web,Tarjeta,167.78,3.0,5.0
Sur,Web,Billetera digital,175.75,2.0,5.0
Oriente,Web,Contra entrega,61.04,6.0,3.0
Lima,Web,Tarjeta,223.4,2.0,4.0
Lima,Web,Contra entrega,209.58,2.0,4.0
Norte,App,Billetera digital,345.25,2.0,3.0
Lima,Web,Billetera digital,94.91,1.0,4.0
Lima,Web,Tarjeta,117.23,1.0,5.0
Lima,Web,Billetera digital,98.29,1.0,4.0
Centro,App,Billetera digital,351.25,2.0,4.0
Sur,Web,Billetera digital,124.74,3.0,5.0
Centro,App,Tarjeta,130.5,3.0,3.0
Lima,Web,Billetera digital,279.53,2.0,5.0
Lima,Web,Billetera digital,178.13,1.0,3.0
Centro,Web,Billetera digital,117.54,2.0,4.0
Norte,Web,Contra entrega,270.43,1.0,3.0
Oriente,Web,Contra entrega,132.06,3.0,4.0
Lima,App,Billetera digital,306.62,2.0,3.0
Lima,App,Contra entrega,188.02,2.0,4.0
Norte,Web,Tarjeta,68.6,3.0,3.0
Lima,Web,Tarjeta,168.39,3.0,5.0
Lima,Web,Tarjeta,269.46,2.0,4.0
Lima,Web,Billetera digital,135.29,1.0,5.0
Sur,Web,Tarjeta,200.23,3.0,5.0
Norte,Web,Billetera digital,168.94,3.0,4.0
Norte,Web,Contra entrega,1684.46,2.0,4.0
Norte,Web,Contra entrega,76.27,3.0,5.0
Oriente,Web,Contra entrega,257.39,7.0,3.0
Oriente,App,Billetera digital,117.02,6.0,3.0
Norte,Web,Tarjeta,75.18,2.0,5.0
Norte,Web,Billetera digital,59.89,2.0,5.0
Lima,App,Billetera digital,150.95,3.0,4.0
Sur,Web,Billetera digital,157.38,1.0,4.0
Sur,App,Billetera digital,155.43,3.0,4.0
Lima,Web,Billetera digital,80.71,3.0,4.0
Lima,App,Billetera digital,289.04,1.0,4.0
Lima,App,Tarjeta,65.78,1.0,5.0
Lima,Web,Tarjeta,87.09,1.0,3.0
Norte,Web,Contra entrega,85.72,3.0,3.0
Lima,App,Billetera digital,268.65,2.0,4.0
Oriente,Web,Billetera digital,92.52,5.0,4.0
Lima,Web,Contra entrega,81.27,1.0,5.0
Lima,App,Tarjeta,124.26,3.0,
Sur,Web,Contra entrega,58.15,3.0,5.0
Sur,App,Tarjeta,94.71,4.0,3.0
Centro,Web,Contra entrega,53.65,3.0,5.0
Centro,App,Billetera digital,206.1,3.0,4.0
Oriente,Web,Billetera digital,120.51,4.0,4.0
Norte,Web,Tarjeta,52.67,3.0,3.0
Norte,Web,Billetera digital,174.48,5.0,3.0
Lima,Web,Tarjeta,270.39,1.0,5.0
Norte,Web,Contra entrega,248.53,2.0,4.0
Lima,Web,Contra entrega,149.82,2.0,4.0
Lima,Web,Billetera digital,341.77,3.0,4.0
Norte,App,Billetera digital,185.98,2.0,4.0
Lima,Web,Tarjeta,424.74,1.0,5.0
Norte,Web,Tarjeta,162.31,3.0,4.0
Oriente,App,Contra entrega,114.24,3.0,5.0
Lima,App,Tarjeta,53.51,4.0,5.0
Sur,Web,Contra entrega,127.82,2.0,5.0
Lima,Web,Contra entrega,234.31,1.0,5.0
Lima,App,Billetera digital,220.47,2.0,3.0
Lima,App,Tarjeta,140.14,3.0,4.0
Lima,Web,Tarjeta,106.93,2.0,4.0
Lima,Web,Billetera digital,284.9,1.0,3.0
Norte,Web,Billetera digital,69.37,2.0,4.0
Sur,Web,Tarjeta,183.18,3.0,3.0
Sur,App,Tarjeta,97.65,4.0,4.0
Oriente,App,Contra entrega,95.11,4.0,4.0
Centro,App,Billetera digital,173.02,2.0,5.0
Sur,Web,Billetera digital,196.4,6.0,4.0
Sur,App,Tarjeta,352.96,3.0,4.0
Norte,Web,Contra entrega,63.03,5.0,3.0
Lima,Web,Billetera digital,204.18,2.0,5.0
Sur,Web,Contra entrega,256.43,4.0,5.0
Norte,Web,Billetera digital,115.6,3.0,5.0
Oriente,App,Tarjeta,112.66,3.0,4.0
Lima,Web,Tarjeta,285.66,4.0,3.0
Oriente,Web,Contra entrega,70.78,3.0,3.0
Lima,Web,Billetera digital,308.99,2.0,4.0
Lima,App,Billetera digital,84.13,2.0,4.0
Norte,Web,Billetera digital,96.52,3.0,5.0
Lima,App,Billetera digital,123.86,2.0,4.0
Norte,Web,Tarjeta,107.62,2.0,5.0
Lima,Web,Tarjeta,192.12,1.0,4.0
Lima,App,Billetera digital,194.82,1.0,4.0
Centro,App,Billetera digital,189.13,4.0,5.0
Sur,Web,Tarjeta,163.66,4.0,3.0
Lima,Web,Billetera digital,171.19,2.0,5.0
Lima,Web,Billetera digital,142.24,3.0,4.0
Sur,Web,Billetera digital,221.67,3.0,5.0
Norte,Web,Billetera digital,126.56,5.0,5.0
Sur,Web,Tarjeta,84.75,3.0,2.0
Centro,Web,Contra entrega,210.03,2.0,3.0
Centro,Web,Contra entrega,391.31,3.0,4.0
Norte,Web,Billetera digital,262.4,1.0,4.0
Sur,Web,Tarjeta,89.34,3.0,4.0
Lima,Web,Billetera digital,102.85,3.0,3.0
Centro,Web,Billetera digital,90.49,7.0,4.0
Lima,App,Tarjeta,133.67,3.0,4.0
Lima,Web,Tarjeta,117.27,1.0,4.0
Norte,Web,Contra entrega,226.59,3.0,5.0
Lima,Web,Contra entrega,128.27,1.0,5.0
Centro,Web,Contra entrega,117.11,5.0,4.0
Norte,Web,Billetera digital,137.13,1.0,5.0
Oriente,Web,Tarjeta,72.32,4.0,4.0
Lima,Web,Tarjeta,307.36,1.0,5.0
Sur,Web,Billetera digital,190.34,5.0,5.0
Lima,App,Billetera digital,135.32,2.0,
Lima,Web,Billetera digital,100.71,3.0,3.0
Norte,App,Billetera digital,89.3,3.0,4.0
Centro,Web,Tarjeta,61.61,4.0,4.0
Norte,App,Billetera digital,151.67,3.0,4.0
Norte,Web,Contra entrega,209.04,4.0,3.0
Oriente,Web,Billetera digital,142.48,1.0,
Lima,Web,Tarjeta,243.0,3.0,4.0
Centro,App,Billetera digital,118.76,5.0,3.0
Sur,Web,Billetera digital,66.22,1.0,5.0
Sur,Web,Contra entrega,160.47,3.0,4.0
Lima,App,Tarjeta,204.54,1.0,5.0
Centro,Web,Contra entrega,47.2,2.0,5.0
Oriente,App,Contra entrega,62.54,5.0,4.0
Lima,App,Billetera digital,171.83,1.0,4.0
Lima,Web,Billetera digital,77.59,1.0,3.0
Sur,App,Contra entrega,119.63,2.0,4.0
Norte,Web,Tarjeta,102.12,1.0,5.0
Lima,App,Billetera digital,130.35,3.0,4.0
Centro,App,Tarjeta,258.33,5.0,4.0
Sur,Web,Billetera digital,122.95,4.0,3.0
Lima,App,Tarjeta,263.77,2.0,5.0
Lima,App,Billetera digital,109.59,2.0,3.0
Norte,Web,Billetera digital,59.83,1.0,5.0
Lima,Web,Tarjeta,161.54,1.0,3.0
Norte,App,Contra entrega,639.56,4.0,5.0
Lima,Web,Billetera digital,106.69,2.0,5.0
Lima,App,Tarjeta,47.82,2.0,3.0
Sur,App,Tarjeta,118.17,3.0,4.0
Lima,Web,Tarjeta,158.53,1.0,5.0
Sur,Web,Tarjeta,250.8,2.0,4.0
Sur,App,Contra entrega,67.04,5.0,3.0
Sur,Web,Billetera digital,163.83,7.0,3.0
Lima,App,Tarjeta,173.17,2.0,4.0
Centro,App,Tarjeta,321.13,2.0,5.0
Lima,App,Contra entrega,167.88,2.0,4.0
Lima,App,Billetera digital,200.24,1.0,4.0
Lima,Web,Tarjeta,284.12,3.0,4.0
Norte,Web,Contra entrega,142.34,3.0,5.0
Sur,App,Tarjeta,173.69,4.0,5.0
Norte,App,Contra entrega,59.03,3.0,4.0
Centro,App,Contra entrega,65.81,4.0,5.0
Lima,App,Billetera digital,208.63,1.0,4.0
Lima,Web,Tarjeta,105.83,3.0,3.0
Lima,App,Tarjeta,329.39,3.0,5.0
Lima,App,Tarjeta,182.24,2.0,4.0
Sur,Web,Contra entrega,112.31,3.0,3.0
Sur,Web,Contra entrega,45.64,6.0,4.0
Norte,Web,Contra entrega,106.36,6.0,4.0
Lima,Web,Tarjeta,71.95,1.0,5.0
Norte,Web,Billetera digital,66.35,5.0,5.0
Sur,App,Tarjeta,54.15,2.0,5.0
Lima,Web,Billetera digital,117.36,1.0,4.0
Norte,App,Billetera digital,113.7,4.0,4.0
Lima,App,Tarjeta,137.14,2.0,4.0
Sur,Web,Billetera digital,68.78,2.0,5.0
Norte,Web,Billetera digital,230.66,2.0,5.0
Norte,App,Tarjeta,127.74,1.0,3.0
Norte,Web,Billetera digital,88.59,4.0,4.0
Lima,Web,Billetera digital,130.66,1.0,4.0
Centro,Web,Contra entrega,116.7,3.0,3.0
Lima,Web,Tarjeta,102.9,2.0,5.0
Lima,Web,Contra entrega,130.92,2.0,3.0
Lima,Web,Tarjeta,170.41,1.0,5.0
Lima,Web,Tarjeta,635.62,2.0,5.0
Sur,Web,Billetera digital,253.84,2.0,5.0
Lima,Web,Billetera digital,66.79,1.0,4.0
Norte,App,Billetera digital,116.57,2.0,4.0
Sur,App,Billetera digital,254.62,2.0,4.0
Lima,App,Billetera digital,320.99,2.0,4.0
Lima,App,Tarjeta,152.85,1.0,4.0
Norte,Web,Tarjeta,52.28,3.0,4.0
Lima,App,Contra entrega,160.82,2.0,5.0
Lima,Web,Billetera digital,113.25,1.0,5.0
Norte,Web,Tarjeta,171.9,3.0,4.0
Lima,Web,Tarjeta,63.94,2.0,3.0
Sur,Web,Contra entrega,357.45,2.0,5.0
Lima,Web,Contra entrega,153.34,1.0,4.0
Centro,App,Tarjeta,113.26,1.0,4.0
Oriente,App,Tarjeta,159.14,3.0,4.0
Sur,App,Contra entrega,56.36,3.0,4.0
Lima,App,Tarjeta,249.61,1.0,5.0
Norte,App,Billetera digital,95.37,5.0,3.0
Sur,App,Tarjeta,86.24,4.0,5.0
Lima,App,Billetera digital,265.98,2.0,2.0
Norte,App,Tarjeta,78.76,5.0,5.0
Lima,App,Contra entrega,126.37,3.0,4.0
Norte,Web,Billetera digital,172.42,2.0,4.0
Lima,App,Contra entrega,118.29,1.0,5.0
Lima,Web,Billetera digital,73.41,1.0,5.0
Lima,Web,Billetera digital,282.5,2.0,4.0
Lima,Web,Billetera digital,123.19,3.0,4.0
Lima,App,Tarjeta,122.03,2.0,4.0
Lima,App,Billetera digital,155.93,2.0,5.0
Lima,Web,Billetera digital,183.22,2.0,4.0
Oriente,Web,Billetera digital,60.25,8.0,3.0
Lima,App,Contra entrega,67.82,2.0,5.0
Lima,Web,Billetera digital,398.8,1.0,5.0
Oriente,Web,Tarjeta,77.65,5.0,5.0
Lima,Web,Billetera digital,161.65,2.0,4.0
Centro,Web,Tarjeta,93.73,3.0,
Lima,Web,Tarjeta,138.75,2.0,5.0
Oriente,App,Billetera digital,51.61,7.0,5.0
Lima,App,Tarjeta,84.36,2.0,4.0
Sur,Web,Tarjeta,222.62,1.0,4.0
Lima,App,Tarjeta,102.66,2.0,4.0
Lima,App,Billetera digital,245.27,1.0,5.0
Lima,Web,Billetera digital,399.93,2.0,4.0
Lima,Web,Billetera digital,208.82,1.0,3.0
Norte,Web,Contra entrega,275.82,3.0,5.0
Norte,Web,Billetera digital,240.33,2.0,5.0
Sur,Web,Tarjeta,78.5,2.0,3.0
Lima,App,Tarjeta,68.08,3.0,4.0
Lima,App,Billetera digital,323.06,2.0,4.0
Norte,Web,Tarjeta,162.44,5.0,3.0
Lima,App,Billetera digital,241.18,3.0,5.0
Oriente,App,Contra entrega,115.38,3.0,5.0
Sur,App,Billetera digital,156.94,3.0,4.0
Norte,Web,Billetera digital,141.58,4.0,4.0
Lima,App,Tarjeta,183.97,1.0,5.0
Norte,Web,Billetera digital,71.98,5.0,4.0
Lima,Web,Billetera digital,105.85,3.0,4.0
Oriente,Web,Contra entrega,141.62,2.0,5.0
Lima,App,Tarjeta,272.63,1.0,5.0
Sur,Web,Billetera digital,181.23,3.0,3.0
Lima,Web,Tarjeta,140.79,2.0,4.0
Lima,App,Tarjeta,250.2,3.0,4.0
Lima,App,Billetera digital,162.08,1.0,4.0
Norte,App,Tarjeta,161.41,4.0,3.0
Oriente,App,Contra entrega,54.21,4.0,4.0
Lima,App,Tarjeta,381.17,4.0,2.0
Sur,Web,Tarjeta,81.41,1.0,5.0
Lima,App,Billetera digital,67.75,2.0,4.0
Lima,App,Tarjeta,112.44,3.0,4.0
Lima,App,Billetera digital,117.16,1.0,5.0
Lima,Web,Contra entrega,90.16,2.0,4.0
Lima,Web,Tarjeta,218.18,2.0,5.0
Norte,Web,Billetera digital,164.15,1.0,4.0
Norte,Web,Tarjeta,157.96,3.0,4.0
Norte,App,Contra entrega,132.07,1.0,5.0
Norte,Web,Billetera digital,92.91,4.0,3.0
Lima,Web,Contra entrega,200.35,2.0,4.0
Centro,Web,Contra entrega,52.78,2.0,5.0
Norte,Web,Billetera digital,166.66,4.0,4.0
Centro,Web,Tarjeta,112.89,4.0,
Sur,Web,Billetera digital,56.71,4.0,2.0
Sur,App,Billetera digital,136.15,6.0,3.0
Norte,Web,Tarjeta,328.11,4.0,3.0
Centro,App,Billetera digital,60.05,2.0,4.0
Sur,Web,Tarjeta,154.73,2.0,5.0
Sur,Web,Contra entrega,150.11,4.0,4.0
Lima,App,Billetera digital,136.79,2.0,3.0
Lima,Web,Billetera digital,108.19,2.0,5.0
Sur,Web,Tarjeta,266.36,4.0,4.0
Lima,Web,Tarjeta,232.5,2.0,4.0
Norte,Web,Billetera digital,159.29,5.0,3.0
Norte,Web,Tarjeta,254.72,3.0,5.0
Lima,App,Tarjeta,103.07,2.0,4.0
Lima,App,Tarjeta,95.11,2.0,4.0
Sur,Web,Tarjeta,191.26,6.0,4.0
Lima,Web,Billetera digital,88.56,1.0,5.0
Lima,App,Tarjeta,143.65,2.0,4.0
Oriente,Web,Contra entrega,50.12,5.0,5.0
Sur,Web,Contra entrega,281.12,5.0,4.0
Norte,Web,Tarjeta,70.02,10.0,3.0
Sur,App,Billetera digital,205.97,6.0,3.0
Lima,Web,Tarjeta,211.87,3.0,5.0
Sur,App,Tarjeta,93.96,4.0,4.0
Norte,Web,Billetera digital,86.23,1.0,4.0
Lima,Web,Billetera digital,82.91,2.0,3.0
Lima,Web,Tarjeta,92.22,2.0,5.0
Norte,Web,Billetera digital,96.9,4.0,4.0
Lima,Web,Billetera digital,132.36,1.0,5.0
Sur,Web,Contra entrega,133.15,3.0,3.0
Centro,Web,Billetera digital,59.97,2.0,4.0
Centro,App,Billetera digital,89.35,2.0,3.0
Norte,Web,Contra entrega,80.26,3.0,5.0
Lima,Web,Billetera digital,114.31,1.0,5.0
Lima,App,Tarjeta,139.3,1.0,5.0
Norte,Web,Tarjeta,97.83,2.0,4.0
Lima,App,Tarjeta,209.11,3.0,3.0
Lima,Web,Billetera digital,158.2,4.0,4.0
Sur,Web,Tarjeta,89.0,1.0,3.0
Lima,Web,Tarjeta,81.12,2.0,5.0
Norte,Web,Billetera digital,126.13,4.0,4.0
Sur,Web,Contra entrega,78.54,7.0,4.0
Lima,Web,Contra entrega,163.4,2.0,5.0
Norte,Web,Contra entrega,193.62,3.0,4.0
Sur,App,Tarjeta,148.88,1.0,5.0
Lima,App,Billetera digital,75.66,4.0,4.0
Lima,Web,Tarjeta,235.15,1.0,4.0
Lima,Web,Tarjeta,73.97,1.0,4.0
Oriente,Web,Tarjeta,291.65,2.0,5.0
Lima,Web,Contra entrega,118.38,1.0,5.0
Lima,Web,Tarjeta,183.95,1.0,5.0
Lima,App,Billetera digital,136.36,1.0,
Lima,App,Tarjeta,96.76,1.0,3.0
Centro,Web,Billetera digital,73.51,4.0,2.0
Lima,Web,Billetera digital,91.37,2.0,5.0
Sur,Web,Billetera digital,56.64,1.0,4.0
Centro,Web,Contra entrega,94.42,5.0,4.0
Lima,Web,Billetera digital,56.03,1.0,4.0
Norte,Web,Contra entrega,79.92,2.0,5.0
Lima,Web,Billetera digital,131.27,2.0,4.0
Lima,App,Tarjeta,246.56,2.0,5.0
Lima,Web,Billetera digital,223.05,2.0,4.0
Sur,App,Contra entrega,57.27,2.0,4.0
Norte,App,Billetera digital,90.79,4.0,4.0
Centro,App,Billetera digital,526.4,2.0,4.0
Sur,App,Tarjeta,85.54,5.0,3.0
Norte,Web,Tarjeta,275.35,1.0,5.0
Lima,App,Billetera digital,205.26,1.0,3.0
Norte,Web,Tarjeta,184.5,2.0,5.0
Lima,App,Billetera digital,304.02,1.0,4.0
Norte,App,Tarjeta,157.18,3.0,4.0
Lima,App,Billetera digital,177.64,1.0,3.0
Lima,App,Tarjeta,68.59,1.0,4.0
Oriente,App,Contra entrega,159.22,3.0,3.0
Lima,Web,Billetera digital,139.33,1.0,3.0
Lima,App,Billetera digital,92.17,1.0,4.0
Lima,Web,Billetera digital,99.41,1.0,5.0
Lima,Web,Tarjeta,585.9,3.0,5.0
Norte,App,Tarjeta,279.74,3.0,4.0
Lima,App,Tarjeta,238.13,1.0,4.0
Sur,Web,Contra entrega,103.25,5.0,3.0
Lima,Web,Billetera digital,52.59,2.0,3.0
Lima,App,Tarjeta,120.2,2.0,4.0
Lima,App,Billetera digital,121.01,4.0,3.0
Lima,App,Billetera digital,125.63,2.0,5.0
Norte,Web,Billetera digital,114.43,6.0,3.0
Lima,Web,Tarjeta,158.85,2.0,4.0
Lima,Web,Billetera digital,169.45,3.0,3.0
Lima,Web,Contra entrega,154.97,3.0,4.0
Lima,App,Tarjeta,54.25,2.0,4.0
Lima,App,Tarjeta,203.32,1.0,5.0
Norte,App,Tarjeta,166.81,3.0,4.0
Oriente,App,Contra entrega,127.31,4.0,3.0
Norte,Web,Tarjeta,139.83,1.0,3.0
Norte,Web,Billetera digital,189.55,3.0,5.0
Lima,App,Billetera digital,104.06,2.0,5.0
Lima,App,Billetera digital,112.77,2.0,3.0
Centro,Web,Tarjeta,249.14,4.0,5.0
Lima,Web,Tarjeta,192.12,1.0,5.0
Norte,App,Tarjeta,361.29,1.0,4.0
Oriente,App,Contra entrega,92.2,6.0,3.0
Sur,App,Contra entrega,216.83,5.0,3.0
Norte,Web,Contra entrega,146.81,3.0,5.0
Norte,Web,Billetera digital,248.49,2.0,5.0
Lima,Web,Billetera digital,241.63,1.0,5.0
Norte,Web,Contra entrega,26.99,3.0,5.0
Lima,Web,Billetera digital,69.03,1.0,5.0
Lima,Web,Tarjeta,248.31,3.0,4.0
Lima,Web,Billetera digital,58.78,1.0,4.0
Norte,Web,Tarjeta,130.47,3.0,5.0
Sur,App,Tarjeta,111.16,1.0,5.0
Norte,App,Contra entrega,105.99,2.0,4.0
Lima,Web,Tarjeta,209.82,2.0,4.0
Norte,App,Billetera digital,179.36,2.0,4.0
Norte,App,Contra entrega,66.87,4.0,5.0
Lima,App,Tarjeta,197.52,2.0,4.0
Norte,Web,Tarjeta,88.13,3.0,4.0
Lima,Web,Billetera digital,276.28,2.0,5.0
Sur,Web,Billetera digital,114.66,2.0,5.0
Centro,App,Contra entrega,51.54,3.0,3.0
Norte,Web,Billetera digital,123.38,3.0,4.0
Norte,App,Contra entrega,119.73,3.0,5.0
Lima,Web,Tarjeta,167.03,3.0,3.0
Lima,Web,Tarjeta,198.27,1.0,4.0
Lima,Web,Tarjeta,168.13,1.0,5.0
Norte,Web,Billetera digital,204.92,3.0,4.0
Lima,App,Billetera digital,79.24,1.0,4.0
Lima,App,Billetera digital,275.37,2.0,5.0
Oriente,App,Billetera digital,99.47,1.0,
Lima,Web,Tarjeta,124.43,3.0,4.0
Lima,Web,Billetera digital,170.59,3.0,4.0
Lima,App,Tarjeta,91.79,2.0,3.0
Norte,Web,Tarjeta,273.89,3.0,4.0
Norte,App,Tarjeta,144.02,3.0,4.0
Norte,App,Tarjeta,87.09,1.0,4.0
Lima,App,Tarjeta,139.51,1.0,4.0
Oriente,Web,Tarjeta,244.86,7.0,3.0
Lima,Web,Billetera digital,166.07,1.0,5.0
Lima,Web,Billetera digital,192.98,1.0,3.0
Norte,App,Billetera digital,229.66,8.0,4.0
Centro,Web,Billetera digital,139.57,8.0,4.0
Lima,Web,Tarjeta,144.61,2.0,5.0
Lima,Web,Tarjeta,140.12,2.0,5.0
Lima,App,Contra entrega,230.8,4.0,4.0
Centro,Web,Contra entrega,86.94,5.0,3.0
Norte,Web,Tarjeta,107.4,3.0,5.0
Sur,Web,Billetera digital,198.38,4.0,3.0
Oriente,Web,Contra entrega,226.7,2.0,4.0
Sur,App,Contra entrega,155.32,2.0,4.0
Norte,App,Billetera digital,32.47,2.0,4.0
Lima,Web,Tarjeta,92.97,1.0,5.0
Lima,App,Billetera digital,267.09,5.0,4.0
Lima,Web,Billetera digital,309.94,1.0,4.0
Lima,Web,Billetera digital,128.49,2.0,5.0
Centro,Web,Billetera digital,38.04,4.0,4.0
Sur,Web,Tarjeta,97.26,2.0,4.0
Sur,App,Tarjeta,149.44,4.0,4.0
Norte,Web,Contra entrega,44.83,1.0,4.0
Norte,Web,Billetera digital,62.66,1.0,5.0
Norte,App,Tarjeta,133.83,3.0,5.0
Lima,App,Billetera digital,152.65,1.0,5.0
Oriente,App,Contra entrega,131.94,5.0,4.0
Lima,Web,Billetera digital,419.09,2.0,4.0
Lima,Web,Tarjeta,210.12,2.0,4.0
Norte,App,Tarjeta,260.88,5.0,4.0
Lima,Web,Contra entrega,57.02,3.0,4.0
Lima,App,Tarjeta,136.25,4.0,4.0
Centro,Web,Contra entrega,99.55,3.0,3.0
Lima,App,Tarjeta,59.81,1.0,5.0
Lima,App,Tarjeta,128.86,1.0,5.0
Norte,App,Billetera digital,124.28,3.0,3.0
Lima,App,Billetera digital,381.21,1.0,4.0
Lima,App,Tarjeta,346.87,2.0,4.0
Oriente,App,Contra entrega,98.91,2.0,3.0
Lima,Web,Tarjeta,305.37,2.0,5.0
Sur,App,Contra entrega,249.58,3.0,5.0
Centro,App,Tarjeta,96.69,3.0,4.0
Oriente,Web,Tarjeta,348.8,4.0,3.0
Lima,Web,Billetera digital,190.54,2.0,3.0
Lima,Web,Tarjeta,103.31,1.0,5.0
Lima,Web,Tarjeta,326.9,1.0,5.0
Norte,App,Contra entrega,375.64,2.0,3.0
Norte,App,Contra entrega,112.14,8.0,4.0
Centro,App,Billetera digital,153.49,4.0,4.0
Lima,App,Billetera digital,355.36,2.0,4.0
Norte,Web,Contra entrega,138.11,4.0,5.0
Sur,Web,Contra entrega,325.29,1.0,5.0
Norte,App,Billetera digital,156.45,2.0,5.0
Lima,Web,Tarjeta,289.45,1.0,4.0
Lima,Web,Tarjeta,149.08,2.0,3.0
Lima,Web,Billetera digital,382.79,2.0,4.0
Lima,Web,Tarjeta,211.06,1.0,5.0
Lima,App,Billetera digital,160.65,2.0,4.0
Centro,App,Billetera digital,99.37,8.0,3.0
Lima,Web,Billetera digital,185.94,1.0,4.0
Centro,Web,Contra entrega,75.78,5.0,5.0
Lima,App,Tarjeta,88.04,1.0,5.0
Lima,Web,Billetera digital,549.62,4.0,3.0
Lima,App,Billetera digital,158.87,2.0,5.0
Lima,Web,Contra entrega,183.23,2.0,5.0
Norte,Web,Billetera digital,80.48,3.0,5.0
Lima,Web,Billetera digital,288.07,1.0,5.0
Centro,App,Contra entrega,291.79,2.0,4.0
Norte,App,Billetera digital,175.11,4.0,3.0
Lima,Web,Billetera digital,172.37,5.0,4.0
Lima,Web,Billetera digital,105.6,1.0,5.0
Lima,Web,Billetera digital,91.6,2.0,5.0
Sur,App,Billetera digital,73.52,3.0,3.0
Norte,Web,Billetera digital,176.27,5.0,4.0
Norte,Web,Tarjeta,248.77,4.0,5.0
Lima,Web,Tarjeta,154.2,1.0,4.0
Centro,App,Contra entrega,250.5,7.0,3.0
Centro,Web,Contra entrega,63.85,2.0,5.0
Sur,Web,Tarjeta,55.96,2.0,4.0
Lima,App,Tarjeta,178.52,2.0,3.0
Lima,Web,Billetera digital,187.11,3.0,4.0
Lima,Web,Tarjeta,465.75,3.0,4.0
Lima,App,Tarjeta,138.59,1.0,5.0
Lima,App,Tarjeta,153.19,2.0,3.0
Lima,Web,Tarjeta,90.16,1.0,5.0
Lima,Web,Tarjeta,101.44,3.0,4.0
Centro,Web,Contra entrega,137.35,2.0,5.0
Centro,App,Billetera digital,38.91,2.0,3.0
Sur,Web,Tarjeta,91.44,2.0,3.0
Lima,Web,Tarjeta,103.43,1.0,5.0
Norte,Web,Tarjeta,67.6,3.0,5.0
Oriente,App,Contra entrega,59.57,5.0,3.0
Lima,App,Tarjeta,113.19,5.0,3.0
Lima,Web,Contra entrega,97.96,2.0,3.0
Lima,Web,Billetera digital,481.61,2.0,4.0
Lima,App,Tarjeta,162.63,1.0,5.0
Oriente,App,Contra entrega,221.91,4.0,5.0
Oriente,Web,Contra entrega,139.38,1.0,5.0
Lima,App,Tarjeta,139.99,1.0,4.0
Norte,Web,Tarjeta,78.58,2.0,5.0
Lima,Web,Billetera digital,94.66,1.0,5.0
Sur,App,Tarjeta,122.33,6.0,3.0
Centro,App,Tarjeta,121.69,5.0,4.0
Sur,App,Billetera digital,228.39,3.0,4.0
Norte,App,Tarjeta,117.34,2.0,5.0
Lima,Web,Tarjeta,204.13,4.0,5.0
Centro,App,Contra entrega,62.45,4.0,4.0
Oriente,App,Tarjeta,100.21,6.0,3.0
Norte,App,Tarjeta,60.63,2.0,5.0
Centro,App,Contra entrega,160.38,7.0,2.0
Lima,App,Contra entrega,150.96,2.0,4.0
Lima,App,Billetera digital,135.06,1.0,5.0
Oriente,Web,Contra entrega,139.23,3.0,5.0
Lima,Web,Tarjeta,160.19,2.0,4.0
Norte,Web,Billetera digital,83.08,3.0,5.0
Lima,App,Billetera digital,60.48,3.0,4.0
Lima,Web,Tarjeta,78.01,1.0,3.0
Lima,App,Contra entrega,113.58,2.0,3.0
Sur,Web,Tarjeta,110.73,2.0,5.0
Sur,App,Billetera digital,189.63,4.0,5.0
Lima,App,Tarjeta,270.79,2.0,5.0
Lima,App,Tarjeta,150.44,2.0,5.0
Sur,Web,Tarjeta,129.42,2.0,4.0
Centro,Web,Billetera digital,177.3,4.0,3.0
Lima,Web,Tarjeta,186.33,2.0,3.0
Sur,Web,Tarjeta,50.87,3.0,4.0
Sur,Web,Tarjeta,47.96,3.0,5.0
Lima,Web,Tarjeta,101.1,2.0,4.0
Norte,App,Billetera digital,81.47,2.0,4.0
Lima,App,Tarjeta,41.54,1.0,5.0
Lima,Web,Contra entrega,84.45,4.0,4.0
Lima,Web,Billetera digital,138.42,1.0,3.0
Norte,App,Billetera digital,153.18,1.0,5.0
Sur,Web,Tarjeta,160.42,3.0,5.0
Centro,Web,Billetera digital,381.3,2.0,4.0
Centro,Web,Billetera digital,111.96,2.0,5.0
Lima,Web,Tarjeta,172.9,1.0,5.0
Centro,App,Contra entrega,67.03,3.0,3.0
Lima,Web,Tarjeta,350.15,2.0,4.0
Lima,Web,Tarjeta,264.24,1.0,5.0
Lima,Web,Tarjeta,140.36,1.0,3.0
Lima,Web,Billetera digital,129.91,2.0,4.0
Centro,Web,Billetera digital,120.95,2.0,5.0
Lima,Web,Contra entrega,166.92,6.0,3.0
Lima,Web,Billetera digital,117.9,1.0,5.0
Norte,Web,Tarjeta,98.88,1.0,5.0
Oriente,Web,Billetera digital,169.9,8.0,3.0
Lima,App,Tarjeta,297.03,2.0,3.0
Centro,App,Contra entrega,82.42,7.0,2.0
Sur,App,Tarjeta,242.4,3.0,3.0
Norte,Web,Contra entrega,181.28,4.0,4.0
Sur,App,Billetera digital,116.13,5.0,5.0
Norte,App,Tarjeta,188.34,5.0,3.0
Sur,Web,Tarjeta,169.64,4.0,4.0
Lima,App,Tarjeta,71.12,2.0,4.0
Norte,App,Contra entrega,117.66,1.0,5.0
Lima,Web,Tarjeta,144.03,2.0,5.0
Lima,App,Tarjeta,106.09,1.0,4.0
Oriente,Web,Contra entrega,213.67,6.0,4.0
Norte,Web,Billetera digital,78.53,3.0,4.0
Norte,Web,Billetera digital,77.99,5.0,3.0
Lima,Web,Billetera digital,268.79,1.0,3.0
Norte,Web,Billetera digital,201.18,4.0,4.0
Lima,App,Tarjeta,90.61,2.0,4.0
Lima,Web,Billetera digital,119.13,1.0,5.0
Oriente,Web,Billetera digital,121.59,4.0,3.0
Sur,Web,Contra entrega,52.74,3.0,5.0
Lima,App,Billetera digital,120.1,1.0,5.0
Norte,App,Tarjeta,146.04,6.0,2.0
Lima,Web,Billetera digital,81.41,4.0,3.0
Sur,App,Tarjeta,261.41,6.0,2.0
Lima,App,Billetera digital,160.7,2.0,5.0
Centro,Web,Tarjeta,231.31,4.0,5.0
Oriente,Web,Billetera digital,87.6,6.0,3.0
Sur,App,Billetera digital,206.12,4.0,3.0
Lima,App,Tarjeta,112.86,2.0,
Lima,Web,Billetera digital,97.71,2.0,4.0
Lima,Web,Billetera digital,215.04,3.0,5.0
Lima,Web,Tarjeta,68.97,3.0,4.0
Lima,Web,Tarjeta,140.47,1.0,5.0
Norte,App,Tarjeta,78.84,3.0,3.0
Lima,Web,Tarjeta,186.18,2.0,4.0
Lima,App,Billetera digital,70.33,2.0,3.0
Oriente,Web,Billetera digital,135.29,5.0,3.0
Lima,App,Tarjeta,147.59,1.0,5.0
Oriente,App,Contra entrega,102.14,6.0,4.0
Lima,App,Contra entrega,367.05,1.0,4.0
Lima,Web,Tarjeta,43.24,3.0,5.0
Norte,Web,Contra entrega,73.16,1.0,5.0
Sur,App,Contra entrega,103.19,4.0,3.0
Centro,Web,Tarjeta,183.79,2.0,4.0
Lima,Web,Tarjeta,211.73,1.0,4.0
Sur,App,Billetera digital,227.31,2.0,4.0
Lima,Web,Tarjeta,103.32,1.0,
Lima,App,Billetera digital,145.61,1.0,4.0
Lima,Web,Contra entrega,85.71,4.0,4.0
Lima,Web,Billetera digital,66.93,2.0,5.0
Lima,Web,Billetera digital,507.66,1.0,4.0
Lima,Web,Billetera digital,197.96,3.0,3.0
Norte,Web,Tarjeta,143.54,2.0,3.0
Lima,App,Contra entrega,142.59,1.0,5.0
Lima,Web,Tarjeta,79.27,3.0,4.0
Lima,App,Tarjeta,61.35,1.0,4.0
Oriente,App,Tarjeta,61.2,6.0,2.0
Lima,App,Tarjeta,326.72,1.0,4.0
Lima,Web,Billetera digital,64.07,3.0,3.0
Lima,App,Billetera digital,203.94,2.0,4.0
Sur,App,Billetera digital,97.53,7.0,4.0
Lima,Web,Tarjeta,108.92,3.0,5.0
Norte,App,Billetera digital,97.76,2.0,5.0
Sur,Web,Tarjeta,176.32,3.0,5.0
Lima,Web,Tarjeta,182.81,2.0,3.0
Centro,Web,Contra entrega,96.4,5.0,4.0
Oriente,App,Contra entrega,77.98,3.0,5.0
Lima,App,Billetera digital,408.49,2.0,5.0
Lima,App,Contra entrega,206.83,1.0,5.0
Norte,Web,Tarjeta,45.63,2.0,5.0
Lima,Web,Tarjeta,381.89,2.0,4.0
Centro,Web,Tarjeta,217.77,4.0,3.0
Oriente,Web,Contra entrega,147.84,5.0,4.0
Norte,Web,Contra entrega,147.05,3.0,3.0
Sur,Web,Tarjeta,29.16,3.0,5.0
Lima,Web,Billetera digital,195.18,2.0,5.0
Sur,Web,Tarjeta,141.5,2.0,4.0
Lima,Web,Billetera digital,157.97,2.0,4.0
Lima,Web,Billetera digital,104.39,2.0,5.0
Oriente,App,Contra entrega,90.41,4.0,5.0
Lima,App,Billetera digital,93.03,1.0,5.0
Sur,Web,Tarjeta,80.35,2.0,5.0
Lima,Web,Tarjeta,206.4,2.0,4.0
Centro,App,Contra entrega,58.14,2.0,4.0
Lima,App,Billetera digital,205.79,2.0,4.0
Lima,App,Tarjeta,68.73,3.0,4.0
Lima,App,Billetera digital,137.22,3.0,4.0
Sur,Web,Billetera digital,148.33,5.0,3.0
Lima,App,Billetera digital,316.62,1.0,4.0
Lima,Web,Contra entrega,355.5,2.0,5.0
Sur,App,Billetera digital,108.77,3.0,5.0
Sur,Web,Billetera digital,44.84,3.0,4.0
Lima,Web,Billetera digital,150.74,2.0,5.0
Norte,Web,Billetera digital,177.6,1.0,5.0
Norte,App,Tarjeta,104.02,1.0,5.0
Centro,Web,Tarjeta,119.34,1.0,5.0
Centro,Web,Billetera digital,76.94,3.0,5.0
Lima,App,Tarjeta,180.43,2.0,5.0
Norte,App,Billetera digital,78.87,3.0,4.0
Lima,Web,Tarjeta,83.42,1.0,4.0
Lima,App,Billetera digital,130.29,2.0,3.0
Sur,Web,Contra entrega,99.72,3.0,3.0
Sur,Web,Billetera digital,145.59,4.0,4.0
Lima,App,Billetera digital,344.27,2.0,3.0
Sur,Web,Tarjeta,59.94,8.0,3.0
Centro,App,Tarjeta,172.95,2.0,3.0
Lima,App,Tarjeta,69.48,1.0,4.0
Lima,Web,Tarjeta,52.58,3.0,4.0
Lima,App,Billetera digital,136.06,1.0,3.0
Sur,App,Tarjeta,100.77,2.0,5.0
Lima,Web,Tarjeta,57.23,1.0,3.0
Centro,App,Contra entrega,212.18,7.0,2.0
Lima,Web,Billetera digital,159.56,1.0,5.0
Lima,Web,Billetera digital,231.12,3.0,5.0
Oriente,Web,Billetera digital,142.92,9.0,3.0
Centro,App,Contra entrega,480.05,3.0,4.0
Lima,Web,Billetera digital,257.87,1.0,5.0
Lima,Web,Billetera digital,127.59,2.0,5.0
Sur,Web,Tarjeta,64.35,2.0,4.0
Norte,Web,Contra entrega,99.44,3.0,3.0
Centro,Web,Contra entrega,57.33,2.0,5.0
Norte,Web,Contra entrega,75.97,2.0,4.0
Lima,Web,Tarjeta,144.33,2.0,5.0
Lima,Web,Tarjeta,117.72,1.0,4.0
Lima,App,Billetera digital,79.81,2.0,
Lima,Web,Billetera digital,81.01,2.0,5.0
Lima,App,Billetera digital,136.06,2.0,5.0
Sur,Web,Tarjeta,213.72,4.0,4.0
Oriente,Web,Billetera digital,190.71,7.0,3.0
Centro,Web,Billetera digital,114.57,4.0,3.0
Lima,App,Billetera digital,158.44,1.0,4.0
Sur,Web,Tarjeta,61.96,5.0,4.0
Lima,Web,Tarjeta,158.47,2.0,4.0
Centro,Web,Contra entrega,204.83,4.0,3.0
Lima,App,Billetera digital,78.99,2.0,5.0
Norte,Web,Contra entrega,162.53,3.0,5.0
Lima,App,Tarjeta,196.01,2.0,5.0
Norte,Web,Billetera digital,76.37,2.0,5.0
Oriente,Web,Contra entrega,50.07,1.0,4.0
Centro,Web,Billetera digital,262.64,4.0,5.0
Lima,Web,Tarjeta,289.91,2.0,5.0
Lima,Web,Billetera digital,64.41,1.0,5.0
Norte,App,Billetera digital,60.13,3.0,4.0
Sur,App,Tarjeta,250.86,3.0,5.0
Centro,Web,Tarjeta,262.21,2.0,3.0
Sur,Web,Contra entrega,387.51,1.0,5.0
Centro,Web,Contra entrega,294.75,2.0,5.0
Sur,App,Billetera digital,184.68,4.0,3.0
Lima,Web,Billetera digital,131.14,4.0,5.0
Oriente,App,Contra entrega,299.87,4.0,3.0
Lima,Web,Contra entrega,162.71,2.0,3.0
Norte,App,Tarjeta,262.22,2.0,3.0
Norte,Web,Tarjeta,116.72,5.0,3.0
Norte,App,Contra entrega,114.08,2.0,5.0
Sur,App,Tarjeta,89.13,4.0,5.0
Norte,App,Billetera digital,79.0,2.0,4.0
Lima,Web,Tarjeta,176.62,3.0,4.0
Sur,Web,Tarjeta,99.57,3.0,4.0
Sur,App,Tarjeta,65.27,5.0,5.0
Lima,Web,Contra entrega,364.08,3.0,4.0
Sur,Web,Tarjeta,196.88,8.0,3.0
Lima,Web,Tarjeta,64.57,1.0,4.0
Norte,App,Tarjeta,231.11,6.0,3.0
Norte,Web,Tarjeta,123.98,4.0,4.0
Lima,App,Billetera digital,111.49,1.0,5.0
Lima,App,Tarjeta,107.4,1.0,4.0
Lima,Web,Billetera digital,212.1,2.0,5.0
Sur,App,Contra entrega,219.27,8.0,2.0
Lima,App,Tarjeta,202.09,1.0,
Lima,Web,Tarjeta,325.01,1.0,5.0
Lima,Web,Contra entrega,121.89,2.0,3.0
Norte,App,Contra entrega,57.14,4.0,4.0
Centro,App,Contra entrega,99.63,6.0,4.0
Norte,Web,Tarjeta,158.98,2.0,5.0
Centro,Web,Tarjeta,113.68,7.0,3.0
Norte,App,Billetera digital,118.85,4.0,3.0
Centro,App,Tarjeta,357.95,2.0,3.0
Norte,App,Tarjeta,98.81,4.0,4.0
Centro,App,Billetera digital,137.23,6.0,3.0
Lima,Web,Tarjeta,73.8,2.0,5.0
Norte,App,Billetera digital,186.16,2.0,4.0
Lima,App,Billetera digital,175.1,2.0,5.0
Lima,Web,Billetera digital,217.92,2.0,4.0
Norte,Web,Contra entrega,109.71,1.0,5.0
Lima,App,Tarjeta,556.68,3.0,2.0
Centro,App,Contra entrega,256.13,2.0,5.0
Lima,Web,Tarjeta,85.57,1.0,4.0
Lima,App,Billetera digital,117.4,2.0,5.0
Lima,App,Contra entrega,169.38,3.0,4.0
Lima,Web,Tarjeta,68.62,2.0,5.0
Lima,App,Billetera digital,129.22,1.0,5.0
Lima,Web,Tarjeta,215.92,1.0,3.0
Lima,App,Tarjeta,459.02,1.0,5.0
Norte,App,Billetera digital,147.36,1.0,5.0
Lima,App,Billetera digital,81.03,2.0,5.0
Lima,App,Tarjeta,128.83,1.0,5.0
Sur,App,Contra entrega,117.51,5.0,3.0
Sur,Web,Tarjeta,103.0,3.0,4.0
Norte,Web,Contra entrega,197.67,6.0,3.0
Lima,App,Billetera digital,298.8,2.0,3.0
Lima,App,Billetera digital,2800.4,1.0,5.0
Lima,Web,Billetera digital,164.63,1.0,4.0
Oriente,Web,Contra entrega,88.21,9.0,2.0
Lima,App,Tarjeta,109.57,2.0,5.0
Sur,Web,Tarjeta,149.07,1.0,5.0
Lima,App,Tarjeta,115.96,3.0,3.0
Centro,App,Contra entrega,115.35,4.0,3.0
Oriente,Web,Contra entrega,220.96,2.0,5.0
Norte,Web,Billetera digital,59.81,4.0,5.0
Centro,App,Tarjeta,401.08,3.0,5.0
Centro,Web,Billetera digital,170.08,2.0,4.0
Lima,App,Tarjeta,328.26,1.0,5.0
Lima,Web,Tarjeta,76.16,2.0,3.0
Oriente,Web,Tarjeta,134.39,2.0,4.0
Sur,App,Contra entrega,97.17,3.0,5.0
Centro,Web,Contra entrega,126.58,2.0,5.0
Lima,Web,Tarjeta,139.05,2.0,4.0
Sur,App,Billetera digital,83.31,5.0,4.0
Sur,App,Contra entrega,86.61,3.0,5.0
Sur,App,Billetera digital,80.39,3.0,5.0
Oriente,App,Billetera digital,101.85,1.0,5.0
Centro,App,Contra entrega,222.44,4.0,5.0
Centro,Web,Billetera digital,153.58,1.0,5.0
Lima,Web,Billetera digital,294.46,4.0,3.0
Lima,Web,Tarjeta,202.23,3.0,2.0
Lima,Web,Billetera digital,112.22,3.0,3.0
Lima,App,Tarjeta,219.82,1.0,5.0
Norte,Web,Billetera digital,125.11,3.0,4.0
Lima,App,Tarjeta,221.29,2.0,5.0
Lima,Web,Contra entrega,209.6,2.0,5.0
Oriente,Web,Contra entrega,168.34,7.0,4.0
Lima,App,Tarjeta,69.4,1.0,4.0
Centro,Web,Billetera digital,85.8,3.0,4.0
Norte,App,Tarjeta,61.68,1.0,5.0
Lima,Web,Contra entrega,210.37,2.0,3.0
Lima,Web,Billetera digital,141.68,2.0,4.0
Sur,App,Tarjeta,1409.5,1.0,4.0
Lima,Web,Billetera digital,120.36,1.0,5.0
Oriente,Web,Billetera digital,144.11,5.0,4.0
Centro,App,Tarjeta,135.39,4.0,5.0
Norte,App,Contra entrega,404.65,3.0,5.0
Sur,App,Tarjeta,154.21,8.0,3.0
Lima,Web,Billetera digital,138.81,1.0,4.0
Norte,Web,Tarjeta,43.14,2.0,4.0
Sur,Web,Tarjeta,68.18,2.0,3.0
Lima,App,Tarjeta,92.54,5.0,4.0
Lima,Web,Billetera digital,175.12,1.0,5.0
Oriente,App,Billetera digital,103.56,3.0,4.0
Lima,Web,Tarjeta,147.14,2.0,5.0
Lima,App,Contra entrega,231.06,2.0,5.0
Lima,Web,Contra entrega,414.54,2.0,5.0
Lima,App,Billetera digital,163.38,3.0,5.0
Lima,App,Tarjeta,180.0,1.0,5.0
Oriente,Web,Contra entrega,201.58,7.0,4.0
Lima,App,Billetera digital,324.58,2.0,4.0
Norte,App,Billetera digital,130.11,4.0,4.0
Lima,Web,Billetera digital,121.01,1.0,4.0
Lima,Web,Contra entrega,157.37,1.0,3.0
Lima,App,Contra entrega,287.62,1.0,4.0
Lima,App,Tarjeta,141.95,1.0,5.0
Norte,Web,Billetera digital,65.58,2.0,5.0
Centro,App,Tarjeta,203.31,9.0,3.0
Lima,Web,Billetera digital,41.72,1.0,4.0
Norte,App,Contra entrega,266.14,1.0,4.0
Lima,App,Billetera digital,269.34,1.0,5.0
Norte,Web,Billetera digital,87.23,4.0,3.0
Centro,App,Contra entrega,411.44,1.0,5.0
Lima,Web,Billetera digital,515.1,2.0,4.0
Norte,App,Contra entrega,76.95,5.0,3.0
Centro,Web,Billetera digital,39.52,8.0,3.0
Norte,Web,Billetera digital,121.35,1.0,5.0
Lima,App,Tarjeta,133.96,3.0,5.0
Lima,Web,Tarjeta,125.51,1.0,4.0
Norte,App,Contra entrega,222.83,5.0,3.0
Norte,App,Contra entrega,124.42,4.0,5.0
Lima,Web,Billetera digital,107.48,2.0,5.0
Lima,Web,Billetera digital,107.32,1.0,5.0
Lima,App,Tarjeta,104.07,3.0,4.0
Lima,Web,Billetera digital,83.03,1.0,5.0
Norte,Web,Billetera digital,102.88,5.0,3.0
Oriente,Web,Billetera digital,71.37,2.0,4.0
Centro,Web,Billetera digital,148.5,4.0,3.0
Lima,Web,Billetera digital,77.72,2.0,5.0
Centro,App,Billetera digital,64.51,8.0,3.0
Lima,App,Tarjeta,92.73,1.0,5.0
Lima,Web,Billetera digital,107.09,2.0,5.0
Norte,Web,Contra entrega,132.1,2.0,4.0
Lima,Web,Billetera digital,228.37,1.0,4.0
Lima,Web,Tarjeta,176.45,2.0,5.0
Sur,App,Billetera digital,158.95,2.0,4.0
Norte,App,Contra entrega,288.34,3.0,5.0
Oriente,Web,Tarjeta,91.94,9.0,4.0
Sur,App,Contra entrega,253.45,3.0,3.0
Oriente,Web,Billetera digital,159.33,3.0,5.0
Norte,App,Billetera digital,131.04,5.0,3.0
Norte,App,Tarjeta,95.68,2.0,4.0
Oriente,Web,Tarjeta,45.76,3.0,4.0
Centro,App,Tarjeta,157.46,3.0,3.0
Lima,Web,Billetera digital,145.4,3.0,4.0
Lima,Web,Tarjeta,92.41,1.0,5.0
Sur,Web,Tarjeta,221.12,5.0,5.0
Norte,App,Billetera digital,99.95,1.0,3.0
Lima,App,Tarjeta,269.6,1.0,5.0
Oriente,App,Billetera digital,219.87,3.0,4.0
Norte,App,Billetera digital,349.73,1.0,5.0
Lima,App,Billetera digital,103.16,2.0,5.0
Sur,App,Tarjeta,855.9,3.0,5.0
Sur,Web,Billetera digital,91.34,3.0,3.0
Lima,Web,Contra entrega,132.79,2.0,5.0
Sur,Web,Tarjeta,126.59,4.0,3.0
Lima,Web,Tarjeta,100.3,2.0,2.0
Sur,Web,Contra entrega,133.41,3.0,5.0
Norte,Web,Tarjeta,118.71,4.0,4.0
Lima,Web,Billetera digital,128.44,1.0,4.0
Lima,App,Billetera digital,100.42,2.0,4.0
Lima,App,Tarjeta,73.95,3.0,3.0
Lima,App,Tarjeta,195.93,3.0,3.0
Lima,App,Tarjeta,194.97,1.0,4.0
Norte,Web,Billetera digital,187.19,4.0,5.0
Sur,App,Billetera digital,126.78,2.0,3.0
Lima,Web,Billetera digital,168.26,1.0,5.0
Norte,Web,Billetera digital,161.15,4.0,
Norte,Web,Billetera digital,54.29,3.0,3.0
Sur,App,Contra entrega,128.09,5.0,4.0
Norte,Web,Tarjeta,116.48,2.0,5.0
Lima,Web,Tarjeta,145.01,2.0,4.0
Norte,Web,Contra entrega,99.54,3.0,5.0
Lima,App,Contra entrega,231.22,3.0,4.0
Centro,Web,Contra entrega,95.09,4.0,4.0
Centro,Web,Billetera digital,82.0,5.0,4.0
Lima,Web,Billetera digital,134.72,2.0,5.0
Sur,App,Tarjeta,120.14,5.0,4.0
Lima,Web,Billetera digital,379.17,1.0,5.0
Norte,Web,Billetera digital,122.98,2.0,3.0
Oriente,Web,Tarjeta,143.74,3.0,5.0
Sur,App,Tarjeta,42.94,2.0,4.0
Norte,Web,Billetera digital,65.76,1.0,4.0
Lima,App,Tarjeta,349.93,2.0,4.0
Oriente,Web,Contra entrega,54.92,8.0,3.0
Lima,Web,Billetera digital,112.2,1.0,5.0
Lima,App,Billetera digital,67.51,1.0,5.0
Norte,App,Tarjeta,367.02,3.0,5.0
Sur,Web,Contra entrega,130.6,4.0,3.0
Lima,App,Tarjeta,153.99,3.0,
Lima,Web,Tarjeta,72.52,2.0,4.0
Norte,Web,Tarjeta,64.63,2.0,5.0
Lima,App,Tarjeta,91.0,1.0,5.0
Norte,Web,Contra entrega,240.01,4.0,4.0
Norte,Web,Tarjeta,321.21,3.0,4.0
Lima,Web,Tarjeta,137.22,2.0,4.0
Lima,Web,Tarjeta,84.82,3.0,4.0
Norte,Web,Tarjeta,95.39,1.0,5.0
Lima,App,Contra entrega,251.37,2.0,5.0
Lima,App,Contra entrega,207.33,2.0,4.0
Centro,Web,Contra entrega,42.31,8.0,2.0
Norte,Web,Billetera digital,204.16,1.0,4.0
Lima,App,Billetera digital,98.06,3.0,4.0
Lima,App,Tarjeta,147.8,1.0,5.0
Norte,Web,Contra entrega,239.24,6.0,3.0
Norte,App,Tarjeta,150.52,1.0,5.0
Lima,Web,Tarjeta,135.26,1.0,3.0
Lima,Web,Tarjeta,145.08,3.0,4.0
Lima,Web,Tarjeta,344.82,1.0,5.0
Centro,Web,Contra entrega,137.55,5.0,
Sur,App,Billetera digital,294.89,3.0,3.0
Centro,App,Billetera digital,184.72,6.0,5.0
Sur,App,Tarjeta,88.44,3.0,3.0
Sur,App,Billetera digital,156.67,1.0,5.0
Oriente,Web,Billetera digital,138.23,5.0,3.0
Sur,Web,Contra entrega,86.33,4.0,4.0
Lima,Web,Billetera digital,202.4,3.0,3.0
Lima,Web,Billetera digital,146.1,2.0,5.0
Sur,Web,Contra entrega,90.04,2.0,5.0
Oriente,App,Tarjeta,119.93,3.0,
Lima,Web,Billetera digital,58.85,1.0,5.0
Norte,Web,Tarjeta,83.38,2.0,5.0
Lima,App,Billetera digital,206.89,1.0,5.0
Norte,App,Tarjeta,47.71,2.0,5.0
Lima,App,Tarjeta,46.65,1.0,
Lima,Web,Billetera digital,196.43,1.0,5.0
Centro,App,Contra entrega,269.42,3.0,5.0
Norte,App,Billetera digital,94.31,1.0,4.0
Sur,Web,Tarjeta,157.95,3.0,5.0
Lima,App,Billetera digital,94.27,1.0,4.0
Centro,Web,Billetera digital,64.24,2.0,5.0
Lima,Web,Tarjeta,88.28,2.0,5.0
Lima,Web,Billetera digital,238.84,1.0,4.0
Lima,Web,Tarjeta,79.26,1.0,5.0
Lima,Web,Billetera digital,118.64,2.0,5.0
Sur,App,Contra entrega,132.4,4.0,4.0
Oriente,App,Billetera digital,200.51,3.0,4.0
Norte,Web,Tarjeta,82.94,2.0,4.0
Lima,Web,Billetera digital,226.04,1.0,
Lima,Web,Tarjeta,106.79,1.0,5.0
Sur,Web,Billetera digital,140.62,5.0,4.0
Lima,App,Contra entrega,384.62,2.0,5.0
Sur,App,Billetera digital,92.02,4.0,3.0
Lima,App,Tarjeta,98.5,2.0,5.0
Sur,App,Billetera digital,206.3,5.0,4.0
Norte,App,Billetera digital,109.05,3.0,3.0
Lima,Web,Tarjeta,66.95,1.0,5.0
Lima,Web,Billetera digital,478.38,1.0,4.0
Norte,App,Tarjeta,62.66,5.0,3.0
Sur,Web,Tarjeta,197.29,4.0,4.0
Lima,Web,Tarjeta,163.62,2.0,5.0
Lima,App,Tarjeta,148.16,1.0,4.0
Sur,Web,Tarjeta,134.33,3.0,5.0
Lima,Web,Billetera digital,105.06,4.0,5.0
Sur,App,Billetera digital,163.23,3.0,4.0
Lima,App,Tarjeta,510.31,1.0,4.0
Sur,App,Tarjeta,237.25,2.0,4.0
Centro,Web,Tarjeta,399.75,2.0,4.0
Lima,App,Billetera digital,138.43,2.0,5.0
Centro,App,Contra entrega,471.18,2.0,3.0
Centro,App,Tarjeta,120.41,8.0,3.0
Norte,App,Tarjeta,106.71,7.0,3.0
Lima,Web,Tarjeta,142.35,2.0,3.0
Sur,App,Tarjeta,146.15,4.0,5.0
Norte,App,Tarjeta,310.25,1.0,5.0
Lima,App,Contra entrega,155.34,2.0,5.0
Lima,App,Contra entrega,90.47,1.0,4.0
Lima,Web,Billetera digital,191.13,1.0,4.0
Lima,App,Contra entrega,54.04,2.0,4.0
Lima,Web,Billetera digital,136.47,2.0,3.0
Lima,App,Billetera digital,84.13,1.0,5.0
Sur,App,Billetera digital,243.15,3.0,5.0
Norte,Web,Tarjeta,114.34,3.0,5.0
Lima,App,Billetera digital,119.98,1.0,5.0
Norte,App,Tarjeta,113.07,3.0,4.0
Lima,Web,Tarjeta,52.47,2.0,5.0
Lima,App,Tarjeta,469.3,2.0,4.0
Lima,Web,Billetera digital,255.72,1.0,5.0
Lima,App,Billetera digital,248.31,2.0,4.0
Norte,App,Billetera digital,89.2,3.0,3.0
Norte,App,Contra entrega,88.61,5.0,4.0
Norte,Web,Billetera digital,58.3,3.0,4.0
Norte,Web,Tarjeta,99.38,3.0,4.0
Centro,App,Tarjeta,109.8,2.0,4.0
Oriente,Web,Contra entrega,108.26,2.0,3.0
Lima,App,Tarjeta,206.32,2.0,4.0
Norte,App,Contra entrega,102.84,5.0,4.0
Lima,App,Billetera digital,118.01,2.0,4.0
Norte,Web,Contra entrega,89.5,1.0,5.0
Lima,Web,Billetera digital,140.58,1.0,4.0
Lima,Web,Billetera digital,1753.76,1.0,5.0
Oriente,Web,Billetera digital,126.83,10.0,2.0
Lima,App,Tarjeta,116.54,2.0,5.0
Norte,Web,Billetera digital,139.26,4.0,4.0
Sur,App,Contra entrega,74.51,5.0,4.0
Norte,Web,Tarjeta,182.94,2.0,5.0
Centro,App,Tarjeta,45.05,2.0,4.0
Lima,Web,Tarjeta,233.32,2.0,5.0
Lima,Web,Billetera digital,113.22,2.0,5.0
Lima,App,Tarjeta,102.35,1.0,5.0
Norte,Web,Contra entrega,183.7,4.0,4.0
Norte,App,Tarjeta,194.0,1.0,5.0
Lima,App,Tarjeta,258.84,2.0,3.0
Lima,Web,Billetera digital,1368.3,2.0,4.0
Norte,Web,Tarjeta,84.45,3.0,3.0
Centro,App,Tarjeta,61.22,2.0,3.0
Lima,App,Tarjeta,116.76,1.0,5.0
Lima,Web,Billetera digital,159.74,1.0,4.0
Centro,App,Tarjeta,66.23,1.0,5.0
Sur,App,Contra entrega,161.51,2.0,5.0
Norte,Web,Billetera digital,142.45,3.0,4.0
Sur,Web,Billetera digital,210.24,4.0,3.0
Lima,Web,Billetera digital,156.49,1.0,5.0
Sur,App,Tarjeta,84.77,4.0,3.0
Lima,Web,Tarjeta,82.51,1.0,4.0
Lima,Web,Tarjeta,204.61,3.0,4.0
Norte,Web,Tarjeta,68.92,2.0,5.0
Sur,App,Billetera digital,118.66,2.0,4.0
Centro,Web,Tarjeta,101.46,1.0,5.0
Norte,App,Tarjeta,88.27,1.0,4.0
Norte,Web,Tarjeta,103.66,4.0,4.0
Oriente,App,Contra entrega,182.74,3.0,5.0
Centro,Web,Billetera digital,211.01,5.0,4.0
Norte,Web,Contra entrega,369.43,3.0,5.0
Lima,Web,Billetera digital,166.25,1.0,4.0
Lima,Web,Tarjeta,177.86,1.0,4.0
Lima,Web,Tarjeta,141.46,2.0,5.0
Lima,App,Contra entrega,37.82,1.0,4.0
Lima,App,Tarjeta,98.18,1.0,3.0
Norte,Web,Tarjeta,54.81,3.0,4.0
Lima,Web,Tarjeta,356.17,1.0,5.0
Lima,Web,Contra entrega,103.28,1.0,4.0
Norte,Web,Billetera digital,101.26,2.0,4.0
Lima,App,Billetera digital,233.68,1.0,4.0
Oriente,App,Contra entrega,83.28,7.0,3.0
Lima,Web,Tarjeta,212.7,3.0,5.0
Lima,App,Tarjeta,121.61,4.0,4.0
Centro,Web,Tarjeta,149.37,6.0,4.0
Lima,Web,Billetera digital,155.21,3.0,4.0
Lima,App,Tarjeta,186.44,1.0,4.0
Centro,App,Billetera digital,123.48,7.0,4.0
Centro,Web,Billetera digital,86.33,3.0,4.0
Lima,Web,Tarjeta,124.45,1.0,5.0
Oriente,App,Tarjeta,30.99,9.0,4.0
Lima,Web,Tarjeta,184.72,4.0,4.0
Centro,Web,Contra entrega,121.22,5.0,3.0
Centro,Web,Tarjeta,96.16,4.0,5.0
Lima,App,Billetera digital,219.75,3.0,5.0
Norte,Web,Contra entrega,215.34,2.0,4.0
Lima,Web,Tarjeta,233.3,1.0,5.0
Norte,Web,Billetera digital,226.87,4.0,5.0
Lima,App,Tarjeta,158.91,3.0,4.0
Lima,App,Tarjeta,229.48,6.0,3.0
Lima,Web,Billetera digital,132.84,1.0,4.0
Lima,Web,Tarjeta,172.45,2.0,4.0
Sur,App,Billetera digital,294.17,3.0,4.0
Lima,App,Billetera digital,105.13,1.0,4.0
Lima,App,Billetera digital,207.3,2.0,5.0
Lima,App,Billetera digital,115.47,1.0,5.0
Norte,Web,Contra entrega,436.98,3.0,3.0
Sur,Web,Billetera digital,93.32,5.0,3.0
Lima,Web,Contra entrega,100.03,2.0,5.0
Lima,Web,Billetera digital,169.73,1.0,5.0
Norte,Web,Contra entrega,32.56,5.0,3.0
Norte,Web,Tarjeta,173.25,3.0,4.0
Lima,Web,Billetera digital,79.47,4.0,4.0
Norte,Web,Billetera digital,181.81,3.0,4.0
Norte,App,Billetera digital,172.5,6.0,3.0
Lima,App,Billetera digital,111.69,1.0,4.0
Sur,Web,Tarjeta,96.15,3.0,5.0
Norte,App,Tarjeta,183.17,3.0,3.0
Norte,Web,Tarjeta,150.93,1.0,5.0
Norte,Web,Contra entrega,165.05,2.0,5.0
Centro,App,Billetera digital,89.71,3.0,
Lima,Web,Billetera digital,81.61,4.0,4.0
Centro,Web,Tarjeta,80.89,3.0,4.0
Norte,Web,Tarjeta,206.22,2.0,5.0
Lima,App,Billetera digital,169.12,2.0,4.0
Sur,Web,Contra entrega,196.28,4.0,4.0
Centro,Web,Billetera digital,162.04,5.0,4.0
Norte,Web,Billetera digital,102.63,2.0,5.0
Centro,Web,Contra entrega,133.55,6.0,4.0
Lima,Web,Billetera digital,150.4,2.0,5.0
Lima,Web,Billetera digital,190.12,1.0,
Norte,App,Billetera digital,93.31,1.0,3.0
Norte,App,Tarjeta,237.56,2.0,5.0
Lima,Web,Billetera digital,141.29,2.0,3.0
Centro,App,Tarjeta,248.36,4.0,4.0
Centro,Web,Billetera digital,165.93,5.0,3.0
Norte,Web,Billetera digital,136.97,1.0,4.0
Lima,Web,Tarjeta,206.78,3.0,4.0
Lima,App,Tarjeta,768.44,1.0,
Centro,Web,Tarjeta,327.57,6.0,4.0
Oriente,Web,Contra entrega,171.15,6.0,3.0
Sur,Web,Tarjeta,109.34,4.0,3.0
Lima,App,Billetera digital,137.84,4.0,3.0
Lima,App,Billetera digital,140.81,1.0,4.0
Lima,Web,Tarjeta,169.5,1.0,4.0
Lima,App,Billetera digital,64.33,1.0,4.0
Oriente,Web,Tarjeta,123.73,4.0,3.0
Lima,Web,Billetera digital,183.54,1.0,5.0
Lima,Web,Contra entrega,124.62,1.0,5.0
Lima,Web,Tarjeta,263.72,2.0,4.0
Norte,App,Contra entrega,82.27,5.0,5.0
Norte,Web,Billetera digital,50.13,4.0,3.0
Lima,App,Tarjeta,180.05,1.0,5.0
Lima,App,Tarjeta,100.98,1.0,5.0
Lima,App,Billetera digital,490.92,1.0,4.0
Norte,Web,Billetera digital,138.84,4.0,
Lima,Web,Tarjeta,109.41,3.0,4.0
Centro,Web,Tarjeta,237.39,2.0,4.0
Centro,Web,Billetera digital,111.23,2.0,3.0
Lima,Web,Tarjeta,152.98,3.0,4.0
Sur,Web,Billetera digital,79.83,1.0,4.0
Lima,App,Tarjeta,82.07,2.0,4.0
Lima,Web,Contra entrega,136.21,1.0,5.0
Lima,App,Billetera digital,185.53,2.0,4.0
Norte,Web,Contra entrega,141.59,2.0,5.0
Lima,Web,Billetera digital,145.11,1.0,5.0
Centro,App,Billetera digital,163.81,6.0,
Sur,Web,Billetera digital,121.54,1.0,4.0
Oriente,App,Contra entrega,135.38,6.0,2.0
Oriente,App,Tarjeta,101.56,9.0,2.0
Lima,App,Billetera digital,251.14,1.0,5.0
Sur,Web,Billetera digital,244.81,2.0,5.0
Norte,Web,Billetera digital,106.53,4.0,4.0
Lima,Web,Tarjeta,154.67,1.0,5.0
Norte,Web,Tarjeta,71.31,3.0,5.0
Lima,App,Tarjeta,109.43,1.0,5.0
Lima,App,Tarjeta,115.3,1.0,5.0
Sur,App,Billetera digital,198.13,1.0,4.0
Norte,Web,Tarjeta,76.0,3.0,4.0
Lima,App,Billetera digital,649.88,3.0,3.0
Norte,Web,Contra entrega,120.08,1.0,4.0
Lima,Web,Billetera digital,105.97,1.0,4.0
Norte,Web,Contra entrega,122.67,5.0,4.0
Lima,Web,Billetera digital,131.47,2.0,5.0
Lima,Web,Tarjeta,106.2,1.0,4.0
Centro,App,Tarjeta,94.96,5.0,3.0
Oriente,App,Tarjeta,96.21,7.0,4.0
Lima,Web,Contra entrega,263.19,1.0,4.0
Lima,Web,Billetera digital,213.99,4.0,3.0
Lima,Web,Tarjeta,221.08,3.0,5.0
Norte,Web,Tarjeta,71.96,1.0,4.0
Sur,App,Billetera digital,244.02,6.0,3.0
Lima,Web,Billetera digital,102.18,3.0,5.0
Oriente,App,Tarjeta,50.64,5.0,4.0
Norte,Web,Contra entrega,119.56,3.0,4.0
Centro,App,Billetera digital,247.18,5.0,3.0
Centro,Web,Tarjeta,125.67,6.0,3.0
Sur,Web,Tarjeta,98.02,1.0,5.0
Lima,Web,Contra entrega,195.81,1.0,5.0
Norte,Web,Tarjeta,144.96,6.0,2.0
Lima,Web,Contra entrega,176.43,1.0,4.0
Norte,App,Contra entrega,239.8,2.0,5.0
Lima,App,Tarjeta,89.98,2.0,5.0
Lima,App,Tarjeta,128.97,1.0,3.0
Lima,App,Billetera digital,373.3,3.0,5.0
Lima,Web,Billetera digital,232.24,3.0,4.0
Centro,App,Billetera digital,130.63,3.0,3.0
Lima,App,Tarjeta,67.09,2.0,5.0
Lima,Web,Tarjeta,245.86,1.0,4.0
Lima,App,Billetera digital,183.88,3.0,4.0
Sur,Web,Billetera digital,50.36,3.0,5.0
Oriente,Web,Contra entrega,194.51,5.0,1.0
Lima,Web,Billetera digital,76.6,1.0,5.0
Lima,Web,Billetera digital,112.1,2.0,4.0
Lima,App,Billetera digital,306.12,1.0,5.0
Oriente,Web,Billetera digital,103.29,3.0,5.0
Lima,App,Tarjeta,152.09,4.0,5.0
Lima,App,Tarjeta,163.01,3.0,4.0
Lima,Web,Tarjeta,246.37,3.0,5.0
Sur,App,Billetera digital,168.18,1.0,5.0
Lima,Web,Billetera digital,216.49,2.0,4.0
Centro,App,Contra entrega,350.84,4.0,4.0
Sur,Web,Tarjeta,138.96,4.0,5.0
Sur,App,Billetera digital,266.77,5.0,4.0
Lima,Web,Billetera digital,109.76,3.0,4.0
Sur,Web,Billetera digital,117.78,6.0,4.0
Oriente,App,Billetera digital,113.66,3.0,4.0
Centro,App,Tarjeta,53.68,4.0,4.0
Lima,Web,Billetera digital,421.05,1.0,4.0
Lima,App,Tarjeta,131.45,2.0,4.0
Norte,Web,Billetera digital,99.93,2.0,4.0
Lima,Web,Billetera digital,193.45,1.0,5.0
Lima,Web,Billetera digital,221.64,1.0,5.0
Lima,Web,Billetera digital,129.25,1.0,5.0
Lima,App,Tarjeta,130.93,2.0,4.0
Sur,App,Tarjeta,152.68,5.0,4.0
Lima,App,Tarjeta,235.72,2.0,3.0
Lima,Web,Billetera digital,81.78,2.0,4.0
Lima,Web,Tarjeta,108.54,1.0,5.0
Sur,Web,Billetera digital,61.69,1.0,4.0
Lima,App,Billetera digital,220.32,2.0,4.0
Lima,App,Tarjeta,154.78,1.0,4.0
Centro,Web,Billetera digital,115.04,3.0,4.0
Sur,App,Tarjeta,167.54,4.0,2.0
Lima,Web,Billetera digital,59.85,2.0,5.0
Lima,Web,Billetera digital,136.42,3.0,4.0
Oriente,Web,Contra entrega,68.1,2.0,5.0
Lima,App,Billetera digital,293.91,2.0,5.0
Sur,App,Contra entrega,593.15,5.0,2.0
Norte,Web,Tarjeta,91.6,4.0,5.0
Sur,App,Tarjeta,251.47,2.0,4.0
Lima,Web,Billetera digital,95.84,3.0,5.0
Lima,Web,Tarjeta,334.73,2.0,4.0
Lima,App,Tarjeta,342.05,2.0,4.0
Sur,Web,Contra entrega,90.51,3.0,4.0
Oriente,Web,Billetera digital,211.01,5.0,5.0
Lima,App,Billetera digital,67.33,2.0,5.0
Lima,Web,Tarjeta,97.56,1.0,5.0
Sur,App,Billetera digital,97.31,3.0,4.0
Sur,Web,Contra entrega,268.64,2.0,5.0
Sur,Web,Billetera digital,211.94,3.0,5.0
Lima,App,Tarjeta,137.49,1.0,4.0
Centro,App,Billetera digital,66.57,2.0,3.0
Centro,App,Tarjeta,145.13,3.0,3.0
Sur,App,Tarjeta,96.05,3.0,5.0
Lima,App,Tarjeta,177.53,3.0,5.0
Norte,Web,Contra entrega,118.67,2.0,3.0
Norte,App,Contra entrega,112.32,4.0,2.0
Oriente,Web,Contra entrega,97.04,5.0,4.0
Norte,App,Billetera digital,116.36,5.0,4.0
Norte,App,Tarjeta,53.9,1.0,5.0
Norte,App,Billetera digital,185.26,3.0,4.0
Lima,Web,Contra entrega,173.24,1.0,4.0
Oriente,Web,Tarjeta,294.99,3.0,4.0
Sur,Web,Tarjeta,101.14,3.0,4.0
Sur,App,Tarjeta,164.79,4.0,3.0
Norte,Web,Billetera digital,102.98,2.0,5.0
Lima,Web,Billetera digital,87.88,1.0,4.0
Sur,Web,Tarjeta,203.3,2.0,4.0
Lima,App,Contra entrega,92.37,2.0,4.0
Lima,Web,Billetera digital,482.41,3.0,3.0
Lima,Web,Tarjeta,112.8,1.0,5.0
Norte,App,Contra entrega,102.09,3.0,4.0
Norte,Web,Tarjeta,141.58,3.0,5.0
Oriente,App,Billetera digital,124.92,10.0,3.0
Lima,App,Contra entrega,531.56,5.0,4.0
Sur,App,Tarjeta,60.41,3.0,4.0
Lima,Web,Billetera digital,167.97,1.0,5.0
Sur,Web,Billetera digital,72.31,4.0,3.0
Norte,Web,Contra entrega,59.52,4.0,3.0
Lima,Web,Contra entrega,585.91,1.0,4.0
Lima,Web,Tarjeta,157.68,1.0,4.0
Norte,Web,Contra entrega,250.98,4.0,4.0
Norte,Web,Tarjeta,402.31,4.0,3.0
Centro,App,Contra entrega,71.71,8.0,4.0
Lima,App,Tarjeta,128.88,4.0,5.0
Lima,Web,Tarjeta,285.49,4.0,3.0
Sur,Web,Tarjeta,87.0,6.0,3.0
Lima,App,Tarjeta,184.53,1.0,5.0
Norte,Web,Tarjeta,109.93,2.0,5.0
Oriente,App,Tarjeta,28.58,6.0,4.0
Norte,App,Tarjeta,385.76,1.0,3.0
Centro,Web,Contra entrega,126.84,3.0,
Lima,App,Tarjeta,136.7,1.0,5.0
Sur,Web,Billetera digital,203.8,2.0,5.0
Sur,App,Tarjeta,181.11,9.0,3.0
Norte,App,Billetera digital,135.49,6.0,3.0
Lima,Web,Billetera digital,292.3,2.0,4.0
Lima,App,Billetera digital,521.6,2.0,4.0
Norte,App,Billetera digital,106.74,3.0,5.0
Lima,Web,Tarjeta,75.8,1.0,4.0
Norte,App,Tarjeta,192.16,3.0,4.0
Norte,Web,Billetera digital,56.82,3.0,4.0
Oriente,App,Contra entrega,138.58,4.0,5.0
Oriente,App,Billetera digital,108.31,4.0,4.0
Norte,App,Contra entrega,105.04,2.0,5.0
Centro,App,Billetera digital,117.37,3.0,4.0
Norte,App,Contra entrega,65.98,2.0,4.0
Norte,Web,Contra entrega,44.53,6.0,3.0
Lima,Web,Tarjeta,195.52,1.0,5.0
Sur,App,Tarjeta,95.85,1.0,4.0
Lima,Web,Tarjeta,190.41,2.0,
Lima,Web,Contra entrega,292.4,2.0,4.0
Sur,Web,Tarjeta,320.07,1.0,5.0
Sur,Web,Tarjeta,433.79,6.0,4.0
Lima,Web,Tarjeta,134.34,2.0,5.0
Oriente,Web,Tarjeta,101.7,6.0,3.0
Sur,App,Billetera digital,132.38,3.0,4.0
Lima,App,Tarjeta,64.4,1.0,4.0
Sur,Web,Billetera digital,106.25,3.0,3.0
Lima,App,Billetera digital,153.59,1.0,4.0
Sur,Web,Tarjeta,176.56,3.0,3.0
Lima,App,Tarjeta,111.41,2.0,2.0
Lima,App,Billetera digital,63.78,2.0,5.0
Lima,App,Tarjeta,107.19,2.0,5.0
Norte,Web,Billetera digital,108.06,4.0,4.0
Norte,App,Billetera digital,55.28,2.0,5.0
Lima,App,Tarjeta,166.2,4.0,4.0
Sur,Web,Tarjeta,90.61,5.0,4.0
Norte,Web,Billetera digital,195.44,4.0,3.0
Lima,Web,Contra entrega,118.45,4.0,5.0
Sur,App,Tarjeta,77.82,8.0,3.0
Sur,Web,Billetera digital,153.96,3.0,4.0
Oriente,App,Contra entrega,46.87,2.0,5.0
Lima,App,Tarjeta,105.02,2.0,4.0
Oriente,Web,Billetera digital,141.69,5.0,5.0
Lima,Web,Tarjeta,83.65,2.0,5.0
Lima,Web,Billetera digital,304.43,2.0,5.0
Sur,App,Billetera digital,66.92,5.0,5.0
Lima,Web,Tarjeta,178.27,2.0,4.0
Norte,Web,Billetera digital,273.4,1.0,5.0
Lima,App,Tarjeta,203.78,2.0,3.0
Oriente,Web,Billetera digital,135.16,7.0,3.0
Sur,App,Billetera digital,92.67,4.0,3.0
Norte,Web,Contra entrega,55.35,4.0,4.0
Sur,Web,Tarjeta,83.61,4.0,4.0
Lima,Web,Billetera digital,111.6,1.0,4.0
Norte,App,Billetera digital,144.5,1.0,5.0
Sur,Web,Tarjeta,39.0,5.0,2.0
Norte,Web,Tarjeta,100.37,2.0,4.0
Lima,Web,Tarjeta,159.4,1.0,5.0
Lima,App,Tarjeta,587.63,1.0,3.0
Norte,App,Billetera digital,288.46,6.0,3.0
Sur,Web,Tarjeta,123.19,1.0,5.0
Sur,App,Tarjeta,73.25,5.0,4.0
Lima,App,Billetera digital,205.6,3.0,5.0
Lima,App,Tarjeta,260.68,1.0,3.0
Lima,Web,Tarjeta,135.94,1.0,4.0
Lima,App,Contra entrega,302.33,1.0,3.0
Oriente,App,Contra entrega,91.31,4.0,4.0
Sur,App,Billetera digital,37.93,5.0,5.0
Lima,Web,Tarjeta,172.52,2.0,3.0
Norte,Web,Tarjeta,71.33,3.0,4.0
Lima,Web,Billetera digital,340.33,4.0,4.0
Lima,App,Billetera digital,126.68,2.0,5.0
Norte,App,Contra entrega,125.53,3.0,5.0
Lima,App,Billetera digital,190.36,1.0,5.0
Norte,Web,Billetera digital,157.23,2.0,4.0
Norte,Web,Billetera digital,157.27,3.0,4.0
Lima,Web,Billetera digital,37.26,4.0,4.0
Lima,Web,Tarjeta,184.19,1.0,4.0
Norte,App,Billetera digital,185.83,2.0,4.0
Norte,Web,Tarjeta,99.67,2.0,4.0
Oriente,App,Contra entrega,106.2,3.0,4.0
Lima,App,Tarjeta,93.27,1.0,5.0
Centro,Web,Billetera digital,77.49,5.0,
Lima,Web,Tarjeta,103.02,1.0,4.0
Sur,Web,Contra entrega,84.49,4.0,4.0
Lima,Web,Contra entrega,94.23,1.0,4.0
Oriente,Web,Tarjeta,294.27,3.0,2.0
Lima,App,Billetera digital,232.56,3.0,4.0
Lima,Web,Tarjeta,164.62,1.0,4.0
Norte,Web,Billetera digital,101.6,2.0,4.0
Sur,Web,Tarjeta,136.9,6.0,
Centro,App,Contra entrega,135.16,5.0,5.0
Centro,Web,Contra entrega,311.49,2.0,4.0
Sur,App,Contra entrega,142.93,2.0,5.0
Oriente,App,Contra entrega,83.16,3.0,4.0
Lima,App,Tarjeta,164.06,3.0,5.0
Lima,Web,Tarjeta,218.96,4.0,3.0
Lima,Web,Tarjeta,105.94,3.0,5.0
Sur,App,Billetera digital,225.51,6.0,2.0
Norte,Web,Tarjeta,254.99,5.0,4.0
Norte,App,Contra entrega,73.54,6.0,4.0
Lima,Web,Contra entrega,106.27,1.0,5.0
Centro,Web,Billetera digital,118.5,3.0,3.0
Norte,Web,Contra entrega,68.72,2.0,5.0
Lima,Web,Billetera digital,132.84,1.0,4.0
Lima,Web,Billetera digital,74.28,1.0,4.0
Norte,Web,Tarjeta,107.21,5.0,4.0
Norte,App,Tarjeta,113.64,1.0,5.0
Sur,Web,Billetera digital,72.15,3.0,5.0
Lima,Web,Tarjeta,180.19,1.0,4.0
Lima,Web,Billetera digital,108.43,3.0,5.0
Lima,Web,Tarjeta,161.86,3.0,4.0
Lima,Web,Billetera digital,76.23,1.0,5.0
Norte,App,Contra entrega,55.21,4.0,3.0
Centro,App,Billetera digital,182.9,5.0,5.0
Lima,App,Billetera digital,202.3,1.0,5.0
Lima,Web,Tarjeta,85.71,2.0,4.0
Oriente,Web,Contra entrega,88.46,3.0,4.0
Oriente,Web,Tarjeta,114.15,3.0,3.0
Lima,Web,Tarjeta,206.86,1.0,5.0
Sur,Web,Contra entrega,388.28,6.0,2.0
Lima,App,Contra entrega,156.83,2.0,5.0
Sur,Web,Contra entrega,147.55,3.0,3.0
Lima,App,Billetera digital,172.78,2.0,4.0
Sur,Web,Contra entrega,113.42,2.0,5.0
Lima,Web,Billetera digital,166.02,2.0,5.0
Norte,Web,Tarjeta,31.12,4.0,5.0
Norte,Web,Contra entrega,63.33,4.0,3.0
Centro,Web,Billetera digital,50.01,3.0,3.0
Norte,Web,Contra entrega,344.39,1.0,5.0
Norte,Web,Contra entrega,110.12,3.0,4.0
Lima,Web,Billetera digital,264.24,2.0,4.0
Lima,App,Tarjeta,102.57,4.0,5.0
Norte,App,Tarjeta,60.05,6.0,3.0
Lima,App,Tarjeta,187.48,2.0,5.0
Norte,Web,Contra entrega,85.15,3.0,4.0
Oriente,Web,Tarjeta,118.74,5.0,4.0
Lima,Web,Billetera digital,80.68,2.0,4.0
Norte,App,Billetera digital,124.46,4.0,5.0
Lima,Web,Billetera digital,143.8,2.0,5.0
Lima,Web,Billetera digital,140.76,1.0,5.0
Lima,App,Billetera digital,117.92,1.0,4.0
Oriente,Web,Contra entrega,284.93,6.0,3.0
Centro,App,Contra entrega,99.07,2.0,4.0
Lima,Web,Tarjeta,155.61,1.0,4.0
Sur,Web,Tarjeta,75.28,2.0,4.0
Lima,Web,Tarjeta,166.83,2.0,5.0
Norte,App,Billetera digital,156.12,6.0,4.0
Lima,App,Tarjeta,174.68,2.0,3.0
Sur,App,Billetera digital,139.87,2.0,4.0
Norte,App,Billetera digital,250.1,2.0,4.0
Sur,Web,Billetera digital,200.26,2.0,5.0
Sur,Web,Billetera digital,617.62,3.0,5.0
Centro,App,Tarjeta,56.78,2.0,4.0
Sur,App,Tarjeta,174.47,1.0,5.0
Sur,App,Contra entrega,148.66,7.0,2.0
Lima,App,Contra entrega,85.28,1.0,
Norte,Web,Contra entrega,227.6,3.0,5.0
Lima,App,Tarjeta,103.2,1.0,5.0
Sur,Web,Tarjeta,201.47,4.0,4.0
Lima,Web,Billetera digital,114.05,1.0,5.0
Lima,Web,Tarjeta,94.16,1.0,3.0
Lima,Web,Billetera digital,166.75,2.0,4.0
Lima,App,Billetera digital,328.59,2.0,5.0
Oriente,Web,Contra entrega,43.72,9.0,3.0
Norte,App,Billetera digital,109.94,2.0,5.0
Lima,App,Tarjeta,274.2,1.0,5.0
Oriente,App,Billetera digital,76.5,4.0,5.0
Oriente,App,Contra entrega,199.14,6.0,3.0
Norte,Web,Contra entrega,64.47,2.0,5.0
Lima,Web,Billetera digital,32.49,1.0,5.0
Lima,Web,Billetera digital,89.28,2.0,4.0
Centro,App,Contra entrega,139.65,5.0,3.0
Sur,Web,Billetera digital,111.54,7.0,2.0
Lima,Web,Contra entrega,121.81,2.0,5.0
Norte,Web,Billetera digital,94.06,3.0,4.0
Sur,Web,Tarjeta,327.23,4.0,4.0
Lima,Web,Contra entrega,274.04,3.0,5.0
Norte,Web,Billetera digital,103.16,6.0,5.0
Oriente,Web,Tarjeta,159.09,3.0,5.0
Lima,Web,Billetera digital,150.54,2.0,4.0
Sur,App,Billetera digital,111.13,2.0,3.0
Centro,App,Billetera digital,69.52,4.0,5.0
Norte,Web,Billetera digital,77.85,4.0,3.0
Norte,Web,Contra entrega,83.99,2.0,4.0
Lima,App,Billetera digital,154.19,2.0,4.0
Norte,Web,Billetera digital,536.64,3.0,4.0
Sur,Web,Tarjeta,107.81,4.0,4.0
Sur,Web,Billetera digital,166.61,1.0,4.0
Norte,Web,Contra entrega,62.78,3.0,5.0
Norte,Web,Billetera digital,126.68,6.0,4.0
Sur,App,Billetera digital,105.18,3.0,4.0
Lima,Web,Tarjeta,147.52,1.0,4.0
Norte,App,Billetera digital,149.32,4.0,4.0
Oriente,App,Contra entrega,169.98,6.0,3.0
Lima,Web,Tarjeta,88.87,2.0,4.0
Sur,Web,Billetera digital,73.62,4.0,4.0
Lima,App,Billetera digital,274.05,1.0,4.0
Lima,App,Tarjeta,69.95,2.0,4.0
Lima,Web,Billetera digital,119.18,1.0,5.0
Sur,App,Billetera digital,30.85,4.0,4.0
Norte,App,Billetera digital,240.42,2.0,4.0
Sur,Web,Billetera digital,234.35,4.0,4.0
Lima,Web,Billetera digital,172.55,2.0,4.0
Lima,App,Tarjeta,97.01,2.0,4.0
Lima,App,Billetera digital,337.15,1.0,4.0
Oriente,App,Tarjeta,97.45,8.0,2.0
Lima,Web,Contra entrega,211.25,3.0,4.0
Sur,App,Billetera digital,228.66,3.0,5.0
Lima,Web,Tarjeta,126.78,2.0,4.0
Norte,App,Tarjeta,370.68,3.0,4.0
Centro,App,Billetera digital,104.33,6.0,5.0
Lima,Web,Tarjeta,220.09,1.0,5.0
Norte,App,Contra entrega,99.88,3.0,4.0
Lima,Web,Tarjeta,195.56,1.0,4.0
Oriente,Web,Billetera digital,69.59,9.0,3.0
Centro,App,Billetera digital,182.51,6.0,3.0
Norte,Web,Billetera digital,175.75,3.0,4.0
Lima,Web,Billetera digital,207.42,2.0,4.0
Norte,Web,Contra entrega,59.29,2.0,5.0
Centro,Web,Billetera digital,89.7,3.0,5.0
Norte,App,Billetera digital,277.37,2.0,4.0
Centro,App,Tarjeta,139.92,3.0,4.0
Centro,Web,Tarjeta,124.27,3.0,5.0
Lima,Web,Billetera digital,128.77,1.0,4.0
Norte,App,Billetera digital,259.68,7.0,4.0
Lima,Web,Billetera digital,96.18,4.0,4.0
Lima,Web,Billetera digital,90.78,2.0,4.0
Lima,App,Billetera digital,297.38,2.0,5.0
Oriente,Web,Billetera digital,151.81,2.0,5.0
Centro,App,Tarjeta,64.72,1.0,4.0
Centro,App,Contra entrega,75.13,4.0,3.0
Lima,Web,Billetera digital,140.95,2.0,4.0
Lima,Web,Tarjeta,79.19,1.0,5.0
Lima,Web,Billetera digital,85.61,1.0,3.0
Lima,App,Tarjeta,83.96,2.0,4.0
Centro,App,Contra entrega,35.37,3.0,5.0
Norte,App,Billetera digital,171.75,3.0,4.0
Norte,Web,Tarjeta,297.09,3.0,4.0
Centro,App,Tarjeta,112.58,2.0,3.0
Lima,Web,Tarjeta,490.22,4.0,4.0
Centro,App,Billetera digital,74.94,3.0,3.0
Oriente,App,Billetera digital,242.19,7.0,2.0
Norte,Web,Tarjeta,94.86,5.0,4.0
Sur,App,Tarjeta,72.5,6.0,4.0
Sur,Web,Billetera digital,124.76,3.0,4.0
Lima,Web,Billetera digital,356.75,2.0,5.0
Lima,Web,Billetera digital,100.99,2.0,5.0
Lima,Web,Tarjeta,69.19,2.0,5.0
Oriente,Web,Tarjeta,52.36,2.0,5.0
Norte,App,Contra entrega,507.46,5.0,4.0
Norte,App,Tarjeta,164.08,1.0,5.0
Lima,Web,Billetera digital,100.51,4.0,5.0
Centro,Web,Billetera digital,227.83,6.0,2.0
Lima,Web,Billetera digital,212.15,2.0,4.0
Lima,Web,Contra entrega,115.24,2.0,4.0
Lima,App,Contra entrega,66.15,3.0,4.0
Lima,Web,Tarjeta,235.45,2.0,3.0
Norte,Web,Tarjeta,223.82,6.0,4.0
Norte,App,Tarjeta,60.29,2.0,4.0
Lima,Web,Billetera digital,145.11,1.0,4.0
Lima,Web,Tarjeta,442.95,3.0,3.0
Lima,Web,Billetera digital,172.41,2.0,5.0
Norte,Web,Tarjeta,307.89,4.0,3.0
Sur,App,Tarjeta,157.66,5.0,5.0
Lima,App,Tarjeta,290.82,2.0,4.0
Norte,App,Tarjeta,111.06,2.0,3.0
Sur,Web,Contra entrega,202.25,5.0,4.0
Lima,Web,Billetera digital,71.31,1.0,5.0
Sur,Web,Contra entrega,136.89,3.0,5.0
Lima,Web,Tarjeta,236.01,2.0,5.0
Sur,Web,Contra entrega,337.42,3.0,4.0
Norte,Web,Contra entrega,274.99,2.0,3.0
Norte,Web,Billetera digital,101.62,3.0,4.0
Lima,App,Tarjeta,347.45,2.0,5.0
Centro,Web,Billetera digital,78.55,5.0,4.0
Lima,Web,Billetera digital,150.05,3.0,5.0
Lima,App,Billetera digital,170.11,2.0,5.0
Centro,Web,Tarjeta,155.14,3.0,4.0
Lima,App,Billetera digital,113.8,2.0,4.0
Centro,Web,Contra entrega,171.49,5.0,4.0
Lima,App,Tarjeta,138.46,2.0,3.0
Centro,App,Billetera digital,93.46,3.0,3.0
Lima,Web,Tarjeta,129.42,3.0,5.0
Centro,App,Billetera digital,169.27,3.0,4.0
Lima,App,Billetera digital,123.45,3.0,4.0
Norte,App,Contra entrega,63.99,1.0,5.0
Sur,Web,Tarjeta,167.26,2.0,5.0
Lima,App,Contra entrega,262.68,2.0,4.0
Lima,Web,Billetera digital,277.81,3.0,4.0
Lima,App,Billetera digital,93.79,3.0,3.0
Norte,Web,Billetera digital,115.95,1.0,5.0
Lima,App,Billetera digital,167.52,1.0,5.0
Lima,App,Billetera digital,469.47,2.0,3.0
Norte,Web,Billetera digital,47.78,4.0,4.0
Norte,App,Contra entrega,77.08,2.0,4.0
Sur,App,Tarjeta,289.22,5.0,3.0
Lima,App,Tarjeta,138.79,3.0,3.0
Norte,Web,Billetera digital,255.02,3.0,3.0
Sur,App,Billetera digital,170.84,11.0,2.0
Norte,App,Billetera digital,171.28,4.0,4.0
Sur,Web,Tarjeta,55.58,4.0,4.0
Lima,App,Billetera digital,99.45,2.0,4.0
Norte,Web,Contra entrega,235.87,4.0,4.0
Lima,App,Tarjeta,129.17,2.0,5.0
Lima,Web,Billetera digital,119.17,1.0,5.0
Norte,App,Contra entrega,59.24,2.0,2.0
Lima,App,Billetera digital,72.28,3.0,4.0
Lima,App,Billetera digital,118.87,2.0,5.0
Lima,Web,Billetera digital,167.71,3.0,3.0
Lima,App,Billetera digital,82.79,2.0,4.0
Sur,Web,Billetera digital,140.69,7.0,1.0
Lima,Web,Contra entrega,157.07,2.0,5.0
Norte,App,Tarjeta,208.3,5.0,4.0
Centro,Web,Contra entrega,91.52,4.0,4.0
Lima,App,Billetera digital,129.28,2.0,5.0
Lima,Web,Contra entrega,210.56,3.0,4.0
Norte,Web,Tarjeta,197.59,3.0,3.0
Lima,Web,Tarjeta,364.27,2.0,4.0
Norte,App,Tarjeta,307.07,2.0,4.0
Lima,App,Billetera digital,122.37,2.0,4.0
Oriente,Web,Contra entrega,177.61,5.0,4.0
Oriente,App,Contra entrega,114.9,4.0,5.0
Lima,Web,Tarjeta,63.0,2.0,4.0
Lima,Web,Contra entrega,111.06,1.0,4.0
Sur,App,Contra entrega,174.68,3.0,4.0
Norte,App,Contra entrega,103.24,8.0,3.0
Oriente,Web,Tarjeta,153.85,4.0,4.0
Centro,App,Billetera digital,172.42,5.0,4.0
Centro,Web,Tarjeta,62.88,3.0,4.0
Norte,Web,Tarjeta,85.86,3.0,5.0
Norte,Web,Billetera digital,148.05,4.0,4.0
Lima,Web,Tarjeta,119.63,2.0,4.0
Centro,Web,Contra entrega,184.26,3.0,5.0
Lima,Web,Tarjeta,110.49,2.0,4.0
Sur,App,Billetera digital,54.82,1.0,4.0
Lima,App,Tarjeta,136.8,2.0,4.0
Centro,App,Tarjeta,100.46,4.0,4.0
Norte,App,Billetera digital,116.89,3.0,3.0
Norte,Web,Tarjeta,139.07,3.0,5.0
Norte,App,Billetera digital,105.54,4.0,4.0
Lima,Web,Billetera digital,181.46,1.0,5.0
Norte,App,Billetera digital,321.06,8.0,1.0
Lima,App,Billetera digital,91.24,3.0,5.0
Norte,Web,Tarjeta,180.25,3.0,3.0
Sur,App,Contra entrega,86.17,6.0,3.0
Lima,Web,Billetera digital,168.71,2.0,3.0
Lima,Web,Billetera digital,272.42,1.0,5.0
Norte,App,Contra entrega,215.52,4.0,4.0
Lima,App,Tarjeta,384.42,2.0,5.0
Lima,App,Tarjeta,97.77,2.0,4.0
Sur,App,Billetera digital,135.04,2.0,4.0
Centro,App,Billetera digital,106.2,1.0,4.0
Sur,Web,Billetera digital,81.52,4.0,4.0
Sur,Web,Tarjeta,97.7,3.0,3.0
Norte,Web,Tarjeta,147.03,5.0,4.0
Centro,App,Billetera digital,95.95,5.0,4.0
Oriente,App,Billetera digital,100.9,5.0,4.0
Norte,App,Tarjeta,124.56,3.0,4.0
Sur,Web,Contra entrega,423.84,3.0,5.0
Lima,App,Contra entrega,238.96,2.0,5.0
Sur,App,Contra entrega,155.15,4.0,4.0
Sur,App,Tarjeta,99.84,4.0,5.0
Sur,Web,Contra entrega,100.46,2.0,5.0
Oriente,Web,Contra entrega,294.41,4.0,4.0
Centro,Web,Tarjeta,273.52,5.0,4.0
Lima,Web,Billetera digital,242.6,1.0,
Norte,Web,Billetera digital,306.32,2.0,5.0
Norte,Web,Tarjeta,129.49,1.0,5.0
Lima,Web,Billetera digital,82.97,2.0,3.0
Centro,App,Tarjeta,50.91,5.0,4.0
Oriente,Web,Contra entrega,216.13,10.0,3.0
Lima,Web,Billetera digital,81.34,1.0,4.0
Lima,Web,Billetera digital,137.65,2.0,4.0
Oriente,Web,Tarjeta,153.84,9.0,2.0
Lima,Web,Tarjeta,171.08,1.0,4.0
Lima,Web,Tarjeta,55.17,2.0,3.0
Lima,App,Contra entrega,72.46,1.0,4.0
Centro,App,Contra entrega,155.35,2.0,5.0
Lima,Web,Tarjeta,266.93,2.0,4.0
Sur,App,Billetera digital,253.28,5.0,3.0
Lima,App,Billetera digital,69.94,1.0,5.0
Lima,App,Billetera digital,108.84,2.0,4.0
Sur,App,Contra entrega,103.36,3.0,5.0
Sur,Web,Tarjeta,109.36,8.0,4.0
Lima,App,Billetera digital,98.66,3.0,4.0
Lima,App,Billetera digital,93.86,1.0,5.0
Lima,App,Tarjeta,129.91,2.0,5.0
Norte,Web,Billetera digital,98.74,5.0,5.0
Norte,App,Contra entrega,135.1,3.0,3.0
Sur,App,Tarjeta,43.69,6.0,3.0
Lima,Web,Tarjeta,98.31,2.0,4.0
Norte,App,Billetera digital,292.84,5.0,3.0
Lima,Web,Billetera digital,144.1,1.0,3.0
Lima,App,Tarjeta,159.39,1.0,5.0
Lima,Web,Tarjeta,130.5,2.0,5.0
Lima,App,Billetera digital,238.32,3.0,3.0
Lima,Web,Tarjeta,89.27,4.0,3.0
Lima,Web,Billetera digital,317.71,2.0,4.0
Lima,App,Billetera digital,187.33,4.0,5.0
Oriente,Web,Contra entrega,138.47,5.0,3.0
Centro,Web,Billetera digital,87.4,6.0,
Sur,Web,Billetera digital,175.94,1.0,5.0
Lima,Web,Tarjeta,183.81,2.0,4.0
Lima,App,Billetera digital,55.17,2.0,4.0
Norte,App,Billetera digital,136.57,6.0,3.0
Lima,Web,Billetera digital,199.02,2.0,4.0
Lima,Web,Contra entrega,130.91,1.0,4.0
Lima,App,Contra entrega,87.52,1.0,5.0
Lima,App,Billetera digital,75.26,1.0,5.0
Lima,App,Billetera digital,281.36,1.0,5.0
Centro,App,Billetera digital,105.68,3.0,5.0
Lima,App,Tarjeta,227.05,2.0,5.0
Sur,App,Tarjeta,43.58,3.0,4.0
Sur,App,Billetera digital,72.29,1.0,5.0
Norte,App,Tarjeta,268.55,3.0,4.0
Lima,App,Tarjeta,46.32,2.0,5.0
Lima,App,Billetera digital,117.72,1.0,4.0
Sur,App,Billetera digital,227.61,3.0,3.0
Lima,Web,Billetera digital,114.89,2.0,5.0
Lima,Web,Billetera digital,231.31,1.0,5.0
Norte,Web,Billetera digital,54.9,2.0,4.0
Oriente,Web,Contra entrega,82.01,6.0,4.0
Sur,Web,Tarjeta,90.83,4.0,3.0
Lima,App,Billetera digital,182.85,2.0,4.0
Centro,Web,Tarjeta,216.62,7.0,3.0
Centro,App,Contra entrega,215.43,6.0,3.0
Norte,Web,Tarjeta,268.44,1.0,5.0
Lima,App,Billetera digital,195.77,3.0,3.0
Lima,App,Contra entrega,181.75,1.0,5.0
Sur,Web,Tarjeta,102.83,5.0,4.0
Lima,Web,Tarjeta,124.06,1.0,5.0
Lima,App,Tarjeta,46.86,1.0,4.0
Norte,App,Billetera digital,83.16,2.0,5.0
Norte,App,Contra entrega,51.27,3.0,4.0
Oriente,Web,Contra entrega,149.44,8.0,3.0
Lima,Web,Billetera digital,243.78,1.0,5.0
Norte,App,Billetera digital,307.36,3.0,4.0
Norte,App,Tarjeta,53.57,3.0,3.0
Norte,App,Billetera digital,142.61,2.0,3.0
Norte,App,Billetera digital,333.63,3.0,2.0
Sur,Web,Billetera digital,181.35,2.0,4.0
Oriente,Web,Tarjeta,41.37,6.0,4.0
Lima,Web,Tarjeta,53.21,4.0,4.0
Lima,Web,Contra entrega,387.04,2.0,3.0
Lima,Web,Tarjeta,94.82,2.0,5.0
Lima,App,Billetera digital,712.89,3.0,5.0
Sur,Web,Contra entrega,69.78,8.0,3.0
Lima,Web,Billetera digital,232.31,2.0,3.0
Norte,Web,Billetera digital,50.16,5.0,3.0
Sur,Web,Tarjeta,216.07,2.0,5.0
Lima,Web,Contra entrega,182.37,4.0,4.0
Norte,App,Contra entrega,417.57,3.0,5.0
Norte,Web,Contra entrega,59.5,2.0,4.0
Lima,Web,Billetera digital,264.17,1.0,4.0
Lima,Web,Billetera digital,89.61,2.0,5.0
Centro,Web,Billetera digital,171.04,3.0,5.0
Norte,Web,Billetera digital,100.5,2.0,3.0
Lima,App,Contra entrega,143.24,4.0,4.0
Lima,App,Tarjeta,152.69,1.0,4.0
Lima,App,Billetera digital,66.36,2.0,4.0
Lima,Web,Billetera digital,334.33,2.0,5.0
Norte,Web,Billetera digital,72.82,2.0,4.0
Lima,Web,Tarjeta,265.06,1.0,4.0
Sur,Web,Billetera digital,121.09,2.0,5.0
Lima,Web,Tarjeta,113.23,2.0,5.0
Norte,Web,Tarjeta,314.53,3.0,3.0
Lima,App,Tarjeta,65.46,1.0,5.0
Lima,App,Tarjeta,98.82,2.0,5.0
Centro,Web,Tarjeta,222.79,2.0,5.0
Lima,Web,Billetera digital,117.3,1.0,4.0
Oriente,App,Billetera digital,116.82,5.0,3.0
Lima,Web,Tarjeta,124.85,1.0,3.0
Sur,Web,Tarjeta,50.26,3.0,3.0
Oriente,Web,Contra entrega,147.1,4.0,4.0
Norte,Web,Billetera digital,65.68,2.0,3.0
Norte,App,Billetera digital,157.0,4.0,2.0
Norte,Web,Contra entrega,108.3,1.0,5.0
Lima,Web,Billetera digital,97.59,2.0,5.0
Sur,Web,Contra entrega,139.63,8.0,4.0
Sur,App,Contra entrega,157.25,5.0,5.0
Centro,Web,Contra entrega,141.11,3.0,4.0
Sur,Web,Billetera digital,213.3,5.0,4.0
Lima,App,Billetera digital,130.86,1.0,4.0
Lima,App,Billetera digital,186.11,3.0,3.0
Lima,Web,Billetera digital,96.68,1.0,4.0
Sur,Web,Billetera digital,52.74,7.0,2.0
Lima,Web,Billetera digital,178.8,1.0,5.0
Sur,Web,Contra entrega,75.9,2.0,5.0
Norte,Web,Tarjeta,84.29,4.0,4.0
Norte,App,Billetera digital,194.12,3.0,4.0
Norte,Web,Contra entrega,102.16,3.0,4.0
Centro,App,Contra entrega,213.96,3.0,3.0
Oriente,Web,Contra entrega,359.83,7.0,2.0
Lima,Web,Billetera digital,165.68,1.0,5.0
Centro,App,Billetera digital,156.7,4.0,4.0
Oriente,Web,Contra entrega,944.41,3.0,3.0
Lima,App,Billetera digital,405.75,2.0,5.0
Lima,Web,Tarjeta,55.14,3.0,4.0
Lima,App,Tarjeta,209.44,3.0,3.0
Lima,Web,Tarjeta,77.88,1.0,5.0
Norte,Web,Billetera digital,107.55,2.0,4.0
Norte,Web,Billetera digital,69.75,3.0,4.0
Lima,App,Billetera digital,198.94,1.0,2.0
Lima,App,Tarjeta,178.8,2.0,5.0
Lima,App,Tarjeta,128.33,4.0,3.0
Sur,App,Contra entrega,86.68,5.0,4.0
Norte,Web,Tarjeta,168.76,3.0,4.0
Lima,Web,Billetera digital,118.21,1.0,5.0
Norte,App,Tarjeta,110.67,7.0,5.0
Lima,App,Billetera digital,123.41,2.0,5.0
Sur,Web,Tarjeta,456.23,2.0,4.0
Lima,Web,Billetera digital,79.2,1.0,5.0
Norte,App,Tarjeta,147.76,1.0,4.0
Lima,Web,Billetera digital,73.91,1.0,5.0
Sur,App,Billetera digital,421.21,4.0,3.0
Centro,Web,Billetera digital,150.14,3.0,3.0
Lima,App,Billetera digital,177.18,3.0,4.0
Sur,App,Billetera digital,159.02,5.0,5.0
Lima,Web,Tarjeta,32.26,3.0,4.0
Lima,App,Tarjeta,291.39,1.0,5.0
Lima,App,Tarjeta,113.39,4.0,5.0
Sur,Web,Tarjeta,115.54,3.0,5.0
Centro,Web,Contra entrega,128.63,3.0,4.0
Lima,Web,Tarjeta,327.13,1.0,5.0
Lima,Web,Contra entrega,263.41,1.0,5.0
Norte,App,Billetera digital,170.73,5.0,
Lima,Web,Tarjeta,240.53,1.0,4.0
Centro,App,Contra entrega,211.66,2.0,4.0
Norte,Web,Billetera digital,80.98,4.0,5.0
Sur,Web,Tarjeta,85.8,3.0,4.0
Norte,Web,Contra entrega,298.41,2.0,5.0
Norte,App,Tarjeta,107.52,2.0,5.0
Sur,Web,Tarjeta,226.17,2.0,4.0
Oriente,Web,Billetera digital,110.11,2.0,5.0
Sur,Web,Billetera digital,111.33,3.0,3.0
Sur,Web,Billetera digital,127.98,2.0,
Sur,Web,Billetera digital,84.82,7.0,3.0
Norte,Web,Tarjeta,335.7,7.0,3.0
Centro,Web,Contra entrega,50.41,3.0,2.0
Lima,Web,Tarjeta,144.01,4.0,4.0
Norte,App,Billetera digital,45.79,8.0,3.0
Centro,Web,Billetera digital,115.6,4.0,3.0
Lima,App,Contra entrega,256.41,2.0,4.0
Lima,Web,Billetera digital,57.75,1.0,4.0
Lima,App,Tarjeta,139.65,3.0,4.0
Centro,App,Contra entrega,298.2,5.0,3.0
Lima,Web,Billetera digital,129.16,1.0,5.0
Lima,Web,Billetera digital,69.64,1.0,5.0
Lima,Web,Billetera digital,145.22,2.0,5.0
Oriente,App,Contra entrega,208.32,9.0,2.0
Sur,Web,Billetera digital,74.07,3.0,3.0
Norte,Web,Tarjeta,149.61,3.0,4.0
Sur,Web,Tarjeta,338.51,2.0,4.0
Norte,App,Tarjeta,93.98,6.0,3.0
Centro,App,Contra entrega,172.98,4.0,3.0
Lima,App,Tarjeta,88.75,1.0,3.0
Centro,Web,Contra entrega,172.34,3.0,5.0
Lima,App,Billetera digital,83.65,1.0,5.0
Lima,Web,Billetera digital,68.55,2.0,4.0
Centro,Web,Contra entrega,122.9,2.0,5.0
Lima,Web,Billetera digital,140.44,1.0,4.0
Lima,App,Contra entrega,341.31,1.0,5.0
Lima,App,Billetera digital,66.41,1.0,5.0
Centro,Web,Tarjeta,108.84,1.0,4.0
Centro,Web,Contra entrega,155.85,9.0,4.0
Sur,Web,Tarjeta,124.15,5.0,4.0
Sur,App,Billetera digital,253.56,3.0,5.0
Centro,Web,Billetera digital,104.41,5.0,
Lima,Web,Tarjeta,94.1,2.0,4.0
Norte,Web,Billetera digital,120.45,5.0,3.0
Sur,App,Tarjeta,122.99,1.0,5.0
Centro,Web,Tarjeta,74.39,2.0,5.0
Sur,App,Tarjeta,84.58,3.0,5.0
Lima,App,Billetera digital,84.99,2.0,5.0
Sur,Web,Contra entrega,329.62,4.0,4.0
Sur,App,Billetera digital,179.85,2.0,5.0
Lima,Web,Tarjeta,72.87,2.0,5.0
Lima,App,Tarjeta,136.95,2.0,3.0
Norte,Web,Tarjeta,126.74,3.0,5.0
Centro,App,Tarjeta,80.65,4.0,4.0
Lima,Web,Tarjeta,104.61,1.0,5.0
Norte,App,Contra entrega,104.23,2.0,3.0
Norte,Web,Billetera digital,174.85,7.0,4.0
Sur,Web,Contra entrega,110.84,5.0,3.0
Lima,App,Billetera digital,112.07,1.0,4.0
Lima,App,Contra entrega,115.25,4.0,4.0
Centro,App,Contra entrega,122.16,4.0,3.0
Lima,Web,Billetera digital,185.78,1.0,4.0
Oriente,App,Billetera digital,140.15,3.0,3.0
Lima,App,Tarjeta,108.76,1.0,4.0
Lima,Web,Tarjeta,93.04,3.0,5.0
Lima,Web,Billetera digital,197.7,2.0,4.0
Lima,Web,Tarjeta,90.82,2.0,5.0
Sur,Web,Contra entrega,101.84,5.0,4.0
Sur,Web,Contra entrega,58.11,3.0,4.0
Lima,App,Tarjeta,88.12,2.0,5.0
Lima,App,Billetera digital,104.09,1.0,5.0
Sur,Web,Contra entrega,105.06,3.0,2.0
Oriente,App,Contra entrega,135.46,2.0,4.0
Lima,Web,Tarjeta,328.63,1.0,5.0
Sur,Web,Tarjeta,154.55,1.0,5.0
Norte,App,Contra entrega,94.34,3.0,5.0
Lima,Web,Billetera digital,47.58,2.0,5.0
Lima,Web,Tarjeta,289.45,2.0,4.0
Sur,App,Billetera digital,174.0,2.0,4.0
Centro,App,Tarjeta,142.66,3.0,5.0
Norte,App,Tarjeta,81.55,1.0,5.0
Norte,Web,Tarjeta,92.65,2.0,5.0
Norte,App,Billetera digital,83.6,4.0,5.0
Lima,Web,Billetera digital,84.86,1.0,3.0
Norte,App,Billetera digital,31.61,4.0,2.0
Lima,Web,Tarjeta,512.9,2.0,5.0
Lima,Web,Tarjeta,173.89,2.0,4.0
Lima,App,Tarjeta,262.74,2.0,5.0
Norte,Web,Billetera digital,102.75,2.0,5.0
Lima,App,Contra entrega,175.82,2.0,
Oriente,Web,Contra entrega,135.23,8.0,3.0
Lima,Web,Billetera digital,112.82,1.0,5.0
Norte,App,Billetera digital,72.85,5.0,4.0
Norte,Web,Tarjeta,65.14,2.0,5.0
Lima,App,Tarjeta,253.57,1.0,5.0
Norte,Web,Tarjeta,301.99,4.0,4.0
Lima,Web,Billetera digital,192.85,1.0,5.0
Lima,App,Billetera digital,84.63,2.0,2.0
Norte,App,Contra entrega,62.27,5.0,4.0
Norte,Web,Billetera digital,64.58,2.0,5.0
Norte,Web,Billetera digital,300.49,5.0,3.0
Centro,App,Billetera digital,355.65,1.0,3.0
Norte,App,Contra entrega,180.51,4.0,5.0
Sur,Web,Billetera digital,244.75,6.0,4.0
Norte,Web,Contra entrega,107.87,3.0,5.0
Norte,Web,Billetera digital,51.84,3.0,3.0
Sur,App,Billetera digital,440.74,4.0,4.0
Norte,Web,Tarjeta,76.59,3.0,4.0
Oriente,Web,Billetera digital,75.59,7.0,3.0
Sur,App,Tarjeta,146.56,2.0,4.0
Centro,App,Billetera digital,201.17,3.0,4.0
Sur,App,Billetera digital,162.25,4.0,4.0
Sur,Web,Tarjeta,369.12,1.0,5.0
Lima,App,Tarjeta,160.99,1.0,4.0
Sur,Web,Tarjeta,64.99,8.0,2.0
Centro,Web,Billetera digital,251.64,2.0,5.0
Lima,App,Tarjeta,81.53,2.0,4.0
Lima,Web,Tarjeta,83.53,2.0,5.0
Lima,Web,Tarjeta,149.28,3.0,4.0
Lima,App,Contra entrega,202.65,2.0,4.0
Lima,App,Contra entrega,75.11,2.0,5.0
Lima,App,Tarjeta,115.19,4.0,4.0
Lima,Web,Tarjeta,120.01,1.0,4.0
Norte,Web,Contra entrega,243.87,4.0,5.0
Lima,App,Billetera digital,105.1,2.0,4.0
Norte,Web,Contra entrega,157.97,2.0,4.0
Centro,App,Tarjeta,130.46,2.0,3.0
Lima,Web,Billetera digital,85.45,2.0,5.0
Lima,App,Tarjeta,82.29,2.0,4.0
Sur,App,Tarjeta,106.72,1.0,5.0
Lima,Web,Billetera digital,203.2,2.0,4.0
Sur,App,Billetera digital,136.56,4.0,2.0
Norte,Web,Contra entrega,100.63,5.0,4.0
Lima,Web,Billetera digital,155.56,1.0,4.0
Sur,App,Tarjeta,102.29,6.0,5.0
Sur,Web,Billetera digital,83.96,2.0,3.0
Norte,Web,Billetera digital,94.71,5.0,4.0
Oriente,Web,Contra entrega,151.34,3.0,5.0
Lima,Web,Billetera digital,126.81,1.0,4.0
Sur,Web,Tarjeta,152.3,5.0,3.0
Sur,Web,Tarjeta,191.99,2.0,3.0
Lima,Web,Tarjeta,302.67,1.0,5.0
Sur,App,Contra entrega,139.69,3.0,4.0
Norte,App,Billetera digital,196.61,4.0,4.0
Lima,Web,Tarjeta,283.81,2.0,5.0
Oriente,App,Contra entrega,111.77,4.0,3.0
Norte,App,Tarjeta,215.24,3.0,3.0
Lima,Web,Tarjeta,280.78,3.0,4.0
Sur,Web,Billetera digital,293.18,5.0,4.0
Norte,Web,Contra entrega,43.79,2.0,5.0
Sur,Web,Tarjeta,61.76,4.0,5.0
Centro,App,Billetera digital,50.92,4.0,5.0
Oriente,Web,Billetera digital,97.82,3.0,5.0
Lima,Web,Billetera digital,141.99,3.0,4.0
Norte,Web,Tarjeta,169.47,2.0,5.0
Lima,Web,Billetera digital,273.64,2.0,5.0
Norte,Web,Tarjeta,191.88,1.0,4.0
Lima,App,Tarjeta,84.36,2.0,4.0
Lima,Web,Tarjeta,47.05,2.0,4.0
Centro,App,Billetera digital,99.79,3.0,4.0
Sur,Web,Billetera digital,88.01,3.0,3.0
Lima,App,Tarjeta,233.22,3.0,4.0
Sur,Web,Billetera digital,202.0,3.0,4.0
Norte,App,Contra entrega,76.15,4.0,5.0
Centro,Web,Billetera digital,163.2,2.0,4.0
Lima,Web,Billetera digital,147.07,1.0,5.0
Lima,App,Tarjeta,156.76,1.0,5.0
Lima,App,Billetera digital,78.6,1.0,4.0
Lima,App,Billetera digital,105.16,3.0,5.0
Lima,App,Tarjeta,192.98,1.0,5.0
Norte,Web,Billetera digital,109.67,3.0,4.0
Lima,Web,Billetera digital,288.96,2.0,3.0
Lima,App,Tarjeta,671.22,2.0,4.0
Lima,Web,Tarjeta,150.0,2.0,4.0
Norte,Web,Contra entrega,254.51,2.0,5.0
Norte,Web,Tarjeta,114.9,3.0,4.0
Lima,Web,Billetera digital,193.07,1.0,5.0
Lima,Web,Billetera digital,75.74,2.0,4.0
Sur,Web,Tarjeta,106.85,3.0,5.0
Sur,Web,Billetera digital,190.33,4.0,4.0
Lima,Web,Contra entrega,374.01,2.0,5.0
Sur,Web,Tarjeta,67.52,4.0,4.0
Oriente,App,Contra entrega,116.61,5.0,4.0
Sur,Web,Tarjeta,78.48,8.0,2.0
Centro,Web,Billetera digital,67.79,2.0,5.0
Oriente,App,Contra entrega,98.79,9.0,3.0
Norte,Web,Tarjeta,148.85,2.0,4.0
Oriente,App,Contra entrega,170.13,7.0,3.0
Lima,Web,Billetera digital,137.47,1.0,4.0
Norte,App,Billetera digital,187.49,5.0,4.0
Norte,App,Contra entrega,107.03,4.0,5.0
Norte,App,Billetera digital,333.43,2.0,5.0
Lima,App,Tarjeta,181.72,2.0,5.0
Oriente,App,Tarjeta,106.9,5.0,3.0
Lima,Web,Tarjeta,255.17,1.0,4.0
Lima,Web,Contra entrega,113.12,1.0,3.0
Sur,App,Tarjeta,60.89,4.0,4.0
Centro,Web,Contra entrega,66.43,2.0,5.0
Lima,Web,Billetera digital,58.67,1.0,4.0
Norte,Web,Contra entrega,122.86,3.0,5.0
Sur,App,Billetera digital,167.28,7.0,5.0
Oriente,Web,Billetera digital,260.6,4.0,3.0
Lima,Web,Billetera digital,131.19,2.0,4.0
Sur,App,Contra entrega,61.92,2.0,5.0
Norte,Web,Tarjeta,346.3,3.0,4.0
Centro,Web,Contra entrega,210.02,4.0,3.0
Norte,App,Billetera digital,107.14,3.0,5.0
Lima,Web,Tarjeta,144.83,2.0,3.0
Oriente,Web,Tarjeta,54.19,3.0,4.0
Oriente,Web,Billetera digital,363.6,4.0,5.0
Lima,Web,Billetera digital,37.06,2.0,5.0
Lima,App,Billetera digital,324.4,2.0,5.0
Lima,App,Tarjeta,97.8,4.0,4.0
Norte,Web,Billetera digital,100.88,5.0,2.0
Lima,App,Billetera digital,45.48,1.0,5.0
Centro,App,Tarjeta,139.69,2.0,4.0
Lima,Web,Billetera digital,340.93,1.0,4.0
Sur,App,Billetera digital,100.51,3.0,4.0
Norte,App,Billetera digital,69.56,3.0,3.0
Oriente,App,Billetera digital,126.59,3.0,4.0
Centro,App,Tarjeta,207.57,2.0,4.0
Sur,Web,Tarjeta,191.87,6.0,4.0
Lima,Web,Tarjeta,61.36,1.0,4.0
Lima,Web,Billetera digital,204.78,2.0,3.0
Sur,App,Billetera digital,219.95,4.0,5.0
Lima,Web,Billetera digital,139.54,1.0,5.0
Lima,Web,Tarjeta,231.65,1.0,5.0
Lima,Web,Contra entrega,259.08,1.0,5.0
Sur,App,Tarjeta,94.68,5.0,4.0
Lima,App,Tarjeta,85.69,1.0,4.0
Norte,Web,Billetera digital,217.49,2.0,5.0
Lima,App,Tarjeta,171.06,3.0,2.0
Lima,App,Tarjeta,107.03,2.0,4.0
Sur,App,Contra entrega,132.94,3.0,
Sur,Web,Billetera digital,105.19,3.0,3.0
Centro,Web,Contra entrega,77.4,5.0,4.0
Sur,Web,Tarjeta,85.42,4.0,3.0
Centro,App,Billetera digital,147.4,10.0,3.0
Sur,App,Billetera digital,47.3,4.0,4.0
Lima,App,Tarjeta,161.52,2.0,4.0
Norte,App,Tarjeta,92.58,6.0,3.0
Sur,App,Tarjeta,108.27,4.0,5.0
Sur,Web,Billetera digital,65.26,2.0,2.0
Lima,Web,Tarjeta,74.59,1.0,3.0
Sur,Web,Billetera digital,189.49,2.0,4.0
Oriente,Web,Tarjeta,127.46,5.0,3.0
Norte,Web,Contra entrega,165.11,4.0,4.0
Sur,Web,Contra entrega,68.63,6.0,3.0
Lima,Web,Billetera digital,146.49,1.0,5.0
Lima,App,Billetera digital,106.23,4.0,5.0
Centro,App,Tarjeta,207.25,9.0,3.0
Lima,Web,Billetera digital,147.17,2.0,3.0
Norte,Web,Tarjeta,152.12,4.0,4.0
Lima,App,Tarjeta,83.85,3.0,5.0
Norte,Web,Billetera digital,43.78,3.0,4.0
Norte,App,Billetera digital,78.47,5.0,2.0
Norte,Web,Tarjeta,75.47,3.0,4.0
Lima,Web,Tarjeta,152.12,4.0,3.0
Norte,App,Billetera digital,66.39,3.0,5.0
Lima,App,Tarjeta,110.5,5.0,4.0
Centro,Web,Contra entrega,91.07,2.0,4.0
Lima,Web,Tarjeta,347.46,2.0,3.0
Lima,Web,Tarjeta,160.47,2.0,4.0
Norte,Web,Tarjeta,252.05,2.0,5.0
Sur,Web,Billetera digital,171.05,3.0,4.0
Norte,Web,Tarjeta,134.38,4.0,2.0
Sur,Web,Tarjeta,78.75,5.0,
Lima,Web,Billetera digital,132.59,2.0,5.0
Oriente,Web,Contra entrega,102.91,5.0,5.0
Lima,Web,Tarjeta,148.9,1.0,4.0
Norte,Web,Billetera digital,72.57,1.0,5.0
Sur,Web,Billetera digital,52.22,4.0,4.0
Norte,Web,Contra entrega,181.05,3.0,5.0
Lima,Web,Tarjeta,134.58,1.0,5.0
Centro,Web,Tarjeta,56.11,2.0,3.0
Lima,App,Billetera digital,104.41,3.0,4.0
Sur,Web,Tarjeta,154.17,2.0,5.0
Lima,App,Billetera digital,143.25,1.0,5.0
Lima,App,Billetera digital,76.89,2.0,4.0
Lima,App,Billetera digital,335.31,1.0,5.0
Sur,Web,Tarjeta,529.48,5.0,4.0
Lima,App,Tarjeta,168.99,4.0,4.0
Norte,App,Billetera digital,133.65,4.0,4.0
Sur,Web,Tarjeta,106.91,4.0,5.0
Norte,App,Contra entrega,146.57,3.0,4.0
Lima,App,Billetera digital,104.04,3.0,5.0
Lima,App,Tarjeta,57.42,1.0,5.0
Lima,Web,Billetera digital,35.1,2.0,5.0
Oriente,Web,Contra entrega,38.81,5.0,5.0
Lima,Web,Tarjeta,96.76,2.0,5.0
Norte,App,Billetera digital,127.66,5.0,2.0
Lima,Web,Tarjeta,146.46,2.0,5.0
Lima,Web,Tarjeta,200.5,2.0,4.0
Norte,App,Contra entrega,138.1,2.0,4.0
Norte,Web,Billetera digital,93.45,3.0,5.0
Lima,Web,Tarjeta,128.66,1.0,4.0
Centro,App,Contra entrega,103.59,3.0,4.0
Centro,Web,Billetera digital,75.67,3.0,5.0
Lima,App,Billetera digital,123.37,1.0,4.0
Sur,Web,Tarjeta,76.93,6.0,3.0
Lima,Web,Billetera digital,174.3,2.0,5.0
Lima,App,Contra entrega,104.11,1.0,5.0
Sur,App,Billetera digital,71.68,5.0,3.0
Lima,Web,Tarjeta,158.12,1.0,5.0
Sur,App,Tarjeta,117.33,5.0,3.0
Norte,Web,Billetera digital,72.38,4.0,2.0
Centro,App,Tarjeta,219.87,1.0,5.0
Lima,Web,Billetera digital,88.17,2.0,5.0
Centro,App,Contra entrega,121.62,3.0,4.0
Centro,Web,Billetera digital,111.27,2.0,5.0
Sur,App,Billetera digital,229.82,4.0,3.0
Sur,App,Tarjeta,69.41,3.0,5.0
Norte,Web,Tarjeta,126.57,2.0,4.0
Lima,Web,Tarjeta,170.8,1.0,5.0
Lima,Web,Billetera digital,176.06,2.0,4.0
Norte,Web,Tarjeta,41.16,6.0,3.0
Lima,App,Billetera digital,114.23,1.0,4.0
Lima,Web,Billetera digital,163.66,1.0,4.0
Lima,Web,Tarjeta,33.07,1.0,3.0
Norte,Web,Contra entrega,175.91,5.0,3.0
Lima,App,Billetera digital,101.65,2.0,5.0
Sur,App,Contra entrega,64.66,5.0,5.0
Lima,App,Contra entrega,620.17,1.0,5.0
Lima,Web,Tarjeta,218.15,1.0,4.0
Lima,Web,Billetera digital,275.08,1.0,5.0
Centro,Web,Billetera digital,192.84,3.0,4.0
Sur,App,Billetera digital,359.6,5.0,4.0
Centro,Web,Tarjeta,142.99,2.0,5.0
Lima,Web,Contra entrega,65.99,2.0,3.0
Lima,Web,Tarjeta,230.44,3.0,4.0
Sur,Web,Tarjeta,150.13,3.0,5.0
Lima,Web,Contra entrega,73.69,2.0,5.0
Lima,App,Tarjeta,71.66,1.0,4.0
Lima,App,Billetera digital,55.77,1.0,5.0
Norte,App,Billetera digital,245.71,2.0,4.0
Lima,App,Tarjeta,170.74,2.0,4.0
Oriente,Web,Billetera digital,121.96,5.0,3.0
Norte,Web,Tarjeta,168.57,3.0,2.0
Centro,Web,Tarjeta,190.98,3.0,4.0
Norte,Web,Billetera digital,100.86,2.0,5.0
Lima,Web,Billetera digital,100.02,1.0,4.0
Oriente,Web,Billetera digital,173.39,6.0,3.0
Sur,Web,Tarjeta,97.6,4.0,5.0
Centro,App,Billetera digital,318.94,6.0,3.0
Sur,Web,Tarjeta,160.05,7.0,4.0
Lima,Web,Billetera digital,90.77,2.0,4.0
Oriente,Web,Tarjeta,179.52,3.0,4.0
Lima,App,Tarjeta,200.43,2.0,5.0
Lima,App,Tarjeta,169.08,2.0,3.0
Lima,Web,Billetera digital,83.68,1.0,5.0
Lima,App,Tarjeta,47.85,3.0,5.0
Norte,Web,Billetera digital,84.38,2.0,4.0
Norte,Web,Tarjeta,101.54,3.0,5.0
Centro,Web,Tarjeta,37.33,7.0,3.0
Oriente,Web,Tarjeta,136.97,2.0,5.0
Sur,Web,Billetera digital,102.44,4.0,4.0
Centro,Web,Billetera digital,437.49,12.0,3.0
Oriente,App,Billetera digital,191.54,10.0,2.0
Norte,App,Billetera digital,76.26,4.0,3.0
Lima,App,Tarjeta,85.46,1.0,5.0
Lima,Web,Billetera digital,246.08,1.0,4.0
Lima,App,Billetera digital,131.69,3.0,4.0
Norte,Web,Contra entrega,144.3,3.0,
Centro,Web,Contra entrega,95.25,6.0,5.0
Sur,App,Billetera digital,206.59,5.0,2.0
Norte,Web,Contra entrega,70.16,3.0,3.0
Centro,App,Tarjeta,178.04,5.0,4.0
Sur,Web,Tarjeta,222.82,7.0,3.0
Norte,App,Tarjeta,171.46,3.0,5.0
Centro,App,Tarjeta,175.36,8.0,3.0
Sur,App,Billetera digital,225.47,2.0,5.0
Centro,App,Billetera digital,190.01,2.0,3.0
Sur,App,Tarjeta,163.7,3.0,4.0
Lima,Web,Contra entrega,105.22,3.0,5.0
Oriente,Web,Billetera digital,84.68,5.0,3.0
Norte,Web,Tarjeta,263.14,2.0,5.0
Lima,App,Billetera digital,104.34,3.0,4.0
Sur,App,Billetera digital,141.79,4.0,4.0
Lima,App,Tarjeta,159.06,2.0,3.0
Norte,Web,Contra entrega,62.27,3.0,4.0
Sur,Web,Tarjeta,86.33,2.0,4.0
Norte,Web,Contra entrega,67.15,3.0,5.0
Lima,App,Billetera digital,129.06,2.0,5.0
Lima,Web,Tarjeta,49.37,1.0,4.0
Norte,Web,Tarjeta,95.24,2.0,4.0
Norte,Web,Billetera digital,100.57,3.0,3.0
Lima,App,Billetera digital,88.05,2.0,4.0
Lima,Web,Tarjeta,231.49,1.0,4.0
Sur,App,Billetera digital,77.03,3.0,3.0
Centro,Web,Tarjeta,194.36,2.0,4.0
Sur,App,Contra entrega,149.58,4.0,4.0
Sur,App,Billetera digital,153.33,7.0,4.0
Norte,Web,Billetera digital,98.23,1.0,5.0
Lima,Web,Tarjeta,138.48,1.0,4.0
Lima,Web,Tarjeta,72.69,2.0,4.0
Lima,App,Tarjeta,105.26,3.0,3.0
Sur,App,Billetera digital,146.77,2.0,4.0
Norte,App,Tarjeta,143.09,3.0,4.0
Sur,Web,Tarjeta,92.04,6.0,3.0
Sur,Web,Billetera digital,122.76,4.0,5.0
Lima,App,Contra entrega,122.09,1.0,3.0
Lima,Web,Billetera digital,129.92,2.0,5.0
Centro,Web,Billetera digital,101.12,4.0,4.0
Centro,App,Tarjeta,59.08,2.0,4.0
Lima,Web,Billetera digital,190.31,3.0,4.0
Lima,App,Billetera digital,101.08,1.0,5.0
Norte,Web,Tarjeta,168.97,4.0,3.0
Lima,Web,Billetera digital,74.75,2.0,5.0
Lima,Web,Tarjeta,274.49,1.0,5.0
Centro,App,Tarjeta,75.52,3.0,4.0
Lima,App,Tarjeta,134.77,1.0,5.0
Sur,Web,Contra entrega,110.96,2.0,3.0
Lima,Web,Contra entrega,53.76,2.0,4.0
Oriente,Web,Billetera digital,303.27,6.0,3.0
Centro,App,Billetera digital,97.15,1.0,5.0
Norte,Web,Billetera digital,428.97,4.0,4.0
Centro,Web,Tarjeta,194.41,5.0,4.0
Centro,App,Tarjeta,212.51,5.0,3.0
Norte,Web,Tarjeta,33.37,3.0,5.0
Sur,Web,Contra entrega,201.62,4.0,4.0
Centro,App,Tarjeta,48.34,2.0,5.0
Sur,App,Tarjeta,153.95,3.0,4.0
Sur,App,Contra entrega,107.06,1.0,4.0
Norte,Web,Contra entrega,101.79,5.0,3.0
Norte,App,Billetera digital,80.69,2.0,4.0
Norte,App,Billetera digital,137.49,2.0,4.0
Lima,App,Billetera digital,92.5,2.0,5.0
Norte,App,Billetera digital,92.84,4.0,3.0
Lima,Web,Billetera digital,91.19,2.0,5.0
Lima,Web,Billetera digital,220.62,2.0,4.0
Norte,App,Contra entrega,156.93,6.0,3.0
Norte,Web,Billetera digital,343.54,1.0,4.0
Sur,Web,Contra entrega,169.5,7.0,3.0
Sur,Web,Tarjeta,91.83,4.0,4.0
Lima,Web,Tarjeta,143.39,1.0,5.0
Norte,Web,Contra entrega,273.9,2.0,4.0
Lima,App,Billetera digital,191.08,1.0,4.0
Lima,App,Billetera digital,44.67,2.0,5.0
Norte,Web,Billetera digital,89.01,4.0,5.0
Centro,Web,Contra entrega,143.44,4.0,
Norte,Web,Tarjeta,108.78,3.0,5.0
Lima,Web,Tarjeta,83.01,4.0,2.0
Centro,App,Billetera digital,68.94,3.0,4.0
Lima,App,Billetera digital,144.32,3.0,3.0
Lima,App,Tarjeta,104.79,1.0,5.0
Sur,Web,Billetera digital,86.97,5.0,4.0
Sur,Web,Tarjeta,137.97,10.0,5.0
Lima,Web,Billetera digital,161.3,2.0,4.0
Norte,App,Contra entrega,268.13,4.0,3.0
Sur,Web,Contra entrega,141.97,1.0,5.0
Centro,Web,Contra entrega,134.05,6.0,1.0
Norte,Web,Tarjeta,131.05,2.0,4.0
Lima,Web,Billetera digital,122.83,4.0,3.0
Lima,App,Billetera digital,149.11,1.0,5.0
Lima,Web,Tarjeta,43.34,3.0,3.0
Lima,App,Tarjeta,328.22,1.0,5.0
Lima,App,Contra entrega,479.02,2.0,4.0
Lima,Web,Billetera digital,46.66,1.0,5.0
Sur,App,Billetera digital,192.19,2.0,5.0
Centro,Web,Billetera digital,65.63,5.0,4.0
Centro,App,Billetera digital,67.43,8.0,3.0
Lima,Web,Tarjeta,105.3,3.0,5.0
Lima,Web,Billetera digital,59.15,3.0,5.0
Lima,Web,Tarjeta,161.79,2.0,3.0
Oriente,App,Billetera digital,98.92,3.0,4.0
Sur,App,Tarjeta,116.4,7.0,3.0
Centro,Web,Billetera digital,144.36,1.0,5.0
Centro,App,Contra entrega,75.12,2.0,5.0
Norte,Web,Tarjeta,173.3,4.0,4.0
Norte,App,Tarjeta,114.67,6.0,2.0
Lima,App,Billetera digital,234.98,3.0,4.0
Oriente,Web,Billetera digital,66.98,3.0,4.0
Sur,Web,Contra entrega,102.32,4.0,3.0
Lima,Web,Billetera digital,512.84,1.0,5.0
Norte,App,Tarjeta,134.75,2.0,5.0
Lima,App,Contra entrega,202.07,2.0,4.0
Lima,Web,Billetera digital,376.14,1.0,5.0
Centro,Web,Billetera digital,114.37,4.0,4.0
Sur,App,Tarjeta,134.48,2.0,3.0
Centro,App,Tarjeta,135.7,3.0,4.0
Lima,Web,Billetera digital,141.49,3.0,3.0
Oriente,Web,Contra entrega,102.01,10.0,1.0
Lima,App,Tarjeta,172.14,1.0,4.0
Lima,Web,Billetera digital,173.57,1.0,4.0
Oriente,Web,Contra entrega,284.88,7.0,3.0
Lima,Web,Billetera digital,40.24,3.0,3.0
Lima,Web,Billetera digital,202.9,2.0,5.0
Lima,Web,Tarjeta,101.67,2.0,5.0
Sur,App,Tarjeta,202.44,2.0,4.0
Norte,Web,Contra entrega,166.78,2.0,3.0
Centro,Web,Tarjeta,40.85,5.0,4.0
Sur,App,Billetera digital,99.95,3.0,3.0
Oriente,App,Billetera digital,211.49,14.0,3.0
Centro,Web,Tarjeta,73.63,1.0,4.0
Norte,Web,Billetera digital,244.4,3.0,2.0
Sur,App,Billetera digital,115.53,3.0,5.0
Sur,Web,Billetera digital,54.98,3.0,5.0
Lima,App,Billetera digital,117.32,2.0,5.0
Sur,Web,Contra entrega,54.51,5.0,4.0
Norte,App,Billetera digital,283.91,2.0,5.0
Lima,Web,Contra entrega,158.13,1.0,5.0
Lima,App,Billetera digital,112.64,3.0,3.0
Lima,Web,Tarjeta,183.35,1.0,4.0
Norte,Web,Billetera digital,139.28,6.0,5.0
Lima,Web,Billetera digital,138.0,1.0,5.0
Sur,Web,Tarjeta,62.97,3.0,5.0
Lima,Web,Billetera digital,238.87,1.0,5.0
Lima,Web,Tarjeta,132.98,1.0,5.0
Centro,App,Contra entrega,294.21,6.0,3.0
Lima,Web,Tarjeta,30.02,2.0,4.0
Lima,Web,Billetera digital,61.79,2.0,4.0
Lima,Web,Billetera digital,95.5,2.0,4.0
Norte,App,Contra entrega,342.22,4.0,
Sur,App,Tarjeta,334.95,5.0,4.0
Lima,Web,Contra entrega,182.03,1.0,5.0
Centro,App,Billetera digital,237.36,3.0,3.0
Lima,Web,Tarjeta,62.55,1.0,5.0
Norte,Web,Billetera digital,115.08,3.0,4.0
Lima,Web,Tarjeta,53.45,2.0,5.0
Sur,App,Contra entrega,206.27,6.0,4.0
Centro,App,Billetera digital,58.87,2.0,4.0
Lima,App,Tarjeta,84.4,3.0,4.0
Sur,App,Tarjeta,78.86,5.0,5.0
Sur,App,Tarjeta,64.64,5.0,5.0
Oriente,App,Contra entrega,49.94,2.0,5.0
Norte,Web,Contra entrega,153.09,2.0,5.0
Norte,Web,Billetera digital,51.73,5.0,4.0
Lima,App,Tarjeta,127.29,1.0,4.0
Lima,Web,Billetera digital,153.11,1.0,5.0
Lima,Web,Tarjeta,105.08,2.0,4.0
Lima,Web,Tarjeta,109.18,2.0,4.0
Norte,Web,Billetera digital,276.25,4.0,3.0
Centro,Web,Billetera digital,168.47,8.0,4.0
Centro,App,Tarjeta,142.98,5.0,4.0
Lima,Web,Billetera digital,73.14,3.0,5.0
Norte,App,Billetera digital,205.55,3.0,4.0
Centro,Web,Tarjeta,133.77,5.0,3.0
Lima,App,Tarjeta,147.46,1.0,4.0
Norte,Web,Billetera digital,277.91,2.0,5.0
Lima,App,Tarjeta,93.33,1.0,4.0
Oriente,Web,Contra entrega,100.56,3.0,5.0
Norte,Web,Contra entrega,111.65,1.0,4.0
Sur,Web,Billetera digital,328.98,3.0,5.0
Centro,App,Tarjeta,98.72,2.0,4.0
Lima,App,Tarjeta,431.16,3.0,4.0
Lima,App,Tarjeta,130.88,3.0,3.0
Centro,Web,Billetera digital,165.09,3.0,3.0
Norte,App,Tarjeta,53.38,1.0,5.0
Norte,Web,Tarjeta,143.98,4.0,4.0
Lima,Web,Tarjeta,125.32,2.0,4.0
Centro,Web,Contra entrega,111.21,6.0,3.0
Centro,Web,Contra entrega,65.76,2.0,5.0
Sur,App,Billetera digital,284.81,8.0,4.0
Lima,App,Tarjeta,184.79,2.0,4.0
Lima,Web,Tarjeta,327.5,1.0,5.0
Centro,Web,Tarjeta,98.24,4.0,5.0
Lima,Web,Tarjeta,286.84,3.0,5.0
Norte,Web,Tarjeta,112.1,2.0,4.0
Norte,App,Contra entrega,193.14,3.0,5.0
Lima,Web,Billetera digital,252.27,2.0,4.0
Lima,Web,Tarjeta,107.15,1.0,5.0
Norte,Web,Billetera digital,218.79,3.0,5.0
Sur,Web,Billetera digital,193.4,2.0,5.0
Norte,App,Billetera digital,179.34,6.0,3.0
Sur,App,Billetera digital,99.01,1.0,3.0
Lima,Web,Tarjeta,195.51,2.0,5.0
Lima,App,Billetera digital,310.55,2.0,4.0
Lima,Web,Tarjeta,181.8,2.0,5.0
Lima,App,Contra entrega,87.22,2.0,4.0
Lima,Web,Tarjeta,319.17,1.0,5.0
Lima,App,Billetera digital,28.29,1.0,5.0
Oriente,App,Tarjeta,244.21,6.0,4.0
Lima,Web,Billetera digital,223.57,3.0,3.0
Lima,Web,Contra entrega,188.83,1.0,
Centro,App,Billetera digital,230.03,1.0,4.0
Lima,Web,Billetera digital,124.05,1.0,3.0
Lima,Web,Billetera digital,292.5,1.0,4.0
Lima,Web,Billetera digital,178.33,2.0,4.0
Centro,Web,Billetera digital,105.44,5.0,4.0
Lima,Web,Billetera digital,82.25,2.0,5.0
Lima,App,Tarjeta,475.89,3.0,4.0
Sur,Web,Tarjeta,109.7,1.0,5.0
Sur,App,Billetera digital,276.9,7.0,2.0
Lima,App,Billetera digital,88.92,1.0,5.0
Lima,App,Contra entrega,239.42,4.0,4.0
Lima,Web,Billetera digital,227.56,1.0,4.0
Sur,App,Billetera digital,203.25,4.0,4.0
Sur,App,Contra entrega,169.82,3.0,5.0
Norte,App,Tarjeta,163.26,4.0,3.0
Lima,App,Tarjeta,258.81,2.0,5.0
Lima,App,Tarjeta,152.35,2.0,5.0
Sur,Web,Tarjeta,202.85,3.0,3.0
Sur,Web,Billetera digital,273.06,3.0,4.0
Centro,Web,Billetera digital,153.55,1.0,4.0
Norte,App,Billetera digital,155.41,1.0,
Centro,App,Contra entrega,202.71,4.0,3.0
Centro,Web,Billetera digital,70.51,3.0,5.0
Oriente,Web,Contra entrega,90.86,3.0,4.0
Lima,Web,Tarjeta,146.81,2.0,5.0
Lima,App,Billetera digital,59.19,1.0,3.0
Norte,App,Billetera digital,148.94,3.0,4.0
Sur,App,Billetera digital,119.47,3.0,3.0
Norte,Web,Billetera digital,101.19,10.0,3.0
Lima,Web,Tarjeta,133.84,5.0,5.0
Centro,App,Contra entrega,456.28,3.0,4.0
Lima,Web,Billetera digital,57.19,1.0,5.0
Lima,Web,Tarjeta,310.91,2.0,4.0
Lima,App,Tarjeta,108.28,2.0,5.0
Norte,Web,Tarjeta,163.67,2.0,3.0
Lima,Web,Billetera digital,125.19,1.0,5.0
Sur,App,Billetera digital,37.69,4.0,5.0
Lima,Web,Tarjeta,248.8,1.0,5.0
Lima,App,Tarjeta,222.28,1.0,3.0
Lima,Web,Tarjeta,95.47,1.0,5.0
Lima,Web,Tarjeta,146.54,1.0,5.0
Lima,Web,Contra entrega,83.47,2.0,4.0
Norte,App,Tarjeta,203.82,3.0,4.0
Sur,Web,Tarjeta,29.26,2.0,4.0
Lima,Web,Tarjeta,113.31,2.0,5.0
Lima,Web,Billetera digital,114.26,1.0,5.0
Oriente,App,Tarjeta,80.79,5.0,4.0
Norte,Web,Tarjeta,235.89,2.0,5.0
Lima,App,Tarjeta,226.16,3.0,4.0
Norte,Web,Billetera digital,378.15,6.0,4.0
Lima,Web,Tarjeta,281.33,1.0,4.0
Sur,Web,Tarjeta,321.09,5.0,5.0
Lima,Web,Billetera digital,300.58,2.0,5.0
Centro,App,Contra entrega,112.73,7.0,4.0
Lima,Web,Billetera digital,192.64,1.0,3.0
Lima,Web,Tarjeta,374.35,2.0,4.0
Lima,Web,Contra entrega,139.07,2.0,5.0
Sur,App,Billetera digital,170.28,3.0,5.0
Norte,App,Tarjeta,74.83,2.0,4.0
Lima,App,Tarjeta,121.78,2.0,3.0
Sur,Web,Billetera digital,154.97,5.0,3.0
Sur,App,Contra entrega,72.65,6.0,4.0
Norte,Web,Tarjeta,137.87,4.0,4.0
Sur,App,Billetera digital,185.87,2.0,5.0
Sur,Web,Tarjeta,26.78,4.0,4.0
Sur,Web,Billetera digital,112.19,2.0,5.0
Lima,Web,Billetera digital,99.56,2.0,4.0
Oriente,Web,Contra entrega,242.17,6.0,3.0
Sur,App,Tarjeta,262.75,9.0,3.0
Lima,App,Contra entrega,190.58,1.0,4.0
Sur,App,Tarjeta,250.0,2.0,5.0
Sur,Web,Contra entrega,93.05,5.0,4.0
Sur,App,Contra entrega,69.18,4.0,3.0
Lima,Web,Billetera digital,79.95,1.0,4.0
Lima,Web,Billetera digital,80.64,2.0,4.0
Sur,App,Billetera digital,209.82,6.0,4.0
Lima,App,Billetera digital,237.57,3.0,3.0
Norte,App,Billetera digital,137.24,4.0,3.0
Oriente,App,Billetera digital,219.62,2.0,4.0
Lima,App,Billetera digital,325.8,1.0,4.0
Lima,App,Billetera digital,183.0,1.0,4.0
Lima,Web,Billetera digital,210.35,1.0,5.0
Oriente,App,Billetera digital,264.95,6.0,3.0
Lima,Web,Tarjeta,180.71,1.0,5.0
Centro,App,Billetera digital,213.69,2.0,5.0
Lima,App,Tarjeta,319.08,1.0,4.0
Sur,Web,Tarjeta,142.87,4.0,4.0
Norte,Web,Billetera digital,76.51,6.0,4.0
Norte,App,Tarjeta,107.14,2.0,5.0
Lima,Web,Tarjeta,117.81,2.0,5.0
Norte,Web,Contra entrega,50.48,2.0,5.0
Sur,App,Tarjeta,202.68,4.0,4.0
Lima,Web,Tarjeta,312.37,1.0,3.0
Lima,App,Billetera digital,101.34,3.0,5.0
Sur,App,Contra entrega,101.76,2.0,4.0
Lima,App,Billetera digital,68.41,1.0,3.0
Sur,Web,Billetera digital,75.34,6.0,3.0
Norte,Web,Contra entrega,238.83,4.0,3.0
Norte,App,Billetera digital,112.17,4.0,3.0
Lima,Web,Tarjeta,254.11,2.0,5.0
Lima,Web,Tarjeta,523.64,4.0,4.0
Lima,Web,Tarjeta,54.46,2.0,4.0
Lima,Web,Tarjeta,215.2,1.0,4.0
Norte,App,Billetera digital,93.06,3.0,3.0
Lima,Web,Tarjeta,765.38,1.0,5.0
Lima,App,Billetera digital,73.03,5.0,3.0
Lima,Web,Billetera digital,50.87,2.0,4.0
Sur,App,Billetera digital,66.31,3.0,5.0
Lima,App,Contra entrega,144.36,1.0,4.0
Sur,App,Billetera digital,65.89,3.0,4.0
Lima,App,Billetera digital,249.92,3.0,5.0
Norte,Web,Contra entrega,276.68,5.0,5.0
Sur,Web,Billetera digital,101.65,4.0,5.0
Lima,Web,Tarjeta,404.44,2.0,5.0
Lima,Web,Contra entrega,242.98,1.0,4.0
Lima,App,Tarjeta,363.53,4.0,4.0
Norte,App,Tarjeta,197.23,4.0,4.0
Centro,App,Billetera digital,141.47,2.0,4.0
Sur,App,Tarjeta,151.0,2.0,4.0
Lima,App,Tarjeta,150.14,1.0,5.0
Norte,Web,Billetera digital,216.18,2.0,5.0
Sur,App,Billetera digital,158.98,2.0,4.0
Norte,Web,Billetera digital,204.94,5.0,5.0
Sur,App,Billetera digital,285.93,5.0,5.0
Lima,App,Billetera digital,130.1,1.0,5.0
Norte,Web,Tarjeta,107.96,2.0,3.0
Lima,App,Billetera digital,122.74,2.0,5.0
Lima,App,Tarjeta,98.08,1.0,5.0
Lima,App,Billetera digital,347.61,2.0,5.0
Lima,App,Tarjeta,229.67,1.0,4.0
Norte,App,Tarjeta,196.52,1.0,5.0
Oriente,Web,Contra entrega,92.3,3.0,4.0
Centro,App,Contra entrega,293.92,2.0,5.0
Lima,App,Tarjeta,244.76,2.0,4.0
Lima,App,Billetera digital,155.32,2.0,4.0
Norte,App,Billetera digital,162.4,1.0,3.0
Sur,App,Billetera digital,533.63,5.0,3.0
Sur,App,Billetera digital,387.6,5.0,3.0
Lima,Web,Tarjeta,48.71,1.0,5.0
Norte,Web,Billetera digital,273.23,2.0,4.0
Oriente,Web,Contra entrega,338.29,3.0,3.0
Lima,Web,Billetera digital,174.52,1.0,5.0
Sur,App,Contra entrega,36.11,3.0,
Lima,App,Contra entrega,119.16,1.0,4.0
Norte,Web,Billetera digital,44.48,4.0,3.0
Centro,Web,Contra entrega,90.38,2.0,5.0
Centro,App,Contra entrega,101.91,5.0,3.0
Lima,Web,Billetera digital,283.07,2.0,2.0
Centro,Web,Billetera digital,86.61,3.0,3.0
Norte,Web,Tarjeta,103.32,1.0,4.0
Lima,App,Billetera digital,184.91,3.0,4.0
Lima,App,Contra entrega,168.37,2.0,5.0
Norte,Web,Contra entrega,64.39,2.0,3.0
Lima,Web,Tarjeta,136.45,1.0,5.0
Lima,App,Contra entrega,184.1,1.0,5.0
Centro,Web,Contra entrega,38.17,1.0,5.0
Lima,Web,Tarjeta,72.26,1.0,5.0
Centro,App,Contra entrega,185.27,8.0,2.0
Norte,Web,Billetera digital,252.55,2.0,3.0
Lima,Web,Billetera digital,149.82,1.0,4.0
Centro,Web,Tarjeta,87.24,4.0,4.0
Lima,Web,Billetera digital,170.48,1.0,4.0
Lima,Web,Tarjeta,93.33,1.0,4.0
Oriente,Web,Tarjeta,33.37,3.0,5.0
Lima,Web,Billetera digital,67.88,1.0,5.0
Sur,Web,Tarjeta,398.08,5.0,4.0
Sur,App,Contra entrega,97.74,3.0,4.0
Sur,Web,Contra entrega,315.15,4.0,5.0
Lima,App,Tarjeta,136.17,1.0,5.0
Lima,App,Billetera digital,284.61,1.0,4.0
Norte,App,Tarjeta,193.47,3.0,3.0
Norte,App,Tarjeta,90.06,3.0,5.0
Sur,Web,Contra entrega,179.25,4.0,3.0
Norte,Web,Billetera digital,138.8,3.0,4.0
Norte,Web,Contra entrega,113.73,3.0,5.0
Oriente,App,Tarjeta,198.54,5.0,5.0
Lima,App,Tarjeta,103.54,1.0,4.0
Lima,Web,Tarjeta,230.39,2.0,5.0
Oriente,Web,Tarjeta,124.53,7.0,3.0
Sur,App,Tarjeta,162.44,6.0,5.0
Norte,Web,Tarjeta,76.76,6.0,4.0
Lima,App,Tarjeta,208.38,1.0,5.0
Sur,App,Billetera digital,146.73,1.0,5.0
Norte,Web,Contra entrega,88.68,5.0,5.0
Norte,App,Billetera digital,182.23,5.0,4.0
Norte,Web,Tarjeta,168.06,4.0,4.0
Lima,Web,Contra entrega,151.15,3.0,5.0
Lima,App,Tarjeta,97.93,1.0,5.0
Norte,Web,Billetera digital,153.56,9.0,3.0
Lima,Web,Billetera digital,356.57,1.0,5.0
Centro,App,Tarjeta,65.19,3.0,3.0
Sur,Web,Tarjeta,213.82,3.0,4.0
Lima,Web,Billetera digital,148.04,2.0,4.0
Lima,Web,Tarjeta,112.11,2.0,3.0
Oriente,App,Billetera digital,75.18,5.0,5.0
Lima,App,Billetera digital,57.31,2.0,5.0
Sur,Web,Billetera digital,187.66,7.0,3.0
Norte,App,Billetera digital,85.3,3.0,3.0
Centro,App,Contra entrega,121.7,4.0,4.0
Norte,Web,Contra entrega,179.96,3.0,4.0
Lima,App,Contra entrega,184.85,2.0,4.0
Norte,Web,Billetera digital,49.9,4.0,4.0
Sur,Web,Billetera digital,236.95,8.0,3.0
Lima,Web,Tarjeta,84.94,2.0,4.0
Lima,App,Tarjeta,43.34,1.0,4.0
Lima,Web,Tarjeta,638.55,2.0,4.0
Centro,App,Billetera digital,107.82,4.0,4.0
Lima,App,Billetera digital,86.56,2.0,4.0
Lima,Web,Tarjeta,248.52,2.0,3.0
Centro,Web,Contra entrega,116.27,3.0,5.0
Oriente,Web,Contra entrega,45.01,5.0,2.0
Sur,App,Contra entrega,135.03,4.0,4.0
Lima,App,Billetera digital,117.63,2.0,5.0
Norte,Web,Contra entrega,100.63,5.0,4.0
Centro,App,Billetera digital,40.58,4.0,3.0
Sur,App,Billetera digital,81.92,3.0,4.0
Centro,Web,Billetera digital,102.42,6.0,3.0
Lima,App,Billetera digital,188.94,2.0,5.0
Oriente,App,Contra entrega,135.77,8.0,3.0
Lima,App,Billetera digital,91.68,1.0,4.0
Norte,Web,Billetera digital,312.14,3.0,4.0
Centro,Web,Tarjeta,136.83,3.0,3.0
Centro,Web,Tarjeta,112.85,4.0,5.0
Norte,Web,Billetera digital,325.31,2.0,4.0
Norte,App,Billetera digital,42.49,1.0,5.0
Norte,App,Contra entrega,102.17,2.0,
Norte,Web,Tarjeta,229.03,5.0,4.0
Lima,App,Contra entrega,322.75,1.0,4.0
Norte,Web,Billetera digital,237.98,5.0,4.0
Sur,Web,Tarjeta,116.33,9.0,2.0
Sur,App,Billetera digital,186.94,1.0,5.0
Lima,Web,Tarjeta,352.27,1.0,5.0
Lima,App,Billetera digital,219.57,2.0,5.0
Norte,Web,Contra entrega,94.08,3.0,5.0
Sur,App,Tarjeta,224.84,2.0,4.0
Lima,App,Tarjeta,128.74,1.0,4.0
Centro,App,Contra entrega,62.41,4.0,3.0
Norte,App,Tarjeta,165.72,3.0,4.0
Norte,App,Tarjeta,155.3,3.0,4.0
Lima,App,Tarjeta,76.97,1.0,5.0
Sur,Web,Tarjeta,217.85,3.0,5.0
Lima,Web,Billetera digital,68.35,2.0,5.0
Lima,Web,Billetera digital,112.86,1.0,4.0
Lima,Web,Billetera digital,130.31,1.0,5.0
Sur,App,Billetera digital,103.14,2.0,5.0
Norte,App,Billetera digital,94.64,3.0,3.0
Centro,Web,Billetera digital,132.97,3.0,3.0
Lima,Web,Billetera digital,150.19,1.0,5.0
Centro,App,Tarjeta,132.62,2.0,4.0
Lima,App,Billetera digital,84.33,3.0,4.0
Sur,App,Billetera digital,89.74,3.0,5.0
Lima,App,Tarjeta,137.65,2.0,3.0
Sur,App,Contra entrega,105.61,3.0,5.0
Norte,App,Contra entrega,156.72,4.0,4.0
Lima,App,Contra entrega,274.69,2.0,4.0
Centro,Web,Billetera digital,497.96,2.0,4.0
Lima,Web,Tarjeta,175.94,2.0,5.0
Oriente,Web,Billetera digital,29.27,6.0,3.0
Lima,App,Tarjeta,161.69,1.0,5.0
Lima,App,Billetera digital,114.36,2.0,5.0
Sur,Web,Contra entrega,123.23,3.0,4.0
Lima,Web,Tarjeta,339.06,1.0,5.0
Norte,App,Billetera digital,91.17,2.0,5.0
Lima,Web,Contra entrega,339.9,3.0,4.0
Sur,Web,Contra entrega,104.84,3.0,4.0
Norte,Web,Contra entrega,100.96,2.0,3.0
Norte,App,Billetera digital,187.12,5.0,3.0
Sur,Web,Billetera digital,88.39,2.0,4.0
Oriente,Web,Contra entrega,27.14,4.0,5.0
Lima,Web,Tarjeta,217.11,1.0,5.0
Lima,Web,Billetera digital,225.51,1.0,5.0
Centro,Web,Billetera digital,75.6,3.0,5.0
Norte,Web,Tarjeta,186.59,4.0,4.0
Sur,Web,Tarjeta,399.8,3.0,4.0
Norte,App,Billetera digital,165.35,4.0,4.0
Lima,App,Tarjeta,298.46,2.0,4.0
Sur,Web,Contra entrega,164.69,1.0,3.0
Sur,App,Contra entrega,99.81,3.0,5.0
Sur,Web,Tarjeta,142.01,2.0,2.0
Lima,App,Tarjeta,124.77,1.0,5.0
Lima,App,Tarjeta,170.91,2.0,5.0
Norte,Web,Tarjeta,375.06,1.0,4.0
Sur,Web,Billetera digital,343.06,2.0,5.0
Centro,App,Contra entrega,320.97,3.0,3.0
Lima,App,Tarjeta,148.21,2.0,5.0
Sur,Web,Billetera digital,124.13,8.0,2.0
Lima,Web,Tarjeta,223.19,1.0,3.0
Lima,Web,Billetera digital,217.31,2.0,4.0
Lima,Web,Billetera digital,109.95,1.0,4.0
Oriente,Web,Contra entrega,254.54,6.0,3.0
Lima,App,Billetera digital,87.38,2.0,5.0
Lima,Web,Billetera digital,75.99,4.0,4.0
Lima,Web,Billetera digital,91.68,1.0,4.0
Lima,App,Tarjeta,39.64,1.0,5.0
Norte,App,Billetera digital,423.42,1.0,5.0
Centro,Web,Contra entrega,89.99,4.0,3.0
Sur,App,Contra entrega,182.05,4.0,2.0
Centro,Web,Billetera digital,131.9,4.0,5.0
Lima,Web,Tarjeta,76.5,1.0,5.0
Lima,Web,Billetera digital,294.24,2.0,3.0
Lima,Web,Billetera digital,260.0,2.0,4.0
Sur,App,Tarjeta,91.44,3.0,4.0
Lima,Web,Tarjeta,171.91,3.0,4.0
Lima,App,Tarjeta,96.66,2.0,3.0
Norte,App,Tarjeta,63.32,2.0,5.0
Sur,Web,Billetera digital,46.63,5.0,4.0
Lima,Web,Tarjeta,229.45,2.0,3.0
Lima,Web,Billetera digital,256.8,1.0,3.0
Lima,Web,Tarjeta,41.26,1.0,5.0
Lima,Web,Tarjeta,260.31,1.0,4.0
Lima,Web,Tarjeta,272.73,1.0,3.0
Lima,App,Tarjeta,171.59,1.0,4.0
Oriente,App,Billetera digital,111.66,5.0,4.0
Sur,Web,Billetera digital,336.1,5.0,3.0
Norte,Web,Billetera digital,217.56,2.0,4.0
Centro,App,Tarjeta,162.9,4.0,2.0
Norte,Web,Contra entrega,244.3,4.0,4.0
Norte,Web,Contra entrega,94.93,4.0,4.0
Centro,Web,Contra entrega,195.71,7.0,3.0
Centro,App,Contra entrega,165.04,5.0,3.0
Norte,App,Tarjeta,232.08,4.0,4.0
Lima,Web,Billetera digital,173.55,4.0,4.0
Norte,Web,Billetera digital,241.49,3.0,5.0
Lima,App,Tarjeta,147.78,4.0,4.0
Oriente,App,Tarjeta,294.83,3.0,4.0
Lima,App,Billetera digital,232.48,1.0,5.0
Norte,Web,Tarjeta,90.76,5.0,3.0
Lima,Web,Billetera digital,48.35,1.0,4.0
Norte,Web,Tarjeta,180.04,2.0,3.0
Oriente,Web,Tarjeta,121.33,4.0,3.0
Centro,Web,Billetera digital,87.54,5.0,
Norte,App,Tarjeta,44.27,1.0,4.0
Oriente,Web,Contra entrega,166.52,5.0,4.0
Norte,Web,Contra entrega,245.99,4.0,3.0
Sur,App,Tarjeta,359.55,2.0,4.0
Norte,App,Tarjeta,93.64,1.0,4.0
Norte,Web,Tarjeta,93.91,3.0,4.0
Lima,App,Contra entrega,154.94,1.0,4.0
Lima,App,Contra entrega,274.85,1.0,4.0
Lima,Web,Billetera digital,116.41,4.0,4.0
Lima,Web,Contra entrega,284.06,1.0,5.0
Lima,Web,Tarjeta,148.61,3.0,4.0
Sur,App,Contra entrega,122.54,7.0,3.0
Centro,App,Contra entrega,110.04,4.0,3.0
Lima,Web,Tarjeta,403.77,1.0,4.0
Sur,Web,Billetera digital,252.5,2.0,4.0
Centro,Web,Billetera digital,102.1,1.0,
Norte,Web,Billetera digital,111.21,3.0,5.0
Centro,Web,Contra entrega,33.02,6.0,2.0
Centro,App,Billetera digital,278.2,4.0,3.0
Lima,App,Billetera digital,57.47,2.0,3.0
Norte,Web,Tarjeta,148.84,2.0,4.0
Oriente,Web,Tarjeta,54.5,4.0,3.0
Sur,App,Tarjeta,221.8,3.0,4.0
Lima,App,Tarjeta,168.31,1.0,5.0
Norte,App,Contra entrega,116.13,3.0,3.0
Lima,Web,Tarjeta,218.35,1.0,4.0
Lima,App,Billetera digital,294.94,1.0,5.0
Sur,Web,Billetera digital,234.92,3.0,5.0
Lima,Web,Tarjeta,77.4,2.0,5.0
Sur,App,Tarjeta,72.13,2.0,5.0
Lima,Web,Tarjeta,125.82,2.0,3.0
Norte,Web,Tarjeta,409.48,4.0,5.0
Lima,Web,Tarjeta,80.92,2.0,5.0
Lima,Web,Tarjeta,248.27,1.0,5.0
Oriente,Web,Tarjeta,261.78,8.0,3.0
Sur,Web,Billetera digital,127.97,2.0,5.0
Centro,App,Billetera digital,194.24,5.0,3.0
Centro,App,Billetera digital,85.34,3.0,5.0
Sur,Web,Contra entrega,80.17,1.0,4.0
Lima,Web,Tarjeta,100.85,1.0,4.0
Sur,App,Tarjeta,196.27,4.0,3.0
Norte,App,Billetera digital,55.96,5.0,3.0
Sur,App,Contra entrega,99.94,3.0,4.0
Norte,App,Billetera digital,268.28,1.0,5.0
Lima,Web,Billetera digital,83.68,2.0,4.0
Norte,App,Billetera digital,162.1,4.0,5.0
Lima,Web,Tarjeta,137.34,1.0,4.0
Sur,Web,Tarjeta,77.05,1.0,4.0
Norte,Web,Billetera digital,77.39,5.0,4.0
Centro,Web,Billetera digital,151.9,5.0,
Lima,App,Billetera digital,253.49,2.0,5.0
Lima,App,Tarjeta,318.35,1.0,4.0
Lima,App,Tarjeta,59.8,2.0,5.0
Lima,App,Billetera digital,136.76,1.0,3.0
Lima,App,Billetera digital,65.05,1.0,3.0
Lima,Web,Tarjeta,252.56,1.0,4.0
Lima,Web,Tarjeta,205.21,2.0,5.0
Norte,Web,Billetera digital,272.46,4.0,5.0
Lima,App,Tarjeta,173.0,1.0,5.0
Lima,App,Billetera digital,223.08,3.0,4.0
Lima,App,Tarjeta,203.72,2.0,5.0
Lima,Web,Billetera digital,222.52,4.0,5.0
Sur,Web,Tarjeta,121.75,6.0,2.0
Lima,Web,Tarjeta,115.49,2.0,4.0
Centro,App,Billetera digital,72.24,2.0,3.0
Lima,Web,Contra entrega,125.4,2.0,5.0
Sur,Web,Tarjeta,138.74,3.0,4.0
Sur,Web,Billetera digital,56.53,3.0,4.0
Sur,App,Billetera digital,147.3,2.0,5.0
Norte,Web,Billetera digital,77.82,2.0,4.0
Lima,Web,Tarjeta,150.4,1.0,5.0
Lima,Web,Billetera digital,244.19,4.0,4.0
Lima,Web,Tarjeta,133.76,3.0,5.0
Norte,App,Contra entrega,68.1,5.0,4.0
Centro,App,Billetera digital,209.99,9.0,3.0
Lima,App,Tarjeta,59.36,3.0,3.0
Centro,App,Tarjeta,508.28,4.0,3.0
Lima,Web,Billetera digital,157.54,3.0,5.0
Oriente,Web,Tarjeta,69.31,7.0,3.0
Centro,App,Contra entrega,77.54,3.0,4.0
Lima,App,Tarjeta,110.91,1.0,5.0
Sur,App,Billetera digital,451.62,4.0,5.0
Centro,App,Tarjeta,82.14,6.0,3.0
Lima,Web,Tarjeta,56.19,2.0,4.0
Norte,App,Billetera digital,147.91,1.0,5.0
Sur,Web,Tarjeta,134.48,3.0,5.0
Norte,App,Billetera digital,95.65,8.0,4.0
Sur,Web,Billetera digital,118.06,1.0,4.0
Lima,Web,Tarjeta,113.96,1.0,5.0
Centro,App,Contra entrega,112.16,1.0,5.0
Lima,Web,Tarjeta,122.16,3.0,4.0
Lima,App,Billetera digital,86.04,1.0,4.0
Sur,App,Tarjeta,256.05,4.0,4.0
Lima,App,Tarjeta,95.89,2.0,4.0
Centro,Web,Billetera digital,186.56,4.0,4.0
Lima,Web,Tarjeta,143.27,3.0,3.0
Lima,App,Tarjeta,178.16,1.0,5.0
Sur,Web,Billetera digital,128.62,2.0,4.0
Sur,App,Tarjeta,102.7,3.0,3.0
Lima,Web,Tarjeta,52.91,1.0,5.0
Lima,Web,Tarjeta,136.55,1.0,4.0
Lima,App,Tarjeta,202.28,1.0,5.0
Lima,Web,Billetera digital,226.96,1.0,5.0
Centro,Web,Billetera digital,32.01,2.0,4.0
Centro,App,Contra entrega,73.14,5.0,2.0
Norte,Web,Billetera digital,163.99,3.0,4.0
Oriente,Web,Contra entrega,55.82,10.0,3.0
Lima,Web,Billetera digital,130.39,3.0,4.0
Norte,App,Billetera digital,117.48,1.0,4.0
Lima,Web,Tarjeta,383.14,1.0,4.0
Lima,Web,Tarjeta,168.11,2.0,5.0
Lima,App,Billetera digital,273.55,1.0,5.0
Lima,Web,Tarjeta,219.93,3.0,4.0
Lima,Web,Billetera digital,204.18,2.0,5.0
Oriente,Web,Billetera digital,143.31,4.0,4.0
Lima,App,Contra entrega,93.64,1.0,4.0
Centro,Web,Tarjeta,63.95,2.0,4.0
Centro,Web,Tarjeta,168.83,3.0,4.0
Norte,Web,Billetera digital,130.39,5.0,4.0
Norte,App,Tarjeta,96.41,3.0,4.0
Sur,App,Billetera digital,125.02,2.0,4.0
Lima,App,Billetera digital,111.1,1.0,4.0
Lima,App,Tarjeta,190.72,3.0,3.0
Lima,App,Billetera digital,89.95,1.0,5.0
Lima,Web,Tarjeta,223.67,1.0,4.0
Norte,Web,Tarjeta,49.53,4.0,5.0
Lima,Web,Tarjeta,105.66,1.0,4.0
Centro,App,Tarjeta,212.27,8.0,3.0
Sur,Web,Contra entrega,148.73,5.0,2.0
Lima,App,Tarjeta,123.4,1.0,3.0
Sur,Web,Billetera digital,47.19,6.0,4.0
Centro,App,Billetera digital,100.53,5.0,3.0
Sur,App,Billetera digital,178.08,2.0,5.0
Oriente,App,Contra entrega,344.93,5.0,3.0
Lima,Web,Tarjeta,108.99,1.0,4.0
Norte,Web,Tarjeta,117.93,4.0,4.0
Norte,Web,Billetera digital,103.89,3.0,5.0
Lima,App,Tarjeta,176.2,1.0,5.0
Sur,Web,Billetera digital,98.7,2.0,3.0
Lima,App,Tarjeta,91.13,1.0,3.0
Lima,Web,Billetera digital,164.22,2.0,3.0
Sur,Web,Tarjeta,147.77,4.0,5.0
Oriente,Web,Tarjeta,102.17,9.0,3.0
Sur,App,Tarjeta,39.48,7.0,3.0
Centro,Web,Billetera digital,83.26,2.0,4.0
Norte,Web,Billetera digital,168.81,3.0,3.0
Norte,App,Contra entrega,179.69,2.0,5.0
Lima,Web,Tarjeta,146.45,1.0,3.0
Lima,Web,Billetera digital,192.58,2.0,4.0
Lima,App,Billetera digital,119.85,2.0,5.0
Lima,Web,Tarjeta,192.92,3.0,4.0
Centro,App,Contra entrega,175.55,3.0,5.0
Lima,Web,Billetera digital,69.1,1.0,5.0
Lima,App,Contra entrega,150.27,3.0,3.0
Oriente,Web,Contra entrega,66.8,3.0,5.0
Centro,Web,Contra entrega,87.23,4.0,4.0
Lima,Web,Tarjeta,186.51,2.0,3.0
Sur,App,Tarjeta,146.74,5.0,4.0
Centro,App,Contra entrega,92.45,3.0,5.0
Lima,Web,Billetera digital,186.35,3.0,5.0
Lima,Web,Tarjeta,100.61,1.0,4.0
Sur,App,Billetera digital,66.56,2.0,3.0
Sur,Web,Tarjeta,210.94,5.0,4.0
Centro,App,Billetera digital,72.09,4.0,
Lima,Web,Billetera digital,159.38,2.0,5.0
Lima,Web,Billetera digital,124.54,1.0,4.0
Oriente,Web,Billetera digital,162.12,7.0,5.0
Lima,Web,Contra entrega,174.25,3.0,3.0
Sur,App,Billetera digital,188.86,4.0,3.0
Centro,Web,Billetera digital,230.07,4.0,4.0
Norte,Web,Billetera digital,144.65,3.0,3.0
Norte,Web,Tarjeta,148.66,4.0,4.0
Lima,Web,Billetera digital,619.18,2.0,4.0
Lima,App,Billetera digital,96.68,4.0,4.0
Lima,Web,Tarjeta,139.88,4.0,4.0
Sur,App,Contra entrega,196.3,5.0,3.0
Lima,App,Tarjeta,115.75,1.0,5.0
Norte,App,Billetera digital,236.43,2.0,5.0
Norte,Web,Billetera digital,29.15,2.0,4.0
Centro,Web,Tarjeta,112.04,4.0,5.0
Norte,Web,Contra entrega,95.16,3.0,3.0
Norte,App,Tarjeta,48.86,1.0,5.0
Sur,Web,Tarjeta,302.93,3.0,5.0
Lima,App,Tarjeta,1045.17,2.0,4.0
Sur,Web,Contra entrega,512.73,3.0,5.0
Lima,App,Tarjeta,103.91,3.0,4.0
Lima,Web,Billetera digital,65.95,1.0,5.0
Oriente,Web,Contra entrega,52.61,3.0,5.0
Lima,Web,Contra entrega,116.08,1.0,5.0
Norte,App,Tarjeta,83.01,5.0,3.0
Lima,App,Billetera digital,76.07,1.0,5.0
Lima,App,Billetera digital,191.3,1.0,4.0
Centro,App,Contra entrega,150.05,3.0,5.0
Oriente,Web,Tarjeta,167.89,3.0,4.0
Norte,Web,Contra entrega,64.39,4.0,5.0
Lima,Web,Tarjeta,256.95,4.0,
Oriente,App,Contra entrega,73.3,5.0,4.0
Sur,Web,Tarjeta,63.38,4.0,3.0
Lima,Web,Billetera digital,92.96,1.0,5.0
Sur,Web,Billetera digital,120.64,4.0,4.0
Lima,Web,Tarjeta,330.21,1.0,5.0
Lima,App,Tarjeta,122.34,1.0,5.0
Lima,Web,Tarjeta,80.46,1.0,4.0
Norte,Web,Tarjeta,183.09,8.0,2.0
Norte,App,Billetera digital,137.3,3.0,
Oriente,Web,Billetera digital,141.35,6.0,2.0
Norte,Web,Tarjeta,140.6,6.0,4.0
Lima,Web,Tarjeta,202.93,1.0,4.0
Centro,App,Billetera digital,365.43,5.0,4.0
Norte,Web,Tarjeta,87.97,2.0,5.0
Norte,App,Tarjeta,117.91,1.0,4.0
Lima,Web,Contra entrega,199.98,2.0,5.0
Sur,App,Billetera digital,262.85,4.0,4.0
Sur,Web,Tarjeta,182.18,4.0,4.0
Norte,Web,Tarjeta,66.21,1.0,5.0
Lima,Web,Contra entrega,310.62,3.0,4.0
Norte,Web,Tarjeta,46.74,4.0,4.0
Centro,Web,Billetera digital,129.1,7.0,4.0
Sur,Web,Billetera digital,54.95,2.0,5.0
Centro,App,Contra entrega,249.45,7.0,4.0
Lima,App,Tarjeta,226.15,2.0,4.0
Sur,App,Tarjeta,126.27,2.0,5.0
Norte,Web,Tarjeta,87.29,2.0,4.0
Sur,Web,Billetera digital,104.04,2.0,4.0
Norte,App,Contra entrega,131.47,4.0,4.0
Norte,App,Billetera digital,160.4,4.0,2.0
Lima,App,Billetera digital,376.86,1.0,4.0
Norte,Web,Billetera digital,400.72,5.0,3.0
Lima,App,Billetera digital,310.33,1.0,5.0
Centro,App,Tarjeta,83.1,5.0,4.0
Lima,App,Tarjeta,144.43,1.0,4.0
Centro,Web,Tarjeta,100.14,2.0,4.0
Centro,Web,Billetera digital,167.97,2.0,4.0
Sur,App,Billetera digital,116.26,3.0,5.0
Norte,App,Contra entrega,194.17,2.0,5.0
Sur,App,Billetera digital,109.93,5.0,3.0
Sur,App,Billetera digital,84.74,4.0,4.0
Norte,Web,Billetera digital,327.48,6.0,3.0
Lima,Web,Tarjeta,67.03,2.0,3.0
Norte,App,Billetera digital,83.64,3.0,4.0
Lima,App,Billetera digital,74.23,2.0,4.0
Oriente,Web,Tarjeta,228.09,8.0,3.0
Lima,Web,Billetera digital,337.57,3.0,4.0
Sur,App,Billetera digital,123.51,2.0,4.0
Lima,Web,Billetera digital,70.9,3.0,4.0
Oriente,App,Contra entrega,120.63,6.0,5.0
Oriente,App,Billetera digital,47.15,7.0,3.0
Norte,Web,Billetera digital,221.91,3.0,5.0
Oriente,Web,Contra entrega,54.8,10.0,2.0
Lima,App,Tarjeta,189.7,3.0,5.0
Lima,Web,Tarjeta,123.34,1.0,5.0
Centro,Web,Billetera digital,46.49,7.0,2.0
Lima,App,Tarjeta,337.07,1.0,4.0
Norte,Web,Contra entrega,164.37,1.0,5.0
Centro,App,Billetera digital,104.45,7.0,2.0
Lima,Web,Contra entrega,261.68,1.0,4.0
Norte,Web,Contra entrega,118.01,2.0,4.0
Norte,Web,Billetera digital,205.61,2.0,4.0
Norte,Web,Tarjeta,76.8,6.0,4.0
Norte,Web,Billetera digital,182.59,4.0,4.0
Lima,App,Tarjeta,184.33,1.0,4.0
Norte,App,Tarjeta,94.01,5.0,4.0
Sur,App,Contra entrega,125.79,2.0,4.0
Oriente,App,Tarjeta,149.94,5.0,3.0
Centro,Web,Billetera digital,132.87,10.0,2.0
Lima,Web,Tarjeta,96.62,2.0,4.0
Lima,Web,Billetera digital,152.92,1.0,3.0
Norte,App,Tarjeta,60.73,6.0,4.0
Sur,Web,Billetera digital,378.57,8.0,2.0
Sur,App,Contra entrega,102.61,2.0,4.0
Lima,Web,Contra entrega,92.3,4.0,3.0
Oriente,App,Contra entrega,110.35,5.0,4.0
Lima,App,Tarjeta,181.95,3.0,5.0
Lima,Web,Billetera digital,221.07,2.0,5.0
Norte,App,Billetera digital,180.59,3.0,5.0
Lima,Web,Billetera digital,282.86,2.0,4.0
Sur,Web,Contra entrega,567.21,3.0,4.0
Sur,Web,Billetera digital,81.3,1.0,5.0
Centro,Web,Contra entrega,332.76,4.0,3.0
Sur,App,Tarjeta,78.17,6.0,4.0
Oriente,App,Contra entrega,133.79,10.0,2.0
Lima,App,Contra entrega,117.31,2.0,5.0
Norte,App,Billetera digital,401.06,4.0,4.0
Lima,Web,Billetera digital,426.02,1.0,4.0
Sur,App,Contra entrega,104.37,6.0,3.0
Sur,Web,Billetera digital,91.16,4.0,5.0
Norte,App,Contra entrega,146.77,6.0,4.0
Sur,Web,Tarjeta,265.5,5.0,5.0
Norte,Web,Billetera digital,183.74,4.0,5.0
Oriente,Web,Tarjeta,162.4,6.0,4.0
Norte,App,Tarjeta,71.56,5.0,3.0
Lima,App,Contra entrega,331.04,3.0,4.0
Norte,Web,Tarjeta,134.19,3.0,3.0
Lima,Web,Tarjeta,117.52,2.0,4.0
Norte,Web,Billetera digital,73.21,2.0,5.0
Sur,Web,Billetera digital,37.66,2.0,1.0
Lima,Web,Tarjeta,189.7,2.0,4.0
Norte,Web,Contra entrega,49.61,3.0,5.0
Lima,App,Billetera digital,132.89,2.0,3.0
Sur,Web,Billetera digital,234.37,3.0,5.0
Oriente,Web,Billetera digital,84.85,7.0,3.0
Sur,App,Tarjeta,175.71,2.0,3.0
Centro,App,Tarjeta,96.42,5.0,5.0
Lima,Web,Billetera digital,130.77,2.0,4.0
Centro,App,Tarjeta,75.12,9.0,3.0
Lima,Web,Billetera digital,118.83,3.0,3.0
Oriente,App,Billetera digital,131.1,7.0,4.0
Centro,Web,Billetera digital,109.7,2.0,5.0
Oriente,Web,Contra entrega,125.84,2.0,5.0
Lima,Web,Billetera digital,213.83,1.0,4.0
Lima,App,Billetera digital,355.41,1.0,4.0
Sur,Web,Billetera digital,37.46,1.0,5.0
Lima,Web,Billetera digital,196.34,3.0,5.0
Sur,Web,Contra entrega,55.89,4.0,5.0
Lima,Web,Tarjeta,63.53,3.0,5.0
Lima,Web,Tarjeta,129.02,2.0,5.0
Lima,Web,Billetera digital,138.88,1.0,4.0
Lima,Web,Tarjeta,200.65,2.0,5.0
Norte,Web,Tarjeta,88.59,2.0,5.0
Lima,Web,Tarjeta,35.43,1.0,5.0
Lima,App,Billetera digital,78.87,2.0,5.0
Lima,Web,Contra entrega,79.11,2.0,3.0
Sur,Web,Billetera digital,69.43,2.0,4.0
Sur,Web,Contra entrega,114.08,8.0,4.0
Norte,Web,Billetera digital,171.79,3.0,4.0
Norte,Web,Billetera digital,123.7,3.0,3.0
Sur,Web,Tarjeta,114.31,2.0,3.0
Oriente,Web,Tarjeta,100.75,5.0,4.0
Centro,App,Billetera digital,143.63,6.0,5.0
Norte,App,Billetera digital,90.14,3.0,5.0
Oriente,Web,Contra entrega,74.57,5.0,3.0
Sur,App,Contra entrega,98.72,8.0,4.0
Lima,App,Contra entrega,107.24,1.0,4.0
Sur,App,Contra entrega,153.87,7.0,3.0
Sur,Web,Billetera digital,60.28,3.0,4.0
Oriente,Web,Tarjeta,46.58,6.0,3.0
Norte,App,Contra entrega,194.39,4.0,4.0
Norte,Web,Contra entrega,72.28,4.0,2.0
Lima,Web,Billetera digital,294.25,1.0,4.0
Norte,Web,Billetera digital,83.47,4.0,4.0
Lima,App,Contra entrega,83.52,2.0,
Sur,App,Contra entrega,326.71,4.0,5.0
Centro,App,Tarjeta,135.7,6.0,3.0
Centro,Web,Contra entrega,81.34,7.0,4.0
Lima,App,Tarjeta,110.74,3.0,4.0
Norte,App,Billetera digital,274.28,4.0,5.0
Sur,App,Tarjeta,85.98,4.0,5.0
Lima,App,Tarjeta,58.4,2.0,3.0
Norte,Web,Contra entrega,220.59,2.0,5.0
Norte,App,Billetera digital,44.2,4.0,4.0
Lima,Web,Billetera digital,80.15,2.0,3.0
Lima,App,Tarjeta,133.07,2.0,4.0
Centro,Web,Billetera digital,42.58,2.0,5.0
Lima,App,Contra entrega,47.37,1.0,3.0
Oriente,Web,Tarjeta,181.6,4.0,5.0
Norte,App,Contra entrega,121.03,2.0,5.0
Oriente,Web,Tarjeta,180.88,6.0,4.0
Norte,App,Billetera digital,66.28,3.0,4.0
Sur,Web,Tarjeta,77.12,1.0,5.0
Centro,App,Tarjeta,124.03,3.0,5.0
Lima,Web,Billetera digital,169.08,2.0,4.0
Centro,Web,Tarjeta,135.67,4.0,4.0
Lima,Web,Tarjeta,300.73,1.0,5.0
Sur,App,Contra entrega,68.93,3.0,4.0
Norte,App,Tarjeta,88.16,4.0,3.0
Oriente,Web,Contra entrega,158.7,6.0,3.0
Norte,Web,Tarjeta,31.66,7.0,3.0
Sur,Web,Tarjeta,63.26,2.0,4.0
Lima,Web,Billetera digital,121.17,1.0,5.0
Lima,App,Billetera digital,120.79,2.0,5.0
Sur,Web,Tarjeta,119.94,5.0,5.0
Lima,App,Tarjeta,138.47,2.0,5.0
Lima,Web,Billetera digital,122.87,2.0,
Norte,App,Tarjeta,298.77,2.0,3.0
Sur,Web,Tarjeta,218.63,4.0,5.0
Norte,App,Billetera digital,212.66,2.0,3.0
Lima,Web,Tarjeta,48.03,3.0,5.0
Centro,App,Billetera digital,101.31,4.0,3.0
Lima,Web,Billetera digital,234.4,3.0,4.0
Lima,Web,Billetera digital,168.89,2.0,4.0
Sur,Web,Tarjeta,104.97,2.0,4.0
Sur,Web,Tarjeta,71.55,3.0,3.0
Lima,App,Billetera digital,220.6,4.0,5.0
Sur,App,Tarjeta,102.48,3.0,3.0
Lima,Web,Tarjeta,112.94,1.0,5.0
Lima,Web,Billetera digital,108.06,1.0,5.0
Sur,App,Contra entrega,87.25,3.0,3.0
Norte,Web,Contra entrega,72.3,2.0,5.0
Sur,Web,Tarjeta,68.63,1.0,5.0
Oriente,Web,Billetera digital,839.09,7.0,3.0
Lima,Web,Tarjeta,56.75,1.0,5.0
Lima,Web,Billetera digital,93.79,2.0,4.0
Sur,App,Tarjeta,172.62,3.0,4.0
Sur,App,Contra entrega,117.27,3.0,4.0
Lima,App,Tarjeta,132.86,2.0,4.0
Lima,App,Billetera digital,217.95,1.0,3.0
Norte,Web,Billetera digital,209.45,2.0,4.0
Centro,Web,Billetera digital,212.49,4.0,4.0
Sur,Web,Tarjeta,161.1,4.0,5.0
Oriente,App,Billetera digital,113.41,1.0,5.0
Norte,App,Tarjeta,121.07,2.0,4.0
Sur,App,Contra entrega,50.05,5.0,4.0
Centro,Web,Tarjeta,94.67,1.0,5.0
Lima,Web,Billetera digital,271.51,2.0,5.0
Centro,Web,Tarjeta,73.28,4.0,5.0
Lima,App,Tarjeta,68.52,2.0,4.0
Lima,Web,Tarjeta,115.76,2.0,5.0
Lima,App,Billetera digital,52.57,1.0,4.0
Lima,App,Billetera digital,304.43,1.0,4.0
Norte,Web,Billetera digital,237.8,1.0,4.0
Sur,App,Contra entrega,107.09,4.0,3.0
Centro,Web,Tarjeta,89.55,2.0,5.0
Centro,Web,Billetera digital,52.85,3.0,5.0
Lima,Web,Billetera digital,68.96,2.0,5.0
Centro,Web,Tarjeta,109.52,4.0,4.0
Sur,App,Contra entrega,256.07,1.0,5.0
Centro,App,Billetera digital,154.58,4.0,2.0
Lima,App,Billetera digital,285.43,2.0,5.0
Lima,Web,Billetera digital,242.25,2.0,4.0
Lima,Web,Billetera digital,82.43,3.0,
Lima,App,Tarjeta,369.25,3.0,4.0
Norte,Web,Billetera digital,88.6,8.0,2.0
Sur,Web,Billetera digital,61.4,7.0,3.0
Centro,Web,Tarjeta,62.69,1.0,4.0
Oriente,App,Tarjeta,78.06,3.0,5.0
Lima,Web,Billetera digital,395.77,2.0,5.0
Lima,App,Billetera digital,58.57,3.0,4.0
Norte,Web,Tarjeta,118.15,6.0,5.0
Oriente,App,Tarjeta,59.92,9.0,2.0
Oriente,Web,Contra entrega,47.63,12.0,2.0
Lima,Web,Billetera digital,137.45,1.0,5.0
Lima,Web,Tarjeta,155.26,1.0,4.0
Norte,Web,Tarjeta,57.46,3.0,5.0
Centro,App,Tarjeta,138.57,4.0,4.0
Sur,Web,Billetera digital,149.26,4.0,5.0
Lima,Web,Tarjeta,166.3,2.0,5.0
Lima,Web,Billetera digital,68.91,1.0,5.0
Lima,Web,Tarjeta,182.39,3.0,4.0
Oriente,Web,Billetera digital,200.86,5.0,4.0
Lima,App,Tarjeta,72.22,1.0,5.0
Lima,Web,Billetera digital,107.31,3.0,3.0
Oriente,Web,Billetera digital,95.32,4.0,5.0
Sur,App,Billetera digital,206.79,2.0,5.0
Lima,App,Tarjeta,112.55,2.0,4.0
Lima,App,Tarjeta,83.77,2.0,4.0
Centro,Web,Contra entrega,49.72,5.0,5.0
Sur,Web,Billetera digital,207.36,4.0,4.0
Oriente,Web,Billetera digital,89.46,8.0,4.0
Centro,Web,Contra entrega,155.45,3.0,3.0
Lima,Web,Tarjeta,141.91,4.0,3.0
Lima,App,Billetera digital,79.99,3.0,4.0
Norte,App,Billetera digital,52.42,2.0,4.0
Lima,Web,Billetera digital,125.67,2.0,4.0
Lima,App,Tarjeta,88.43,3.0,5.0
Oriente,App,Billetera digital,57.6,5.0,3.0
Sur,Web,Tarjeta,97.03,5.0,4.0
Centro,Web,Billetera digital,1058.43,3.0,5.0
Lima,Web,Tarjeta,115.08,2.0,5.0
Centro,Web,Contra entrega,148.79,5.0,3.0
Lima,Web,Billetera digital,141.05,4.0,5.0
Norte,App,Contra entrega,88.3,3.0,5.0
Sur,App,Tarjeta,216.63,4.0,4.0
Lima,App,Billetera digital,93.28,1.0,4.0
Norte,Web,Billetera digital,102.34,4.0,4.0
Oriente,App,Contra entrega,154.24,6.0,4.0
Sur,App,Billetera digital,160.11,2.0,5.0
Lima,App,Tarjeta,182.06,2.0,4.0
Lima,Web,Billetera digital,59.25,2.0,5.0
Lima,Web,Billetera digital,123.96,1.0,4.0
Centro,Web,Tarjeta,104.34,3.0,4.0
Lima,App,Tarjeta,99.4,1.0,5.0
Lima,Web,Billetera digital,131.87,1.0,5.0
Lima,Web,Tarjeta,144.27,2.0,4.0
Lima,App,Contra entrega,153.4,1.0,4.0
Lima,Web,Contra entrega,33.55,1.0,4.0
Lima,Web,Contra entrega,100.11,4.0,4.0
Lima,Web,Billetera digital,206.37,1.0,5.0
Sur,Web,Contra entrega,424.41,1.0,4.0
Sur,App,Billetera digital,108.31,3.0,4.0
Norte,Web,Tarjeta,64.85,2.0,5.0
Lima,App,Contra entrega,124.96,2.0,5.0
Oriente,Web,Billetera digital,99.47,6.0,4.0
Norte,App,Tarjeta,148.64,4.0,3.0
Lima,Web,Tarjeta,42.89,1.0,5.0
Sur,App,Billetera digital,123.6,1.0,4.0
Oriente,Web,Contra entrega,140.58,3.0,3.0
Centro,Web,Contra entrega,102.86,1.0,5.0
Lima,Web,Billetera digital,101.04,2.0,5.0
Lima,App,Billetera digital,107.88,1.0,5.0
Centro,Web,Tarjeta,185.83,5.0,4.0
Norte,Web,Billetera digital,47.99,3.0,4.0
Centro,Web,Tarjeta,185.53,2.0,4.0
Sur,Web,Billetera digital,144.95,2.0,3.0
Sur,App,Tarjeta,68.23,1.0,5.0
Centro,Web,Tarjeta,216.0,4.0,3.0
Centro,Web,Tarjeta,68.7,5.0,3.0
Oriente,Web,Billetera digital,78.07,8.0,2.0
Lima,App,Tarjeta,386.19,1.0,5.0
Centro,Web,Billetera digital,119.11,6.0,3.0
Lima,App,Billetera digital,143.16,1.0,5.0
Centro,App,Billetera digital,107.16,1.0,5.0
Sur,Web,Billetera digital,88.24,4.0,4.0
Norte,App,Tarjeta,195.04,1.0,5.0
Lima,App,Billetera digital,116.91,2.0,3.0
Lima,Web,Billetera digital,81.04,5.0,3.0
Lima,App,Tarjeta,137.16,3.0,5.0
Centro,Web,Contra entrega,99.82,4.0,5.0
Norte,Web,Billetera digital,80.31,3.0,4.0
Lima,Web,Billetera digital,98.79,2.0,4.0
Lima,Web,Contra entrega,142.76,2.0,5.0
Lima,App,Tarjeta,130.4,1.0,4.0
Sur,Web,Contra entrega,255.09,2.0,5.0
Sur,App,Contra entrega,233.22,4.0,4.0
Lima,App,Contra entrega,232.26,3.0,5.0
Lima,App,Tarjeta,212.81,1.0,5.0
Lima,Web,Billetera digital,115.35,5.0,3.0
Sur,Web,Billetera digital,98.9,3.0,4.0
Lima,Web,Contra entrega,171.98,1.0,5.0
Lima,Web,Tarjeta,147.12,2.0,5.0
Lima,App,Billetera digital,145.87,1.0,5.0
Sur,Web,Contra entrega,109.19,3.0,4.0
Oriente,App,Contra entrega,87.01,7.0,4.0
Lima,Web,Billetera digital,58.06,3.0,5.0
Centro,Web,Billetera digital,130.83,7.0,2.0
Norte,Web,Contra entrega,114.67,4.0,3.0
Sur,App,Contra entrega,156.62,1.0,3.0
Sur,Web,Billetera digital,294.92,3.0,4.0
Lima,App,Tarjeta,150.36,3.0,5.0
Lima,Web,Tarjeta,155.28,1.0,5.0
Lima,Web,Tarjeta,223.0,1.0,5.0
Sur,Web,Tarjeta,81.81,4.0,5.0
Lima,App,Tarjeta,194.33,1.0,4.0
Sur,Web,Billetera digital,138.29,4.0,3.0
Norte,Web,Billetera digital,107.95,2.0,3.0
Norte,App,Tarjeta,72.74,5.0,3.0
Lima,App,Billetera digital,163.16,2.0,4.0
Sur,Web,Billetera digital,488.13,3.0,5.0
Norte,App,Contra entrega,119.54,3.0,4.0
Sur,App,Tarjeta,77.17,4.0,4.0
Lima,Web,Billetera digital,260.22,2.0,3.0
Norte,Web,Tarjeta,149.73,4.0,4.0
Lima,App,Contra entrega,126.68,1.0,5.0
Norte,App,Contra entrega,129.36,1.0,5.0
Lima,App,Tarjeta,149.02,2.0,4.0
Oriente,Web,Billetera digital,158.02,4.0,5.0
Sur,Web,Contra entrega,128.54,4.0,3.0
Oriente,Web,Contra entrega,264.88,6.0,4.0
Lima,Web,Billetera digital,71.63,1.0,4.0
Lima,App,Billetera digital,224.98,2.0,5.0
Norte,App,Tarjeta,177.73,3.0,5.0
Norte,Web,Tarjeta,232.46,2.0,4.0
Lima,App,Billetera digital,264.94,2.0,5.0
Norte,Web,Contra entrega,94.87,1.0,5.0
Lima,Web,Billetera digital,204.67,2.0,3.0
Oriente,App,Billetera digital,82.58,3.0,4.0
Lima,Web,Contra entrega,87.95,1.0,4.0
Oriente,Web,Contra entrega,109.64,3.0,3.0
Norte,Web,Billetera digital,107.4,4.0,4.0
Sur,Web,Billetera digital,95.27,5.0,4.0
Norte,Web,Contra entrega,146.9,8.0,3.0
Lima,App,Billetera digital,248.21,4.0,5.0
Sur,Web,Tarjeta,138.51,9.0,4.0
Norte,App,Tarjeta,85.52,2.0,4.0
Lima,App,Billetera digital,223.39,1.0,4.0
Sur,App,Billetera digital,117.22,2.0,4.0
Oriente,App,Tarjeta,57.48,9.0,3.0
Lima,App,Contra entrega,119.68,3.0,3.0
Sur,App,Billetera digital,144.76,3.0,5.0
Lima,App,Billetera digital,118.05,2.0,3.0
Lima,Web,Billetera digital,198.51,2.0,5.0
Centro,Web,Contra entrega,165.97,4.0,5.0
Lima,Web,Contra entrega,96.9,3.0,5.0
Norte,Web,Tarjeta,229.73,3.0,4.0
Lima,App,Tarjeta,212.55,1.0,5.0
Centro,App,Contra entrega,120.39,2.0,5.0
Norte,App,Billetera digital,135.06,6.0,3.0
Lima,Web,Tarjeta,251.69,1.0,5.0
Norte,App,Tarjeta,274.01,2.0,4.0
Oriente,Web,Billetera digital,48.14,7.0,3.0
Lima,App,Billetera digital,107.51,1.0,5.0
Lima,App,Billetera digital,218.34,2.0,5.0
Lima,App,Tarjeta,111.64,2.0,4.0
Lima,Web,Billetera digital,97.44,1.0,5.0
Sur,App,Billetera digital,172.5,4.0,4.0
Sur,App,Billetera digital,257.78,2.0,5.0
Lima,App,Billetera digital,271.58,2.0,5.0
Oriente,Web,Contra entrega,275.9,4.0,4.0
Norte,Web,Tarjeta,122.35,1.0,5.0
Oriente,Web,Billetera digital,110.49,2.0,5.0
Oriente,App,Contra entrega,55.76,4.0,4.0
Lima,App,Tarjeta,195.58,1.0,4.0
Norte,Web,Billetera digital,176.9,3.0,5.0
Lima,Web,Tarjeta,131.04,1.0,5.0
Oriente,App,Tarjeta,42.75,5.0,4.0
Centro,App,Contra entrega,86.81,3.0,5.0
Lima,Web,Billetera digital,140.81,1.0,5.0
Centro,Web,Contra entrega,197.03,6.0,4.0
Lima,App,Tarjeta,224.2,2.0,5.0
Sur,Web,Contra entrega,235.07,4.0,4.0
Sur,Web,Tarjeta,74.03,2.0,5.0
Lima,App,Tarjeta,72.5,1.0,4.0
Norte,Web,Contra entrega,102.93,4.0,3.0
Sur,App,Tarjeta,178.43,2.0,5.0
Oriente,App,Tarjeta,202.97,7.0,4.0
Sur,Web,Billetera digital,74.62,1.0,4.0
Oriente,Web,Billetera digital,122.74,6.0,2.0
Lima,Web,Tarjeta,218.21,4.0,3.0
Lima,Web,Billetera digital,255.38,1.0,5.0
Sur,App,Contra entrega,227.7,3.0,5.0
Centro,Web,Contra entrega,31.58,2.0,5.0
Lima,Web,Tarjeta,131.94,2.0,4.0
Lima,App,Billetera digital,39.86,1.0,4.0
Lima,Web,Billetera digital,141.95,2.0,3.0
Sur,App,Billetera digital,166.64,2.0,3.0
Lima,Web,Billetera digital,238.07,4.0,5.0
Norte,Web,Contra entrega,92.96,1.0,4.0
Sur,App,Billetera digital,121.63,4.0,3.0
Norte,App,Tarjeta,87.16,5.0,3.0
Lima,Web,Billetera digital,146.21,1.0,4.0
Lima,App,Billetera digital,88.48,5.0,4.0
Centro,Web,Billetera digital,75.89,2.0,3.0
Sur,Web,Billetera digital,67.88,4.0,2.0
Lima,App,Billetera digital,226.07,2.0,5.0
Norte,App,Contra entrega,128.33,2.0,5.0
Sur,Web,Billetera digital,226.85,1.0,4.0
Lima,App,Tarjeta,149.1,2.0,5.0
Lima,App,Billetera digital,126.48,2.0,5.0
Lima,App,Tarjeta,85.87,3.0,5.0
Centro,App,Contra entrega,175.02,4.0,2.0
Centro,Web,Contra entrega,79.21,3.0,3.0
Norte,Web,Contra entrega,69.27,3.0,5.0
Lima,App,Billetera digital,250.47,4.0,4.0
Sur,App,Billetera digital,121.05,4.0,3.0
Sur,Web,Billetera digital,120.25,3.0,4.0
Sur,Web,Billetera digital,114.72,4.0,4.0
Sur,Web,Contra entrega,107.99,3.0,5.0
Sur,Web,Tarjeta,213.28,6.0,4.0
Lima,Web,Contra entrega,339.4,2.0,5.0
Lima,App,Tarjeta,114.6,3.0,3.0
Lima,Web,Tarjeta,122.38,2.0,3.0
Centro,App,Billetera digital,339.21,4.0,3.0
Lima,Web,Billetera digital,120.43,2.0,5.0
Norte,App,Billetera digital,148.22,3.0,4.0
Lima,App,Tarjeta,131.58,2.0,3.0
Lima,App,Tarjeta,246.44,2.0,3.0
Lima,Web,Tarjeta,54.25,2.0,4.0
Norte,App,Tarjeta,130.9,5.0,4.0
Oriente,Web,Contra entrega,137.56,4.0,4.0
Lima,Web,Tarjeta,99.86,2.0,3.0
Norte,Web,Contra entrega,115.34,5.0,3.0
Centro,App,Contra entrega,43.91,2.0,4.0
Sur,Web,Billetera digital,176.68,5.0,3.0
Lima,Web,Tarjeta,155.2,2.0,4.0
Sur,App,Tarjeta,123.82,3.0,5.0
Sur,Web,Tarjeta,18.84,4.0,3.0
Lima,Web,Billetera digital,42.71,1.0,5.0
Lima,App,Billetera digital,80.44,3.0,4.0
Norte,App,Billetera digital,114.76,3.0,5.0
Sur,App,Tarjeta,108.14,4.0,4.0
Lima,Web,Tarjeta,608.35,3.0,5.0
Centro,App,Contra entrega,84.51,4.0,4.0
Norte,Web,Tarjeta,294.77,2.0,3.0
Lima,App,Billetera digital,178.08,1.0,3.0
Norte,App,Billetera digital,176.07,3.0,4.0
Norte,App,Billetera digital,166.5,3.0,2.0
Lima,Web,Billetera digital,231.73,2.0,5.0
Centro,App,Billetera digital,116.55,3.0,4.0
Lima,Web,Contra entrega,89.17,1.0,5.0
Norte,App,Contra entrega,100.53,2.0,4.0
Oriente,App,Contra entrega,123.45,2.0,4.0
Lima,Web,Tarjeta,91.21,1.0,5.0
Lima,App,Billetera digital,58.47,3.0,4.0
Oriente,Web,Tarjeta,258.02,4.0,4.0
Lima,App,Tarjeta,160.99,2.0,5.0
Norte,App,Contra entrega,79.22,5.0,4.0
Oriente,App,Contra entrega,107.68,8.0,2.0
Lima,App,Billetera digital,140.69,4.0,4.0
Lima,Web,Tarjeta,160.46,2.0,4.0
Lima,Web,Billetera digital,147.87,4.0,5.0
Lima,Web,Billetera digital,95.24,3.0,4.0
Lima,App,Billetera digital,128.91,3.0,3.0
Norte,App,Billetera digital,75.39,7.0,4.0
Norte,App,Billetera digital,113.01,2.0,4.0
Oriente,App,Contra entrega,30.62,9.0,5.0
Centro,App,Contra entrega,180.82,2.0,3.0
Lima,Web,Tarjeta,149.41,4.0,3.0
Lima,Web,Billetera digital,150.43,1.0,5.0
Lima,Web,Tarjeta,109.26,2.0,4.0
Lima,App,Contra entrega,328.43,1.0,5.0
Lima,Web,Billetera digital,203.18,1.0,5.0
Norte,Web,Tarjeta,113.04,6.0,3.0
Lima,Web,Billetera digital,189.57,1.0,5.0
Oriente,Web,Contra entrega,149.29,8.0,2.0
Norte,Web,Tarjeta,59.24,4.0,5.0
Lima,Web,Tarjeta,114.56,3.0,5.0
Lima,Web,Tarjeta,78.88,3.0,4.0
Centro,Web,Tarjeta,112.68,3.0,5.0
Lima,App,Billetera digital,169.88,1.0,5.0
Norte,Web,Contra entrega,131.45,2.0,5.0
Centro,App,Contra entrega,113.46,3.0,4.0
Lima,App,Billetera digital,213.14,2.0,5.0
Oriente,Web,Contra entrega,117.35,3.0,4.0
Oriente,Web,Contra entrega,93.56,6.0,3.0
Lima,Web,Tarjeta,248.7,1.0,4.0
Lima,Web,Tarjeta,157.36,1.0,5.0
Norte,App,Billetera digital,123.44,3.0,5.0
Centro,Web,Billetera digital,57.17,2.0,5.0
Lima,App,Billetera digital,199.91,1.0,4.0
Lima,Web,Contra entrega,158.14,1.0,3.0
Oriente,Web,Contra entrega,110.45,6.0,5.0
Oriente,Web,Contra entrega,122.44,11.0,3.0
Sur,App,Contra entrega,279.12,1.0,5.0
Lima,App,Billetera digital,104.68,5.0,4.0
Lima,Web,Tarjeta,229.69,2.0,3.0
Oriente,Web,Tarjeta,98.21,3.0,3.0
Norte,Web,Contra entrega,136.22,5.0,4.0
Centro,Web,Billetera digital,52.95,5.0,3.0
Sur,Web,Billetera digital,75.34,4.0,3.0
Lima,Web,Tarjeta,221.68,3.0,3.0
Lima,Web,Tarjeta,231.62,1.0,5.0
Lima,Web,Billetera digital,335.38,2.0,3.0
Sur,App,Tarjeta,92.58,3.0,3.0
Oriente,Web,Contra entrega,81.81,4.0,5.0
Norte,App,Billetera digital,75.79,5.0,5.0
Centro,Web,Billetera digital,367.52,4.0,4.0
Lima,Web,Tarjeta,72.98,2.0,5.0
Centro,Web,Billetera digital,140.12,2.0,5.0
Lima,Web,Billetera digital,232.92,1.0,5.0
Lima,App,Billetera digital,66.16,1.0,4.0
Sur,App,Billetera digital,44.77,7.0,3.0
Centro,App,Tarjeta,40.85,3.0,5.0
Lima,Web,Tarjeta,89.13,1.0,5.0
Norte,App,Tarjeta,235.81,1.0,4.0
Norte,Web,Tarjeta,273.86,4.0,4.0
Centro,App,Tarjeta,186.31,6.0,3.0
Norte,App,Tarjeta,69.13,5.0,5.0
Lima,App,Tarjeta,231.01,2.0,3.0
Lima,App,Billetera digital,101.58,1.0,5.0
Norte,Web,Contra entrega,108.57,4.0,3.0
Lima,Web,Tarjeta,120.78,1.0,5.0
Centro,Web,Contra entrega,140.0,7.0,3.0
Norte,Web,Billetera digital,118.88,2.0,5.0
Norte,Web,Contra entrega,74.57,4.0,3.0
Lima,App,Contra entrega,201.09,1.0,3.0
Centro,Web,Contra entrega,189.52,6.0,4.0
Sur,App,Billetera digital,109.8,2.0,5.0
Lima,Web,Tarjeta,61.91,1.0,4.0
Oriente,App,Contra entrega,205.11,5.0,3.0
Lima,Web,Billetera digital,106.85,3.0,5.0
Lima,App,Tarjeta,185.03,1.0,2.0
Lima,App,Tarjeta,178.22,2.0,5.0
Sur,Web,Contra entrega,86.37,5.0,5.0
Lima,Web,Billetera digital,307.6,2.0,5.0
Sur,Web,Billetera digital,341.96,3.0,3.0
Sur,App,Tarjeta,216.27,3.0,5.0
Lima,App,Tarjeta,138.63,2.0,4.0
Centro,Web,Billetera digital,106.34,5.0,4.0
Sur,App,Tarjeta,234.41,3.0,5.0
Lima,Web,Tarjeta,380.8,2.0,5.0
Sur,App,Tarjeta,39.2,3.0,4.0
Norte,Web,Billetera digital,196.02,3.0,2.0
Norte,App,Tarjeta,207.61,3.0,4.0
Lima,App,Tarjeta,324.33,1.0,5.0
Norte,Web,Billetera digital,80.44,4.0,3.0
Lima,Web,Tarjeta,136.04,1.0,4.0
Sur,Web,Contra entrega,102.48,1.0,5.0
Lima,Web,Contra entrega,143.98,1.0,5.0
Norte,Web,Billetera digital,90.33,4.0,4.0
Sur,App,Tarjeta,70.47,2.0,4.0
Centro,Web,Tarjeta,39.74,2.0,5.0
Norte,App,Billetera digital,52.55,6.0,4.0
Lima,App,Billetera digital,103.99,4.0,4.0
Norte,Web,Contra entrega,156.32,3.0,4.0
Centro,App,Contra entrega,151.45,4.0,3.0
Centro,Web,Contra entrega,182.05,2.0,3.0
Norte,App,Tarjeta,123.45,1.0,4.0
Centro,App,Contra entrega,83.63,5.0,3.0
Lima,Web,Tarjeta,95.29,2.0,3.0
Lima,App,Contra entrega,89.51,2.0,4.0
Oriente,Web,Billetera digital,113.68,5.0,3.0
Centro,Web,Contra entrega,109.15,1.0,5.0
Norte,Web,Contra entrega,87.88,2.0,5.0
Lima,Web,Billetera digital,109.12,1.0,4.0
Sur,App,Tarjeta,216.68,1.0,3.0
Sur,App,Contra entrega,152.95,3.0,5.0
Lima,App,Tarjeta,75.44,2.0,4.0
Lima,Web,Tarjeta,120.96,1.0,4.0
Lima,App,Billetera digital,255.55,3.0,5.0
Centro,Web,Billetera digital,96.99,3.0,4.0
Lima,Web,Billetera digital,86.41,6.0,4.0
Lima,Web,Billetera digital,182.7,3.0,4.0
Lima,Web,Tarjeta,266.89,2.0,5.0
Norte,App,Contra entrega,201.12,3.0,5.0
Lima,App,Billetera digital,124.83,2.0,4.0
Lima,Web,Tarjeta,104.64,1.0,5.0
Norte,Web,Billetera digital,255.72,2.0,4.0
Lima,Web,Billetera digital,85.17,1.0,5.0
Norte,Web,Billetera digital,90.04,3.0,4.0
Norte,Web,Tarjeta,156.61,4.0,4.0
Lima,App,Contra entrega,416.01,1.0,5.0
Lima,App,Tarjeta,99.5,2.0,3.0
Lima,App,Tarjeta,183.19,1.0,5.0
Lima,App,Billetera digital,40.75,1.0,5.0
Centro,Web,Billetera digital,383.78,2.0,3.0
Oriente,App,Billetera digital,47.23,2.0,5.0
Lima,App,Tarjeta,67.01,3.0,5.0
Centro,Web,Billetera digital,119.23,5.0,4.0
Lima,App,Billetera digital,80.02,2.0,5.0
Lima,Web,Billetera digital,131.53,2.0,3.0
Lima,App,Tarjeta,147.42,1.0,5.0
Lima,App,Billetera digital,238.98,2.0,5.0
Lima,Web,Billetera digital,54.79,3.0,4.0
Lima,Web,Billetera digital,80.9,2.0,3.0
Oriente,App,Billetera digital,56.39,3.0,4.0
Centro,Web,Billetera digital,59.57,3.0,4.0
Sur,App,Tarjeta,193.11,1.0,3.0
Sur,App,Contra entrega,117.56,5.0,4.0
Norte,App,Billetera digital,220.51,3.0,3.0
Lima,App,Tarjeta,320.21,1.0,5.0
Lima,Web,Billetera digital,117.1,1.0,4.0
Norte,App,Tarjeta,285.55,3.0,2.0
Norte,Web,Tarjeta,138.39,2.0,5.0
Norte,App,Tarjeta,87.06,6.0,3.0
Lima,Web,Billetera digital,229.86,1.0,3.0
Lima,Web,Billetera digital,305.52,1.0,4.0
Norte,App,Contra entrega,229.05,5.0,4.0
Sur,App,Tarjeta,145.17,4.0,4.0
Oriente,App,Tarjeta,84.43,3.0,4.0
Centro,Web,Billetera digital,127.61,3.0,4.0
Norte,Web,Tarjeta,52.67,2.0,3.0
Norte,Web,Contra entrega,159.86,2.0,5.0
Lima,App,Tarjeta,193.67,2.0,5.0
Norte,App,Contra entrega,187.64,3.0,4.0
Lima,Web,Billetera digital,122.66,1.0,5.0
Lima,Web,Contra entrega,236.81,3.0,3.0
Lima,App,Billetera digital,483.85,3.0,5.0
Oriente,App,Contra entrega,159.37,7.0,2.0
Sur,Web,Contra entrega,258.37,3.0,3.0
Lima,Web,Tarjeta,195.13,1.0,4.0
Centro,App,Contra entrega,110.25,2.0,4.0
Lima,App,Billetera digital,187.4,3.0,4.0
Lima,Web,Billetera digital,123.4,2.0,4.0
Norte,Web,Tarjeta,181.77,4.0,5.0
Lima,Web,Tarjeta,62.35,1.0,3.0
Lima,Web,Tarjeta,94.66,1.0,4.0
Norte,Web,Tarjeta,66.22,2.0,5.0
Centro,App,Tarjeta,84.6,1.0,5.0
Lima,App,Billetera digital,208.04,2.0,4.0
Norte,Web,Billetera digital,105.19,2.0,3.0
Lima,App,Billetera digital,238.64,2.0,5.0
Oriente,Web,Tarjeta,259.15,7.0,2.0
Lima,Web,Contra entrega,62.69,2.0,5.0
Sur,App,Billetera digital,171.23,2.0,4.0
Lima,App,Billetera digital,134.44,2.0,5.0
Lima,Web,Tarjeta,222.58,2.0,4.0
Centro,App,Contra entrega,92.38,4.0,4.0
Lima,App,Tarjeta,224.79,1.0,4.0
Lima,Web,Tarjeta,75.03,2.0,5.0
Lima,Web,Billetera digital,290.62,2.0,4.0
Lima,App,Billetera digital,484.93,3.0,5.0
Sur,App,Tarjeta,64.68,3.0,5.0
Centro,App,Billetera digital,133.07,5.0,4.0
Lima,Web,Tarjeta,117.43,1.0,5.0
Sur,App,Billetera digital,216.65,3.0,5.0
Norte,Web,Contra entrega,138.04,5.0,5.0
Lima,Web,Tarjeta,207.01,2.0,4.0
Lima,Web,Tarjeta,179.2,1.0,4.0
Norte,App,Tarjeta,94.8,2.0,3.0
Lima,Web,Tarjeta,234.31,1.0,5.0
Lima,Web,Billetera digital,100.2,2.0,4.0
Norte,Web,Tarjeta,171.24,4.0,3.0
Centro,Web,Contra entrega,168.97,5.0,4.0
Lima,Web,Contra entrega,94.3,1.0,5.0
Lima,Web,Tarjeta,332.01,1.0,5.0
Norte,App,Contra entrega,110.45,3.0,4.0
Oriente,Web,Contra entrega,151.6,7.0,3.0
Oriente,App,Billetera digital,91.43,6.0,5.0
Centro,App,Contra entrega,163.28,1.0,5.0
Lima,Web,Billetera digital,138.62,1.0,
Norte,Web,Contra entrega,70.55,3.0,4.0
Norte,Web,Billetera digital,148.13,3.0,4.0
Lima,Web,Contra entrega,304.68,2.0,4.0
Lima,Web,Billetera digital,86.23,2.0,5.0
Norte,Web,Contra entrega,90.84,3.0,5.0
Lima,App,Tarjeta,45.49,2.0,4.0
Centro,Web,Contra entrega,110.76,7.0,3.0
Norte,App,Tarjeta,87.75,2.0,4.0
Lima,App,Billetera digital,59.13,1.0,4.0
Lima,Web,Tarjeta,148.6,1.0,
Sur,Web,Tarjeta,108.84,4.0,3.0
Lima,App,Tarjeta,191.04,2.0,5.0
Lima,Web,Tarjeta,163.43,3.0,5.0
Lima,App,Billetera digital,272.53,2.0,4.0
Lima,App,Tarjeta,281.77,3.0,5.0
Lima,App,Billetera digital,121.19,3.0,4.0
Oriente,App,Tarjeta,64.11,2.0,4.0
Sur,Web,Tarjeta,129.91,4.0,3.0
Centro,App,Tarjeta,130.25,1.0,3.0
Sur,App,Contra entrega,183.73,5.0,4.0
Lima,Web,Tarjeta,79.42,2.0,3.0
Norte,App,Billetera digital,209.76,2.0,3.0
Norte,Web,Tarjeta,103.56,4.0,3.0
Lima,App,Contra entrega,145.97,1.0,5.0
Lima,App,Billetera digital,323.76,1.0,3.0
Lima,App,Billetera digital,101.23,3.0,4.0
Oriente,App,Billetera digital,65.15,8.0,3.0
Centro,Web,Billetera digital,289.47,4.0,5.0
Lima,App,Contra entrega,275.11,2.0,5.0
Lima,Web,Tarjeta,69.47,1.0,5.0
Norte,Web,Tarjeta,42.87,2.0,5.0
Lima,App,Billetera digital,304.69,2.0,4.0
Centro,App,Tarjeta,83.06,6.0,3.0
Oriente,App,Billetera digital,168.6,6.0,3.0
Norte,Web,Tarjeta,476.07,5.0,3.0
Lima,App,Tarjeta,72.65,1.0,5.0
Sur,Web,Contra entrega,236.89,5.0,3.0
Centro,App,Billetera digital,104.95,5.0,4.0
Norte,Web,Billetera digital,95.51,4.0,4.0
Sur,Web,Billetera digital,167.34,3.0,5.0
Sur,App,Tarjeta,253.13,1.0,4.0
Lima,App,Tarjeta,121.21,1.0,4.0
Norte,App,Billetera digital,98.15,5.0,3.0
Lima,Web,Tarjeta,93.17,2.0,5.0
Oriente,Web,Contra entrega,115.86,12.0,2.0
Sur,Web,Billetera digital,145.47,2.0,5.0
Lima,Web,Billetera digital,63.9,3.0,4.0
Lima,Web,Billetera digital,102.52,3.0,4.0
Lima,App,Billetera digital,198.85,2.0,4.0
Oriente,App,Contra entrega,140.21,8.0,4.0
Sur,App,Contra entrega,166.01,3.0,4.0
Centro,App,Billetera digital,105.91,4.0,5.0
Lima,Web,Tarjeta,289.84,1.0,5.0
Norte,Web,Billetera digital,225.17,6.0,3.0
Sur,Web,Tarjeta,100.11,4.0,3.0
Lima,Web,Tarjeta,177.64,2.0,5.0
Oriente,Web,Tarjeta,55.97,5.0,3.0
Lima,Web,Tarjeta,230.09,1.0,4.0
Centro,App,Tarjeta,50.42,6.0,5.0
Sur,App,Billetera digital,197.38,5.0,3.0
Oriente,Web,Contra entrega,73.73,2.0,5.0
Sur,Web,Tarjeta,82.5,2.0,2.0
Sur,App,Billetera digital,117.12,5.0,3.0
Norte,App,Tarjeta,25.95,1.0,5.0
Lima,App,Billetera digital,184.21,2.0,5.0
Lima,App,Tarjeta,199.22,2.0,5.0
Lima,App,Tarjeta,141.31,2.0,5.0
Lima,App,Tarjeta,516.87,2.0,3.0
Lima,Web,Tarjeta,207.56,1.0,5.0
Lima,Web,Tarjeta,122.15,1.0,4.0
Lima,Web,Billetera digital,356.77,1.0,3.0
Lima,App,Tarjeta,158.29,1.0,5.0
Sur,Web,Tarjeta,76.03,7.0,4.0
Lima,App,Contra entrega,82.73,1.0,3.0
Norte,App,Contra entrega,343.05,2.0,4.0
Sur,Web,Billetera digital,52.54,4.0,3.0
Lima,Web,Billetera digital,79.64,1.0,5.0
Centro,Web,Contra entrega,101.22,4.0,3.0
Oriente,App,Tarjeta,165.38,8.0,2.0
Norte,App,Contra entrega,122.73,6.0,4.0
Norte,App,Tarjeta,242.75,6.0,
Lima,Web,Contra entrega,381.92,3.0,3.0
Lima,Web,Billetera digital,78.28,1.0,4.0
Norte,App,Contra entrega,141.36,3.0,4.0
Lima,App,Contra entrega,194.59,2.0,5.0
Oriente,App,Billetera digital,204.14,5.0,3.0
Lima,Web,Tarjeta,100.05,2.0,4.0
Sur,Web,Contra entrega,149.29,3.0,4.0
Lima,App,Tarjeta,254.09,1.0,5.0
Centro,Web,Billetera digital,167.83,2.0,5.0
Lima,App,Tarjeta,246.08,2.0,5.0
Lima,Web,Tarjeta,53.9,2.0,5.0
Lima,Web,Billetera digital,69.92,1.0,4.0
Norte,App,Billetera digital,155.83,3.0,5.0
Sur,Web,Tarjeta,161.54,1.0,4.0
Lima,Web,Contra entrega,139.49,2.0,4.0
Lima,Web,Billetera digital,184.55,2.0,5.0
Norte,Web,Tarjeta,126.29,1.0,4.0
Sur,App,Billetera digital,117.17,3.0,5.0
Sur,Web,Tarjeta,91.66,1.0,4.0
Sur,App,Billetera digital,257.18,4.0,5.0
Sur,App,Tarjeta,76.92,5.0,4.0
Centro,Web,Contra entrega,250.92,6.0,5.0
Norte,App,Tarjeta,258.44,2.0,5.0
Norte,Web,Billetera digital,96.1,3.0,4.0
Sur,Web,Contra entrega,178.61,3.0,3.0
Norte,App,Billetera digital,179.63,2.0,5.0
Lima,Web,Tarjeta,169.61,1.0,5.0
Lima,Web,Tarjeta,39.64,4.0,3.0
Lima,Web,Billetera digital,146.32,3.0,4.0
Oriente,Web,Billetera digital,152.8,7.0,3.0
Norte,App,Contra entrega,45.2,2.0,5.0
Lima,App,Tarjeta,119.61,2.0,5.0
Centro,App,Billetera digital,225.83,1.0,
Sur,App,Billetera digital,244.31,1.0,4.0
Oriente,App,Billetera digital,75.06,10.0,3.0
Lima,App,Billetera digital,263.06,3.0,3.0
Lima,App,Billetera digital,112.19,1.0,4.0
Lima,Web,Tarjeta,294.68,4.0,3.0
Lima,App,Tarjeta,173.09,2.0,3.0
Lima,App,Tarjeta,88.39,1.0,4.0
Lima,Web,Tarjeta,555.86,1.0,4.0
Norte,Web,Tarjeta,381.97,2.0,5.0
Lima,Web,Billetera digital,297.99,2.0,4.0
Lima,Web,Tarjeta,269.02,2.0,3.0
Lima,App,Tarjeta,113.89,2.0,5.0
Oriente,App,Contra entrega,330.0,3.0,3.0
Norte,App,Billetera digital,128.28,2.0,5.0
Lima,App,Billetera digital,158.66,3.0,5.0
Lima,Web,Billetera digital,47.23,2.0,4.0
Centro,App,Tarjeta,67.96,2.0,5.0
Sur,Web,Tarjeta,89.97,5.0,3.0
Norte,Web,Billetera digital,348.09,2.0,5.0
Sur,Web,Contra entrega,211.39,7.0,4.0
Norte,Web,Billetera digital,66.71,4.0,4.0
Oriente,Web,Contra entrega,163.22,4.0,5.0
Oriente,Web,Contra entrega,137.38,4.0,3.0
Centro,App,Billetera digital,57.64,5.0,3.0
Norte,Web,Contra entrega,548.0,3.0,5.0
Lima,Web,Billetera digital,154.27,3.0,3.0
Norte,Web,Billetera digital,136.79,1.0,5.0
Sur,App,Billetera digital,183.14,6.0,4.0
Lima,Web,Billetera digital,143.07,2.0,5.0
Sur,Web,Tarjeta,138.67,4.0,4.0
Lima,Web,Billetera digital,160.95,1.0,5.0
Lima,App,Tarjeta,170.67,3.0,3.0
Lima,App,Tarjeta,400.64,5.0,4.0
Norte,App,Billetera digital,88.22,2.0,4.0
Lima,App,Tarjeta,63.39,1.0,4.0
Lima,Web,Billetera digital,123.16,3.0,4.0
Sur,Web,Billetera digital,39.74,4.0,4.0
Sur,Web,Tarjeta,104.07,3.0,4.0
Sur,App,Billetera digital,205.7,4.0,
Norte,App,Billetera digital,118.91,4.0,5.0
Lima,Web,Contra entrega,40.3,1.0,5.0
Lima,Web,Tarjeta,87.65,3.0,3.0
Lima,Web,Tarjeta,307.29,1.0,5.0
Oriente,App,Billetera digital,144.7,3.0,5.0
Lima,App,Tarjeta,74.54,2.0,5.0
Sur,Web,Billetera digital,219.35,3.0,3.0
Norte,Web,Tarjeta,75.82,7.0,3.0
Centro,App,Contra entrega,143.79,4.0,3.0
Norte,Web,Tarjeta,241.73,3.0,4.0
Sur,App,Tarjeta,295.71,1.0,4.0
Norte,App,Billetera digital,167.7,2.0,5.0
Lima,Web,Billetera digital,246.37,2.0,5.0
Norte,Web,Billetera digital,84.06,3.0,4.0
Norte,Web,Billetera digital,108.95,4.0,4.0
Centro,Web,Billetera digital,113.15,4.0,3.0
Sur,App,Billetera digital,258.8,1.0,5.0
Norte,Web,Billetera digital,79.24,2.0,4.0
Norte,Web,Billetera digital,143.71,2.0,4.0
Norte,Web,Billetera digital,72.77,3.0,3.0
Sur,Web,Billetera digital,63.15,2.0,4.0
Sur,App,Contra entrega,130.27,6.0,2.0
Norte,App,Billetera digital,45.96,1.0,
Lima,Web,Billetera digital,104.83,2.0,4.0
Sur,App,Billetera digital,173.98,3.0,4.0
Norte,Web,Tarjeta,88.31,3.0,5.0
Lima,App,Tarjeta,142.45,1.0,3.0
Lima,Web,Billetera digital,135.52,1.0,3.0
Lima,Web,Billetera digital,616.0,1.0,5.0
Lima,App,Tarjeta,113.06,4.0,4.0
Centro,Web,Contra entrega,83.43,2.0,5.0
Sur,Web,Tarjeta,206.74,2.0,4.0
Lima,Web,Billetera digital,235.37,5.0,2.0
Lima,Web,Billetera digital,43.47,1.0,5.0
Lima,Web,Billetera digital,149.87,2.0,5.0
Lima,App,Tarjeta,152.56,2.0,2.0
Centro,App,Billetera digital,147.7,3.0,5.0
Lima,Web,Billetera digital,82.53,1.0,5.0
Lima,App,Billetera digital,151.37,3.0,4.0
Sur,Web,Tarjeta,159.78,1.0,4.0
Centro,App,Contra entrega,264.03,7.0,3.0
Centro,Web,Billetera digital,63.12,2.0,4.0
Oriente,App,Billetera digital,156.07,6.0,3.0
Norte,App,Tarjeta,214.98,3.0,5.0
Sur,App,Tarjeta,150.37,2.0,5.0
Centro,Web,Contra entrega,206.8,6.0,4.0
Oriente,App,Billetera digital,35.38,4.0,3.0
Lima,Web,Billetera digital,152.26,1.0,4.0
Sur,Web,Tarjeta,47.31,4.0,4.0
Sur,Web,Tarjeta,101.79,2.0,3.0
Centro,App,Tarjeta,89.52,3.0,5.0
Lima,App,Tarjeta,103.5,4.0,3.0
Sur,Web,Tarjeta,417.12,5.0,3.0
Centro,Web,Tarjeta,234.26,3.0,3.0
Lima,App,Tarjeta,121.41,4.0,4.0
Lima,App,Tarjeta,331.38,3.0,5.0
Norte,Web,Billetera digital,128.87,4.0,4.0
Centro,App,Billetera digital,122.58,2.0,5.0
Centro,App,Tarjeta,92.81,6.0,3.0
Lima,Web,Contra entrega,202.83,3.0,5.0
Oriente,Web,Tarjeta,131.07,7.0,4.0
Centro,Web,Contra entrega,89.23,4.0,5.0
Lima,Web,Tarjeta,117.55,1.0,4.0
Oriente,Web,Contra entrega,110.13,3.0,3.0
Lima,App,Contra entrega,213.13,1.0,5.0
Lima,Web,Billetera digital,195.23,2.0,5.0
Norte,Web,Billetera digital,140.44,2.0,5.0
Lima,App,Tarjeta,98.88,2.0,5.0
Norte,App,Billetera digital,200.29,4.0,4.0
Sur,App,Billetera digital,78.42,2.0,5.0
Lima,Web,Tarjeta,84.88,1.0,5.0
Sur,Web,Contra entrega,70.72,5.0,3.0
Centro,App,Tarjeta,64.11,2.0,4.0
Centro,App,Billetera digital,222.13,3.0,5.0
Sur,App,Tarjeta,42.14,7.0,3.0
Sur,Web,Tarjeta,242.94,4.0,2.0
Sur,Web,Tarjeta,84.02,4.0,4.0
Lima,App,Billetera digital,90.86,2.0,4.0
Norte,Web,Billetera digital,111.99,2.0,5.0
Oriente,Web,Billetera digital,21.53,4.0,2.0
Oriente,Web,Tarjeta,218.07,5.0,4.0
Norte,Web,Billetera digital,198.01,3.0,5.0
Norte,App,Billetera digital,167.29,2.0,1.0
Norte,Web,Billetera digital,62.85,3.0,3.0
Lima,Web,Billetera digital,221.12,4.0,4.0
Lima,Web,Contra entrega,178.97,3.0,4.0
Lima,App,Tarjeta,1451.17,2.0,4.0
Norte,App,Contra entrega,188.2,3.0,4.0
Lima,Web,Tarjeta,238.59,2.0,4.0
Lima,Web,Tarjeta,255.54,3.0,4.0
Lima,Web,Billetera digital,306.85,4.0,3.0
Lima,App,Tarjeta,228.43,3.0,3.0
Norte,Web,Tarjeta,139.29,3.0,2.0
Norte,Web,Tarjeta,184.47,1.0,5.0
Lima,Web,Billetera digital,94.61,1.0,4.0
Centro,App,Billetera digital,181.33,2.0,5.0
Sur,Web,Contra entrega,121.72,3.0,4.0
Norte,Web,Billetera digital,155.89,3.0,5.0
Lima,App,Billetera digital,76.81,2.0,5.0
Sur,Web,Tarjeta,135.02,4.0,4.0
Sur,Web,Billetera digital,102.39,4.0,3.0
Lima,App,Billetera digital,205.23,3.0,3.0
Sur,Web,Billetera digital,156.53,4.0,3.0
Lima,Web,Billetera digital,144.96,4.0,4.0
Norte,App,Tarjeta,244.87,1.0,5.0
Lima,App,Contra entrega,92.71,2.0,4.0
Norte,Web,Contra entrega,118.99,2.0,4.0
Norte,Web,Billetera digital,198.79,1.0,5.0
Lima,Web,Billetera digital,162.78,2.0,4.0
Lima,Web,Tarjeta,110.48,1.0,4.0
Lima,App,Tarjeta,51.12,5.0,4.0
Sur,App,Contra entrega,84.02,3.0,3.0
Norte,Web,Tarjeta,255.8,3.0,4.0
Norte,App,Billetera digital,153.58,3.0,3.0
Lima,App,Billetera digital,171.26,1.0,5.0
Centro,Web,Tarjeta,193.13,3.0,4.0
Lima,Web,Contra entrega,53.39,1.0,4.0
Sur,Web,Tarjeta,78.74,3.0,4.0
Lima,App,Billetera digital,257.44,1.0,4.0
Lima,App,Tarjeta,89.31,2.0,5.0
Lima,App,Tarjeta,244.5,2.0,4.0
Norte,Web,Tarjeta,135.08,3.0,3.0
Oriente,Web,Billetera digital,150.66,5.0,4.0
Centro,Web,Billetera digital,583.33,2.0,4.0
Sur,App,Tarjeta,282.21,3.0,5.0
Oriente,App,Billetera digital,128.02,8.0,2.0
Norte,App,Tarjeta,180.46,4.0,3.0
Lima,Web,Tarjeta,121.79,3.0,4.0
Lima,App,Tarjeta,346.84,1.0,5.0
Sur,App,Tarjeta,169.39,1.0,4.0
Lima,Web,Billetera digital,97.41,1.0,5.0
Sur,Web,Tarjeta,82.21,3.0,5.0
Lima,Web,Tarjeta,152.42,2.0,4.0
Lima,Web,Tarjeta,97.46,1.0,
Lima,Web,Billetera digital,46.04,1.0,4.0
Lima,App,Tarjeta,200.53,2.0,4.0
Lima,Web,Contra entrega,136.21,4.0,4.0
Norte,Web,Billetera digital,123.0,1.0,4.0
Oriente,Web,Tarjeta,45.31,4.0,4.0
Oriente,Web,Billetera digital,89.78,5.0,4.0
Sur,Web,Tarjeta,162.46,3.0,4.0
Sur,Web,Contra entrega,47.14,3.0,5.0
Norte,Web,Tarjeta,330.82,1.0,5.0
Sur,Web,Billetera digital,118.46,2.0,5.0
Lima,App,Tarjeta,290.48,2.0,5.0
Centro,App,Tarjeta,179.72,9.0,3.0
Sur,App,Billetera digital,120.49,1.0,5.0
Sur,App,Billetera digital,78.91,2.0,4.0
Lima,Web,Billetera digital,127.89,1.0,4.0
Lima,Web,Tarjeta,163.15,2.0,4.0
Centro,App,Contra entrega,163.52,7.0,4.0
Oriente,App,Contra entrega,87.96,4.0,3.0
Centro,App,Tarjeta,172.55,9.0,3.0
Norte,App,Tarjeta,128.81,6.0,2.0
Lima,App,Billetera digital,224.19,3.0,5.0
Norte,App,Billetera digital,84.89,3.0,5.0
Lima,App,Billetera digital,196.41,3.0,3.0
Centro,Web,Contra entrega,72.09,7.0,3.0
Oriente,App,Tarjeta,164.75,14.0,1.0
Norte,Web,Tarjeta,46.48,2.0,4.0
Sur,Web,Billetera digital,103.85,5.0,5.0
Lima,App,Tarjeta,276.5,1.0,4.0
Lima,App,Tarjeta,84.37,1.0,4.0
Centro,Web,Billetera digital,68.9,3.0,3.0
Sur,Web,Billetera digital,65.94,4.0,5.0
Sur,App,Tarjeta,168.87,4.0,3.0
Lima,App,Billetera digital,91.14,4.0,3.0
Lima,App,Tarjeta,59.36,1.0,3.0
Sur,App,Tarjeta,109.02,4.0,3.0
Sur,Web,Billetera digital,116.96,2.0,4.0
Lima,App,Contra entrega,71.36,3.0,4.0
Lima,Web,Tarjeta,29.11,2.0,4.0
Norte,App,Billetera digital,146.94,5.0,4.0
Lima,App,Billetera digital,206.57,4.0,4.0
Lima,App,Tarjeta,253.97,1.0,4.0
Norte,App,Tarjeta,201.64,5.0,4.0
Lima,Web,Contra entrega,176.72,1.0,4.0
Lima,Web,Billetera digital,239.09,2.0,4.0
Norte,App,Tarjeta,247.24,3.0,5.0
Lima,App,Billetera digital,149.81,2.0,5.0
Lima,Web,Billetera digital,178.06,2.0,4.0
Lima,Web,Tarjeta,77.93,2.0,3.0
Norte,App,Billetera digital,123.62,3.0,4.0
Lima,App,Tarjeta,621.17,1.0,5.0
Lima,Web,Billetera digital,168.26,1.0,5.0
Oriente,App,Contra entrega,132.14,7.0,4.0
Lima,App,Tarjeta,46.42,2.0,4.0
Oriente,App,Tarjeta,237.57,3.0,3.0
Norte,App,Billetera digital,289.24,3.0,5.0
Norte,Web,Billetera digital,159.4,8.0,3.0
Centro,Web,Tarjeta,206.69,2.0,4.0
Lima,App,Billetera digital,731.78,1.0,5.0
Norte,Web,Tarjeta,150.93,3.0,4.0
Lima,App,Billetera digital,118.33,2.0,5.0
Oriente,App,Tarjeta,183.07,5.0,5.0
Lima,Web,Tarjeta,76.53,3.0,4.0
Oriente,Web,Contra entrega,159.09,5.0,4.0
Norte,Web,Contra entrega,103.16,4.0,5.0
Sur,Web,Contra entrega,309.06,8.0,2.0
Sur,App,Billetera digital,60.29,2.0,4.0
Sur,Web,Billetera digital,176.39,2.0,4.0
Sur,Web,Billetera digital,212.69,4.0,4.0
Lima,Web,Tarjeta,66.99,5.0,3.0
Norte,App,Billetera digital,185.13,1.0,5.0
Lima,App,Billetera digital,264.02,3.0,4.0
Lima,Web,Tarjeta,210.23,2.0,5.0
Lima,App,Billetera digital,139.45,1.0,4.0
Lima,App,Billetera digital,191.5,3.0,3.0
Oriente,Web,Contra entrega,68.93,5.0,4.0
Lima,App,Billetera digital,100.73,4.0,3.0
Lima,Web,Tarjeta,158.64,1.0,4.0
Centro,Web,Billetera digital,118.16,8.0,4.0
Norte,Web,Contra entrega,300.04,4.0,4.0
Lima,Web,Contra entrega,292.45,1.0,5.0
Lima,App,Billetera digital,186.97,3.0,5.0
Oriente,App,Billetera digital,165.01,7.0,4.0
Lima,App,Tarjeta,333.56,1.0,5.0
Lima,App,Tarjeta,143.98,2.0,3.0
Centro,Web,Tarjeta,130.91,3.0,5.0
Oriente,Web,Tarjeta,111.81,5.0,5.0
Oriente,App,Contra entrega,49.07,1.0,5.0
Lima,App,Billetera digital,168.12,1.0,4.0
Lima,Web,Tarjeta,136.4,2.0,4.0
Centro,App,Billetera digital,51.97,2.0,5.0
Sur,App,Tarjeta,220.66,2.0,4.0
Lima,App,Tarjeta,206.72,2.0,5.0
Lima,App,Tarjeta,139.02,3.0,3.0
Lima,App,Billetera digital,175.91,2.0,5.0
Norte,App,Tarjeta,228.69,2.0,5.0
Norte,Web,Tarjeta,160.4,2.0,4.0
Centro,Web,Billetera digital,75.06,4.0,4.0
Lima,App,Tarjeta,308.02,1.0,4.0
Norte,Web,Tarjeta,127.5,2.0,5.0
Norte,App,Tarjeta,123.15,3.0,5.0
Lima,App,Contra entrega,323.07,1.0,5.0
Lima,Web,Billetera digital,119.06,3.0,5.0
Norte,App,Billetera digital,163.38,2.0,5.0
Oriente,App,Tarjeta,106.76,2.0,5.0
Oriente,App,Billetera digital,54.52,6.0,4.0
Lima,Web,Billetera digital,217.44,1.0,5.0
Sur,Web,Tarjeta,96.31,2.0,5.0
Centro,Web,Billetera digital,143.58,3.0,3.0
Lima,Web,Billetera digital,335.79,2.0,3.0
Norte,Web,Billetera digital,71.39,2.0,5.0
Centro,Web,Billetera digital,140.55,5.0,5.0
Norte,App,Tarjeta,149.47,2.0,5.0
Norte,Web,Billetera digital,111.37,2.0,5.0
Norte,App,Tarjeta,52.65,3.0,4.0
Lima,Web,Tarjeta,70.71,3.0,4.0
Lima,App,Tarjeta,112.78,2.0,4.0
Norte,App,Tarjeta,35.91,2.0,4.0
Norte,Web,Billetera digital,103.88,3.0,4.0
Sur,App,Billetera digital,139.91,2.0,4.0
Lima,Web,Billetera digital,57.64,1.0,5.0
Centro,Web,Billetera digital,70.14,4.0,4.0
Lima,Web,Tarjeta,87.71,1.0,4.0
Lima,Web,Tarjeta,164.5,1.0,5.0
Norte,Web,Billetera digital,68.3,3.0,5.0
Norte,Web,Tarjeta,151.57,4.0,3.0
Norte,App,Billetera digital,122.79,4.0,4.0
Lima,Web,Billetera digital,226.39,1.0,5.0
Lima,Web,Tarjeta,249.27,3.0,5.0
Centro,App,Contra entrega,95.12,7.0,3.0
Lima,App,Tarjeta,117.34,2.0,4.0
Lima,Web,Tarjeta,173.71,4.0,3.0
Lima,Web,Tarjeta,208.7,2.0,4.0
Lima,App,Billetera digital,201.3,1.0,5.0
Sur,App,Billetera digital,84.1,4.0,2.0
Norte,App,Tarjeta,174.38,2.0,5.0
Norte,Web,Billetera digital,528.0,3.0,5.0
Norte,App,Billetera digital,251.67,5.0,4.0
Norte,Web,Tarjeta,113.04,5.0,3.0
Norte,Web,Billetera digital,340.08,1.0,5.0
Lima,App,Tarjeta,131.7,3.0,3.0
Sur,App,Tarjeta,140.76,2.0,4.0
Centro,Web,Billetera digital,88.53,5.0,4.0
Lima,App,Tarjeta,335.73,2.0,3.0
Lima,App,Billetera digital,148.76,1.0,5.0
Lima,App,Billetera digital,158.05,2.0,4.0
Lima,Web,Tarjeta,96.72,1.0,5.0
Lima,Web,Contra entrega,287.51,3.0,4.0
Lima,Web,Billetera digital,54.63,1.0,4.0
Lima,Web,Tarjeta,451.04,2.0,5.0
Lima,Web,Tarjeta,64.12,2.0,5.0
Sur,Web,Billetera digital,480.62,3.0,5.0
Lima,Web,Billetera digital,392.79,2.0,4.0
Norte,App,Billetera digital,193.08,1.0,4.0
Lima,App,Billetera digital,88.82,3.0,4.0
Lima,Web,Tarjeta,163.7,3.0,4.0
Lima,Web,Billetera digital,159.91,4.0,5.0
Lima,App,Billetera digital,99.17,3.0,4.0
Norte,Web,Contra entrega,81.48,3.0,5.0
Lima,Web,Billetera digital,166.27,2.0,4.0
Norte,App,Tarjeta,79.0,6.0,4.0
Lima,Web,Tarjeta,230.36,2.0,4.0
Sur,Web,Billetera digital,90.59,2.0,4.0
Lima,Web,Tarjeta,85.44,1.0,4.0
Norte,Web,Tarjeta,392.65,5.0,1.0
Lima,App,Billetera digital,401.89,3.0,5.0
Norte,Web,Billetera digital,106.93,3.0,3.0
Lima,Web,Billetera digital,119.64,1.0,4.0
Sur,App,Billetera digital,50.29,5.0,5.0
Lima,Web,Billetera digital,56.7,2.0,5.0
Sur,Web,Billetera digital,190.11,3.0,5.0
Lima,Web,Tarjeta,159.28,3.0,4.0
Lima,Web,Tarjeta,52.5,2.0,5.0
Lima,Web,Billetera digital,93.45,2.0,4.0
Lima,App,Billetera digital,105.59,1.0,5.0
Sur,Web,Tarjeta,195.22,1.0,5.0
Norte,App,Billetera digital,141.26,5.0,4.0
Lima,App,Billetera digital,474.52,1.0,4.0
Sur,App,Billetera digital,108.86,4.0,4.0
Lima,Web,Tarjeta,94.35,2.0,5.0
Centro,Web,Billetera digital,218.27,5.0,5.0
Lima,Web,Tarjeta,60.3,2.0,4.0
Sur,Web,Billetera digital,58.81,8.0,3.0
Norte,App,Tarjeta,50.56,1.0,5.0
Lima,Web,Billetera digital,155.8,1.0,3.0
Sur,App,Tarjeta,377.53,3.0,3.0
Norte,Web,Contra entrega,117.93,3.0,4.0
Sur,App,Billetera digital,107.29,3.0,4.0
Norte,App,Contra entrega,83.08,5.0,3.0
Norte,Web,Contra entrega,173.99,3.0,4.0
Norte,Web,Contra entrega,79.21,2.0,4.0
Lima,App,Billetera digital,147.34,2.0,4.0
Lima,App,Billetera digital,91.04,1.0,5.0
Lima,Web,Tarjeta,133.87,1.0,4.0
Sur,App,Tarjeta,210.07,1.0,5.0
Centro,App,Contra entrega,105.15,3.0,4.0
Lima,App,Contra entrega,55.52,1.0,4.0
Sur,Web,Billetera digital,54.09,5.0,4.0
Lima,Web,Billetera digital,103.35,2.0,5.0
Norte,Web,Tarjeta,222.46,3.0,4.0
Sur,Web,Billetera digital,63.49,3.0,4.0
Norte,Web,Billetera digital,64.12,6.0,4.0
Centro,App,Billetera digital,64.77,3.0,5.0
Lima,Web,Tarjeta,85.6,3.0,3.0
Lima,App,Tarjeta,97.53,2.0,4.0
Centro,Web,Contra entrega,103.46,2.0,4.0
Lima,App,Contra entrega,76.31,2.0,5.0
Centro,Web,Contra entrega,81.39,5.0,4.0
Lima,Web,Tarjeta,63.7,2.0,3.0
Norte,App,Tarjeta,116.16,2.0,5.0
Norte,Web,Contra entrega,64.29,8.0,3.0
Lima,App,Contra entrega,141.86,2.0,5.0
Norte,App,Billetera digital,110.45,2.0,5.0
Lima,Web,Tarjeta,359.66,3.0,4.0
Lima,Web,Tarjeta,87.99,3.0,5.0
Sur,Web,Billetera digital,118.29,2.0,4.0
Lima,App,Billetera digital,519.17,2.0,5.0
Norte,App,Tarjeta,99.63,4.0,5.0
Norte,App,Billetera digital,175.79,2.0,5.0
Centro,App,Billetera digital,207.12,4.0,3.0
Norte,Web,Billetera digital,77.27,1.0,4.0
Lima,Web,Tarjeta,261.54,1.0,4.0
Centro,Web,Billetera digital,125.79,7.0,4.0
Lima,App,Billetera digital,140.18,2.0,4.0
Centro,Web,Contra entrega,142.55,5.0,4.0
Lima,App,Billetera digital,187.91,2.0,4.0
Norte,App,Tarjeta,208.28,5.0,5.0
Norte,App,Billetera digital,201.69,3.0,5.0
Sur,App,Tarjeta,186.37,2.0,5.0
Sur,App,Contra entrega,133.37,3.0,5.0
Lima,Web,Billetera digital,173.75,2.0,4.0
Lima,Web,Billetera digital,34.67,3.0,3.0
Sur,App,Tarjeta,127.48,1.0,5.0
Lima,App,Contra entrega,236.76,2.0,3.0
Lima,Web,Billetera digital,71.7,1.0,4.0
Lima,Web,Tarjeta,118.23,2.0,5.0
Sur,App,Tarjeta,201.77,3.0,
Lima,App,Contra entrega,152.12,2.0,4.0
Lima,App,Billetera digital,113.28,2.0,5.0
Norte,Web,Tarjeta,140.65,3.0,3.0
Centro,Web,Billetera digital,200.94,7.0,4.0
Centro,Web,Billetera digital,187.68,8.0,3.0
Norte,App,Billetera digital,118.0,5.0,5.0
Centro,App,Billetera digital,54.35,3.0,5.0
Lima,App,Contra entrega,155.48,2.0,4.0
Lima,App,Contra entrega,98.58,1.0,4.0
Norte,App,Tarjeta,296.23,3.0,3.0
Lima,App,Tarjeta,272.27,2.0,5.0
Norte,Web,Billetera digital,119.78,4.0,3.0
Oriente,App,Tarjeta,96.72,9.0,3.0
Norte,App,Billetera digital,109.45,2.0,3.0
Lima,Web,Tarjeta,124.45,3.0,4.0
Sur,Web,Billetera digital,121.0,3.0,4.0
Norte,App,Billetera digital,71.37,2.0,4.0
Norte,App,Tarjeta,110.72,2.0,5.0
Sur,App,Tarjeta,564.89,4.0,4.0
Lima,Web,Tarjeta,193.58,1.0,5.0
Lima,App,Billetera digital,135.79,2.0,4.0
Sur,Web,Tarjeta,149.92,4.0,4.0
Lima,Web,Billetera digital,165.29,1.0,5.0
Norte,Web,Tarjeta,61.73,1.0,4.0
Centro,App,Contra entrega,134.46,4.0,3.0
Lima,Web,Contra entrega,234.87,2.0,4.0
Sur,Web,Billetera digital,211.29,3.0,4.0
Sur,App,Billetera digital,169.73,3.0,3.0
Sur,Web,Billetera digital,51.39,3.0,5.0
Lima,Web,Tarjeta,132.17,1.0,3.0
Lima,App,Billetera digital,254.5,1.0,4.0
Lima,Web,Tarjeta,56.31,3.0,5.0
Oriente,App,Billetera digital,153.27,5.0,3.0
Lima,App,Billetera digital,122.05,3.0,4.0
Lima,Web,Billetera digital,324.0,2.0,5.0
Lima,App,Billetera digital,83.36,2.0,5.0
Lima,App,Billetera digital,121.72,1.0,4.0
Lima,App,Tarjeta,81.36,1.0,5.0
Norte,App,Contra entrega,143.26,2.0,4.0
Norte,Web,Tarjeta,206.96,1.0,5.0
Lima,Web,Billetera digital,126.05,2.0,5.0
Lima,App,Tarjeta,92.9,3.0,5.0
Lima,Web,Tarjeta,195.12,1.0,4.0
Norte,Web,Tarjeta,62.74,3.0,3.0
Lima,Web,Billetera digital,154.6,3.0,4.0
Lima,App,Tarjeta,116.04,1.0,4.0
Norte,Web,Billetera digital,59.45,3.0,4.0
Norte,App,Billetera digital,105.76,3.0,5.0
Sur,App,Contra entrega,77.32,14.0,4.0
Norte,App,Billetera digital,172.73,1.0,5.0
Sur,Web,Billetera digital,83.09,3.0,4.0
Sur,Web,Tarjeta,87.4,1.0,4.0
Lima,App,Tarjeta,128.58,3.0,4.0
Lima,Web,Contra entrega,249.1,1.0,3.0
Norte,Web,Contra entrega,233.77,2.0,5.0
Lima,Web,Contra entrega,300.22,4.0,4.0
Lima,Web,Billetera digital,248.31,2.0,5.0
Lima,App,Tarjeta,46.27,2.0,3.0
Sur,App,Billetera digital,149.92,3.0,5.0
Lima,Web,Billetera digital,159.52,1.0,5.0
Lima,Web,Tarjeta,190.69,3.0,4.0
Norte,Web,Billetera digital,100.68,3.0,4.0
Lima,Web,Tarjeta,230.69,2.0,4.0
Lima,App,Billetera digital,57.73,3.0,3.0
Sur,Web,Billetera digital,160.28,2.0,4.0
Norte,App,Tarjeta,160.0,4.0,3.0
Lima,Web,Tarjeta,529.68,1.0,5.0
Lima,App,Tarjeta,217.58,2.0,5.0
Lima,App,Tarjeta,186.28,1.0,5.0
Sur,App,Contra entrega,168.55,3.0,5.0
Lima,Web,Tarjeta,313.23,2.0,5.0
Norte,App,Billetera digital,162.61,2.0,5.0
Lima,Web,Contra entrega,181.11,2.0,5.0
Centro,App,Contra entrega,244.67,3.0,4.0
Lima,Web,Billetera digital,146.39,2.0,5.0
Sur,App,Billetera digital,292.26,5.0,2.0
Sur,App,Tarjeta,129.69,3.0,4.0
Centro,Web,Billetera digital,87.7,4.0,4.0
Lima,Web,Tarjeta,233.07,3.0,3.0
Lima,App,Billetera digital,81.92,3.0,3.0
Centro,Web,Contra entrega,200.94,3.0,5.0
Lima,App,Billetera digital,181.2,1.0,4.0
Lima,Web,Billetera digital,118.63,3.0,4.0
Norte,App,Contra entrega,75.04,2.0,4.0
Lima,Web,Tarjeta,206.72,4.0,5.0
Lima,Web,Billetera digital,91.7,2.0,4.0
Norte,App,Tarjeta,89.89,4.0,3.0
Norte,App,Billetera digital,159.94,5.0,2.0
Sur,App,Tarjeta,241.36,4.0,4.0
Oriente,App,Billetera digital,372.41,2.0,5.0
Centro,Web,Tarjeta,118.84,2.0,5.0
Lima,App,Billetera digital,104.46,3.0,5.0
Sur,Web,Tarjeta,94.26,8.0,2.0
Lima,App,Tarjeta,228.71,2.0,5.0
Norte,Web,Billetera digital,197.04,1.0,4.0
Lima,Web,Contra entrega,428.51,1.0,5.0
Centro,App,Contra entrega,95.4,6.0,1.0
Lima,App,Tarjeta,116.83,1.0,3.0
Lima,App,Tarjeta,91.51,2.0,5.0
Centro,App,Billetera digital,42.0,2.0,5.0
Norte,Web,Contra entrega,160.85,4.0,3.0
Sur,Web,Billetera digital,42.19,4.0,5.0
Centro,Web,Billetera digital,107.49,3.0,3.0
Lima,Web,Billetera digital,366.15,2.0,3.0
Norte,App,Billetera digital,124.0,2.0,5.0
Oriente,Web,Billetera digital,113.89,4.0,4.0
Lima,App,Tarjeta,170.5,1.0,4.0
Norte,App,Contra entrega,106.34,2.0,5.0
Lima,Web,Billetera digital,190.14,2.0,4.0
Norte,Web,Contra entrega,111.16,3.0,5.0
Lima,App,Tarjeta,135.95,4.0,4.0
Lima,Web,Tarjeta,129.53,1.0,4.0
Lima,Web,Contra entrega,100.7,1.0,5.0
Norte,Web,Contra entrega,117.02,2.0,
Lima,App,Tarjeta,246.2,3.0,4.0
Lima,App,Contra entrega,376.78,2.0,4.0
Lima,Web,Tarjeta,2761.38,2.0,4.0
Lima,Web,Tarjeta,36.17,2.0,5.0
Sur,Web,Contra entrega,112.49,3.0,5.0
Centro,Web,Contra entrega,77.86,4.0,5.0
Sur,Web,Billetera digital,269.3,2.0,5.0
Centro,Web,Billetera digital,144.49,2.0,3.0
Lima,Web,Tarjeta,79.34,2.0,4.0
Sur,App,Billetera digital,61.45,6.0,2.0
Oriente,Web,Contra entrega,228.01,7.0,5.0
Oriente,Web,Billetera digital,105.69,4.0,3.0
Lima,App,Tarjeta,267.63,2.0,3.0
Lima,Web,Billetera digital,57.76,2.0,5.0
Lima,Web,Tarjeta,139.03,4.0,3.0
Lima,App,Billetera digital,576.31,4.0,3.0
Oriente,Web,Billetera digital,104.45,5.0,2.0
Lima,Web,Billetera digital,246.1,2.0,3.0
Norte,Web,Contra entrega,92.51,2.0,4.0
Oriente,App,Tarjeta,78.58,4.0,4.0
Oriente,App,Contra entrega,163.68,1.0,5.0
Norte,Web,Tarjeta,148.63,6.0,3.0
Lima,App,Billetera digital,108.54,2.0,5.0
Norte,Web,Billetera digital,84.69,7.0,3.0
Lima,Web,Billetera digital,154.13,1.0,3.0
Lima,Web,Contra entrega,251.47,1.0,5.0
Sur,Web,Contra entrega,114.81,12.0,3.0
Lima,App,Billetera digital,171.05,4.0,3.0
Lima,App,Billetera digital,155.17,1.0,4.0
Oriente,App,Billetera digital,88.89,8.0,4.0
Lima,App,Billetera digital,136.29,1.0,5.0
Sur,Web,Tarjeta,122.54,2.0,5.0
Lima,App,Tarjeta,111.99,2.0,3.0
Norte,Web,Billetera digital,202.83,1.0,4.0
Lima,App,Billetera digital,303.0,1.0,5.0
Norte,Web,Contra entrega,101.58,2.0,5.0
Norte,Web,Tarjeta,76.49,5.0,4.0
Centro,App,Tarjeta,281.66,6.0,4.0
Lima,Web,Billetera digital,107.46,2.0,4.0
Sur,Web,Billetera digital,123.27,6.0,3.0
Norte,Web,Billetera digital,98.1,2.0,3.0
Sur,Web,Tarjeta,192.73,2.0,5.0
Oriente,Web,Tarjeta,53.92,10.0,4.0
Sur,Web,Billetera digital,63.24,4.0,4.0
Norte,Web,Billetera digital,101.85,3.0,4.0
Lima,App,Billetera digital,132.75,1.0,5.0
Norte,Web,Billetera digital,130.55,3.0,4.0
Oriente,Web,Contra entrega,182.85,11.0,3.0
Sur,App,Billetera digital,108.11,4.0,5.0
Lima,App,Billetera digital,110.76,2.0,5.0
Norte,App,Contra entrega,81.2,2.0,5.0
Sur,App,Contra entrega,120.06,1.0,4.0
Sur,App,Billetera digital,125.12,2.0,5.0
Lima,Web,Tarjeta,142.03,1.0,
Lima,App,Billetera digital,168.58,1.0,4.0
Norte,Web,Billetera digital,237.88,4.0,5.0
Oriente,Web,Billetera digital,310.33,2.0,5.0
Lima,App,Tarjeta,323.78,1.0,4.0
Norte,Web,Billetera digital,107.95,2.0,3.0
Oriente,App,Contra entrega,106.56,3.0,4.0
Norte,Web,Billetera digital,377.85,2.0,5.0
Lima,Web,Contra entrega,94.65,1.0,5.0
Lima,Web,Tarjeta,136.29,2.0,4.0
Lima,App,Tarjeta,195.47,3.0,3.0
Centro,App,Tarjeta,140.39,2.0,5.0
Norte,App,Contra entrega,68.44,3.0,3.0
Sur,App,Tarjeta,164.53,3.0,5.0
Lima,Web,Tarjeta,144.55,2.0,5.0
Sur,Web,Billetera digital,73.46,3.0,3.0
Lima,App,Contra entrega,195.1,3.0,5.0
Sur,App,Tarjeta,173.06,1.0,5.0
Lima,Web,Tarjeta,208.58,1.0,4.0
Centro,App,Tarjeta,112.74,2.0,5.0
Sur,Web,Contra entrega,181.75,2.0,4.0
Lima,Web,Contra entrega,392.6,1.0,4.0
Sur,Web,Billetera digital,110.91,2.0,4.0
Lima,Web,Billetera digital,42.16,2.0,5.0
Lima,Web,Tarjeta,104.24,2.0,5.0
Norte,Web,Billetera digital,124.38,2.0,3.0
Lima,App,Tarjeta,155.04,2.0,4.0
Lima,Web,Contra entrega,130.89,1.0,4.0
Lima,App,Tarjeta,73.14,2.0,5.0
Sur,App,Tarjeta,114.77,4.0,4.0
Lima,Web,Tarjeta,113.99,1.0,4.0
Lima,App,Tarjeta,127.12,1.0,5.0
Norte,App,Billetera digital,348.11,4.0,5.0
Lima,Web,Billetera digital,63.37,1.0,5.0
Sur,App,Billetera digital,98.52,3.0,5.0
Lima,App,Tarjeta,110.27,2.0,3.0
Lima,App,Billetera digital,515.31,3.0,5.0
Lima,Web,Tarjeta,86.68,1.0,5.0
Centro,Web,Tarjeta,153.27,4.0,4.0
Sur,App,Tarjeta,71.12,2.0,5.0
Lima,Web,Billetera digital,54.75,2.0,4.0
Centro,App,Billetera digital,210.53,1.0,5.0
Centro,Web,Tarjeta,189.33,4.0,4.0
Lima,Web,Tarjeta,106.77,1.0,5.0
Centro,Web,Tarjeta,48.66,7.0,3.0
Sur,App,Billetera digital,183.87,5.0,
Lima,Web,Tarjeta,226.42,1.0,5.0
Lima,Web,Tarjeta,125.57,1.0,5.0
Sur,Web,Billetera digital,146.79,3.0,5.0
Lima,Web,Tarjeta,133.74,1.0,5.0
Lima,App,Tarjeta,191.03,2.0,5.0
Norte,App,Billetera digital,115.59,2.0,4.0
Lima,App,Tarjeta,145.03,4.0,5.0
Sur,Web,Tarjeta,85.23,4.0,4.0
Lima,App,Tarjeta,158.02,2.0,4.0
Lima,App,Tarjeta,150.32,2.0,5.0
Centro,Web,Contra entrega,162.15,8.0,3.0
Lima,App,Contra entrega,76.27,1.0,5.0
Sur,Web,Billetera digital,54.1,1.0,4.0
Norte,App,Billetera digital,105.69,3.0,5.0
Norte,Web,Tarjeta,251.57,5.0,3.0
Norte,App,Tarjeta,237.28,2.0,5.0
Centro,App,Tarjeta,62.37,5.0,3.0
Centro,Web,Billetera digital,95.74,2.0,4.0
Norte,App,Tarjeta,123.52,2.0,5.0
Centro,Web,Billetera digital,57.53,3.0,4.0
Oriente,App,Billetera digital,133.89,9.0,3.0
Centro,App,Contra entrega,205.57,2.0,4.0
Norte,Web,Tarjeta,95.78,2.0,4.0
Lima,App,Tarjeta,123.58,2.0,4.0
Lima,App,Tarjeta,99.21,3.0,4.0
Lima,App,Billetera digital,95.86,2.0,4.0
Lima,App,Billetera digital,107.5,1.0,5.0
Norte,App,Contra entrega,285.8,6.0,3.0
Lima,Web,Tarjeta,131.08,1.0,2.0
Lima,App,Tarjeta,74.85,2.0,4.0
Lima,Web,Tarjeta,208.75,1.0,5.0
Norte,App,Tarjeta,45.31,2.0,4.0
Lima,Web,Tarjeta,151.3,2.0,3.0
Norte,App,Billetera digital,199.04,2.0,3.0
Lima,App,Contra entrega,150.19,3.0,5.0
Oriente,Web,Billetera digital,254.06,6.0,4.0
Lima,Web,Tarjeta,130.7,3.0,
Lima,Web,Tarjeta,532.92,2.0,5.0
Lima,Web,Tarjeta,210.72,2.0,4.0
Lima,App,Tarjeta,291.01,1.0,5.0
Norte,App,Contra entrega,100.29,10.0,1.0
Lima,App,Tarjeta,285.68,4.0,
Centro,Web,Billetera digital,167.31,1.0,5.0
Lima,App,Tarjeta,195.4,1.0,5.0
Norte,App,Billetera digital,93.44,3.0,3.0
Lima,App,Tarjeta,204.38,1.0,5.0
Lima,App,Billetera digital,171.96,2.0,3.0
Centro,Web,Tarjeta,146.02,4.0,5.0
Lima,App,Billetera digital,185.25,2.0,5.0
Centro,Web,Contra entrega,70.12,7.0,4.0
Norte,App,Billetera digital,178.3,2.0,4.0
Sur,Web,Billetera digital,198.35,5.0,4.0
Lima,Web,Billetera digital,172.65,3.0,4.0
Sur,App,Billetera digital,264.86,4.0,4.0
Norte,Web,Billetera digital,216.57,2.0,3.0
Lima,Web,Tarjeta,141.79,2.0,4.0
Oriente,Web,Tarjeta,187.23,8.0,4.0
Sur,Web,Tarjeta,47.64,2.0,4.0
Centro,Web,Contra entrega,156.43,4.0,2.0
Lima,Web,Billetera digital,107.37,3.0,4.0
Sur,App,Tarjeta,68.61,1.0,5.0
Norte,App,Contra entrega,87.07,1.0,5.0
Lima,Web,Tarjeta,300.22,2.0,5.0
Lima,Web,Tarjeta,234.83,2.0,4.0
Lima,App,Billetera digital,76.47,3.0,4.0
Centro,Web,Contra entrega,137.24,2.0,5.0
Lima,Web,Contra entrega,72.74,2.0,2.0
Lima,Web,Tarjeta,261.85,1.0,5.0
Lima,Web,Billetera digital,153.45,2.0,5.0
Lima,Web,Tarjeta,188.0,2.0,
Lima,Web,Billetera digital,124.72,2.0,4.0
Lima,Web,Billetera digital,89.78,2.0,4.0
Lima,App,Tarjeta,182.53,3.0,5.0
Norte,Web,Contra entrega,153.27,1.0,5.0
Centro,App,Tarjeta,67.93,6.0,4.0
Oriente,App,Contra entrega,36.69,6.0,3.0
Lima,Web,Tarjeta,105.56,2.0,5.0
Norte,Web,Tarjeta,175.79,2.0,4.0
Sur,App,Billetera digital,42.5,3.0,3.0
Lima,Web,Billetera digital,131.24,2.0,4.0
Centro,App,Contra entrega,421.59,7.0,3.0
Oriente,Web,Billetera digital,86.77,6.0,3.0
Lima,Web,Billetera digital,174.37,1.0,5.0
Oriente,App,Billetera digital,68.93,2.0,3.0
Norte,Web,Tarjeta,244.55,3.0,3.0
Lima,Web,Tarjeta,58.44,2.0,4.0
Lima,App,Tarjeta,81.65,2.0,5.0
Sur,Web,Tarjeta,84.89,3.0,5.0
Lima,Web,Billetera digital,151.37,2.0,5.0
Lima,Web,Tarjeta,119.02,2.0,4.0
Sur,App,Tarjeta,226.83,4.0,4.0
Norte,App,Contra entrega,66.92,2.0,5.0
Sur,App,Tarjeta,184.85,4.0,3.0
Lima,Web,Billetera digital,142.78,1.0,4.0
Lima,Web,Tarjeta,266.03,1.0,4.0
Lima,Web,Tarjeta,160.15,2.0,5.0
Centro,Web,Tarjeta,154.41,4.0,3.0
Sur,Web,Billetera digital,138.51,3.0,5.0
Lima,App,Tarjeta,49.61,1.0,3.0
Lima,App,Billetera digital,425.14,2.0,4.0
Lima,Web,Tarjeta,132.09,2.0,4.0
Lima,Web,Billetera digital,185.68,1.0,5.0
Lima,Web,Contra entrega,91.8,2.0,5.0
Norte,App,Billetera digital,88.97,2.0,4.0
Lima,App,Contra entrega,169.57,3.0,4.0
Lima,Web,Billetera digital,96.54,2.0,4.0
Norte,App,Billetera digital,266.83,3.0,3.0
Sur,App,Tarjeta,305.7,3.0,4.0
Sur,Web,Tarjeta,271.37,4.0,5.0
Sur,Web,Tarjeta,167.47,1.0,4.0
Oriente,Web,Contra entrega,125.27,5.0,4.0
Sur,Web,Tarjeta,156.87,3.0,3.0
Lima,App,Billetera digital,75.89,2.0,5.0
Oriente,Web,Billetera digital,201.03,2.0,4.0
Sur,App,Billetera digital,221.9,3.0,5.0
Sur,App,Billetera digital,52.91,2.0,5.0
Centro,App,Contra entrega,81.19,6.0,5.0
Centro,Web,Tarjeta,30.98,5.0,3.0
Lima,Web,Billetera digital,242.27,2.0,4.0
Lima,App,Billetera digital,169.77,2.0,4.0
Sur,App,Tarjeta,264.78,2.0,4.0
Sur,Web,Tarjeta,50.41,1.0,4.0
Lima,App,Tarjeta,59.67,1.0,3.0
Lima,Web,Contra entrega,91.9,1.0,5.0
Lima,App,Tarjeta,132.11,4.0,4.0
Norte,App,Contra entrega,179.91,2.0,4.0
Oriente,Web,Contra entrega,223.25,8.0,2.0
Lima,Web,Tarjeta,122.59,3.0,5.0
Centro,App,Tarjeta,198.21,3.0,
Norte,App,Billetera digital,155.66,7.0,3.0
Lima,Web,Billetera digital,224.7,2.0,4.0
Sur,Web,Billetera digital,152.41,3.0,5.0
Oriente,Web,Contra entrega,86.61,3.0,5.0
Oriente,App,Tarjeta,92.88,6.0,4.0
Sur,App,Billetera digital,207.33,2.0,4.0
Lima,Web,Billetera digital,142.09,2.0,5.0
Oriente,Web,Contra entrega,217.77,6.0,3.0
Sur,Web,Billetera digital,207.62,5.0,5.0
Oriente,Web,Contra entrega,111.97,6.0,3.0
Lima,App,Tarjeta,127.48,3.0,5.0
Sur,App,Contra entrega,183.68,2.0,4.0
Oriente,Web,Contra entrega,105.4,4.0,4.0
Lima,Web,Billetera digital,252.55,1.0,4.0
Norte,App,Contra entrega,179.13,3.0,3.0
Lima,Web,Contra entrega,176.7,2.0,5.0
Lima,App,Tarjeta,102.31,1.0,4.0
Lima,Web,Billetera digital,102.59,3.0,4.0
Norte,Web,Tarjeta,330.34,4.0,4.0
Norte,App,Tarjeta,86.47,3.0,5.0
Norte,App,Billetera digital,128.35,3.0,3.0
Lima,App,Tarjeta,154.27,1.0,3.0
Norte,App,Tarjeta,144.16,2.0,4.0
Lima,App,Billetera digital,183.58,1.0,5.0
Norte,App,Billetera digital,59.1,4.0,4.0
Centro,App,Contra entrega,169.89,6.0,2.0
Lima,App,Contra entrega,118.83,1.0,5.0
Oriente,Web,Contra entrega,135.88,1.0,5.0
Sur,Web,Tarjeta,110.78,4.0,4.0
Centro,App,Billetera digital,113.28,5.0,3.0
Norte,App,Tarjeta,101.55,6.0,3.0
Centro,Web,Tarjeta,121.38,2.0,4.0
Norte,Web,Billetera digital,96.98,2.0,
Lima,App,Contra entrega,56.3,3.0,4.0
Lima,Web,Contra entrega,158.21,5.0,3.0
Centro,Web,Billetera digital,120.95,5.0,5.0
Lima,Web,Billetera digital,262.5,2.0,3.0
Centro,App,Billetera digital,114.4,4.0,3.0
Centro,App,Contra entrega,122.37,3.0,3.0
Sur,Web,Tarjeta,595.47,3.0,3.0
Lima,Web,Tarjeta,132.43,1.0,5.0
Oriente,App,Billetera digital,151.19,1.0,5.0
Norte,Web,Contra entrega,168.46,3.0,5.0
Norte,App,Billetera digital,149.57,2.0,4.0
Sur,Web,Tarjeta,109.34,1.0,3.0
Lima,App,Tarjeta,97.19,2.0,4.0
Norte,App,Billetera digital,130.94,4.0,4.0
Norte,Web,Tarjeta,223.61,3.0,4.0
Lima,Web,Tarjeta,332.05,1.0,4.0
Centro,Web,Tarjeta,141.18,7.0,2.0
Lima,Web,Billetera digital,93.96,3.0,5.0
Lima,App,Billetera digital,85.8,2.0,4.0
Lima,Web,Tarjeta,131.14,1.0,5.0
Oriente,Web,Contra entrega,103.55,3.0,4.0
Lima,Web,Tarjeta,94.76,2.0,4.0
Norte,App,Contra entrega,126.99,4.0,4.0
Lima,App,Billetera digital,221.16,1.0,4.0
Lima,Web,Billetera digital,207.11,1.0,5.0
Sur,Web,Billetera digital,83.14,2.0,5.0
Sur,Web,Contra entrega,87.31,3.0,4.0
Norte,Web,Billetera digital,111.93,3.0,4.0
Oriente,Web,Billetera digital,106.98,9.0,2.0
Sur,Web,Billetera digital,59.49,5.0,4.0
Lima,App,Contra entrega,211.58,1.0,4.0
Norte,App,Tarjeta,126.57,3.0,4.0
Sur,Web,Tarjeta,203.73,5.0,5.0
Lima,Web,Tarjeta,100.1,2.0,4.0
Oriente,App,Contra entrega,137.08,6.0,3.0
Oriente,App,Billetera digital,265.72,11.0,3.0
Norte,Web,Billetera digital,169.92,5.0,4.0
Lima,Web,Billetera digital,139.81,2.0,4.0
Sur,Web,Billetera digital,70.77,4.0,3.0
Norte,App,Billetera digital,265.37,3.0,4.0
Lima,Web,Billetera digital,473.84,2.0,4.0
Norte,App,Billetera digital,120.9,3.0,4.0
Sur,App,Billetera digital,154.2,5.0,4.0
Sur,Web,Tarjeta,262.77,2.0,5.0
Norte,Web,Billetera digital,147.24,5.0,4.0
Lima,App,Tarjeta,208.78,1.0,5.0
Centro,App,Tarjeta,84.36,3.0,3.0
Lima,Web,Billetera digital,256.96,1.0,4.0
Lima,Web,Tarjeta,99.93,1.0,4.0
Sur,Web,Billetera digital,190.71,3.0,3.0
Sur,Web,Tarjeta,46.58,2.0,5.0
Lima,Web,Billetera digital,69.56,1.0,5.0
Sur,Web,Contra entrega,194.06,2.0,4.0
Sur,Web,Tarjeta,139.86,3.0,3.0
Lima,Web,Tarjeta,164.94,1.0,5.0
Lima,Web,Tarjeta,190.19,1.0,3.0
Lima,Web,Tarjeta,152.57,1.0,5.0
Norte,Web,Tarjeta,92.67,5.0,3.0
Lima,Web,Tarjeta,103.61,1.0,5.0
Lima,Web,Billetera digital,117.45,2.0,5.0
Norte,Web,Contra entrega,312.8,2.0,4.0
Lima,App,Tarjeta,211.84,2.0,5.0
Sur,App,Contra entrega,67.37,4.0,3.0
Centro,Web,Billetera digital,192.83,2.0,4.0
Sur,App,Contra entrega,146.29,4.0,3.0
Lima,Web,Billetera digital,161.56,3.0,4.0
Lima,App,Tarjeta,150.09,2.0,3.0
Norte,Web,Contra entrega,188.46,3.0,5.0
Lima,Web,Tarjeta,143.24,1.0,5.0
Norte,App,Billetera digital,138.17,6.0,4.0
Norte,Web,Tarjeta,109.88,2.0,5.0
Norte,Web,Tarjeta,71.85,3.0,4.0
Lima,Web,Billetera digital,180.76,1.0,5.0
Lima,Web,Billetera digital,255.46,2.0,5.0
Lima,App,Billetera digital,295.18,3.0,3.0
Lima,Web,Tarjeta,149.22,1.0,5.0
Sur,Web,Contra entrega,166.53,3.0,3.0
Lima,App,Tarjeta,233.81,2.0,5.0
Lima,Web,Tarjeta,204.82,1.0,3.0
Lima,Web,Billetera digital,69.4,2.0,4.0
Lima,App,Tarjeta,282.47,2.0,5.0
Lima,Web,Contra entrega,98.97,2.0,5.0
Sur,Web,Billetera digital,124.78,5.0,4.0
Norte,Web,Billetera digital,313.39,3.0,
Lima,App,Tarjeta,111.08,2.0,3.0
Centro,App,Contra entrega,72.95,2.0,5.0
Norte,Web,Tarjeta,92.32,6.0,2.0
Lima,App,Billetera digital,137.67,3.0,4.0
Norte,Web,Tarjeta,135.11,5.0,3.0
Oriente,App,Tarjeta,64.33,5.0,3.0
Norte,App,Billetera digital,76.23,3.0,4.0
Lima,Web,Billetera digital,145.93,1.0,5.0
Sur,Web,Billetera digital,109.38,2.0,4.0
Norte,App,Billetera digital,125.81,6.0,4.0
Lima,Web,Tarjeta,207.05,2.0,
Norte,App,Contra entrega,110.57,1.0,4.0
Sur,App,Billetera digital,101.08,2.0,4.0
Centro,Web,Contra entrega,201.75,4.0,3.0
Lima,App,Tarjeta,87.99,2.0,3.0
Centro,Web,Billetera digital,111.96,7.0,1.0
Norte,App,Tarjeta,306.26,8.0,2.0
Sur,Web,Contra entrega,88.98,7.0,3.0
Centro,Web,Contra entrega,54.6,2.0,5.0
Oriente,App,Contra entrega,78.1,8.0,2.0
Sur,Web,Contra entrega,238.29,2.0,5.0
Centro,App,Tarjeta,90.52,4.0,4.0
Lima,Web,Billetera digital,212.27,2.0,4.0
Lima,Web,Contra entrega,189.29,3.0,4.0
Norte,App,Contra entrega,192.85,3.0,3.0
Sur,App,Billetera digital,67.31,9.0,3.0
Lima,App,Tarjeta,117.75,2.0,3.0
Sur,App,Contra entrega,166.62,3.0,4.0
Lima,App,Tarjeta,135.09,5.0,4.0
Norte,App,Contra entrega,164.74,3.0,4.0
Lima,App,Tarjeta,58.3,1.0,5.0
Norte,Web,Contra entrega,42.19,1.0,4.0
Oriente,App,Billetera digital,91.38,7.0,2.0
Lima,App,Billetera digital,172.1,3.0,5.0
Norte,App,Tarjeta,214.36,4.0,3.0
Oriente,App,Billetera digital,81.44,4.0,4.0
Sur,Web,Tarjeta,92.49,4.0,5.0
Lima,App,Billetera digital,359.61,1.0,4.0
Lima,Web,Billetera digital,244.32,2.0,4.0
Centro,App,Contra entrega,125.67,4.0,5.0
Lima,Web,Contra entrega,215.91,3.0,5.0
Lima,Web,Billetera digital,84.13,1.0,3.0
Centro,App,Tarjeta,114.6,4.0,4.0
Oriente,App,Tarjeta,133.21,3.0,4.0
Lima,App,Tarjeta,224.0,2.0,4.0
Lima,Web,Tarjeta,47.8,2.0,5.0
Lima,App,Tarjeta,244.63,2.0,4.0
Sur,Web,Billetera digital,94.93,2.0,4.0
Lima,Web,Tarjeta,208.45,2.0,5.0
Lima,Web,Tarjeta,151.22,1.0,4.0
Lima,App,Billetera digital,165.1,2.0,3.0
Lima,Web,Billetera digital,185.54,2.0,4.0
Oriente,Web,Tarjeta,199.19,2.0,5.0
Centro,Web,Billetera digital,87.67,6.0,5.0
Norte,Web,Billetera digital,259.28,4.0,3.0
Sur,Web,Tarjeta,178.34,6.0,5.0
Centro,Web,Billetera digital,107.07,3.0,4.0
Norte,Web,Billetera digital,122.0,5.0,4.0
Norte,Web,Billetera digital,290.92,4.0,4.0
Lima,App,Billetera digital,463.39,2.0,4.0
Lima,App,Billetera digital,164.98,2.0,5.0
Lima,Web,Billetera digital,161.6,2.0,4.0
Norte,App,Billetera digital,121.76,4.0,4.0
Sur,Web,Contra entrega,111.35,6.0,3.0
Norte,Web,Billetera digital,63.24,3.0,5.0
Norte,Web,Billetera digital,199.51,4.0,4.0
Centro,Web,Contra entrega,104.23,2.0,5.0
Sur,App,Billetera digital,185.17,7.0,3.0
Oriente,Web,Tarjeta,82.46,6.0,4.0
Norte,Web,Billetera digital,113.04,6.0,4.0
Norte,App,Tarjeta,117.97,2.0,4.0
Lima,App,Contra entrega,93.06,1.0,5.0
Sur,App,Billetera digital,208.12,8.0,3.0
Oriente,Web,Billetera digital,323.21,4.0,3.0
Lima,Web,Tarjeta,137.44,3.0,4.0
Lima,App,Tarjeta,268.89,1.0,5.0
Norte,App,Billetera digital,136.2,2.0,4.0
Centro,App,Contra entrega,74.56,4.0,5.0
Centro,Web,Contra entrega,319.63,6.0,3.0
Centro,Web,Billetera digital,94.26,2.0,5.0
Lima,Web,Tarjeta,66.46,3.0,5.0
Norte,Web,Billetera digital,124.63,2.0,4.0
Lima,App,Tarjeta,194.5,2.0,4.0
Centro,App,Tarjeta,239.59,6.0,3.0
Norte,Web,Contra entrega,218.72,2.0,5.0
Lima,App,Tarjeta,141.74,1.0,5.0
Centro,App,Contra entrega,122.28,5.0,3.0
Norte,Web,Contra entrega,73.31,3.0,4.0
Sur,App,Contra entrega,51.6,2.0,4.0
Sur,App,Tarjeta,194.07,1.0,5.0
Lima,App,Billetera digital,120.75,2.0,4.0
Norte,App,Billetera digital,383.79,3.0,5.0
Lima,Web,Tarjeta,240.71,1.0,4.0
Lima,App,Tarjeta,53.03,2.0,5.0
Lima,Web,Tarjeta,77.04,2.0,5.0
Sur,App,Billetera digital,121.1,5.0,4.0
Centro,App,Contra entrega,117.03,4.0,5.0
Oriente,App,Contra entrega,49.16,3.0,5.0
Sur,Web,Tarjeta,128.49,2.0,3.0
Norte,Web,Billetera digital,123.14,6.0,5.0
Lima,App,Contra entrega,81.65,3.0,
Norte,App,Billetera digital,127.89,3.0,5.0
Lima,Web,Contra entrega,139.63,1.0,4.0
Sur,Web,Tarjeta,418.34,2.0,5.0
Norte,Web,Billetera digital,95.24,3.0,5.0
Lima,Web,Tarjeta,136.71,1.0,5.0
Norte,Web,Tarjeta,100.4,4.0,4.0
Lima,App,Tarjeta,90.51,1.0,5.0
Lima,App,Tarjeta,66.44,2.0,4.0
Lima,Web,Tarjeta,216.52,1.0,4.0
Oriente,Web,Tarjeta,128.53,5.0,4.0
Lima,App,Tarjeta,102.35,3.0,3.0
Oriente,Web,Tarjeta,55.72,3.0,5.0
Centro,Web,Billetera digital,355.89,2.0,3.0
Oriente,Web,Billetera digital,195.37,7.0,4.0
Sur,Web,Billetera digital,228.01,4.0,5.0
Norte,Web,Contra entrega,150.93,3.0,5.0
Sur,App,Billetera digital,98.87,3.0,3.0
Oriente,App,Billetera digital,169.92,8.0,5.0
Sur,App,Contra entrega,105.09,2.0,4.0
Lima,App,Tarjeta,164.0,2.0,4.0
Lima,Web,Tarjeta,120.17,1.0,3.0
Centro,App,Contra entrega,66.55,4.0,4.0
Lima,Web,Tarjeta,119.84,2.0,5.0
Lima,App,Tarjeta,162.82,2.0,3.0
Norte,Web,Billetera digital,120.14,6.0,3.0
Lima,App,Billetera digital,110.55,1.0,4.0
Norte,App,Billetera digital,253.61,5.0,4.0
Lima,Web,Billetera digital,122.0,5.0,4.0
Norte,Web,Contra entrega,79.55,5.0,4.0
Lima,App,Billetera digital,366.27,2.0,5.0
Norte,App,Billetera digital,157.29,4.0,3.0
Sur,Web,Billetera digital,74.18,2.0,5.0
Lima,Web,Tarjeta,84.39,1.0,5.0
Lima,App,Contra entrega,251.07,3.0,3.0
Lima,Web,Billetera digital,112.54,1.0,5.0
Oriente,App,Contra entrega,120.91,4.0,4.0
Lima,Web,Tarjeta,113.99,1.0,5.0
Oriente,Web,Billetera digital,57.13,9.0,3.0
Lima,Web,Billetera digital,120.56,2.0,4.0
Norte,App,Tarjeta,110.98,2.0,5.0
Sur,Web,Billetera digital,163.18,5.0,4.0
Lima,App,Billetera digital,141.75,3.0,5.0
Lima,Web,Tarjeta,81.25,3.0,5.0
Sur,App,Tarjeta,140.04,6.0,4.0
Lima,Web,Tarjeta,79.54,2.0,4.0
Lima,App,Billetera digital,319.79,2.0,3.0
Sur,Web,Billetera digital,168.58,4.0,4.0
Lima,App,Billetera digital,263.65,1.0,5.0
Lima,Web,Tarjeta,144.92,2.0,4.0
Lima,Web,Billetera digital,154.39,2.0,4.0
Norte,Web,Billetera digital,137.09,2.0,4.0
Centro,Web,Billetera digital,267.28,1.0,4.0
Lima,Web,Tarjeta,75.12,1.0,4.0
Lima,App,Tarjeta,205.43,1.0,5.0
Lima,Web,Tarjeta,46.68,3.0,5.0
Lima,App,Contra entrega,166.69,3.0,4.0
Lima,App,Tarjeta,111.7,2.0,4.0
Oriente,Web,Tarjeta,60.42,8.0,3.0
Sur,App,Contra entrega,107.1,2.0,5.0
Centro,Web,Contra entrega,103.68,7.0,3.0
Sur,App,Billetera digital,68.55,4.0,4.0
Lima,Web,Billetera digital,318.14,2.0,5.0
Centro,Web,Contra entrega,68.62,4.0,4.0
Lima,Web,Tarjeta,185.41,2.0,5.0
Centro,Web,Tarjeta,249.26,5.0,4.0
Lima,Web,Billetera digital,289.56,2.0,4.0
Centro,App,Tarjeta,28.87,2.0,4.0
Lima,App,Billetera digital,106.18,2.0,3.0
Sur,Web,Billetera digital,62.41,1.0,5.0
Centro,App,Billetera digital,155.62,2.0,5.0
Norte,Web,Tarjeta,129.7,7.0,5.0
Sur,App,Tarjeta,335.87,2.0,5.0
Lima,App,Tarjeta,209.44,2.0,5.0
Lima,Web,Billetera digital,136.53,2.0,3.0
Lima,Web,Tarjeta,145.73,2.0,3.0
Oriente,App,Tarjeta,126.71,4.0,5.0
Norte,Web,Billetera digital,293.37,2.0,5.0
Lima,Web,Billetera digital,160.21,2.0,5.0
Norte,Web,Billetera digital,80.68,1.0,5.0
Lima,Web,Tarjeta,127.67,1.0,4.0
Centro,App,Contra entrega,35.87,3.0,5.0
Lima,Web,Contra entrega,249.69,3.0,5.0
Sur,App,Tarjeta,170.72,2.0,5.0
Norte,App,Billetera digital,111.42,3.0,4.0
Norte,App,Tarjeta,107.36,2.0,5.0
Centro,Web,Tarjeta,56.52,2.0,5.0
Lima,App,Billetera digital,412.29,2.0,4.0
Lima,App,Tarjeta,291.81,2.0,5.0
Lima,Web,Tarjeta,49.01,1.0,4.0
Centro,Web,Billetera digital,238.97,2.0,4.0
Lima,Web,Billetera digital,86.74,1.0,4.0
Lima,App,Billetera digital,101.84,2.0,5.0
Lima,App,Tarjeta,274.17,1.0,4.0
Centro,Web,Contra entrega,199.52,1.0,5.0
Lima,Web,Billetera digital,571.11,1.0,5.0
Lima,App,Tarjeta,249.51,1.0,5.0
Lima,App,Tarjeta,461.17,2.0,4.0
Sur,App,Tarjeta,168.67,2.0,4.0
Norte,App,Tarjeta,165.67,2.0,4.0
Lima,App,Contra entrega,80.29,2.0,3.0
Lima,App,Billetera digital,117.62,1.0,5.0
Lima,App,Tarjeta,480.91,2.0,5.0
Lima,App,Billetera digital,100.49,2.0,4.0
Oriente,Web,Tarjeta,124.95,6.0,3.0
Lima,App,Contra entrega,222.3,1.0,5.0
Lima,Web,Billetera digital,169.15,1.0,3.0
Norte,App,Tarjeta,125.92,2.0,5.0
Norte,Web,Billetera digital,72.54,3.0,5.0
Lima,App,Tarjeta,164.58,2.0,4.0
Norte,Web,Tarjeta,89.45,1.0,5.0
Sur,App,Tarjeta,143.61,3.0,4.0
Sur,Web,Billetera digital,60.34,3.0,3.0
Sur,App,Billetera digital,59.49,4.0,4.0
Centro,Web,Tarjeta,81.08,2.0,4.0
Lima,App,Tarjeta,89.15,2.0,4.0
Lima,App,Tarjeta,183.86,2.0,5.0
Lima,App,Tarjeta,92.76,3.0,4.0
Lima,App,Billetera digital,112.32,1.0,5.0
Sur,Web,Tarjeta,239.0,2.0,4.0
Oriente,Web,Contra entrega,83.98,7.0,4.0
Lima,App,Billetera digital,65.37,3.0,5.0
Centro,Web,Tarjeta,113.67,3.0,5.0
Sur,App,Contra entrega,107.3,3.0,5.0
Lima,Web,Billetera digital,101.88,2.0,4.0
Lima,Web,Tarjeta,93.99,2.0,5.0
Lima,Web,Tarjeta,245.3,1.0,3.0
Centro,App,Contra entrega,104.68,4.0,5.0
Lima,Web,Tarjeta,236.6,6.0,3.0
Lima,App,Billetera digital,278.9,1.0,4.0
Lima,Web,Billetera digital,170.78,1.0,4.0
Lima,App,Tarjeta,217.33,2.0,3.0
Lima,App,Billetera digital,146.58,1.0,4.0
Lima,Web,Tarjeta,48.13,1.0,4.0
Norte,App,Tarjeta,468.68,5.0,5.0
Sur,App,Tarjeta,172.41,6.0,3.0
Oriente,Web,Contra entrega,54.28,6.0,4.0
Lima,Web,Billetera digital,141.12,4.0,3.0
Lima,App,Tarjeta,136.01,2.0,5.0
Lima,App,Tarjeta,71.74,1.0,5.0
Centro,Web,Tarjeta,270.39,3.0,5.0
Lima,Web,Contra entrega,163.58,2.0,4.0
Lima,App,Billetera digital,215.3,3.0,5.0
Norte,Web,Billetera digital,116.44,1.0,4.0
Lima,Web,Tarjeta,144.13,1.0,3.0
Oriente,Web,Billetera digital,117.93,2.0,3.0
Lima,Web,Billetera digital,113.66,2.0,4.0
Norte,Web,Tarjeta,107.3,6.0,3.0
Lima,App,Tarjeta,91.7,1.0,4.0
Lima,Web,Tarjeta,95.58,3.0,5.0
Norte,App,Billetera digital,255.7,1.0,4.0
Sur,App,Contra entrega,100.37,6.0,3.0
Centro,App,Tarjeta,178.9,4.0,5.0
Lima,App,Billetera digital,117.48,1.0,4.0
Norte,Web,Contra entrega,89.62,2.0,3.0
Sur,Web,Tarjeta,125.08,1.0,4.0
Sur,Web,Tarjeta,41.8,3.0,4.0
Centro,App,Contra entrega,126.13,4.0,4.0
Lima,Web,Billetera digital,234.93,4.0,4.0
Sur,App,Tarjeta,75.97,5.0,4.0
Lima,Web,Contra entrega,125.18,3.0,3.0
Norte,App,Contra entrega,122.91,2.0,4.0
Lima,Web,Billetera digital,126.9,2.0,5.0
Lima,Web,Tarjeta,101.78,1.0,5.0
Norte,Web,Tarjeta,127.76,2.0,5.0
Lima,Web,Billetera digital,80.97,2.0,5.0
Lima,App,Billetera digital,208.97,3.0,4.0
Lima,App,Tarjeta,147.27,2.0,4.0
Sur,App,Tarjeta,171.7,3.0,5.0
Lima,Web,Billetera digital,127.91,2.0,
Sur,App,Billetera digital,211.3,3.0,4.0
Lima,App,Billetera digital,220.33,4.0,3.0
Lima,Web,Billetera digital,158.53,3.0,4.0
Norte,App,Billetera digital,51.05,2.0,4.0
Lima,App,Tarjeta,162.45,1.0,4.0
Sur,Web,Billetera digital,100.97,6.0,4.0
Lima,App,Tarjeta,104.04,1.0,4.0
Norte,App,Contra entrega,101.75,3.0,4.0
Lima,App,Tarjeta,93.13,2.0,5.0
Sur,Web,Tarjeta,95.55,2.0,4.0
Lima,Web,Tarjeta,453.72,1.0,4.0
Oriente,App,Billetera digital,85.12,8.0,2.0
Lima,App,Billetera digital,172.36,2.0,5.0
Norte,App,Tarjeta,65.49,1.0,4.0
Lima,App,Tarjeta,83.84,3.0,4.0
Norte,App,Tarjeta,82.15,3.0,3.0
Centro,App,Tarjeta,114.99,2.0,5.0
Lima,Web,Tarjeta,89.2,2.0,5.0
Lima,Web,Contra entrega,172.13,1.0,5.0
Oriente,App,Contra entrega,46.05,2.0,4.0
Lima,App,Billetera digital,180.25,2.0,5.0
Sur,Web,Billetera digital,72.08,1.0,5.0
Norte,Web,Billetera digital,115.36,3.0,4.0
Sur,Web,Billetera digital,120.31,3.0,4.0
Lima,Web,Billetera digital,135.11,1.0,5.0
Centro,App,Contra entrega,86.05,3.0,3.0
Sur,Web,Billetera digital,128.48,1.0,5.0
Lima,Web,Tarjeta,153.64,1.0,4.0
Lima,Web,Billetera digital,669.58,2.0,5.0
Lima,Web,Billetera digital,161.58,3.0,3.0
Lima,Web,Tarjeta,77.88,3.0,4.0
Lima,App,Billetera digital,155.17,2.0,5.0
Centro,Web,Tarjeta,142.69,4.0,5.0
Sur,App,Tarjeta,117.58,7.0,3.0
Norte,Web,Tarjeta,74.97,3.0,5.0
Lima,Web,Tarjeta,140.22,1.0,4.0
Lima,Web,Tarjeta,70.5,3.0,4.0
Sur,Web,Billetera digital,307.42,3.0,4.0
Lima,App,Tarjeta,46.61,2.0,5.0
Lima,App,Tarjeta,317.49,2.0,4.0
Lima,Web,Tarjeta,138.83,1.0,4.0
Sur,App,Billetera digital,168.73,5.0,4.0
Lima,App,Billetera digital,106.03,1.0,5.0
Lima,App,Tarjeta,70.32,1.0,3.0
Lima,App,Tarjeta,118.58,1.0,5.0
Lima,App,Tarjeta,79.7,1.0,4.0
Centro,Web,Tarjeta,96.37,3.0,4.0
Sur,Web,Contra entrega,202.56,2.0,5.0
Centro,Web,Contra entrega,152.24,6.0,2.0
Lima,Web,Contra entrega,199.7,2.0,5.0
Norte,Web,Billetera digital,201.15,5.0,3.0
Lima,Web,Tarjeta,150.52,3.0,4.0
Lima,App,Contra entrega,329.84,1.0,5.0
Lima,Web,Billetera digital,70.66,4.0,4.0
Norte,Web,Billetera digital,74.95,2.0,5.0
Centro,App,Tarjeta,366.03,4.0,5.0
Sur,Web,Tarjeta,27.95,5.0,3.0
Lima,Web,Tarjeta,79.66,3.0,4.0
Norte,Web,Tarjeta,82.23,3.0,4.0
Centro,Web,Contra entrega,83.6,1.0,5.0
Lima,Web,Tarjeta,161.12,2.0,5.0
Lima,App,Tarjeta,146.86,2.0,4.0
Centro,App,Billetera digital,141.49,2.0,5.0
Lima,Web,Billetera digital,121.11,1.0,4.0
Lima,App,Billetera digital,110.31,2.0,4.0
Lima,Web,Tarjeta,72.97,3.0,5.0
Norte,Web,Tarjeta,162.27,3.0,5.0
Sur,Web,Contra entrega,279.52,6.0,4.0
Lima,Web,Billetera digital,257.23,3.0,4.0
Lima,App,Billetera digital,216.28,1.0,4.0
Centro,Web,Contra entrega,116.1,6.0,3.0
Sur,App,Billetera digital,221.78,2.0,5.0
Lima,Web,Billetera digital,89.49,2.0,5.0
Oriente,Web,Tarjeta,69.05,8.0,3.0
Lima,Web,Billetera digital,432.89,1.0,5.0
Lima,App,Billetera digital,117.15,1.0,4.0
Sur,Web,Billetera digital,109.57,7.0,2.0
Centro,App,Contra entrega,285.32,2.0,5.0
Norte,App,Contra entrega,167.83,4.0,4.0
Sur,App,Billetera digital,133.85,3.0,4.0
Norte,App,Billetera digital,296.97,2.0,5.0
Norte,Web,Contra entrega,77.75,1.0,5.0
Centro,App,Tarjeta,186.18,4.0,3.0
Lima,App,Billetera digital,190.52,1.0,5.0
Oriente,App,Contra entrega,360.41,2.0,5.0
Lima,Web,Tarjeta,211.28,1.0,4.0
Centro,App,Tarjeta,119.45,3.0,3.0
Centro,App,Tarjeta,167.11,4.0,4.0
Norte,App,Billetera digital,86.0,5.0,3.0
Lima,Web,Billetera digital,67.88,3.0,4.0
Centro,App,Tarjeta,105.58,7.0,2.0
Norte,Web,Tarjeta,263.88,5.0,5.0
Lima,Web,Billetera digital,61.43,3.0,5.0
Lima,App,Billetera digital,91.92,2.0,4.0
Centro,Web,Billetera digital,258.06,3.0,5.0
Oriente,Web,Contra entrega,42.05,6.0,3.0
Lima,App,Tarjeta,104.98,1.0,3.0
Centro,App,Tarjeta,136.54,5.0,4.0
Lima,Web,Billetera digital,255.59,2.0,5.0
Centro,App,Billetera digital,105.33,4.0,4.0
Lima,Web,Billetera digital,129.86,2.0,5.0
Sur,Web,Billetera digital,66.24,4.0,4.0
Lima,Web,Tarjeta,115.78,1.0,4.0
Centro,Web,Tarjeta,82.19,3.0,5.0
Norte,Web,Billetera digital,122.31,5.0,5.0
Lima,App,Tarjeta,167.84,2.0,4.0
Norte,App,Contra entrega,102.75,3.0,3.0
Oriente,App,Billetera digital,192.7,4.0,4.0
Lima,Web,Tarjeta,180.73,1.0,5.0
Centro,App,Contra entrega,311.6,5.0,4.0
Norte,Web,Tarjeta,144.52,4.0,5.0
Lima,App,Tarjeta,138.67,1.0,4.0
Norte,App,Billetera digital,108.06,2.0,4.0
Sur,App,Tarjeta,77.08,1.0,4.0
Norte,App,Tarjeta,124.12,5.0,4.0
Centro,Web,Billetera digital,106.05,3.0,4.0
Lima,Web,Contra entrega,529.16,1.0,5.0
Sur,App,Contra entrega,122.46,5.0,3.0
Oriente,Web,Contra entrega,110.32,5.0,4.0
Lima,App,Billetera digital,290.18,4.0,5.0
Lima,Web,Billetera digital,512.26,2.0,5.0
Norte,Web,Billetera digital,246.39,3.0,3.0
Centro,App,Tarjeta,79.65,2.0,5.0
Lima,Web,Tarjeta,151.16,1.0,4.0
Oriente,Web,Tarjeta,79.17,5.0,3.0
Sur,Web,Billetera digital,35.44,4.0,4.0
Sur,App,Contra entrega,159.6,2.0,5.0
Centro,Web,Tarjeta,54.65,1.0,5.0
Oriente,Web,Billetera digital,136.37,7.0,4.0
Lima,Web,Tarjeta,93.97,2.0,5.0
Centro,Web,Contra entrega,120.13,2.0,5.0
Norte,App,Tarjeta,73.38,2.0,5.0
Oriente,Web,Billetera digital,66.49,4.0,3.0
Lima,Web,Tarjeta,51.74,4.0,5.0
Centro,App,Billetera digital,99.33,5.0,3.0
Lima,Web,Tarjeta,173.66,2.0,4.0
Lima,Web,Billetera digital,117.09,2.0,4.0
Oriente,Web,Tarjeta,29.15,5.0,5.0
Lima,App,Billetera digital,221.8,2.0,5.0
Norte,App,Tarjeta,242.12,5.0,4.0
Sur,App,Billetera digital,86.38,7.0,4.0
Lima,Web,Tarjeta,203.93,1.0,5.0
Lima,App,Tarjeta,115.41,1.0,5.0
Lima,Web,Billetera digital,198.51,1.0,4.0
Norte,App,Billetera digital,145.4,3.0,4.0
Sur,Web,Tarjeta,88.63,3.0,4.0
Lima,Web,Billetera digital,61.18,2.0,5.0
Lima,App,Billetera digital,234.25,1.0,4.0
Lima,App,Billetera digital,181.11,2.0,5.0
Sur,Web,Tarjeta,202.87,3.0,5.0
Centro,Web,Billetera digital,94.21,1.0,4.0
Sur,App,Billetera digital,115.16,1.0,3.0
Norte,Web,Tarjeta,283.43,1.0,4.0
Centro,Web,Contra entrega,22.2,6.0,3.0
Lima,Web,Billetera digital,166.84,1.0,3.0
Centro,Web,Billetera digital,197.17,3.0,4.0
Norte,App,Tarjeta,138.05,2.0,5.0
Norte,App,Billetera digital,128.1,2.0,3.0
Lima,Web,Contra entrega,150.68,1.0,5.0
Lima,App,Tarjeta,170.39,1.0,5.0
Norte,App,Contra entrega,181.55,3.0,3.0
Norte,App,Billetera digital,55.7,2.0,5.0
Lima,Web,Billetera digital,72.31,1.0,5.0
Sur,Web,Contra entrega,443.98,3.0,4.0
Oriente,Web,Contra entrega,53.55,5.0,4.0
Norte,Web,Billetera digital,169.02,2.0,5.0
Lima,App,Tarjeta,153.91,1.0,3.0
Norte,App,Tarjeta,121.06,2.0,5.0
Lima,Web,Billetera digital,39.67,4.0,3.0
Sur,App,Billetera digital,167.15,1.0,4.0
Lima,Web,Tarjeta,126.1,3.0,5.0
Norte,App,Billetera digital,113.33,3.0,2.0
Norte,App,Contra entrega,138.14,2.0,5.0
Norte,Web,Billetera digital,124.17,2.0,4.0
Sur,Web,Contra entrega,286.64,2.0,5.0
Lima,App,Tarjeta,288.65,3.0,5.0
Norte,App,Tarjeta,207.17,2.0,5.0
Lima,App,Tarjeta,81.85,1.0,4.0
Sur,Web,Tarjeta,201.13,6.0,4.0
Norte,Web,Tarjeta,183.14,8.0,3.0
Oriente,App,Billetera digital,135.61,5.0,3.0
Lima,App,Billetera digital,57.62,2.0,5.0
Lima,App,Billetera digital,227.72,3.0,5.0
Norte,App,Billetera digital,161.86,3.0,
Lima,Web,Tarjeta,65.68,2.0,5.0
Lima,Web,Billetera digital,125.06,2.0,3.0
Centro,Web,Tarjeta,81.27,4.0,4.0
Lima,Web,Contra entrega,75.4,3.0,4.0
Norte,App,Tarjeta,238.37,4.0,4.0
Lima,Web,Billetera digital,107.91,2.0,
Norte,App,Contra entrega,235.56,2.0,4.0
Lima,Web,Tarjeta,90.35,3.0,3.0
Centro,Web,Tarjeta,106.19,4.0,4.0
Sur,App,Tarjeta,103.5,2.0,3.0
Norte,App,Billetera digital,293.12,3.0,4.0
Sur,App,Billetera digital,74.04,9.0,3.0
Oriente,Web,Tarjeta,99.57,9.0,4.0
Lima,Web,Tarjeta,70.97,2.0,2.0
Norte,App,Tarjeta,92.84,2.0,5.0
Lima,App,Billetera digital,206.99,1.0,4.0
Lima,App,Billetera digital,90.45,1.0,5.0
Sur,Web,Billetera digital,141.59,8.0,3.0
Lima,Web,Tarjeta,171.43,3.0,3.0
Lima,Web,Billetera digital,123.7,4.0,4.0
Centro,App,Billetera digital,95.6,4.0,4.0
Lima,App,Tarjeta,186.37,1.0,5.0
Lima,Web,Tarjeta,82.4,1.0,4.0
Oriente,App,Billetera digital,36.47,7.0,1.0
Centro,App,Billetera digital,75.03,3.0,4.0
Lima,App,Billetera digital,290.91,1.0,5.0
Norte,App,Contra entrega,335.66,3.0,4.0
Norte,App,Billetera digital,133.72,8.0,4.0
Centro,App,Contra entrega,107.92,3.0,4.0
Sur,Web,Billetera digital,53.21,7.0,4.0
Norte,Web,Billetera digital,40.6,4.0,4.0
Centro,Web,Tarjeta,103.31,2.0,5.0
Lima,App,Contra entrega,148.6,2.0,4.0
Lima,Web,Billetera digital,211.17,2.0,5.0
Lima,Web,Contra entrega,116.67,1.0,5.0
Lima,Web,Tarjeta,135.01,3.0,4.0
Norte,Web,Tarjeta,153.96,3.0,5.0
Sur,Web,Contra entrega,42.62,6.0,4.0
Lima,App,Tarjeta,69.75,2.0,4.0
Oriente,App,Contra entrega,118.51,4.0,4.0
Lima,Web,Contra entrega,288.44,2.0,5.0
Lima,Web,Billetera digital,358.04,3.0,5.0
Lima,App,Tarjeta,340.19,2.0,5.0
Oriente,Web,Billetera digital,86.24,6.0,3.0
Sur,Web,Billetera digital,61.49,2.0,5.0
Lima,Web,Tarjeta,111.81,2.0,5.0
Norte,App,Tarjeta,389.83,3.0,5.0
Norte,Web,Billetera digital,93.01,2.0,4.0
Centro,Web,Billetera digital,102.97,5.0,3.0
Lima,App,Billetera digital,206.09,1.0,3.0
Norte,Web,Tarjeta,268.1,2.0,4.0
Norte,App,Billetera digital,63.18,1.0,3.0
Lima,Web,Tarjeta,289.63,1.0,5.0
Norte,App,Billetera digital,135.5,2.0,4.0
Centro,Web,Tarjeta,145.06,4.0,4.0
Sur,App,Tarjeta,179.12,3.0,3.0
Norte,App,Tarjeta,103.64,4.0,3.0
Lima,App,Billetera digital,40.6,1.0,3.0
Lima,Web,Billetera digital,253.09,1.0,5.0
Norte,Web,Tarjeta,132.57,4.0,4.0
Norte,App,Billetera digital,108.47,1.0,4.0
Centro,Web,Billetera digital,195.57,4.0,4.0
Sur,App,Tarjeta,167.68,2.0,4.0
Lima,App,Billetera digital,81.16,1.0,5.0
Sur,App,Billetera digital,243.33,1.0,3.0
Lima,Web,Billetera digital,107.45,1.0,4.0
Norte,App,Contra entrega,79.69,5.0,5.0
Lima,Web,Billetera digital,281.02,1.0,3.0
Lima,App,Billetera digital,63.97,5.0,2.0
Lima,Web,Billetera digital,278.63,5.0,5.0
Oriente,App,Tarjeta,105.33,13.0,1.0
Lima,App,Billetera digital,127.83,1.0,4.0
Lima,App,Contra entrega,113.58,3.0,4.0
Norte,App,Billetera digital,55.09,4.0,4.0
Lima,Web,Billetera digital,138.82,1.0,5.0
Norte,Web,Tarjeta,53.15,1.0,4.0
Oriente,App,Contra entrega,200.42,3.0,4.0
Norte,Web,Tarjeta,26.17,5.0,
Norte,Web,Tarjeta,93.04,4.0,4.0
Lima,Web,Billetera digital,240.22,1.0,5.0
Lima,Web,Contra entrega,41.29,2.0,3.0
Lima,Web,Billetera digital,102.3,1.0,4.0
Lima,App,Tarjeta,141.35,1.0,4.0
Lima,Web,Tarjeta,185.23,2.0,5.0
Sur,App,Billetera digital,88.09,4.0,5.0
Centro,Web,Billetera digital,83.25,6.0,4.0
Norte,App,Tarjeta,155.66,3.0,4.0
Norte,App,Billetera digital,312.92,5.0,4.0
Lima,Web,Billetera digital,224.89,3.0,5.0
Oriente,Web,Contra entrega,98.76,7.0,4.0
Lima,Web,Billetera digital,132.11,1.0,5.0
Lima,App,Tarjeta,152.57,2.0,5.0
Lima,App,Tarjeta,242.64,3.0,5.0
Sur,App,Tarjeta,77.66,4.0,4.0
Norte,Web,Contra entrega,203.4,5.0,4.0
Lima,Web,Billetera digital,52.32,2.0,5.0
Norte,Web,Contra entrega,115.99,1.0,5.0
Lima,Web,Billetera digital,134.22,2.0,
Centro,Web,Contra entrega,141.59,7.0,4.0
Lima,App,Billetera digital,186.71,1.0,5.0
Norte,Web,Contra entrega,102.16,2.0,4.0
Sur,App,Tarjeta,124.09,6.0,4.0
Lima,App,Contra entrega,122.52,2.0,4.0
Centro,App,Tarjeta,148.25,2.0,4.0
Centro,Web,Billetera digital,85.68,3.0,5.0
Lima,App,Tarjeta,130.54,1.0,4.0
Lima,App,Tarjeta,206.4,1.0,5.0
Lima,Web,Tarjeta,214.05,1.0,4.0
Lima,Web,Contra entrega,366.99,2.0,3.0
Norte,App,Contra entrega,132.68,2.0,5.0
Lima,App,Contra entrega,83.58,2.0,5.0
Lima,Web,Tarjeta,57.66,1.0,4.0
Centro,Web,Tarjeta,60.05,1.0,5.0
Sur,Web,Billetera digital,132.5,1.0,5.0
Lima,Web,Contra entrega,186.51,2.0,5.0
Sur,App,Tarjeta,198.7,2.0,4.0
Lima,Web,Billetera digital,63.1,1.0,4.0
Lima,Web,Tarjeta,146.45,2.0,5.0
Sur,Web,Tarjeta,187.84,2.0,5.0
Sur,App,Tarjeta,86.53,2.0,5.0
Lima,Web,Tarjeta,92.98,2.0,5.0
Norte,Web,Contra entrega,191.4,1.0,3.0
Sur,Web,Billetera digital,169.49,4.0,4.0
Norte,Web,Tarjeta,142.79,3.0,
Oriente,Web,Billetera digital,61.92,5.0,4.0
Lima,Web,Billetera digital,247.04,1.0,5.0
Sur,Web,Billetera digital,177.29,2.0,4.0
Lima,Web,Tarjeta,137.95,2.0,5.0
Lima,App,Billetera digital,127.34,1.0,5.0
Sur,Web,Billetera digital,136.89,3.0,5.0
Oriente,App,Billetera digital,156.63,4.0,4.0
Lima,Web,Tarjeta,271.63,2.0,4.0
Lima,Web,Tarjeta,42.26,1.0,4.0
Centro,App,Billetera digital,104.61,5.0,4.0
Lima,Web,Billetera digital,95.68,4.0,4.0
Lima,Web,Tarjeta,299.31,1.0,4.0
Lima,Web,Billetera digital,160.62,1.0,4.0
Lima,Web,Tarjeta,82.86,2.0,5.0
Lima,App,Billetera digital,234.6,1.0,5.0
Lima,Web,Billetera digital,309.2,2.0,2.0
Lima,Web,Billetera digital,98.06,2.0,4.0
Lima,Web,Tarjeta,178.97,1.0,5.0
Sur,Web,Tarjeta,121.74,4.0,3.0
Norte,Web,Tarjeta,324.4,2.0,4.0
Lima,Web,Tarjeta,128.95,1.0,4.0
Centro,Web,Billetera digital,129.0,3.0,4.0
Oriente,App,Billetera digital,138.38,6.0,3.0
Centro,App,Contra entrega,126.78,4.0,5.0
Lima,Web,Billetera digital,404.8,2.0,5.0
Lima,Web,Contra entrega,129.53,1.0,5.0
Norte,Web,Contra entrega,129.07,3.0,4.0
Sur,Web,Contra entrega,124.92,3.0,3.0
Norte,App,Tarjeta,173.31,5.0,4.0
Lima,Web,Tarjeta,172.02,1.0,5.0
Centro,Web,Contra entrega,115.05,1.0,5.0
Sur,Web,Tarjeta,83.79,2.0,5.0
Sur,Web,Tarjeta,90.01,2.0,5.0
Lima,Web,Billetera digital,110.58,1.0,5.0
Lima,Web,Billetera digital,52.32,1.0,4.0
Sur,App,Tarjeta,236.85,6.0,4.0
Lima,App,Contra entrega,260.72,3.0,4.0
Lima,App,Tarjeta,169.86,1.0,
Lima,Web,Billetera digital,67.95,2.0,5.0
Lima,App,Tarjeta,140.97,2.0,4.0
Centro,App,Tarjeta,358.4,3.0,3.0
Centro,App,Billetera digital,61.46,5.0,5.0
Lima,Web,Billetera digital,70.22,3.0,5.0
Lima,App,Billetera digital,174.86,2.0,5.0
Lima,Web,Billetera digital,85.12,2.0,4.0
Lima,App,Billetera digital,92.94,2.0,5.0
Lima,App,Tarjeta,209.09,2.0,3.0
Lima,Web,Contra entrega,247.9,1.0,4.0
Lima,Web,Tarjeta,178.52,2.0,3.0
Lima,Web,Tarjeta,100.76,3.0,5.0
Centro,App,Billetera digital,121.66,2.0,4.0
Lima,App,Tarjeta,164.64,3.0,3.0
Lima,App,Billetera digital,98.08,2.0,4.0
Norte,Web,Tarjeta,103.07,3.0,4.0
Norte,App,Billetera digital,87.73,1.0,3.0
Norte,App,Tarjeta,172.2,3.0,2.0
Lima,Web,Billetera digital,82.58,2.0,4.0
Lima,Web,Billetera digital,175.09,1.0,3.0
Lima,Web,Tarjeta,61.27,1.0,5.0
Norte,Web,Billetera digital,150.48,2.0,5.0
Sur,Web,Contra entrega,230.83,4.0,3.0
Lima,Web,Tarjeta,113.9,2.0,5.0
Oriente,App,Billetera digital,106.28,6.0,4.0
Oriente,Web,Contra entrega,96.52,2.0,5.0
Lima,Web,Billetera digital,91.01,4.0,5.0
Lima,App,Tarjeta,98.57,2.0,4.0
Oriente,Web,Tarjeta,109.69,2.0,4.0
Lima,App,Billetera digital,175.94,2.0,3.0
Sur,Web,Contra entrega,121.15,4.0,3.0
Lima,App,Billetera digital,94.98,2.0,5.0
Lima,Web,Tarjeta,97.86,2.0,4.0
Sur,App,Billetera digital,206.74,6.0,2.0
Lima,Web,Tarjeta,83.95,2.0,4.0
Lima,App,Billetera digital,115.1,2.0,4.0
Lima,App,Tarjeta,78.81,1.0,5.0
Lima,App,Billetera digital,204.46,2.0,4.0
Sur,Web,Billetera digital,283.0,3.0,5.0
Norte,App,Billetera digital,126.4,2.0,4.0
Lima,Web,Tarjeta,193.26,3.0,4.0
Centro,Web,Billetera digital,64.07,3.0,5.0
Lima,Web,Billetera digital,65.43,1.0,5.0
Sur,Web,Billetera digital,467.66,2.0,5.0
Lima,Web,Tarjeta,155.62,2.0,5.0
Centro,Web,Billetera digital,72.53,2.0,3.0
Sur,Web,Tarjeta,66.44,3.0,4.0
Lima,Web,Tarjeta,241.7,1.0,4.0
Oriente,App,Contra entrega,51.89,4.0,4.0
Lima,App,Billetera digital,181.5,1.0,4.0
Lima,App,Billetera digital,205.36,2.0,4.0
Lima,Web,Tarjeta,165.16,5.0,3.0
Lima,App,Billetera digital,27.93,2.0,4.0
Sur,App,Billetera digital,177.51,1.0,5.0
Lima,Web,Tarjeta,174.4,2.0,5.0
Norte,Web,Billetera digital,149.52,5.0,3.0
Lima,App,Billetera digital,106.72,1.0,4.0
Centro,Web,Billetera digital,79.19,5.0,3.0
Lima,Web,Tarjeta,473.92,1.0,3.0
Lima,Web,Tarjeta,122.71,1.0,4.0
Norte,App,Tarjeta,144.21,1.0,4.0
Norte,App,Billetera digital,263.4,1.0,3.0
Lima,App,Tarjeta,59.03,2.0,5.0
Lima,App,Billetera digital,115.03,1.0,5.0
Norte,Web,Billetera digital,160.96,5.0,2.0
Norte,Web,Tarjeta,172.56,1.0,5.0
Oriente,App,Tarjeta,166.26,4.0,5.0
Lima,App,Tarjeta,181.63,1.0,4.0
Lima,Web,Tarjeta,105.17,2.0,5.0
Norte,Web,Billetera digital,218.1,9.0,4.0
Norte,App,Billetera digital,227.53,2.0,5.0
Lima,App,Billetera digital,95.2,2.0,3.0
Centro,App,Billetera digital,164.13,3.0,4.0
Lima,App,Billetera digital,270.91,1.0,4.0
Lima,Web,Tarjeta,166.25,2.0,5.0
Sur,Web,Billetera digital,143.61,7.0,3.0
Lima,Web,Billetera digital,64.09,1.0,4.0
Centro,Web,Tarjeta,384.5,2.0,3.0
Lima,App,Billetera digital,155.33,2.0,4.0
Lima,Web,Contra entrega,121.41,1.0,5.0
Lima,Web,Billetera digital,248.39,1.0,2.0
Sur,App,Billetera digital,148.55,4.0,4.0
Oriente,Web,Billetera digital,170.51,3.0,4.0
Oriente,App,Tarjeta,164.73,5.0,4.0
Sur,Web,Tarjeta,115.63,5.0,5.0
Norte,App,Contra entrega,144.2,1.0,5.0
Lima,Web,Billetera digital,105.48,1.0,4.0
Lima,App,Billetera digital,134.35,1.0,5.0
Lima,Web,Tarjeta,174.79,1.0,3.0
Norte,App,Billetera digital,115.49,8.0,3.0
Lima,App,Billetera digital,149.84,1.0,5.0
Lima,Web,Contra entrega,174.5,1.0,3.0
Oriente,Web,Billetera digital,301.13,9.0,2.0
Lima,Web,Tarjeta,108.72,1.0,5.0
Lima,Web,Tarjeta,134.16,1.0,5.0
Lima,App,Tarjeta,277.26,1.0,5.0
Sur,Web,Tarjeta,68.94,4.0,3.0
Lima,App,Billetera digital,115.5,3.0,5.0
Norte,Web,Billetera digital,97.47,3.0,5.0
Oriente,Web,Tarjeta,43.2,3.0,2.0
Sur,Web,Billetera digital,132.74,4.0,3.0
Sur,App,Billetera digital,136.87,6.0,4.0
Oriente,Web,Tarjeta,481.8,8.0,3.0
Lima,Web,Billetera digital,183.72,3.0,3.0
Lima,App,Contra entrega,302.16,2.0,5.0
Sur,App,Tarjeta,88.84,2.0,4.0
Centro,App,Contra entrega,112.33,3.0,5.0
Norte,Web,Billetera digital,151.01,6.0,4.0
Lima,App,Billetera digital,127.32,1.0,4.0
Lima,App,Tarjeta,167.61,1.0,4.0
Sur,Web,Tarjeta,182.33,3.0,3.0
Oriente,Web,Contra entrega,164.84,4.0,4.0
Lima,Web,Tarjeta,102.57,1.0,5.0
Oriente,Web,Billetera digital,214.53,5.0,5.0
Lima,Web,Billetera digital,62.55,1.0,4.0
Lima,Web,Tarjeta,112.6,1.0,3.0
Lima,App,Billetera digital,173.09,2.0,4.0
Lima,App,Billetera digital,144.75,1.0,4.0
Norte,Web,Billetera digital,127.65,2.0,5.0
Lima,Web,Tarjeta,156.36,2.0,4.0
Lima,App,Tarjeta,96.88,3.0,4.0
Centro,App,Contra entrega,107.26,1.0,4.0
Lima,App,Tarjeta,246.6,1.0,5.0
Sur,Web,Contra entrega,103.07,4.0,4.0
Lima,Web,Billetera digital,140.54,3.0,3.0
Sur,Web,Billetera digital,229.67,2.0,4.0
Lima,Web,Contra entrega,346.31,1.0,5.0
Norte,Web,Contra entrega,129.81,5.0,4.0
Sur,Web,Contra entrega,340.51,4.0,5.0
Lima,App,Tarjeta,302.71,2.0,3.0
Centro,Web,Billetera digital,105.67,7.0,4.0
Norte,Web,Billetera digital,162.08,4.0,4.0
Lima,Web,Billetera digital,123.35,1.0,4.0
Sur,App,Tarjeta,54.26,1.0,4.0
Lima,Web,Contra entrega,412.66,1.0,5.0
Lima,App,Tarjeta,271.52,3.0,4.0
Lima,Web,Billetera digital,219.93,1.0,5.0
Sur,App,Contra entrega,128.5,2.0,3.0
Sur,Web,Tarjeta,328.75,4.0,4.0
Norte,App,Billetera digital,306.97,2.0,2.0
Oriente,Web,Billetera digital,101.78,6.0,3.0
Norte,App,Tarjeta,99.18,5.0,4.0
Lima,Web,Billetera digital,136.01,1.0,4.0
Sur,App,Billetera digital,130.44,2.0,4.0
Norte,App,Contra entrega,83.17,3.0,3.0
Sur,App,Tarjeta,161.14,5.0,4.0
Sur,App,Billetera digital,125.61,2.0,4.0
Centro,App,Billetera digital,168.6,4.0,4.0
Oriente,App,Billetera digital,76.65,1.0,4.0
Oriente,App,Billetera digital,69.12,8.0,3.0
Sur,Web,Contra entrega,167.26,2.0,4.0
Centro,Web,Tarjeta,207.94,7.0,5.0
Lima,Web,Tarjeta,63.14,2.0,4.0
Sur,App,Tarjeta,244.34,4.0,2.0
Oriente,Web,Contra entrega,263.35,5.0,4.0
Lima,App,Billetera digital,176.67,2.0,5.0
Lima,App,Tarjeta,108.22,3.0,4.0
Lima,Web,Billetera digital,147.76,1.0,3.0
Norte,Web,Tarjeta,173.24,6.0,4.0
Lima,App,Billetera digital,89.82,2.0,4.0
Sur,App,Billetera digital,255.52,5.0,3.0
Lima,App,Billetera digital,294.18,2.0,4.0
Lima,Web,Billetera digital,214.69,1.0,5.0
Norte,App,Billetera digital,218.23,4.0,4.0
Lima,App,Tarjeta,416.81,1.0,4.0
Lima,App,Billetera digital,89.3,2.0,5.0
Norte,Web,Billetera digital,44.45,2.0,4.0
Lima,App,Billetera digital,174.58,1.0,5.0
Lima,Web,Tarjeta,137.7,1.0,4.0
Lima,App,Billetera digital,165.64,1.0,5.0
Norte,Web,Tarjeta,52.2,3.0,3.0
Sur,Web,Billetera digital,173.9,4.0,5.0
Lima,App,Contra entrega,97.86,1.0,4.0
Sur,Web,Tarjeta,136.09,1.0,5.0
Sur,Web,Contra entrega,76.42,4.0,3.0
Norte,App,Tarjeta,120.46,3.0,4.0
Norte,Web,Billetera digital,145.21,5.0,4.0
Sur,App,Tarjeta,291.35,3.0,4.0
Lima,Web,Billetera digital,122.71,1.0,4.0
Lima,Web,Contra entrega,272.68,1.0,4.0
Norte,Web,Contra entrega,187.71,4.0,4.0
Sur,Web,Billetera digital,104.46,1.0,5.0
Lima,App,Tarjeta,34.75,3.0,5.0
Lima,Web,Contra entrega,103.94,3.0,3.0
Norte,Web,Tarjeta,97.17,5.0,5.0
Lima,App,Tarjeta,216.32,1.0,3.0
Oriente,Web,Billetera digital,136.27,3.0,4.0
Norte,App,Billetera digital,113.54,6.0,4.0
Sur,Web,Tarjeta,128.47,3.0,3.0
Lima,App,Billetera digital,83.84,1.0,5.0
Lima,App,Tarjeta,81.87,2.0,4.0
Oriente,Web,Contra entrega,363.06,5.0,4.0
Sur,Web,Contra entrega,141.81,3.0,4.0
Centro,App,Contra entrega,110.29,3.0,4.0
Lima,App,Tarjeta,75.12,1.0,5.0
Sur,Web,Contra entrega,37.32,3.0,5.0
Lima,App,Tarjeta,104.46,1.0,5.0
Lima,Web,Tarjeta,161.08,2.0,5.0
Lima,App,Billetera digital,1774.65,2.0,5.0
Sur,App,Billetera digital,197.59,2.0,4.0
Lima,Web,Billetera digital,110.66,1.0,5.0
Norte,App,Contra entrega,211.69,2.0,5.0
Oriente,App,Billetera digital,77.44,9.0,2.0
Lima,App,Tarjeta,165.2,1.0,5.0
Norte,App,Billetera digital,52.09,1.0,3.0
Lima,Web,Billetera digital,139.52,2.0,4.0
Sur,Web,Tarjeta,178.26,4.0,4.0
Lima,Web,Billetera digital,83.88,3.0,5.0
Centro,Web,Tarjeta,145.65,9.0,3.0
Norte,App,Tarjeta,356.94,4.0,3.0
Norte,App,Contra entrega,96.35,4.0,3.0
Oriente,App,Billetera digital,47.44,4.0,3.0
Sur,Web,Tarjeta,95.73,1.0,5.0
Lima,Web,Billetera digital,310.38,1.0,5.0
Centro,Web,Contra entrega,94.65,4.0,4.0
Lima,Web,Contra entrega,213.98,3.0,3.0
Norte,App,Billetera digital,177.94,2.0,5.0
Lima,App,Contra entrega,66.57,3.0,5.0
Lima,Web,Billetera digital,182.36,2.0,5.0
Lima,App,Tarjeta,123.93,3.0,5.0
Sur,App,Billetera digital,136.91,4.0,4.0
Oriente,App,Contra entrega,226.49,7.0,2.0
Sur,Web,Contra entrega,147.59,2.0,5.0
Lima,App,Billetera digital,70.98,1.0,4.0
Norte,Web,Billetera digital,71.17,2.0,5.0
Norte,Web,Billetera digital,156.89,4.0,3.0
Lima,App,Tarjeta,82.48,1.0,5.0
Sur,Web,Billetera digital,52.79,4.0,4.0
Centro,App,Contra entrega,128.58,3.0,4.0
Lima,App,Tarjeta,239.36,1.0,5.0
Sur,Web,Billetera digital,101.19,1.0,5.0
Lima,Web,Billetera digital,73.52,1.0,5.0
Lima,App,Billetera digital,129.22,1.0,5.0
Oriente,App,Tarjeta,297.74,6.0,3.0
Lima,App,Billetera digital,106.69,3.0,3.0
Norte,App,Billetera digital,187.75,3.0,5.0
Norte,Web,Contra entrega,162.66,4.0,5.0
Centro,App,Contra entrega,138.0,4.0,4.0
Lima,Web,Tarjeta,175.39,2.0,4.0
Sur,Web,Contra entrega,222.53,6.0,4.0
Lima,Web,Billetera digital,190.43,1.0,4.0
Oriente,App,Contra entrega,201.5,7.0,3.0
Norte,Web,Tarjeta,405.55,5.0,5.0
Lima,Web,Contra entrega,109.2,2.0,4.0
Oriente,App,Billetera digital,230.35,4.0,5.0
Sur,App,Tarjeta,149.7,2.0,4.0
Norte,App,Billetera digital,125.52,5.0,4.0
Sur,Web,Tarjeta,151.02,7.0,4.0
Sur,Web,Billetera digital,199.96,5.0,
Lima,App,Tarjeta,244.21,4.0,5.0
Centro,Web,Billetera digital,93.16,4.0,4.0
Lima,App,Billetera digital,155.56,2.0,5.0
Lima,App,Tarjeta,217.48,1.0,4.0
Lima,Web,Tarjeta,388.3,2.0,5.0
Oriente,Web,Tarjeta,35.85,3.0,3.0
Lima,Web,Billetera digital,231.91,3.0,4.0
Lima,App,Billetera digital,116.25,2.0,4.0
Lima,Web,Tarjeta,150.75,1.0,5.0
Norte,Web,Billetera digital,80.99,1.0,4.0
Sur,Web,Contra entrega,307.81,5.0,4.0
Sur,App,Contra entrega,136.15,4.0,4.0
Sur,Web,Billetera digital,171.42,3.0,2.0
Centro,Web,Billetera digital,160.02,2.0,5.0
Lima,App,Tarjeta,151.69,4.0,3.0
Centro,Web,Billetera digital,152.15,4.0,4.0
Norte,App,Contra entrega,121.27,2.0,2.0
Norte,Web,Tarjeta,138.89,2.0,5.0
Lima,Web,Billetera digital,77.4,1.0,5.0
Lima,Web,Contra entrega,146.04,2.0,
Centro,Web,Contra entrega,245.6,3.0,5.0
Lima,App,Tarjeta,89.94,1.0,5.0
Norte,App,Billetera digital,287.66,2.0,5.0
Oriente,Web,Tarjeta,152.53,3.0,4.0
Oriente,App,Contra entrega,70.41,3.0,3.0
Lima,App,Billetera digital,129.43,1.0,5.0
Lima,Web,Tarjeta,62.62,1.0,5.0
Lima,Web,Billetera digital,156.71,3.0,4.0
Lima,App,Tarjeta,131.44,3.0,5.0
Lima,Web,Billetera digital,119.84,1.0,5.0
Sur,App,Tarjeta,291.65,4.0,3.0
Sur,App,Billetera digital,222.98,6.0,3.0
Lima,App,Billetera digital,154.91,2.0,4.0
Lima,App,Billetera digital,184.24,1.0,4.0
Lima,App,Contra entrega,79.93,2.0,3.0
Lima,Web,Billetera digital,165.29,1.0,5.0
Lima,Web,Billetera digital,163.29,1.0,4.0
Lima,App,Tarjeta,233.17,2.0,5.0
Oriente,App,Billetera digital,98.19,4.0,4.0
Lima,App,Billetera digital,137.43,1.0,4.0
Lima,Web,Billetera digital,180.9,2.0,1.0
Sur,Web,Tarjeta,207.52,2.0,5.0
Lima,App,Billetera digital,80.94,2.0,4.0
Lima,Web,Tarjeta,405.19,1.0,4.0
Lima,App,Billetera digital,193.89,3.0,4.0
Norte,Web,Tarjeta,50.59,3.0,4.0
Lima,App,Tarjeta,210.82,1.0,4.0
Norte,App,Tarjeta,110.03,5.0,4.0
Norte,App,Billetera digital,58.37,4.0,4.0
Lima,Web,Tarjeta,275.24,2.0,4.0
Lima,App,Billetera digital,116.39,1.0,5.0
Lima,Web,Tarjeta,326.73,3.0,5.0
Sur,Web,Billetera digital,133.32,3.0,5.0
Oriente,App,Contra entrega,277.64,10.0,1.0
Lima,App,Tarjeta,239.19,1.0,5.0
Norte,App,Tarjeta,58.02,3.0,5.0
Norte,Web,Tarjeta,154.94,1.0,3.0
Centro,App,Contra entrega,66.71,2.0,4.0
Norte,App,Contra entrega,187.37,4.0,3.0
Norte,Web,Contra entrega,329.29,3.0,4.0
Lima,Web,Tarjeta,279.45,2.0,5.0
Lima,Web,Tarjeta,128.33,3.0,4.0
Sur,Web,Tarjeta,67.1,2.0,5.0
Lima,Web,Tarjeta,300.08,2.0,5.0
Oriente,Web,Billetera digital,159.63,7.0,1.0
Norte,App,Billetera digital,83.21,2.0,4.0
Lima,App,Tarjeta,123.1,1.0,4.0
Oriente,App,Billetera digital,91.21,7.0,3.0
Centro,Web,Billetera digital,222.44,4.0,4.0
Lima,Web,Billetera digital,97.29,3.0,5.0
Norte,Web,Tarjeta,109.24,3.0,4.0
Lima,Web,Billetera digital,154.8,2.0,5.0
Oriente,Web,Tarjeta,295.69,6.0,3.0
Lima,Web,Tarjeta,283.96,4.0,2.0
Centro,App,Billetera digital,103.05,3.0,4.0
Norte,App,Billetera digital,202.79,6.0,4.0
Norte,App,Contra entrega,101.81,1.0,5.0
Sur,Web,Billetera digital,69.65,6.0,2.0
Lima,Web,Tarjeta,431.89,1.0,4.0
Centro,App,Tarjeta,240.98,3.0,4.0
Lima,App,Contra entrega,158.41,1.0,5.0
Norte,Web,Contra entrega,142.03,1.0,4.0
Sur,App,Billetera digital,242.23,5.0,4.0
Norte,App,Contra entrega,106.23,4.0,4.0
Sur,Web,Tarjeta,95.01,4.0,5.0
Oriente,Web,Billetera digital,227.92,3.0,3.0
Norte,Web,Tarjeta,52.35,2.0,5.0
Lima,App,Tarjeta,144.21,3.0,4.0
Lima,Web,Tarjeta,275.84,2.0,4.0
Sur,Web,Contra entrega,35.58,6.0,3.0
Sur,Web,Billetera digital,202.13,5.0,2.0
Lima,Web,Billetera digital,125.42,2.0,4.0
Lima,App,Tarjeta,104.3,1.0,5.0
Lima,App,Billetera digital,126.7,3.0,5.0
Lima,Web,Billetera digital,177.65,2.0,4.0
Lima,Web,Contra entrega,53.19,1.0,4.0
Centro,Web,Tarjeta,135.06,3.0,4.0
Lima,App,Contra entrega,62.52,2.0,4.0
Lima,App,Tarjeta,97.76,1.0,4.0
Lima,Web,Tarjeta,94.0,3.0,4.0
Norte,Web,Billetera digital,188.07,4.0,5.0
Oriente,App,Tarjeta,226.29,2.0,5.0
Norte,Web,Tarjeta,145.74,4.0,4.0
Lima,App,Billetera digital,68.26,2.0,4.0
Norte,App,Contra entrega,317.31,2.0,4.0
Lima,App,Billetera digital,174.32,1.0,5.0
Lima,Web,Tarjeta,281.39,1.0,5.0
Lima,App,Contra entrega,79.21,1.0,5.0
Lima,Web,Tarjeta,134.9,2.0,5.0
Lima,Web,Tarjeta,43.21,1.0,4.0
Centro,Web,Contra entrega,206.15,4.0,3.0
Lima,Web,Billetera digital,98.32,2.0,5.0
Sur,Web,Billetera digital,281.32,3.0,4.0
Lima,App,Tarjeta,109.95,1.0,3.0
Norte,App,Contra entrega,57.05,4.0,3.0
Norte,App,Tarjeta,192.0,4.0,3.0
Norte,App,Billetera digital,230.65,2.0,3.0
Lima,App,Tarjeta,51.46,2.0,5.0
Norte,Web,Tarjeta,74.15,3.0,4.0
Lima,Web,Billetera digital,129.07,2.0,4.0
Lima,App,Billetera digital,144.9,3.0,4.0
Centro,Web,Tarjeta,112.54,5.0,2.0
Lima,App,Tarjeta,142.16,6.0,2.0
Centro,App,Tarjeta,96.29,2.0,4.0
Lima,Web,Tarjeta,168.37,3.0,5.0
Sur,Web,Billetera digital,97.87,2.0,3.0
Lima,Web,Tarjeta,184.43,1.0,4.0
Oriente,Web,Contra entrega,98.89,3.0,4.0
Oriente,Web,Contra entrega,329.05,6.0,5.0
Lima,Web,Tarjeta,189.36,3.0,3.0
Lima,App,Billetera digital,99.93,4.0,4.0
Norte,App,Tarjeta,344.18,2.0,5.0
Lima,Web,Billetera digital,131.94,1.0,3.0
Lima,App,Tarjeta,49.22,2.0,4.0
Norte,Web,Billetera digital,142.39,3.0,5.0
Norte,App,Tarjeta,204.53,4.0,5.0
Lima,App,Tarjeta,238.53,3.0,3.0
Lima,Web,Billetera digital,146.55,2.0,3.0
Lima,Web,Contra entrega,112.33,2.0,3.0
Centro,Web,Contra entrega,148.17,5.0,4.0
Oriente,Web,Tarjeta,134.52,7.0,5.0
Lima,App,Contra entrega,169.44,1.0,4.0
Norte,App,Billetera digital,60.3,5.0,4.0
Norte,App,Billetera digital,195.18,7.0,4.0
Norte,App,Billetera digital,51.84,4.0,5.0
Norte,App,Contra entrega,307.66,2.0,5.0
Lima,App,Billetera digital,121.85,2.0,5.0
Lima,Web,Tarjeta,207.09,4.0,4.0
Norte,Web,Tarjeta,47.94,6.0,3.0
Lima,Web,Tarjeta,177.15,1.0,4.0
Lima,App,Contra entrega,159.93,1.0,5.0
Lima,Web,Billetera digital,130.96,1.0,4.0
Norte,App,Billetera digital,115.69,4.0,4.0
Sur,Web,Tarjeta,100.11,5.0,2.0
Norte,App,Tarjeta,447.45,5.0,4.0
Oriente,Web,Tarjeta,63.02,6.0,4.0
Lima,Web,Tarjeta,400.88,2.0,4.0
Sur,Web,Tarjeta,88.45,3.0,3.0
Lima,Web,Tarjeta,50.91,3.0,5.0
Sur,Web,Contra entrega,594.74,2.0,5.0
Sur,App,Billetera digital,152.08,4.0,4.0
Lima,App,Tarjeta,198.57,3.0,5.0
Centro,App,Contra entrega,115.73,6.0,4.0
Oriente,Web,Contra entrega,52.98,2.0,5.0
Centro,App,Tarjeta,178.2,2.0,3.0
Norte,Web,Contra entrega,103.27,4.0,5.0
Lima,App,Tarjeta,439.4,2.0,3.0
Lima,Web,Tarjeta,243.74,2.0,5.0
Norte,Web,Contra entrega,112.75,1.0,4.0
Lima,Web,Billetera digital,165.84,3.0,3.0
Lima,Web,Contra entrega,109.18,2.0,3.0
Lima,Web,Tarjeta,1140.55,2.0,5.0
Lima,Web,Billetera digital,128.42,1.0,5.0
Lima,Web,Billetera digital,141.75,1.0,5.0
Lima,App,Billetera digital,217.59,3.0,5.0
Lima,App,Contra entrega,244.94,2.0,
Lima,App,Contra entrega,219.76,2.0,4.0
Lima,App,Billetera digital,236.02,1.0,4.0
Oriente,App,Billetera digital,79.28,2.0,5.0
Oriente,App,Contra entrega,75.94,5.0,4.0
Sur,Web,Billetera digital,148.45,4.0,4.0
Lima,Web,Tarjeta,362.19,3.0,5.0
Sur,Web,Tarjeta,59.18,9.0,2.0
Sur,App,Contra entrega,148.14,1.0,5.0
Norte,App,Tarjeta,123.19,2.0,4.0
Sur,Web,Billetera digital,174.44,3.0,4.0
Lima,App,Billetera digital,146.12,3.0,4.0
Sur,Web,Tarjeta,81.0,3.0,4.0
Norte,Web,Billetera digital,175.62,3.0,3.0
Lima,Web,Tarjeta,70.35,2.0,4.0
Sur,Web,Tarjeta,185.74,5.0,5.0
Lima,App,Billetera digital,195.8,2.0,3.0
Centro,App,Billetera digital,187.92,8.0,5.0
Sur,Web,Contra entrega,97.72,5.0,4.0
Norte,Web,Billetera digital,162.77,4.0,4.0
Lima,Web,Tarjeta,84.89,2.0,4.0
Lima,Web,Tarjeta,314.17,1.0,4.0
Oriente,App,Contra entrega,235.54,2.0,5.0
Lima,Web,Tarjeta,85.73,2.0,5.0
Lima,Web,Tarjeta,217.22,2.0,5.0
Norte,App,Billetera digital,164.02,2.0,4.0
Norte,App,Tarjeta,67.39,5.0,3.0
Lima,Web,Billetera digital,168.27,2.0,4.0
Lima,Web,Billetera digital,124.74,2.0,5.0
Centro,Web,Tarjeta,357.55,10.0,1.0
Sur,Web,Tarjeta,123.1,3.0,4.0
Centro,Web,Billetera digital,110.94,8.0,3.0
Norte,App,Billetera digital,70.24,6.0,4.0
Norte,Web,Contra entrega,142.44,4.0,4.0
Lima,App,Billetera digital,209.51,4.0,4.0
Sur,App,Billetera digital,96.23,1.0,5.0
Norte,App,Contra entrega,91.78,7.0,2.0
Oriente,Web,Contra entrega,78.45,11.0,3.0
Sur,Web,Contra entrega,65.06,3.0,4.0
Lima,Web,Tarjeta,147.66,4.0,3.0
Lima,Web,Tarjeta,109.68,2.0,3.0
Lima,App,Billetera digital,229.76,2.0,3.0
Norte,App,Tarjeta,125.68,3.0,4.0
Norte,Web,Contra entrega,292.95,4.0,3.0
Lima,App,Tarjeta,133.08,1.0,5.0
Centro,Web,Contra entrega,203.46,4.0,3.0
Lima,Web,Tarjeta,157.11,1.0,5.0
Sur,App,Tarjeta,124.92,2.0,4.0
Lima,Web,Contra entrega,227.92,2.0,4.0
Lima,App,Billetera digital,161.64,1.0,5.0
Lima,App,Tarjeta,121.06,1.0,3.0
Lima,App,Contra entrega,214.89,2.0,3.0
Centro,App,Billetera digital,291.54,3.0,5.0
Norte,Web,Tarjeta,308.06,3.0,4.0
Oriente,App,Contra entrega,104.81,5.0,4.0
Sur,App,Tarjeta,374.74,3.0,3.0
Lima,Web,Billetera digital,166.79,1.0,4.0
Norte,Web,Contra entrega,51.56,4.0,3.0
Norte,Web,Billetera digital,178.04,2.0,4.0
Oriente,Web,Contra entrega,324.75,5.0,5.0
Norte,App,Contra entrega,40.89,1.0,5.0
Sur,App,Billetera digital,157.81,2.0,4.0
Lima,Web,Tarjeta,125.42,1.0,3.0
Norte,Web,Billetera digital,177.14,3.0,3.0
Lima,Web,Tarjeta,179.43,2.0,4.0
Lima,App,Tarjeta,90.61,2.0,5.0
Lima,App,Billetera digital,109.9,2.0,5.0
Lima,Web,Tarjeta,92.84,2.0,5.0
Lima,Web,Tarjeta,309.08,5.0,4.0
Lima,App,Billetera digital,65.15,1.0,5.0
Lima,Web,Contra entrega,196.97,4.0,5.0
Norte,Web,Billetera digital,272.81,1.0,5.0
Norte,App,Billetera digital,147.55,4.0,3.0
Sur,App,Tarjeta,489.51,2.0,4.0
Norte,App,Billetera digital,171.27,3.0,2.0
Sur,Web,Contra entrega,286.54,3.0,4.0
Centro,Web,Tarjeta,74.24,2.0,4.0
Lima,App,Tarjeta,208.11,2.0,5.0
Sur,App,Billetera digital,46.81,4.0,5.0
Norte,App,Billetera digital,179.71,2.0,4.0
Sur,App,Contra entrega,131.34,4.0,3.0
Lima,App,Billetera digital,48.68,2.0,5.0
Lima,Web,Billetera digital,211.89,1.0,5.0
Lima,App,Tarjeta,167.04,1.0,5.0
Lima,App,Tarjeta,105.6,1.0,5.0
Lima,App,Tarjeta,118.74,3.0,5.0
Lima,Web,Tarjeta,116.86,1.0,5.0
Lima,Web,Tarjeta,113.8,1.0,4.0
Oriente,App,Billetera digital,118.27,4.0,4.0
Lima,Web,Tarjeta,196.57,2.0,3.0
Lima,App,Tarjeta,136.9,3.0,
Lima,Web,Tarjeta,90.6,2.0,4.0
Norte,App,Tarjeta,142.89,3.0,3.0
Norte,App,Billetera digital,103.94,4.0,5.0
Norte,Web,Contra entrega,157.01,3.0,5.0
Lima,App,Billetera digital,104.31,1.0,4.0
Lima,App,Billetera digital,247.1,1.0,5.0
Sur,Web,Billetera digital,140.63,4.0,4.0
Lima,Web,Tarjeta,92.41,3.0,4.0
Norte,Web,Tarjeta,169.37,2.0,4.0
Lima,Web,Tarjeta,83.14,2.0,5.0
Norte,App,Tarjeta,48.06,3.0,4.0
Lima,App,Billetera digital,454.13,4.0,5.0
Oriente,Web,Contra entrega,555.74,4.0,4.0
Sur,Web,Tarjeta,41.47,5.0,4.0
Lima,App,Billetera digital,171.16,4.0,4.0
Norte,App,Billetera digital,164.49,2.0,4.0
Lima,App,Billetera digital,137.4,2.0,5.0
Norte,App,Billetera digital,181.68,3.0,4.0
Lima,App,Billetera digital,126.78,2.0,4.0
Lima,Web,Tarjeta,120.62,1.0,5.0
Lima,Web,Billetera digital,71.66,2.0,5.0
Lima,App,Tarjeta,158.13,3.0,5.0
Norte,Web,Tarjeta,255.32,5.0,3.0
Lima,App,Tarjeta,245.58,1.0,5.0
Norte,App,Billetera digital,112.33,2.0,4.0
Centro,Web,Tarjeta,122.97,3.0,3.0
Lima,App,Billetera digital,168.17,2.0,4.0
Lima,Web,Billetera digital,57.93,2.0,4.0
Lima,App,Tarjeta,177.19,2.0,4.0
Lima,Web,Tarjeta,87.32,3.0,3.0
Lima,App,Billetera digital,103.61,4.0,4.0
Lima,App,Billetera digital,99.72,3.0,5.0
Sur,Web,Tarjeta,160.03,8.0,4.0
Lima,Web,Contra entrega,61.12,4.0,4.0
Lima,App,Billetera digital,227.06,1.0,5.0
Lima,Web,Tarjeta,146.76,1.0,4.0
Norte,Web,Billetera digital,76.18,2.0,4.0
Sur,Web,Billetera digital,204.91,7.0,4.0
Norte,Web,Contra entrega,162.75,2.0,5.0
Lima,App,Tarjeta,233.34,2.0,4.0
Lima,Web,Billetera digital,185.35,1.0,5.0
Lima,Web,Billetera digital,86.56,4.0,4.0
Lima,Web,Tarjeta,122.04,1.0,5.0
Lima,Web,Tarjeta,104.24,3.0,3.0
Sur,App,Billetera digital,95.48,2.0,4.0
Norte,Web,Billetera digital,71.89,1.0,3.0
Lima,Web,Billetera digital,54.86,1.0,5.0
Lima,Web,Billetera digital,84.26,2.0,4.0
Norte,App,Contra entrega,121.52,2.0,5.0
Oriente,Web,Contra entrega,254.37,5.0,3.0
Centro,App,Contra entrega,60.74,1.0,4.0
Lima,Web,Tarjeta,56.97,1.0,4.0
Sur,Web,Tarjeta,82.78,4.0,2.0
Centro,App,Contra entrega,98.86,5.0,3.0
Sur,Web,Tarjeta,298.28,2.0,4.0
Lima,Web,Tarjeta,80.84,2.0,4.0
Oriente,App,Contra entrega,189.32,9.0,3.0
Lima,Web,Contra entrega,90.56,2.0,4.0
Oriente,Web,Billetera digital,89.13,5.0,2.0
Lima,App,Tarjeta,248.64,1.0,
Lima,App,Tarjeta,207.27,2.0,5.0
Sur,Web,Tarjeta,207.74,6.0,5.0
Sur,Web,Tarjeta,50.4,3.0,4.0
Centro,App,Billetera digital,81.03,6.0,3.0
Centro,App,Billetera digital,85.21,2.0,5.0
Lima,Web,Billetera digital,163.06,1.0,4.0
Lima,App,Billetera digital,84.77,2.0,
Centro,Web,Billetera digital,90.84,3.0,5.0
Lima,Web,Billetera digital,99.63,1.0,5.0
Lima,Web,Billetera digital,66.77,1.0,5.0
Sur,Web,Contra entrega,119.79,3.0,4.0
Centro,App,Billetera digital,201.27,3.0,4.0
Lima,Web,Tarjeta,83.93,1.0,5.0
Sur,Web,Tarjeta,119.49,1.0,5.0
Norte,Web,Tarjeta,137.53,3.0,4.0
Centro,App,Tarjeta,100.29,4.0,4.0
Lima,Web,Tarjeta,170.47,3.0,3.0
Lima,Web,Tarjeta,68.85,3.0,3.0
Centro,Web,Billetera digital,79.49,8.0,4.0
Lima,Web,Billetera digital,98.17,2.0,5.0
Lima,App,Billetera digital,179.62,3.0,4.0
Sur,Web,Billetera digital,93.04,5.0,3.0
Centro,Web,Contra entrega,91.78,3.0,3.0
Sur,Web,Contra entrega,207.65,2.0,5.0
Lima,App,Tarjeta,328.59,2.0,5.0
Norte,App,Tarjeta,80.49,1.0,5.0
Sur,Web,Contra entrega,225.73,2.0,5.0
Lima,App,Billetera digital,208.21,1.0,4.0
Oriente,App,Billetera digital,91.28,2.0,
Lima,Web,Billetera digital,274.92,1.0,5.0
Sur,Web,Contra entrega,96.51,4.0,4.0
Lima,App,Tarjeta,87.65,1.0,4.0
Oriente,Web,Contra entrega,62.61,4.0,3.0
Norte,App,Tarjeta,111.68,4.0,4.0
Sur,Web,Tarjeta,66.83,3.0,5.0
Lima,Web,Billetera digital,308.97,1.0,4.0
Norte,App,Billetera digital,189.75,2.0,5.0
Lima,Web,Tarjeta,128.18,2.0,4.0
Norte,Web,Tarjeta,150.45,2.0,5.0
Lima,App,Contra entrega,221.94,2.0,3.0
Lima,App,Tarjeta,219.33,2.0,5.0
Norte,Web,Billetera digital,269.69,10.0,1.0
Norte,App,Contra entrega,201.15,3.0,4.0
Sur,Web,Tarjeta,130.46,2.0,5.0
Sur,Web,Tarjeta,60.36,5.0,3.0
Lima,Web,Tarjeta,170.3,1.0,5.0
Centro,App,Tarjeta,205.55,7.0,4.0
Oriente,App,Contra entrega,255.73,5.0,3.0
Sur,Web,Billetera digital,163.16,5.0,2.0
Oriente,Web,Contra entrega,128.04,7.0,3.0
Lima,App,Tarjeta,96.67,1.0,4.0
Oriente,Web,Billetera digital,89.02,3.0,3.0
Lima,Web,Billetera digital,271.77,2.0,4.0
Lima,Web,Billetera digital,139.27,1.0,5.0
Lima,Web,Billetera digital,119.23,3.0,5.0
Sur,App,Contra entrega,215.04,1.0,5.0
Norte,Web,Tarjeta,400.37,3.0,4.0
Oriente,Web,Tarjeta,50.85,3.0,4.0
Norte,App,Billetera digital,314.63,3.0,5.0
Sur,App,Contra entrega,121.08,5.0,5.0
Sur,Web,Tarjeta,30.07,4.0,5.0
Sur,App,Billetera digital,65.67,2.0,4.0
Lima,Web,Billetera digital,361.85,1.0,5.0
Norte,Web,Contra entrega,126.76,2.0,4.0
Centro,Web,Tarjeta,106.15,3.0,4.0
Lima,App,Tarjeta,373.16,2.0,3.0
Lima,Web,Billetera digital,79.6,1.0,3.0
Lima,App,Billetera digital,187.68,2.0,5.0
Lima,App,Billetera digital,152.44,3.0,5.0
Lima,App,Tarjeta,253.27,1.0,4.0
Lima,App,Tarjeta,221.33,1.0,5.0
Norte,App,Contra entrega,117.44,2.0,4.0
Sur,Web,Billetera digital,334.12,4.0,5.0
Lima,Web,Tarjeta,257.12,2.0,5.0
Sur,App,Contra entrega,27.58,3.0,2.0
Sur,Web,Tarjeta,142.01,1.0,4.0
Lima,App,Tarjeta,230.59,1.0,5.0
Sur,App,Tarjeta,304.46,4.0,5.0
Lima,App,Tarjeta,168.26,2.0,3.0
Lima,App,Tarjeta,289.41,1.0,5.0
Sur,App,Billetera digital,125.66,4.0,4.0
Lima,Web,Billetera digital,132.73,1.0,5.0
Lima,Web,Tarjeta,37.41,1.0,4.0
Lima,Web,Tarjeta,157.4,1.0,5.0
Oriente,Web,Tarjeta,109.18,2.0,5.0
Sur,Web,Tarjeta,174.07,5.0,3.0
Sur,App,Tarjeta,189.58,2.0,3.0
Sur,App,Tarjeta,54.71,6.0,3.0
Sur,Web,Tarjeta,87.11,2.0,4.0
Sur,App,Tarjeta,196.7,3.0,4.0
Norte,App,Contra entrega,221.02,3.0,5.0
Lima,App,Tarjeta,178.39,2.0,5.0
Centro,Web,Tarjeta,70.57,3.0,4.0
Lima,App,Billetera digital,192.64,1.0,4.0
Sur,App,Contra entrega,205.43,4.0,5.0
Lima,Web,Billetera digital,352.53,2.0,4.0
Norte,Web,Contra entrega,202.4,5.0,3.0
Lima,Web,Tarjeta,156.25,1.0,5.0
Sur,App,Tarjeta,136.23,6.0,4.0
Sur,App,Billetera digital,152.77,2.0,4.0
Centro,App,Billetera digital,65.25,3.0,4.0
Lima,Web,Billetera digital,96.15,1.0,5.0
Norte,Web,Contra entrega,74.4,3.0,5.0
Lima,App,Tarjeta,161.55,2.0,5.0
Lima,App,Tarjeta,280.9,2.0,5.0
Norte,Web,Billetera digital,126.64,3.0,5.0
Oriente,Web,Billetera digital,67.28,10.0,4.0
Lima,App,Tarjeta,113.24,2.0,4.0
Lima,Web,Billetera digital,286.73,1.0,3.0
Lima,Web,Billetera digital,156.44,2.0,
Lima,Web,Contra entrega,360.53,1.0,5.0
Lima,App,Contra entrega,217.03,1.0,5.0
Lima,Web,Billetera digital,109.86,3.0,5.0
Oriente,App,Tarjeta,120.38,8.0,3.0
Lima,Web,Tarjeta,54.78,2.0,5.0
Lima,App,Billetera digital,160.55,2.0,4.0
Norte,App,Tarjeta,174.76,3.0,4.0
Centro,App,Contra entrega,83.22,4.0,2.0
Lima,Web,Billetera digital,202.62,2.0,4.0
Centro,Web,Tarjeta,172.99,5.0,4.0
Norte,Web,Tarjeta,114.97,5.0,2.0
Lima,App,Tarjeta,141.54,1.0,5.0
Sur,App,Billetera digital,217.59,6.0,2.0
Lima,App,Billetera digital,173.36,2.0,5.0
Lima,App,Billetera digital,204.91,3.0,4.0
Lima,Web,Tarjeta,130.73,2.0,5.0
Lima,Web,Contra entrega,304.47,2.0,5.0
Lima,Web,Billetera digital,168.5,4.0,1.0
Lima,Web,Billetera digital,106.32,2.0,5.0
Lima,Web,Billetera digital,150.58,1.0,5.0
Lima,Web,Billetera digital,113.68,2.0,5.0
Norte,Web,Billetera digital,184.51,4.0,4.0
Sur,Web,Tarjeta,52.09,8.0,3.0
Centro,Web,Contra entrega,147.68,3.0,4.0
Lima,Web,Tarjeta,95.6,2.0,4.0
Lima,App,Billetera digital,206.15,1.0,5.0
Lima,App,Contra entrega,301.13,1.0,5.0
Oriente,App,Contra entrega,84.37,1.0,4.0
Lima,Web,Billetera digital,255.26,3.0,5.0
Norte,Web,Billetera digital,330.53,2.0,5.0
Lima,Web,Tarjeta,198.87,1.0,5.0
Oriente,App,Billetera digital,69.55,6.0,4.0
Sur,App,Tarjeta,37.76,5.0,5.0
Norte,Web,Billetera digital,124.23,1.0,4.0
Lima,Web,Tarjeta,134.54,3.0,3.0
Centro,Web,Tarjeta,99.82,5.0,3.0
Oriente,App,Billetera digital,98.69,2.0,5.0
Sur,Web,Billetera digital,19.59,1.0,5.0
Norte,Web,Tarjeta,195.69,2.0,5.0
Oriente,App,Tarjeta,305.29,8.0,3.0
Oriente,Web,Contra entrega,82.35,6.0,4.0
Lima,Web,Billetera digital,112.15,2.0,5.0
Centro,App,Tarjeta,158.3,1.0,4.0
Sur,App,Billetera digital,78.27,5.0,3.0
Sur,App,Billetera digital,298.32,7.0,4.0
Norte,Web,Billetera digital,160.07,4.0,3.0
Oriente,App,Contra entrega,115.24,7.0,4.0
Norte,App,Contra entrega,68.63,2.0,5.0
Norte,App,Tarjeta,144.98,4.0,4.0
Sur,Web,Billetera digital,111.81,5.0,4.0
Lima,Web,Tarjeta,227.17,2.0,5.0
Lima,Web,Tarjeta,142.12,3.0,3.0
Sur,App,Tarjeta,150.5,5.0,3.0
Lima,Web,Tarjeta,189.15,1.0,5.0
Lima,Web,Contra entrega,141.2,2.0,4.0
Norte,App,Billetera digital,231.43,2.0,5.0
Sur,App,Contra entrega,142.08,3.0,5.0
Sur,App,Billetera digital,105.32,2.0,5.0
Sur,App,Billetera digital,141.89,2.0,3.0
Oriente,Web,Contra entrega,78.84,5.0,3.0
Norte,Web,Tarjeta,223.41,5.0,3.0
Sur,Web,Tarjeta,165.66,8.0,2.0
Lima,Web,Tarjeta,92.19,2.0,4.0
Centro,App,Tarjeta,338.98,5.0,3.0
Lima,Web,Billetera digital,150.85,1.0,5.0
Sur,Web,Billetera digital,86.37,4.0,4.0
Lima,App,Tarjeta,152.36,6.0,2.0
Norte,App,Contra entrega,149.48,5.0,5.0
Sur,Web,Billetera digital,283.21,3.0,4.0
Oriente,App,Billetera digital,90.5,2.0,4.0
Lima,Web,Billetera digital,322.47,2.0,5.0
Sur,App,Billetera digital,339.96,5.0,3.0
Lima,App,Billetera digital,291.81,3.0,3.0
Centro,App,Tarjeta,224.38,3.0,5.0
Oriente,App,Billetera digital,366.11,3.0,5.0
Centro,Web,Contra entrega,76.63,4.0,4.0
Sur,App,Tarjeta,209.21,2.0,5.0
Norte,App,Billetera digital,186.77,4.0,4.0
Lima,App,Tarjeta,54.64,2.0,4.0
Lima,Web,Billetera digital,75.93,1.0,4.0
Lima,Web,Billetera digital,89.91,2.0,3.0
Lima,App,Billetera digital,77.7,3.0,4.0
Norte,Web,Tarjeta,52.46,5.0,4.0
Sur,Web,Billetera digital,129.81,2.0,4.0
Sur,Web,Billetera digital,71.16,6.0,3.0
Sur,Web,Contra entrega,124.14,3.0,4.0
Sur,App,Tarjeta,54.88,3.0,3.0
Sur,App,Billetera digital,98.86,5.0,3.0
Norte,App,Billetera digital,85.16,5.0,3.0
Lima,App,Billetera digital,372.98,2.0,3.0
Sur,App,Billetera digital,134.48,7.0,
Oriente,App,Contra entrega,183.95,6.0,4.0
Centro,Web,Contra entrega,39.18,3.0,5.0
Lima,App,Tarjeta,167.63,1.0,5.0
Norte,Web,Tarjeta,393.57,4.0,3.0
Lima,Web,Tarjeta,139.3,2.0,5.0
Lima,Web,Tarjeta,231.69,1.0,5.0
Norte,Web,Tarjeta,180.39,7.0,4.0
Oriente,Web,Contra entrega,110.6,6.0,2.0
Oriente,App,Billetera digital,131.43,8.0,3.0
Lima,Web,Billetera digital,100.44,1.0,4.0
Centro,App,Tarjeta,146.53,7.0,3.0
Oriente,Web,Billetera digital,86.76,6.0,4.0
Sur,App,Tarjeta,159.64,1.0,4.0
Lima,Web,Tarjeta,70.18,4.0,3.0
Norte,App,Tarjeta,87.71,3.0,4.0
Norte,Web,Billetera digital,161.44,2.0,4.0
Norte,App,Billetera digital,273.34,1.0,4.0
Lima,Web,Tarjeta,332.22,3.0,4.0
Lima,Web,Tarjeta,257.75,1.0,4.0
Sur,App,Billetera digital,150.12,1.0,5.0
Lima,App,Contra entrega,154.63,1.0,5.0
Lima,Web,Tarjeta,141.64,2.0,4.0
Lima,Web,Billetera digital,140.05,2.0,3.0
Sur,Web,Contra entrega,108.71,6.0,5.0
Oriente,Web,Billetera digital,220.27,6.0,4.0
Lima,Web,Tarjeta,253.72,1.0,3.0
Lima,Web,Billetera digital,206.28,1.0,4.0
Lima,App,Billetera digital,131.06,3.0,3.0
Lima,App,Billetera digital,68.03,1.0,5.0
Lima,App,Tarjeta,144.5,1.0,5.0
Centro,App,Billetera digital,55.36,4.0,3.0
Lima,Web,Billetera digital,95.05,1.0,5.0
Sur,Web,Tarjeta,61.85,3.0,5.0
Centro,Web,Contra entrega,157.79,1.0,5.0
Lima,Web,Tarjeta,77.79,1.0,
Lima,App,Contra entrega,78.39,1.0,5.0
Oriente,Web,Contra entrega,210.28,2.0,5.0
Centro,App,Contra entrega,144.02,2.0,3.0
Lima,Web,Billetera digital,68.95,2.0,4.0
Lima,App,Tarjeta,220.2,1.0,4.0
Centro,App,Billetera digital,29.5,2.0,5.0
Lima,Web,Tarjeta,122.79,2.0,3.0
Norte,App,Tarjeta,139.12,4.0,4.0
Norte,Web,Billetera digital,99.37,3.0,4.0
Lima,App,Tarjeta,101.37,2.0,5.0
Centro,App,Contra entrega,156.85,3.0,3.0
Norte,Web,Contra entrega,304.25,1.0,4.0
Centro,App,Billetera digital,194.95,8.0,4.0
Sur,App,Billetera digital,251.21,2.0,3.0
Lima,Web,Billetera digital,218.97,2.0,4.0
Lima,App,Tarjeta,82.51,1.0,5.0
Sur,App,Tarjeta,152.65,4.0,4.0
Lima,Web,Tarjeta,249.65,1.0,2.0
Norte,App,Tarjeta,258.45,3.0,3.0
Lima,Web,Tarjeta,207.12,2.0,4.0
Sur,Web,Tarjeta,154.37,3.0,4.0
Centro,App,Tarjeta,153.4,3.0,5.0
Oriente,Web,Tarjeta,81.45,9.0,2.0
Norte,Web,Billetera digital,212.38,6.0,5.0
Lima,Web,Tarjeta,140.85,2.0,5.0
Centro,Web,Billetera digital,58.1,2.0,5.0
Lima,Web,Tarjeta,114.84,2.0,5.0
Lima,Web,Tarjeta,269.83,5.0,
Lima,Web,Billetera digital,49.04,2.0,4.0
Norte,App,Tarjeta,264.37,3.0,3.0
Lima,Web,Tarjeta,119.29,1.0,4.0
Norte,Web,Tarjeta,24.98,2.0,4.0
Sur,Web,Tarjeta,57.77,4.0,3.0
Norte,Web,Contra entrega,245.79,2.0,5.0
Lima,Web,Tarjeta,114.43,1.0,4.0
Lima,Web,Tarjeta,102.09,1.0,4.0
Lima,Web,Billetera digital,137.17,3.0,3.0
Oriente,Web,Billetera digital,198.99,12.0,3.0
Lima,Web,Billetera digital,799.34,1.0,5.0
Centro,Web,Billetera digital,52.31,3.0,5.0
Norte,Web,Tarjeta,78.31,2.0,5.0
Norte,Web,Billetera digital,213.09,1.0,5.0
Lima,App,Tarjeta,93.4,1.0,3.0
Lima,App,Tarjeta,79.24,1.0,5.0
Norte,App,Billetera digital,152.34,6.0,4.0
Lima,Web,Contra entrega,43.9,1.0,3.0
Oriente,Web,Billetera digital,106.08,6.0,4.0
Sur,Web,Contra entrega,172.82,6.0,3.0
Lima,App,Tarjeta,154.59,2.0,3.0
Lima,Web,Contra entrega,53.98,2.0,4.0
Sur,App,Tarjeta,286.09,8.0,4.0
Sur,App,Billetera digital,228.91,1.0,4.0
Norte,App,Billetera digital,120.25,3.0,5.0
Oriente,App,Billetera digital,195.25,2.0,
Lima,App,Contra entrega,141.98,2.0,5.0
Centro,Web,Contra entrega,154.77,2.0,5.0
Norte,App,Billetera digital,99.49,2.0,3.0
Sur,App,Billetera digital,93.56,1.0,5.0
Lima,App,Tarjeta,370.16,1.0,4.0
Lima,App,Tarjeta,203.39,1.0,5.0
Sur,App,Tarjeta,184.73,8.0,3.0
Sur,Web,Billetera digital,146.62,8.0,2.0
Lima,Web,Billetera digital,112.51,1.0,5.0
Lima,Web,Billetera digital,155.57,2.0,5.0
Sur,Web,Contra entrega,77.12,4.0,5.0
Sur,App,Tarjeta,120.26,6.0,3.0
Sur,App,Tarjeta,125.12,7.0,4.0
Oriente,App,Contra entrega,144.66,3.0,2.0
Centro,Web,Billetera digital,101.03,3.0,4.0
Norte,Web,Tarjeta,54.83,4.0,4.0
Centro,Web,Tarjeta,425.77,5.0,2.0
Sur,App,Tarjeta,1261.21,4.0,4.0
Norte,Web,Billetera digital,80.32,4.0,5.0
Lima,Web,Tarjeta,143.3,2.0,4.0
Norte,Web,Tarjeta,161.76,1.0,5.0
Norte,Web,Billetera digital,233.18,1.0,5.0
Lima,Web,Contra entrega,104.27,2.0,5.0
Sur,Web,Tarjeta,187.77,2.0,5.0
Sur,Web,Tarjeta,188.56,7.0,3.0
Centro,App,Contra entrega,414.46,2.0,4.0
Norte,Web,Contra entrega,154.11,1.0,4.0
Oriente,App,Contra entrega,199.2,5.0,3.0
Lima,Web,Tarjeta,268.11,2.0,5.0
Centro,App,Contra entrega,157.46,2.0,5.0
Lima,Web,Tarjeta,147.29,1.0,5.0
Lima,Web,Billetera digital,142.5,2.0,5.0
Lima,Web,Billetera digital,139.96,1.0,5.0
Lima,App,Tarjeta,122.21,4.0,3.0
Lima,Web,Billetera digital,76.06,4.0,3.0
Norte,Web,Tarjeta,88.97,5.0,4.0
Lima,App,Contra entrega,547.93,2.0,3.0
Norte,Web,Billetera digital,114.87,4.0,4.0
Sur,Web,Billetera digital,214.73,4.0,4.0
Lima,App,Tarjeta,294.2,2.0,5.0
Centro,Web,Billetera digital,216.15,6.0,2.0
Lima,App,Tarjeta,63.42,1.0,5.0
Norte,App,Tarjeta,125.5,9.0,3.0
Oriente,App,Billetera digital,169.87,10.0,2.0
Lima,Web,Billetera digital,125.36,3.0,4.0
Centro,App,Contra entrega,322.42,4.0,4.0
Oriente,App,Billetera digital,237.18,10.0,3.0
Sur,App,Tarjeta,150.93,7.0,4.0
Centro,App,Contra entrega,232.72,3.0,4.0
Oriente,App,Tarjeta,74.55,5.0,3.0
Lima,App,Tarjeta,188.71,1.0,5.0
Centro,App,Tarjeta,37.3,2.0,4.0
Lima,App,Tarjeta,104.23,1.0,5.0
Lima,App,Contra entrega,87.16,2.0,5.0
Lima,Web,Billetera digital,293.03,2.0,4.0
Sur,App,Tarjeta,95.4,3.0,3.0
Lima,Web,Tarjeta,48.48,1.0,5.0
Lima,App,Tarjeta,138.81,1.0,3.0
Lima,Web,Billetera digital,120.81,1.0,3.0
Norte,App,Billetera digital,97.63,3.0,5.0
Norte,App,Tarjeta,111.41,5.0,3.0
Sur,App,Billetera digital,142.41,9.0,2.0
Sur,Web,Tarjeta,133.29,4.0,5.0
Lima,App,Billetera digital,79.91,1.0,4.0
Norte,App,Contra entrega,232.5,3.0,5.0
Sur,Web,Contra entrega,87.74,4.0,3.0
Sur,App,Contra entrega,80.19,4.0,3.0
Sur,App,Tarjeta,174.99,2.0,5.0
Oriente,App,Billetera digital,82.24,8.0,4.0
Norte,App,Billetera digital,55.93,2.0,5.0
Sur,Web,Billetera digital,186.02,4.0,4.0
Norte,Web,Contra entrega,68.64,2.0,5.0
Norte,Web,Billetera digital,152.89,6.0,5.0
Lima,App,Billetera digital,217.42,3.0,4.0
Norte,Web,Contra entrega,86.93,3.0,5.0
Lima,Web,Tarjeta,183.38,1.0,5.0
Norte,App,Contra entrega,141.0,5.0,4.0
Lima,App,Billetera digital,187.61,2.0,4.0
Lima,App,Billetera digital,174.08,3.0,3.0
Norte,App,Tarjeta,104.02,4.0,4.0
Norte,Web,Billetera digital,146.25,3.0,4.0
Oriente,App,Billetera digital,89.34,3.0,4.0
Oriente,App,Tarjeta,83.65,7.0,3.0
Norte,Web,Contra entrega,176.97,3.0,4.0
Sur,Web,Contra entrega,142.15,1.0,5.0
Centro,Web,Billetera digital,148.72,7.0,3.0
Sur,Web,Tarjeta,121.37,4.0,4.0
Lima,Web,Contra entrega,208.35,2.0,3.0
Norte,Web,Billetera digital,117.26,2.0,4.0
Sur,App,Tarjeta,180.72,3.0,4.0
Norte,App,Billetera digital,98.12,5.0,4.0
Norte,App,Contra entrega,63.53,4.0,4.0
Oriente,Web,Tarjeta,45.2,9.0,2.0
Lima,App,Billetera digital,127.76,2.0,4.0
Lima,Web,Billetera digital,78.19,3.0,4.0
Lima,App,Tarjeta,108.67,2.0,5.0
Lima,App,Billetera digital,127.06,3.0,3.0
Lima,App,Billetera digital,26.21,2.0,3.0
Sur,App,Contra entrega,172.74,2.0,4.0
Sur,Web,Tarjeta,145.49,2.0,4.0
Lima,App,Billetera digital,63.44,3.0,4.0
Sur,App,Billetera digital,210.62,2.0,3.0
Oriente,Web,Billetera digital,55.22,7.0,4.0
Oriente,Web,Billetera digital,55.29,3.0,4.0
Norte,Web,Contra entrega,87.41,2.0,3.0
Norte,Web,Billetera digital,296.24,1.0,5.0
Norte,App,Billetera digital,115.76,7.0,4.0
Norte,Web,Billetera digital,141.15,3.0,5.0
Lima,Web,Tarjeta,128.45,1.0,5.0
Sur,Web,Tarjeta,126.82,4.0,4.0
Sur,Web,Billetera digital,96.43,4.0,3.0
Norte,Web,Billetera digital,51.6,2.0,4.0
Norte,Web,Contra entrega,318.17,4.0,5.0
Centro,Web,Tarjeta,130.74,3.0,4.0
Lima,Web,Tarjeta,246.11,3.0,3.0
Lima,App,Tarjeta,126.87,2.0,4.0
Norte,Web,Tarjeta,55.99,1.0,5.0
Sur,Web,Tarjeta,322.72,5.0,4.0
Oriente,Web,Contra entrega,289.19,2.0,4.0
Sur,Web,Billetera digital,62.6,3.0,4.0
Lima,Web,Tarjeta,140.24,3.0,5.0
Lima,Web,Billetera digital,74.7,2.0,4.0
Lima,App,Tarjeta,193.73,4.0,4.0
Lima,Web,Billetera digital,179.42,1.0,4.0
Oriente,Web,Tarjeta,67.58,5.0,4.0
Centro,Web,Tarjeta,80.2,5.0,3.0
Sur,App,Tarjeta,127.48,4.0,3.0
Centro,Web,Billetera digital,86.0,3.0,4.0
Oriente,App,Contra entrega,67.85,8.0,3.0
Sur,Web,Contra entrega,126.42,2.0,5.0
Norte,App,Tarjeta,191.28,4.0,2.0
Centro,Web,Billetera digital,173.53,5.0,4.0
Norte,App,Tarjeta,109.12,7.0,5.0
Lima,App,Billetera digital,41.02,1.0,5.0
Norte,Web,Billetera digital,84.04,4.0,3.0
Sur,Web,Tarjeta,188.28,2.0,5.0
Norte,Web,Tarjeta,51.1,3.0,4.0
Sur,App,Contra entrega,180.02,1.0,4.0
Centro,App,Contra entrega,268.62,4.0,4.0
Lima,App,Billetera digital,112.76,2.0,4.0
Lima,Web,Billetera digital,138.0,1.0,4.0
Norte,Web,Contra entrega,118.14,3.0,5.0
Lima,Web,Contra entrega,96.3,2.0,3.0
Lima,Web,Tarjeta,202.2,1.0,5.0
Lima,Web,Tarjeta,158.32,1.0,5.0
Centro,Web,Billetera digital,79.8,9.0,3.0
Oriente,App,Contra entrega,134.79,4.0,4.0
Lima,Web,Tarjeta,68.82,2.0,5.0
Norte,App,Billetera digital,128.35,2.0,3.0
Lima,Web,Tarjeta,467.26,3.0,5.0
Lima,Web,Billetera digital,216.77,2.0,4.0
Norte,Web,Contra entrega,1625.26,3.0,3.0
Lima,Web,Tarjeta,152.25,1.0,5.0
Centro,Web,Contra entrega,259.45,3.0,4.0
Lima,Web,Tarjeta,74.52,2.0,4.0
Sur,App,Billetera digital,132.66,3.0,5.0
Lima,App,Tarjeta,167.31,4.0,4.0
Norte,Web,Contra entrega,127.7,6.0,3.0
Sur,Web,Tarjeta,363.8,5.0,4.0
Lima,App,Billetera digital,179.95,1.0,5.0
Lima,Web,Tarjeta,213.09,2.0,4.0
Lima,Web,Tarjeta,184.66,2.0,5.0
Lima,App,Billetera digital,147.2,2.0,3.0
Centro,Web,Billetera digital,76.58,5.0,2.0
Lima,Web,Tarjeta,151.47,1.0,5.0
Norte,Web,Billetera digital,91.85,2.0,4.0
Oriente,Web,Contra entrega,98.93,7.0,3.0
Sur,Web,Tarjeta,284.44,1.0,5.0
Sur,Web,Tarjeta,178.9,1.0,4.0
Lima,Web,Billetera digital,202.07,1.0,4.0
Lima,Web,Billetera digital,155.19,3.0,5.0
Lima,App,Billetera digital,157.6,1.0,5.0
Sur,Web,Billetera digital,247.63,2.0,5.0
Oriente,App,Billetera digital,212.09,8.0,3.0
Lima,Web,Billetera digital,75.18,2.0,4.0
Sur,App,Billetera digital,35.78,4.0,4.0
Norte,App,Billetera digital,107.26,6.0,5.0
Lima,Web,Billetera digital,50.14,4.0,5.0
Centro,App,Billetera digital,179.77,1.0,3.0
Oriente,Web,Contra entrega,45.42,5.0,4.0
Lima,Web,Contra entrega,110.27,3.0,4.0
Lima,App,Tarjeta,257.55,1.0,5.0
Norte,App,Billetera digital,75.95,2.0,3.0
Centro,Web,Billetera digital,128.1,5.0,4.0
Norte,App,Tarjeta,116.3,4.0,3.0
Lima,App,Tarjeta,65.92,1.0,5.0
Lima,Web,Tarjeta,79.64,1.0,4.0
Oriente,Web,Contra entrega,82.27,7.0,4.0
Oriente,Web,Tarjeta,117.68,2.0,4.0
Sur,Web,Tarjeta,226.42,1.0,5.0
Norte,Web,Billetera digital,63.7,5.0,4.0
Lima,App,Billetera digital,283.37,1.0,4.0
Lima,App,Billetera digital,86.55,1.0,4.0
Lima,App,Tarjeta,141.03,2.0,3.0
Sur,Web,Tarjeta,46.97,1.0,3.0
Lima,Web,Billetera digital,187.52,2.0,4.0
Norte,Web,Contra entrega,69.24,3.0,3.0
Lima,Web,Tarjeta,244.57,1.0,4.0
Lima,Web,Contra entrega,169.11,2.0,4.0
Lima,App,Tarjeta,170.42,1.0,4.0
Sur,App,Billetera digital,127.0,4.0,3.0
Norte,Web,Billetera digital,91.16,3.0,
Lima,App,Tarjeta,151.21,2.0,
Centro,App,Billetera digital,97.1,2.0,4.0
Sur,Web,Billetera digital,240.75,2.0,4.0
Lima,Web,Contra entrega,106.73,1.0,4.0
Lima,Web,Billetera digital,79.86,1.0,4.0
Centro,Web,Contra entrega,53.11,3.0,5.0
Lima,App,Tarjeta,67.92,1.0,5.0
Lima,Web,Contra entrega,134.57,3.0,5.0
Lima,Web,Billetera digital,181.73,1.0,5.0
Lima,App,Tarjeta,147.04,2.0,5.0
Norte,Web,Contra entrega,169.86,5.0,2.0
Lima,App,Billetera digital,130.23,4.0,4.0
Norte,App,Billetera digital,107.26,6.0,5.0
Sur,Web,Billetera digital,89.64,4.0,5.0
Lima,App,Tarjeta,353.05,3.0,3.0
Centro,Web,Contra entrega,187.08,3.0,4.0
Oriente,App,Billetera digital,73.46,6.0,3.0
Norte,Web,Billetera digital,77.79,1.0,5.0
Norte,Web,Contra entrega,140.28,4.0,5.0
Lima,App,Billetera digital,249.84,3.0,4.0
Sur,Web,Billetera digital,100.65,5.0,4.0
Oriente,Web,Contra entrega,290.32,6.0,4.0
Norte,Web,Tarjeta,47.81,4.0,4.0
Lima,App,Billetera digital,33.64,1.0,4.0
Lima,App,Tarjeta,130.73,2.0,4.0
Norte,Web,Tarjeta,109.86,4.0,5.0
Lima,Web,Tarjeta,76.11,2.0,5.0
Lima,Web,Billetera digital,245.25,2.0,4.0
Lima,Web,Tarjeta,125.59,2.0,5.0
Centro,Web,Billetera digital,105.46,5.0,4.0
Sur,App,Tarjeta,258.27,5.0,3.0
Sur,Web,Contra entrega,125.47,5.0,3.0
Norte,Web,Tarjeta,107.24,5.0,4.0
Sur,Web,Billetera digital,94.17,2.0,5.0
Norte,App,Tarjeta,122.52,4.0,4.0
Lima,Web,Contra entrega,88.84,1.0,5.0
Lima,Web,Tarjeta,92.12,2.0,5.0
Norte,Web,Billetera digital,153.99,5.0,4.0
Norte,App,Tarjeta,116.2,2.0,3.0
Norte,App,Billetera digital,133.29,2.0,4.0
Centro,Web,Tarjeta,93.41,6.0,5.0
Centro,App,Contra entrega,92.07,2.0,4.0
Lima,App,Tarjeta,92.06,2.0,5.0
Lima,Web,Billetera digital,165.24,1.0,5.0
Norte,App,Tarjeta,147.11,2.0,4.0
Lima,App,Billetera digital,140.04,3.0,4.0
Lima,Web,Billetera digital,240.35,2.0,4.0
Lima,Web,Billetera digital,38.69,3.0,5.0
Lima,Web,Billetera digital,173.79,3.0,3.0
Sur,Web,Billetera digital,183.27,3.0,4.0
Norte,Web,Tarjeta,104.66,3.0,4.0
Lima,App,Tarjeta,177.4,2.0,
Norte,App,Billetera digital,288.99,3.0,5.0
Lima,Web,Billetera digital,188.77,2.0,4.0
Centro,App,Billetera digital,154.78,4.0,4.0
Lima,Web,Tarjeta,183.52,1.0,5.0
Norte,Web,Billetera digital,161.15,5.0,4.0
Lima,Web,Billetera digital,127.56,2.0,5.0
Centro,App,Billetera digital,170.45,4.0,3.0
Oriente,Web,Tarjeta,101.35,6.0,4.0
Lima,App,Billetera digital,241.38,1.0,5.0
Lima,Web,Billetera digital,83.09,1.0,5.0
Centro,App,Billetera digital,204.52,5.0,4.0
Oriente,Web,Contra entrega,81.59,10.0,1.0
Sur,Web,Tarjeta,105.9,2.0,5.0
Lima,Web,Billetera digital,90.08,3.0,5.0
Lima,Web,Billetera digital,105.11,2.0,5.0
Sur,App,Contra entrega,135.43,2.0,5.0
Sur,App,Tarjeta,118.41,4.0,5.0
Lima,App,Tarjeta,121.72,1.0,5.0
Norte,Web,Tarjeta,133.26,2.0,4.0
Norte,Web,Billetera digital,167.9,2.0,5.0
Norte,App,Billetera digital,95.73,4.0,2.0
Norte,App,Billetera digital,47.75,7.0,2.0
Norte,Web,Contra entrega,168.31,2.0,5.0
Norte,App,Tarjeta,125.77,1.0,4.0
Norte,Web,Tarjeta,157.89,4.0,3.0
Lima,Web,Tarjeta,104.29,3.0,5.0
Norte,Web,Tarjeta,251.52,4.0,4.0
Sur,App,Contra entrega,149.66,4.0,4.0
Norte,App,Tarjeta,195.75,9.0,2.0
Centro,Web,Billetera digital,69.85,2.0,3.0
Lima,Web,Contra entrega,151.7,2.0,5.0
Norte,App,Tarjeta,249.6,5.0,4.0
Lima,App,Tarjeta,486.11,1.0,4.0
Lima,App,Billetera digital,131.37,2.0,4.0
Norte,App,Billetera digital,92.12,5.0,3.0
Centro,App,Tarjeta,238.83,4.0,3.0
Lima,App,Tarjeta,83.27,2.0,3.0
Norte,Web,Tarjeta,106.5,2.0,3.0
Lima,Web,Billetera digital,297.82,1.0,5.0
Lima,App,Tarjeta,141.08,2.0,5.0
Lima,App,Contra entrega,230.4,2.0,4.0
Lima,Web,Tarjeta,97.93,3.0,4.0
Lima,Web,Billetera digital,268.3,2.0,4.0
Lima,Web,Billetera digital,66.88,2.0,5.0
Lima,Web,Billetera digital,264.56,2.0,5.0
Lima,Web,Tarjeta,61.34,3.0,4.0
Lima,Web,Billetera digital,234.85,1.0,5.0
Norte,Web,Tarjeta,93.92,2.0,4.0
Lima,Web,Billetera digital,135.75,1.0,4.0
Centro,App,Tarjeta,77.73,4.0,4.0
Lima,App,Billetera digital,366.83,1.0,3.0
Lima,Web,Billetera digital,76.29,1.0,4.0
Norte,App,Billetera digital,34.65,2.0,4.0
Centro,Web,Billetera digital,202.87,6.0,4.0
Lima,Web,Tarjeta,80.17,1.0,4.0
Lima,Web,Tarjeta,106.85,2.0,5.0
Norte,App,Tarjeta,77.77,3.0,4.0
Lima,Web,Billetera digital,319.04,2.0,4.0
Norte,App,Billetera digital,58.57,3.0,4.0
Oriente,Web,Billetera digital,119.05,8.0,2.0
Sur,App,Tarjeta,162.41,4.0,3.0
Lima,Web,Contra entrega,129.6,3.0,4.0
Lima,App,Tarjeta,251.73,1.0,4.0
Norte,Web,Contra entrega,106.28,4.0,5.0
Norte,Web,Billetera digital,325.67,1.0,4.0
Lima,Web,Tarjeta,74.33,1.0,4.0
Sur,App,Billetera digital,154.09,5.0,5.0
Lima,App,Billetera digital,131.25,1.0,5.0
Lima,App,Billetera digital,77.69,4.0,3.0
Centro,Web,Contra entrega,129.4,7.0,3.0
Lima,Web,Tarjeta,118.16,1.0,5.0
Norte,App,Billetera digital,129.0,3.0,4.0
Lima,Web,Billetera digital,278.39,1.0,5.0
Oriente,App,Tarjeta,145.18,9.0,2.0
Sur,App,Contra entrega,46.78,5.0,4.0
Lima,App,Billetera digital,313.63,1.0,4.0
Lima,App,Billetera digital,184.71,1.0,4.0
Norte,App,Tarjeta,152.37,2.0,3.0
Norte,App,Contra entrega,51.39,3.0,4.0
Sur,Web,Tarjeta,98.75,5.0,4.0
Norte,Web,Tarjeta,161.74,2.0,4.0
Norte,App,Contra entrega,93.89,1.0,3.0
Sur,Web,Contra entrega,75.4,3.0,4.0
Lima,App,Tarjeta,156.07,2.0,4.0
Lima,Web,Billetera digital,131.87,2.0,4.0
Oriente,Web,Billetera digital,55.97,4.0,3.0
Sur,Web,Billetera digital,146.88,5.0,4.0
Lima,Web,Billetera digital,96.75,2.0,4.0
Sur,Web,Tarjeta,52.3,2.0,4.0
Lima,App,Billetera digital,94.0,1.0,5.0
Lima,Web,Contra entrega,198.64,4.0,4.0
Norte,Web,Tarjeta,63.45,1.0,5.0
Lima,App,Tarjeta,368.77,2.0,5.0
Oriente,App,Billetera digital,80.28,4.0,3.0
Lima,App,Tarjeta,144.01,1.0,5.0
Lima,Web,Billetera digital,148.96,2.0,3.0
Lima,App,Tarjeta,51.32,1.0,3.0
Lima,App,Contra entrega,171.35,1.0,5.0
Lima,Web,Billetera digital,99.91,1.0,5.0
Lima,App,Billetera digital,105.19,3.0,4.0
Centro,App,Billetera digital,38.46,4.0,3.0
Lima,App,Billetera digital,210.27,2.0,4.0
Centro,App,Tarjeta,92.21,6.0,4.0
Lima,App,Tarjeta,100.4,2.0,5.0
Norte,App,Tarjeta,134.87,4.0,3.0
Lima,Web,Tarjeta,291.26,3.0,5.0
Centro,App,Billetera digital,236.64,13.0,2.0
Oriente,App,Tarjeta,87.06,7.0,4.0
Lima,Web,Billetera digital,63.38,1.0,5.0
Centro,Web,Billetera digital,96.1,2.0,4.0
Lima,Web,Billetera digital,180.19,1.0,5.0
Lima,App,Billetera digital,111.64,1.0,5.0
Norte,App,Billetera digital,116.85,2.0,5.0
Lima,App,Tarjeta,193.84,2.0,3.0
Lima,Web,Contra entrega,82.5,1.0,4.0
Lima,Web,Contra entrega,156.11,1.0,5.0
Lima,Web,Billetera digital,624.21,2.0,4.0
Lima,Web,Billetera digital,374.54,2.0,4.0
Sur,Web,Billetera digital,111.17,1.0,5.0
Lima,Web,Tarjeta,168.1,2.0,4.0
Sur,App,Billetera digital,172.93,2.0,4.0
Lima,App,Billetera digital,96.38,1.0,3.0
Lima,Web,Tarjeta,175.35,3.0,5.0
Lima,App,Billetera digital,287.31,1.0,5.0
Centro,App,Contra entrega,179.04,3.0,3.0
Lima,App,Billetera digital,188.21,2.0,5.0
Centro,Web,Tarjeta,155.63,2.0,5.0
Centro,App,Billetera digital,212.2,3.0,5.0
Norte,Web,Billetera digital,232.41,2.0,4.0
Norte,Web,Billetera digital,198.5,2.0,3.0
Lima,Web,Billetera digital,86.13,3.0,5.0
Lima,Web,Billetera digital,68.79,1.0,4.0
Lima,Web,Billetera digital,133.6,2.0,3.0
Lima,App,Tarjeta,102.59,3.0,4.0
Lima,App,Billetera digital,121.76,1.0,4.0
Centro,App,Billetera digital,52.59,1.0,4.0
Lima,Web,Tarjeta,105.1,1.0,3.0
Sur,Web,Tarjeta,180.08,3.0,4.0
Lima,Web,Billetera digital,72.72,1.0,5.0
Norte,App,Billetera digital,35.36,5.0,4.0
Norte,Web,Tarjeta,182.15,2.0,4.0
Sur,Web,Tarjeta,193.56,6.0,3.0
Lima,App,Tarjeta,97.3,1.0,5.0
Norte,App,Tarjeta,79.74,3.0,5.0
Lima,App,Contra entrega,78.24,5.0,4.0
Sur,App,Billetera digital,155.96,3.0,4.0
Norte,App,Tarjeta,71.82,2.0,5.0
Lima,Web,Tarjeta,87.06,1.0,5.0
Norte,App,Contra entrega,221.84,4.0,3.0
Centro,App,Billetera digital,39.02,4.0,4.0
Lima,Web,Tarjeta,153.57,1.0,4.0
Lima,App,Tarjeta,101.15,5.0,4.0
Lima,Web,Tarjeta,68.43,2.0,4.0
Lima,Web,Billetera digital,133.52,2.0,5.0
Lima,App,Contra entrega,276.8,4.0,4.0
Lima,Web,Tarjeta,89.05,1.0,3.0
Norte,Web,Contra entrega,291.71,2.0,4.0
Lima,App,Tarjeta,147.17,2.0,3.0
Lima,Web,Tarjeta,102.02,2.0,4.0
Centro,Web,Contra entrega,85.63,3.0,4.0
Lima,Web,Billetera digital,177.56,1.0,4.0
Sur,App,Contra entrega,147.23,4.0,5.0
Norte,Web,Tarjeta,242.06,2.0,4.0
Lima,Web,Billetera digital,113.14,1.0,5.0
Lima,App,Tarjeta,340.85,1.0,5.0
Centro,Web,Billetera digital,146.35,2.0,5.0
Lima,Web,Tarjeta,181.61,2.0,5.0
Sur,Web,Billetera digital,54.32,3.0,2.0
Lima,Web,Tarjeta,68.13,3.0,4.0
Lima,Web,Tarjeta,151.26,2.0,5.0
Oriente,Web,Billetera digital,51.45,4.0,4.0
Oriente,App,Tarjeta,77.96,3.0,4.0
Lima,App,Tarjeta,114.7,3.0,4.0
Centro,Web,Contra entrega,133.92,4.0,5.0
Norte,Web,Billetera digital,133.68,2.0,5.0
Centro,Web,Contra entrega,103.93,2.0,4.0
Centro,App,Billetera digital,104.07,3.0,
Oriente,App,Contra entrega,117.8,12.0,2.0
Norte,App,Billetera digital,191.42,3.0,3.0
Oriente,Web,Billetera digital,173.9,3.0,5.0
Lima,App,Contra entrega,88.81,1.0,5.0
Centro,Web,Billetera digital,208.92,3.0,4.0
Norte,App,Billetera digital,218.31,4.0,4.0
Centro,Web,Tarjeta,153.06,5.0,4.0
Sur,Web,Billetera digital,162.16,6.0,3.0
Lima,Web,Contra entrega,66.21,1.0,5.0
Sur,App,Tarjeta,266.71,2.0,5.0
Lima,App,Billetera digital,395.01,1.0,5.0
Lima,App,Billetera digital,96.46,1.0,5.0
Oriente,Web,Billetera digital,63.9,4.0,4.0
Oriente,App,Billetera digital,180.43,9.0,2.0
Lima,App,Billetera digital,106.94,2.0,4.0
Lima,App,Tarjeta,181.37,2.0,5.0
Lima,Web,Billetera digital,68.77,2.0,5.0
Sur,App,Tarjeta,261.61,3.0,5.0
Lima,App,Tarjeta,283.34,1.0,5.0
Norte,Web,Tarjeta,261.18,2.0,5.0
Lima,Web,Billetera digital,108.35,1.0,4.0
Lima,Web,Billetera digital,102.57,1.0,5.0
Oriente,App,Contra entrega,55.77,9.0,2.0
Lima,App,Tarjeta,73.14,1.0,5.0
Sur,Web,Tarjeta,124.23,4.0,4.0
Norte,Web,Tarjeta,101.29,1.0,4.0
Oriente,App,Billetera digital,90.05,4.0,4.0
Lima,App,Billetera digital,267.26,1.0,5.0
Lima,App,Billetera digital,46.28,2.0,4.0
Sur,App,Tarjeta,113.22,3.0,3.0
Lima,App,Billetera digital,121.15,1.0,5.0
Lima,App,Tarjeta,239.95,1.0,5.0
Norte,App,Tarjeta,152.1,2.0,3.0
Norte,App,Contra entrega,112.95,10.0,2.0
Lima,Web,Tarjeta,91.99,2.0,5.0
Sur,Web,Billetera digital,608.48,5.0,5.0
Sur,Web,Contra entrega,187.1,3.0,5.0
Lima,Web,Tarjeta,48.61,2.0,5.0
Sur,App,Billetera digital,94.71,4.0,4.0
Centro,Web,Billetera digital,307.7,3.0,4.0
Sur,Web,Billetera digital,92.78,5.0,3.0
Sur,App,Billetera digital,202.77,4.0,4.0
Lima,Web,Tarjeta,45.81,1.0,5.0
Oriente,App,Contra entrega,131.08,6.0,3.0
Oriente,App,Billetera digital,140.22,7.0,3.0
Lima,App,Tarjeta,125.02,1.0,5.0
Norte,Web,Contra entrega,43.65,3.0,5.0
Sur,Web,Billetera digital,108.08,6.0,5.0
Sur,App,Tarjeta,127.87,4.0,3.0
Sur,Web,Contra entrega,67.03,3.0,4.0
Lima,Web,Contra entrega,96.87,3.0,2.0
Lima,Web,Billetera digital,97.84,1.0,5.0
Centro,App,Billetera digital,94.6,1.0,5.0
Lima,Web,Contra entrega,191.03,2.0,4.0
Lima,Web,Tarjeta,133.3,1.0,4.0
Norte,App,Contra entrega,100.66,3.0,4.0
Norte,Web,Tarjeta,308.96,2.0,5.0
Sur,App,Contra entrega,184.47,3.0,5.0
Lima,Web,Billetera digital,260.14,3.0,4.0
Sur,Web,Tarjeta,124.06,5.0,4.0
Sur,Web,Contra entrega,92.63,5.0,4.0
Lima,App,Billetera digital,128.68,1.0,5.0
Norte,Web,Billetera digital,183.02,4.0,3.0
Centro,Web,Contra entrega,183.93,5.0,4.0
Norte,App,Billetera digital,179.89,5.0,4.0
Lima,Web,Tarjeta,116.14,3.0,5.0
Norte,Web,Billetera digital,173.01,2.0,4.0
Centro,Web,Tarjeta,235.22,4.0,3.0
Lima,App,Contra entrega,67.8,1.0,4.0
Norte,App,Billetera digital,206.86,3.0,4.0
Sur,Web,Tarjeta,489.1,5.0,4.0
Sur,App,Tarjeta,51.94,3.0,4.0
Lima,App,Billetera digital,95.69,1.0,4.0
Lima,Web,Tarjeta,131.12,1.0,5.0
Norte,App,Billetera digital,49.4,5.0,4.0
Norte,Web,Tarjeta,118.05,5.0,4.0
Lima,Web,Billetera digital,605.49,2.0,3.0
Norte,App,Tarjeta,93.74,3.0,4.0
Lima,App,Tarjeta,83.69,2.0,5.0
Lima,App,Billetera digital,86.24,4.0,2.0
Lima,App,Tarjeta,165.19,2.0,5.0
Norte,Web,Tarjeta,44.7,3.0,4.0
Lima,Web,Tarjeta,137.0,2.0,3.0
Sur,Web,Tarjeta,178.93,3.0,5.0
Lima,Web,Tarjeta,147.8,1.0,5.0
Lima,App,Tarjeta,275.79,2.0,4.0
Centro,Web,Tarjeta,36.53,2.0,5.0
Sur,Web,Billetera digital,101.19,2.0,5.0
Norte,Web,Billetera digital,143.19,2.0,4.0
Norte,Web,Billetera digital,178.75,4.0,5.0
Lima,App,Billetera digital,100.27,1.0,4.0
Lima,App,Billetera digital,234.27,1.0,4.0
Sur,App,Billetera digital,140.64,3.0,4.0
Lima,App,Tarjeta,74.37,1.0,4.0
Norte,App,Billetera digital,197.44,2.0,3.0
Sur,Web,Tarjeta,124.36,3.0,5.0
Lima,Web,Contra entrega,172.13,2.0,5.0
Norte,App,Contra entrega,98.36,3.0,4.0
Lima,App,Tarjeta,113.39,1.0,2.0
Lima,App,Tarjeta,150.94,1.0,5.0
Lima,App,Tarjeta,95.83,1.0,5.0
Centro,App,Tarjeta,132.56,3.0,4.0
Lima,Web,Billetera digital,132.44,1.0,5.0
Norte,Web,Tarjeta,107.6,3.0,5.0
Sur,Web,Billetera digital,154.56,2.0,4.0
Sur,Web,Tarjeta,131.47,1.0,4.0
Sur,Web,Billetera digital,70.87,2.0,5.0
Lima,App,Billetera digital,354.97,1.0,5.0
Norte,App,Contra entrega,92.51,3.0,4.0
Sur,App,Billetera digital,76.7,4.0,5.0
Norte,Web,Contra entrega,162.76,4.0,5.0
Lima,Web,Billetera digital,110.29,3.0,2.0
Sur,App,Billetera digital,98.06,4.0,3.0
Lima,Web,Tarjeta,93.13,1.0,5.0
Norte,App,Contra entrega,138.12,3.0,4.0
Sur,Web,Tarjeta,81.52,5.0,4.0
Norte,App,Contra entrega,224.19,2.0,4.0
Sur,Web,Contra entrega,117.87,6.0,3.0
Lima,Web,Billetera digital,116.4,2.0,4.0
Norte,App,Billetera digital,170.4,3.0,4.0
Lima,App,Billetera digital,255.61,2.0,4.0
Oriente,Web,Tarjeta,127.07,1.0,5.0
Lima,Web,Billetera digital,142.57,2.0,4.0
Lima,App,Tarjeta,155.61,3.0,5.0
Sur,App,Tarjeta,104.35,3.0,3.0
Centro,Web,Contra entrega,311.11,3.0,2.0
Centro,App,Contra entrega,66.27,3.0,4.0
Lima,Web,Tarjeta,36.3,2.0,5.0
Sur,Web,Tarjeta,302.86,3.0,5.0
Lima,Web,Contra entrega,292.23,1.0,4.0
Sur,Web,Billetera digital,91.69,3.0,3.0
Norte,App,Contra entrega,501.16,7.0,3.0
Sur,App,Tarjeta,269.16,2.0,4.0
Lima,App,Tarjeta,90.61,3.0,4.0
Lima,Web,Tarjeta,100.55,3.0,5.0
Sur,Web,Tarjeta,215.82,2.0,2.0
Lima,App,Contra entrega,265.91,1.0,5.0
Sur,Web,Contra entrega,127.65,4.0,4.0
Lima,Web,Billetera digital,180.31,1.0,5.0
Oriente,Web,Billetera digital,199.62,2.0,3.0
Sur,Web,Billetera digital,142.56,7.0,4.0
Sur,Web,Tarjeta,281.9,3.0,5.0
Lima,Web,Billetera digital,117.92,1.0,5.0
Lima,App,Contra entrega,195.03,2.0,4.0
Sur,Web,Billetera digital,242.37,2.0,4.0
Lima,App,Billetera digital,112.48,2.0,5.0
Centro,App,Tarjeta,59.97,3.0,5.0
Oriente,Web,Contra entrega,267.07,8.0,2.0
Lima,Web,Billetera digital,87.62,3.0,4.0
Sur,App,Tarjeta,336.1,2.0,5.0
Oriente,Web,Contra entrega,82.93,5.0,2.0
Lima,App,Tarjeta,112.14,2.0,4.0
Lima,Web,Billetera digital,262.88,2.0,5.0
Norte,App,Tarjeta,212.81,1.0,5.0
Sur,Web,Billetera digital,62.83,1.0,5.0
Sur,App,Contra entrega,87.47,3.0,
Lima,Web,Billetera digital,106.13,1.0,4.0
Lima,App,Billetera digital,232.34,2.0,3.0
Oriente,Web,Billetera digital,220.9,1.0,4.0
Lima,Web,Billetera digital,150.84,1.0,4.0
Norte,App,Contra entrega,97.91,4.0,
Norte,Web,Tarjeta,57.71,1.0,5.0
Sur,App,Billetera digital,61.27,3.0,4.0
Oriente,App,Billetera digital,290.01,2.0,5.0
Sur,App,Billetera digital,57.37,2.0,4.0
Centro,Web,Tarjeta,116.26,3.0,5.0
Norte,App,Billetera digital,84.24,4.0,4.0
Lima,Web,Tarjeta,275.24,4.0,4.0
Lima,App,Billetera digital,84.97,1.0,5.0
Oriente,App,Contra entrega,78.86,6.0,3.0
Sur,App,Contra entrega,95.81,2.0,4.0
Lima,App,Tarjeta,75.14,1.0,4.0
Lima,App,Tarjeta,285.28,2.0,5.0
Sur,Web,Tarjeta,60.96,3.0,4.0
Norte,App,Tarjeta,73.53,3.0,5.0
Lima,Web,Billetera digital,105.52,2.0,5.0
Sur,Web,Billetera digital,82.69,4.0,3.0
Lima,Web,Billetera digital,81.84,2.0,5.0
Lima,App,Billetera digital,226.14,2.0,4.0
Lima,Web,Tarjeta,162.23,1.0,3.0
Lima,Web,Billetera digital,86.95,3.0,4.0
Sur,App,Billetera digital,76.29,4.0,4.0
Sur,App,Tarjeta,260.64,3.0,3.0
Centro,App,Contra entrega,123.69,2.0,5.0
Lima,Web,Tarjeta,179.49,3.0,
Norte,Web,Billetera digital,129.47,4.0,4.0
Lima,Web,Tarjeta,163.56,1.0,5.0
Lima,App,Billetera digital,70.18,2.0,3.0
Lima,Web,Tarjeta,83.88,2.0,3.0
Lima,Web,Billetera digital,80.28,1.0,4.0
Lima,App,Tarjeta,220.33,1.0,5.0
Norte,Web,Billetera digital,98.41,1.0,5.0
Lima,App,Contra entrega,104.59,3.0,4.0
Sur,App,Tarjeta,91.82,1.0,4.0
Lima,Web,Tarjeta,143.39,2.0,5.0
Lima,Web,Tarjeta,124.14,3.0,5.0
Norte,Web,Billetera digital,113.57,7.0,3.0
Centro,Web,Contra entrega,136.3,5.0,3.0
Sur,Web,Tarjeta,93.09,3.0,3.0
Oriente,Web,Tarjeta,376.81,1.0,5.0
Sur,App,Billetera digital,305.1,5.0,5.0
Norte,App,Tarjeta,61.2,2.0,5.0
Lima,Web,Billetera digital,111.14,1.0,4.0
Lima,App,Billetera digital,164.9,1.0,4.0
Lima,App,Contra entrega,143.32,2.0,4.0
Lima,App,Tarjeta,156.87,3.0,3.0
Norte,Web,Contra entrega,263.25,8.0,3.0
Lima,Web,Billetera digital,246.01,2.0,4.0
Norte,App,Tarjeta,249.0,3.0,4.0
Lima,Web,Tarjeta,206.87,1.0,5.0
Lima,App,Billetera digital,110.34,2.0,4.0
Lima,Web,Billetera digital,108.83,1.0,5.0
Centro,Web,Billetera digital,167.07,5.0,3.0
Lima,Web,Contra entrega,213.5,2.0,4.0
Centro,App,Billetera digital,183.45,4.0,4.0
Centro,App,Contra entrega,303.43,5.0,2.0
Lima,App,Billetera digital,162.07,1.0,5.0
Lima,App,Tarjeta,124.37,1.0,5.0
Norte,App,Tarjeta,133.3,3.0,5.0
Lima,App,Billetera digital,193.24,2.0,3.0
Norte,App,Tarjeta,49.82,3.0,3.0
Centro,App,Contra entrega,203.89,3.0,5.0
Lima,App,Billetera digital,133.92,2.0,3.0
Centro,App,Tarjeta,51.83,3.0,5.0
Lima,Web,Billetera digital,75.84,4.0,3.0
Oriente,App,Billetera digital,377.27,7.0,3.0
Sur,Web,Tarjeta,70.58,2.0,4.0
Centro,App,Contra entrega,261.29,3.0,5.0
Lima,Web,Tarjeta,224.56,1.0,3.0
Norte,App,Tarjeta,112.68,6.0,3.0
Norte,Web,Tarjeta,105.69,3.0,4.0
Centro,Web,Tarjeta,98.01,10.0,3.0
Sur,App,Billetera digital,171.85,2.0,5.0
Norte,Web,Billetera digital,91.5,3.0,5.0
Centro,Web,Tarjeta,64.54,2.0,5.0
Sur,App,Tarjeta,103.84,3.0,4.0
Lima,Web,Tarjeta,91.1,1.0,4.0
Sur,App,Tarjeta,285.45,2.0,4.0
Lima,Web,Tarjeta,107.05,2.0,5.0
Lima,Web,Billetera digital,181.76,3.0,4.0
Sur,App,Contra entrega,104.3,3.0,4.0
Sur,App,Tarjeta,580.53,3.0,5.0
Sur,Web,Billetera digital,181.0,3.0,4.0
Sur,Web,Billetera digital,410.97,3.0,3.0
Centro,Web,Billetera digital,75.01,3.0,5.0
Norte,Web,Tarjeta,232.6,2.0,4.0
Sur,App,Contra entrega,253.13,2.0,5.0
Oriente,App,Billetera digital,85.14,12.0,2.0
Lima,App,Contra entrega,195.79,4.0,3.0
Lima,Web,Billetera digital,73.01,2.0,5.0
Lima,Web,Contra entrega,118.47,1.0,5.0
Sur,Web,Tarjeta,87.85,2.0,4.0
Lima,Web,Billetera digital,158.19,1.0,5.0
Sur,App,Billetera digital,188.87,5.0,3.0
Lima,App,Billetera digital,202.13,2.0,5.0
Oriente,App,Contra entrega,129.44,1.0,5.0
Norte,Web,Billetera digital,117.24,2.0,4.0
Lima,App,Tarjeta,284.04,2.0,5.0
Lima,Web,Tarjeta,222.42,1.0,5.0
Sur,App,Billetera digital,94.57,6.0,4.0
Lima,App,Tarjeta,124.48,2.0,4.0
Lima,Web,Tarjeta,186.25,1.0,5.0
Lima,Web,Tarjeta,435.16,1.0,
Centro,App,Tarjeta,140.14,5.0,4.0
Norte,App,Contra entrega,157.82,5.0,3.0
Sur,Web,Tarjeta,141.4,3.0,3.0
Oriente,Web,Contra entrega,133.32,6.0,3.0
Sur,Web,Billetera digital,127.56,4.0,3.0
Centro,App,Billetera digital,32.88,4.0,5.0
Lima,Web,Tarjeta,279.94,2.0,4.0
Norte,App,Billetera digital,128.4,4.0,4.0
Oriente,App,Contra entrega,196.16,8.0,
Lima,Web,Tarjeta,140.59,3.0,5.0
Lima,App,Billetera digital,134.85,1.0,4.0
Norte,Web,Tarjeta,199.57,5.0,4.0
Centro,App,Contra entrega,58.91,5.0,3.0
Lima,App,Tarjeta,79.33,2.0,
Sur,Web,Billetera digital,128.21,3.0,5.0
Centro,App,Tarjeta,81.64,5.0,2.0
Centro,App,Contra entrega,54.86,6.0,5.0
Lima,Web,Billetera digital,157.54,1.0,4.0
Oriente,Web,Contra entrega,57.73,3.0,4.0
Centro,App,Contra entrega,92.73,1.0,5.0
Lima,App,Contra entrega,193.88,1.0,5.0
Norte,Web,Contra entrega,91.45,3.0,5.0
Lima,Web,Billetera digital,288.56,2.0,4.0
Lima,Web,Tarjeta,215.63,3.0,5.0
Lima,App,Billetera digital,200.44,2.0,4.0
Lima,App,Contra entrega,62.63,1.0,5.0
Sur,Web,Contra entrega,69.42,3.0,4.0
Lima,Web,Billetera digital,371.42,2.0,5.0
Norte,Web,Billetera digital,129.15,5.0,4.0
Sur,Web,Billetera digital,69.0,3.0,4.0
Lima,Web,Billetera digital,59.77,2.0,5.0
Lima,Web,Contra entrega,56.48,1.0,4.0
Sur,Web,Contra entrega,92.28,2.0,4.0
Lima,Web,Billetera digital,346.61,2.0,5.0
Lima,Web,Billetera digital,77.91,1.0,3.0
Lima,App,Tarjeta,113.82,1.0,4.0
Lima,Web,Tarjeta,167.98,1.0,5.0
Sur,App,Contra entrega,243.91,6.0,3.0
Lima,Web,Billetera digital,76.55,1.0,5.0
Norte,App,Billetera digital,114.06,1.0,5.0
Centro,Web,Billetera digital,219.33,1.0,5.0
Sur,Web,Contra entrega,148.46,2.0,3.0
Lima,Web,Tarjeta,69.13,2.0,4.0
Centro,Web,Tarjeta,60.9,2.0,5.0
Sur,Web,Billetera digital,92.11,3.0,4.0
Lima,Web,Billetera digital,153.3,1.0,5.0
Centro,App,Contra entrega,103.58,6.0,3.0
Centro,Web,Billetera digital,326.85,2.0,4.0
Sur,Web,Tarjeta,115.08,3.0,3.0
Sur,Web,Billetera digital,166.77,1.0,5.0
Lima,Web,Billetera digital,175.7,2.0,4.0
Norte,Web,Billetera digital,218.72,3.0,5.0
Lima,Web,Billetera digital,168.74,3.0,4.0
Lima,App,Tarjeta,73.02,2.0,4.0
Norte,App,Contra entrega,862.79,3.0,4.0
Sur,Web,Billetera digital,147.2,5.0,4.0
Lima,Web,Billetera digital,354.59,2.0,5.0
Lima,Web,Billetera digital,43.2,2.0,4.0
Oriente,Web,Tarjeta,160.18,3.0,4.0
Lima,Web,Tarjeta,161.2,1.0,5.0
Lima,App,Tarjeta,93.55,3.0,3.0
Lima,App,Billetera digital,160.05,1.0,5.0
Lima,Web,Billetera digital,117.93,1.0,4.0
Norte,Web,Contra entrega,199.42,2.0,4.0
Centro,Web,Billetera digital,118.4,4.0,1.0
Norte,App,Contra entrega,69.94,4.0,3.0
Centro,Web,Tarjeta,101.2,2.0,4.0
Norte,Web,Billetera digital,102.72,3.0,4.0
Lima,App,Contra entrega,178.56,2.0,4.0
Lima,App,Billetera digital,69.98,1.0,4.0
Oriente,App,Tarjeta,167.06,2.0,5.0
Norte,App,Tarjeta,53.24,2.0,4.0
Lima,Web,Tarjeta,110.45,2.0,4.0
Lima,App,Tarjeta,81.41,1.0,3.0
Norte,Web,Billetera digital,157.5,4.0,5.0
Centro,Web,Contra entrega,81.68,1.0,5.0
Sur,App,Billetera digital,106.64,2.0,4.0
Centro,Web,Contra entrega,234.56,1.0,5.0
Lima,App,Billetera digital,105.98,1.0,5.0
Lima,Web,Tarjeta,228.99,2.0,5.0
Lima,Web,Contra entrega,185.84,5.0,5.0
Norte,Web,Tarjeta,69.2,2.0,4.0
Lima,App,Tarjeta,154.77,1.0,5.0
Oriente,Web,Contra entrega,118.81,9.0,3.0
Lima,App,Tarjeta,105.77,2.0,4.0
Lima,Web,Contra entrega,287.64,2.0,5.0
Lima,App,Tarjeta,101.22,1.0,5.0
Centro,Web,Contra entrega,140.58,3.0,5.0
Norte,App,Tarjeta,86.09,1.0,5.0
Norte,Web,Billetera digital,221.11,4.0,3.0
Lima,Web,Billetera digital,51.41,1.0,4.0
Norte,Web,Contra entrega,101.89,3.0,3.0
Lima,Web,Billetera digital,62.0,1.0,5.0
Lima,Web,Tarjeta,121.25,3.0,4.0
Sur,Web,Billetera digital,132.42,4.0,4.0
Sur,App,Contra entrega,121.05,4.0,
Lima,Web,Tarjeta,46.56,1.0,4.0
Lima,App,Contra entrega,653.86,1.0,4.0
Norte,Web,Tarjeta,241.75,3.0,3.0
Oriente,App,Contra entrega,48.46,9.0,5.0
Lima,Web,Tarjeta,118.37,2.0,3.0
Sur,Web,Billetera digital,46.16,4.0,5.0
Sur,App,Billetera digital,106.81,4.0,4.0
Sur,Web,Tarjeta,67.66,3.0,4.0
Lima,Web,Billetera digital,120.38,2.0,5.0
Lima,Web,Tarjeta,146.46,1.0,4.0
Sur,App,Billetera digital,113.49,2.0,4.0
Sur,App,Contra entrega,66.82,5.0,5.0
Oriente,Web,Contra entrega,46.29,2.0,4.0
Centro,App,Contra entrega,84.43,1.0,5.0
Sur,Web,Billetera digital,193.68,5.0,4.0
Lima,App,Billetera digital,146.0,2.0,5.0
Sur,Web,Contra entrega,47.58,1.0,5.0
Norte,Web,Tarjeta,163.17,4.0,3.0
Norte,App,Contra entrega,99.27,5.0,3.0
Lima,Web,Tarjeta,1641.05,3.0,3.0
Norte,Web,Tarjeta,88.34,7.0,1.0
Lima,Web,Tarjeta,160.26,1.0,5.0
Lima,Web,Tarjeta,133.47,2.0,4.0
Norte,Web,Tarjeta,231.75,7.0,3.0
Lima,App,Billetera digital,144.33,3.0,5.0
Lima,App,Tarjeta,103.7,3.0,3.0
Lima,App,Tarjeta,163.81,1.0,5.0
Sur,App,Contra entrega,375.8,7.0,4.0
Oriente,App,Billetera digital,194.07,4.0,5.0
Lima,Web,Billetera digital,103.03,3.0,5.0
Lima,Web,Tarjeta,154.46,2.0,3.0
Lima,App,Tarjeta,75.53,4.0,3.0
Sur,App,Billetera digital,82.03,6.0,2.0
Lima,Web,Tarjeta,105.46,1.0,5.0
Lima,Web,Tarjeta,176.73,2.0,5.0
Centro,App,Billetera digital,182.87,3.0,4.0
Norte,Web,Billetera digital,260.23,4.0,5.0
Centro,App,Contra entrega,76.44,3.0,3.0
Lima,Web,Tarjeta,209.88,1.0,5.0
Norte,Web,Tarjeta,132.5,5.0,3.0
Lima,Web,Billetera digital,108.13,3.0,5.0
Norte,Web,Tarjeta,89.93,4.0,4.0
Oriente,Web,Contra entrega,111.64,3.0,5.0
Sur,Web,Billetera digital,236.24,3.0,3.0
Lima,Web,Tarjeta,329.85,3.0,4.0
Norte,Web,Billetera digital,76.96,2.0,5.0
Lima,App,Tarjeta,165.79,1.0,5.0
Norte,Web,Tarjeta,105.81,3.0,5.0
Norte,Web,Billetera digital,94.25,5.0,3.0
Oriente,App,Billetera digital,89.97,12.0,3.0
Sur,App,Contra entrega,327.79,1.0,5.0
Sur,Web,Tarjeta,254.38,2.0,5.0
Norte,App,Contra entrega,89.97,4.0,4.0
Lima,Web,Billetera digital,63.13,1.0,4.0
Lima,Web,Tarjeta,67.97,2.0,3.0
Lima,Web,Contra entrega,79.96,1.0,
Lima,Web,Contra entrega,66.16,2.0,5.0
Lima,Web,Tarjeta,205.1,3.0,5.0
Norte,Web,Tarjeta,132.15,2.0,4.0
Sur,App,Tarjeta,191.05,3.0,4.0
Sur,Web,Billetera digital,156.06,3.0,5.0
Norte,App,Contra entrega,106.3,4.0,5.0
Oriente,Web,Billetera digital,105.73,4.0,4.0
Lima,Web,Tarjeta,146.9,1.0,5.0
Sur,Web,Billetera digital,124.54,4.0,4.0
Lima,App,Billetera digital,187.8,2.0,4.0
Lima,Web,Tarjeta,45.47,1.0,5.0
Norte,Web,Tarjeta,115.09,3.0,4.0
Lima,Web,Tarjeta,180.68,2.0,5.0
Sur,App,Billetera digital,91.34,3.0,5.0
Lima,App,Tarjeta,52.32,2.0,5.0
Lima,App,Billetera digital,161.53,2.0,4.0
Sur,App,Tarjeta,139.11,4.0,4.0
Sur,App,Billetera digital,211.72,1.0,3.0
Lima,App,Tarjeta,215.83,1.0,4.0
Lima,App,Billetera digital,53.27,1.0,4.0
Sur,App,Billetera digital,75.53,4.0,3.0
Sur,App,Billetera digital,94.81,6.0,3.0
Lima,Web,Billetera digital,340.29,1.0,5.0
Oriente,Web,Billetera digital,137.94,5.0,3.0
Centro,Web,Billetera digital,69.36,6.0,4.0
Lima,Web,Tarjeta,123.05,1.0,4.0
Sur,App,Billetera digital,345.62,1.0,4.0
Sur,Web,Tarjeta,159.44,3.0,3.0
Lima,Web,Billetera digital,220.45,4.0,2.0
Sur,App,Tarjeta,90.14,3.0,4.0
Oriente,App,Billetera digital,67.61,8.0,5.0
Norte,Web,Tarjeta,96.41,2.0,4.0
Sur,Web,Contra entrega,100.73,6.0,4.0
Lima,Web,Billetera digital,124.92,2.0,5.0
Sur,Web,Tarjeta,268.17,2.0,3.0
Lima,App,Billetera digital,200.3,1.0,5.0
Lima,App,Tarjeta,268.5,2.0,3.0
Lima,Web,Tarjeta,288.46,4.0,5.0
Norte,Web,Contra entrega,198.53,4.0,5.0
Sur,Web,Billetera digital,233.14,5.0,5.0
Lima,Web,Billetera digital,82.76,1.0,4.0
Norte,Web,Billetera digital,125.48,2.0,4.0
Norte,Web,Contra entrega,142.43,4.0,4.0
Norte,Web,Billetera digital,103.2,2.0,3.0
Norte,Web,Billetera digital,741.62,3.0,5.0
Sur,App,Tarjeta,357.66,4.0,4.0
Lima,Web,Billetera digital,140.42,2.0,3.0
Centro,Web,Billetera digital,119.6,4.0,4.0
Centro,App,Tarjeta,130.43,3.0,3.0
Lima,App,Tarjeta,94.95,1.0,5.0
Norte,Web,Contra entrega,146.93,3.0,4.0
Norte,App,Billetera digital,95.33,5.0,3.0
Norte,App,Contra entrega,81.11,4.0,4.0
Lima,Web,Tarjeta,101.14,2.0,4.0
Lima,App,Tarjeta,60.43,2.0,4.0
Oriente,App,Contra entrega,81.21,3.0,5.0
Lima,App,Billetera digital,90.19,1.0,4.0
Lima,Web,Tarjeta,60.95,1.0,5.0
Norte,Web,Billetera digital,444.67,1.0,5.0
Norte,Web,Contra entrega,127.81,3.0,3.0
Sur,App,Tarjeta,650.91,2.0,3.0
Sur,App,Tarjeta,84.3,6.0,4.0
Lima,App,Billetera digital,297.84,3.0,4.0
Lima,App,Tarjeta,185.0,2.0,4.0
Lima,App,Tarjeta,125.3,2.0,4.0
Norte,App,Tarjeta,176.87,6.0,3.0
Lima,Web,Billetera digital,38.02,3.0,4.0
Centro,App,Contra entrega,213.93,4.0,4.0
Centro,Web,Billetera digital,206.85,4.0,3.0
Centro,Web,Contra entrega,225.63,2.0,3.0
Sur,Web,Billetera digital,171.15,2.0,5.0
Norte,Web,Billetera digital,218.63,2.0,4.0
Norte,App,Tarjeta,142.49,2.0,5.0
Lima,Web,Tarjeta,117.11,1.0,5.0
Lima,App,Tarjeta,311.7,1.0,5.0
Lima,App,Billetera digital,80.73,1.0,5.0
Norte,Web,Tarjeta,94.79,4.0,5.0
Sur,App,Billetera digital,125.61,3.0,5.0
Oriente,Web,Billetera digital,210.43,3.0,4.0
Sur,Web,Tarjeta,82.69,2.0,5.0
Sur,App,Billetera digital,243.56,8.0,3.0
Centro,App,Billetera digital,428.95,2.0,3.0
Lima,App,Billetera digital,130.72,2.0,4.0
Norte,Web,Billetera digital,126.92,2.0,4.0
Centro,Web,Tarjeta,141.9,3.0,4.0
Centro,App,Contra entrega,173.72,1.0,5.0
Lima,Web,Tarjeta,161.62,3.0,4.0
Sur,App,Tarjeta,126.0,2.0,5.0
Lima,App,Billetera digital,223.94,1.0,5.0
Norte,App,Tarjeta,118.78,3.0,4.0
Oriente,Web,Contra entrega,88.36,7.0,
Centro,Web,Tarjeta,40.95,5.0,3.0
Oriente,Web,Contra entrega,163.46,6.0,4.0
Norte,App,Billetera digital,91.73,4.0,4.0
Lima,Web,Tarjeta,117.71,1.0,4.0
Lima,App,Billetera digital,128.91,2.0,4.0
Centro,App,Billetera digital,253.17,2.0,5.0
Lima,Web,Billetera digital,324.37,2.0,3.0
Lima,Web,Billetera digital,134.02,3.0,5.0
Sur,Web,Billetera digital,179.24,4.0,4.0
Lima,Web,Contra entrega,161.98,2.0,4.0
Lima,Web,Billetera digital,47.55,3.0,4.0
Lima,App,Billetera digital,215.35,3.0,5.0
Oriente,Web,Contra entrega,216.12,2.0,5.0
Lima,App,Billetera digital,129.55,1.0,5.0
Lima,App,Contra entrega,209.79,1.0,4.0
Norte,Web,Contra entrega,54.03,5.0,4.0
Norte,Web,Tarjeta,65.1,1.0,4.0
Oriente,Web,Contra entrega,45.03,5.0,3.0
Lima,Web,Tarjeta,276.33,2.0,4.0
Norte,App,Contra entrega,219.6,4.0,5.0
Lima,Web,Tarjeta,329.0,1.0,5.0
Oriente,App,Billetera digital,121.3,5.0,3.0
Norte,Web,Tarjeta,131.92,3.0,3.0
Lima,App,Tarjeta,202.77,1.0,5.0
Oriente,Web,Contra entrega,135.93,4.0,4.0
Sur,App,Billetera digital,82.74,3.0,4.0
Norte,Web,Tarjeta,212.38,4.0,4.0
Norte,App,Tarjeta,78.35,2.0,5.0
Centro,App,Tarjeta,90.13,1.0,5.0
Oriente,Web,Contra entrega,89.07,4.0,4.0
Norte,Web,Tarjeta,277.42,6.0,3.0
Oriente,App,Contra entrega,375.64,3.0,4.0
Oriente,App,Billetera digital,46.55,2.0,5.0
Lima,Web,Billetera digital,151.33,2.0,5.0
Sur,Web,Tarjeta,82.2,3.0,4.0
Centro,App,Billetera digital,147.77,1.0,5.0
Lima,Web,Tarjeta,83.51,1.0,4.0
Lima,Web,Tarjeta,113.28,1.0,4.0
Lima,App,Billetera digital,249.17,2.0,4.0
Norte,App,Billetera digital,77.24,3.0,4.0
Lima,App,Billetera digital,56.92,3.0,4.0
Lima,Web,Billetera digital,158.16,2.0,
Lima,App,Tarjeta,130.85,2.0,4.0
Sur,Web,Billetera digital,129.9,5.0,4.0
Lima,Web,Billetera digital,130.24,1.0,5.0
Centro,App,Tarjeta,161.14,1.0,5.0
Lima,Web,Tarjeta,301.85,3.0,5.0
Norte,App,Billetera digital,93.51,2.0,4.0
Norte,Web,Tarjeta,224.65,2.0,3.0
Lima,App,Tarjeta,103.82,1.0,5.0
Lima,Web,Contra entrega,253.92,1.0,3.0
Sur,Web,Tarjeta,48.34,1.0,4.0
Norte,Web,Billetera digital,61.12,5.0,5.0
Lima,Web,Contra entrega,168.35,2.0,4.0
Norte,App,Contra entrega,69.33,5.0,5.0
Lima,App,Tarjeta,251.57,1.0,4.0
Lima,Web,Tarjeta,136.97,3.0,3.0
Lima,App,Billetera digital,87.7,2.0,4.0
Lima,App,Billetera digital,264.65,1.0,4.0
Lima,App,Tarjeta,128.05,1.0,3.0
Sur,Web,Billetera digital,205.35,6.0,3.0
Lima,App,Billetera digital,87.28,1.0,4.0
Sur,App,Tarjeta,76.9,5.0,4.0
Lima,Web,Contra entrega,123.35,2.0,4.0
Oriente,App,Contra entrega,128.04,3.0,3.0
Lima,Web,Tarjeta,134.59,1.0,4.0
Norte,App,Billetera digital,219.53,3.0,4.0
Sur,Web,Contra entrega,234.16,2.0,4.0
Lima,App,Tarjeta,78.2,3.0,4.0
Lima,Web,Billetera digital,167.28,3.0,4.0
Norte,App,Contra entrega,215.33,2.0,3.0
Centro,App,Contra entrega,207.51,4.0,4.0
Lima,App,Tarjeta,114.58,1.0,5.0
Lima,Web,Billetera digital,227.19,3.0,3.0
Sur,App,Billetera digital,87.74,5.0,3.0
Lima,Web,Billetera digital,226.73,2.0,3.0
Sur,App,Billetera digital,94.4,3.0,4.0
Lima,App,Billetera digital,149.82,1.0,4.0
Norte,Web,Tarjeta,90.19,2.0,4.0
Lima,Web,Tarjeta,105.12,1.0,5.0
Lima,App,Tarjeta,76.55,2.0,4.0
Norte,App,Tarjeta,222.18,2.0,4.0
Norte,App,Contra entrega,74.56,1.0,4.0
Centro,App,Billetera digital,77.86,3.0,3.0
Sur,Web,Tarjeta,115.71,3.0,4.0
Lima,Web,Tarjeta,3374.24,3.0,5.0
Lima,Web,Contra entrega,207.2,1.0,4.0
Lima,Web,Billetera digital,87.16,3.0,5.0
Lima,App,Billetera digital,454.64,1.0,5.0
Centro,Web,Tarjeta,122.97,4.0,3.0
Lima,App,Tarjeta,309.92,2.0,5.0
Norte,Web,Billetera digital,361.3,2.0,4.0
Norte,App,Contra entrega,135.02,3.0,5.0
Lima,App,Tarjeta,85.74,1.0,4.0
Norte,App,Billetera digital,58.59,1.0,4.0
Centro,App,Billetera digital,32.67,7.0,5.0
Norte,App,Billetera digital,491.38,1.0,4.0
Sur,App,Contra entrega,54.62,4.0,3.0
Oriente,App,Contra entrega,183.21,7.0,3.0
Norte,App,Billetera digital,152.79,2.0,5.0
Lima,Web,Billetera digital,120.1,1.0,5.0
Lima,Web,Tarjeta,54.87,3.0,3.0
Lima,App,Tarjeta,181.19,1.0,4.0
Norte,App,Billetera digital,252.5,3.0,3.0
Centro,Web,Tarjeta,27.95,2.0,4.0
Lima,Web,Billetera digital,214.64,3.0,4.0
Lima,Web,Billetera digital,71.88,1.0,4.0
Lima,Web,Billetera digital,208.0,2.0,5.0
Lima,Web,Tarjeta,113.36,2.0,4.0
Lima,Web,Billetera digital,291.99,2.0,3.0
Lima,Web,Tarjeta,372.23,1.0,4.0
Sur,Web,Billetera digital,362.1,6.0,5.0
Lima,Web,Contra entrega,158.8,3.0,5.0
Sur,Web,Contra entrega,137.39,2.0,3.0
Norte,App,Contra entrega,125.45,3.0,4.0
Lima,Web,Billetera digital,55.59,4.0,4.0
Centro,Web,Tarjeta,200.64,7.0,2.0
Lima,App,Tarjeta,43.32,3.0,5.0
Sur,App,Tarjeta,108.96,1.0,4.0
Sur,Web,Billetera digital,97.37,5.0,3.0
Lima,Web,Billetera digital,87.7,1.0,5.0
Sur,Web,Tarjeta,554.17,2.0,3.0
Lima,Web,Tarjeta,85.98,2.0,4.0
Lima,App,Billetera digital,819.15,2.0,5.0
Centro,App,Tarjeta,94.15,3.0,4.0
Lima,Web,Contra entrega,248.36,2.0,3.0
Sur,Web,Contra entrega,87.65,3.0,4.0
Centro,Web,Contra entrega,131.89,4.0,4.0
Norte,Web,Billetera digital,82.84,2.0,5.0
Lima,Web,Tarjeta,82.16,3.0,5.0
Centro,Web,Contra entrega,94.21,5.0,4.0
Sur,App,Tarjeta,473.4,5.0,3.0
Norte,App,Tarjeta,61.82,5.0,5.0
Lima,App,Tarjeta,547.36,2.0,5.0
Sur,App,Tarjeta,99.79,4.0,4.0
Sur,Web,Tarjeta,51.78,5.0,4.0
Lima,Web,Billetera digital,158.51,4.0,3.0
Lima,App,Billetera digital,150.87,2.0,4.0
Sur,Web,Tarjeta,179.81,2.0,3.0
Centro,Web,Tarjeta,188.83,2.0,3.0
Norte,Web,Contra entrega,121.53,3.0,2.0
Lima,App,Tarjeta,409.38,2.0,4.0
Norte,Web,Tarjeta,335.12,3.0,4.0
Norte,App,Contra entrega,128.44,3.0,4.0
Norte,Web,Contra entrega,61.4,4.0,4.0
Lima,Web,Billetera digital,161.58,1.0,5.0
Lima,Web,Billetera digital,230.88,1.0,4.0
Lima,App,Billetera digital,313.87,2.0,4.0
Lima,App,Billetera digital,113.11,2.0,4.0
Sur,App,Tarjeta,186.95,3.0,4.0
Centro,App,Contra entrega,52.5,7.0,2.0
Lima,Web,Billetera digital,203.35,3.0,5.0
Sur,Web,Billetera digital,162.25,1.0,5.0
Lima,App,Billetera digital,120.27,2.0,4.0
Lima,App,Tarjeta,105.6,1.0,3.0
Lima,Web,Tarjeta,222.52,1.0,5.0
Norte,Web,Billetera digital,108.89,2.0,5.0
Centro,Web,Contra entrega,173.96,4.0,4.0
Lima,App,Billetera digital,209.38,3.0,3.0
Sur,App,Contra entrega,91.87,2.0,5.0
Sur,Web,Billetera digital,90.51,5.0,4.0
Norte,App,Tarjeta,77.58,4.0,4.0
Norte,App,Contra entrega,177.48,6.0,4.0
Lima,Web,Billetera digital,166.06,1.0,5.0
Centro,Web,Contra entrega,66.83,4.0,4.0
Norte,Web,Billetera digital,151.58,3.0,5.0
Oriente,App,Tarjeta,106.78,6.0,4.0
Norte,Web,Billetera digital,70.31,6.0,2.0
Lima,App,Tarjeta,185.12,3.0,5.0
Norte,Web,Tarjeta,132.14,2.0,4.0
Lima,App,Tarjeta,99.12,2.0,4.0
Lima,Web,Tarjeta,323.72,2.0,5.0
Lima,App,Tarjeta,59.89,3.0,5.0
Lima,Web,Billetera digital,232.3,1.0,5.0
Centro,App,Contra entrega,59.43,3.0,4.0
Lima,Web,Contra entrega,85.69,1.0,5.0
Sur,App,Billetera digital,125.21,2.0,4.0
Norte,Web,Tarjeta,221.35,6.0,4.0
Sur,Web,Billetera digital,102.74,3.0,4.0
Norte,App,Billetera digital,345.81,2.0,3.0
Lima,Web,Billetera digital,110.16,2.0,5.0
Norte,Web,Billetera digital,91.38,4.0,3.0
Norte,App,Contra entrega,112.91,7.0,2.0
Lima,App,Tarjeta,253.44,1.0,4.0
Lima,App,Tarjeta,100.18,1.0,3.0
Lima,Web,Contra entrega,213.72,1.0,4.0
Lima,Web,Tarjeta,35.67,2.0,4.0
Lima,App,Tarjeta,224.96,1.0,5.0
Centro,Web,Billetera digital,118.53,4.0,5.0
Norte,App,Tarjeta,83.08,4.0,5.0
Lima,Web,Tarjeta,96.59,1.0,5.0
Norte,Web,Tarjeta,150.26,2.0,5.0
Oriente,Web,Contra entrega,138.81,8.0,3.0
Norte,App,Billetera digital,64.34,3.0,5.0
Lima,App,Billetera digital,293.72,2.0,3.0
Lima,App,Billetera digital,115.09,2.0,4.0
Sur,App,Contra entrega,40.87,6.0,4.0
Lima,App,Tarjeta,229.64,2.0,5.0
Lima,App,Contra entrega,83.62,2.0,5.0
Lima,App,Tarjeta,155.72,3.0,4.0
Lima,App,Billetera digital,199.98,1.0,5.0
Oriente,Web,Tarjeta,45.83,6.0,4.0
Sur,Web,Tarjeta,62.14,3.0,5.0
Lima,Web,Billetera digital,386.59,4.0,4.0
Oriente,App,Contra entrega,280.31,4.0,4.0
Centro,Web,Billetera digital,151.47,5.0,3.0
Oriente,Web,Billetera digital,201.84,2.0,4.0
Sur,App,Tarjeta,86.07,6.0,4.0
Lima,App,Billetera digital,49.42,2.0,3.0
Norte,App,Tarjeta,156.4,3.0,5.0
Lima,App,Tarjeta,104.52,1.0,3.0
Sur,App,Contra entrega,222.61,1.0,4.0
Lima,Web,Billetera digital,178.44,2.0,5.0
Sur,App,Billetera digital,87.63,6.0,4.0
Centro,App,Contra entrega,73.56,2.0,5.0
Centro,Web,Contra entrega,207.89,5.0,4.0
Lima,Web,Billetera digital,237.89,1.0,4.0
Lima,App,Billetera digital,92.93,1.0,4.0
Sur,App,Tarjeta,178.93,1.0,5.0
Sur,Web,Tarjeta,231.08,2.0,3.0
Norte,Web,Tarjeta,61.42,2.0,5.0
Sur,Web,Billetera digital,21.6,3.0,4.0
Sur,Web,Tarjeta,56.88,7.0,3.0
Lima,App,Billetera digital,137.45,3.0,3.0
Centro,App,Tarjeta,66.16,4.0,4.0
Lima,Web,Tarjeta,62.21,1.0,4.0
Lima,App,Billetera digital,179.84,3.0,1.0
Sur,App,Contra entrega,182.18,3.0,4.0
Centro,App,Tarjeta,120.3,2.0,4.0
Sur,App,Billetera digital,159.68,3.0,4.0
Oriente,App,Contra entrega,110.38,4.0,
Sur,Web,Contra entrega,214.5,4.0,4.0
Lima,Web,Tarjeta,97.3,2.0,4.0
Norte,Web,Billetera digital,57.15,4.0,3.0
Lima,Web,Contra entrega,143.08,4.0,4.0
Centro,Web,Tarjeta,43.63,4.0,4.0
Lima,Web,Tarjeta,52.16,2.0,4.0
Lima,Web,Billetera digital,280.75,2.0,3.0
Norte,Web,Tarjeta,189.14,1.0,4.0
Lima,Web,Tarjeta,102.58,1.0,5.0
Norte,App,Tarjeta,107.61,3.0,5.0
Centro,Web,Billetera digital,120.91,2.0,4.0
Lima,Web,Tarjeta,106.11,2.0,5.0
Norte,App,Tarjeta,124.85,7.0,5.0
Lima,App,Billetera digital,226.66,2.0,3.0
Norte,App,Billetera digital,160.92,3.0,
Centro,Web,Billetera digital,107.28,4.0,3.0
Lima,App,Tarjeta,254.07,3.0,3.0
Lima,Web,Billetera digital,98.72,3.0,4.0
Lima,App,Billetera digital,205.17,3.0,4.0
Norte,Web,Billetera digital,76.67,1.0,5.0
Lima,Web,Billetera digital,195.03,3.0,4.0
Norte,Web,Billetera digital,174.9,2.0,5.0
Norte,Web,Billetera digital,46.3,2.0,5.0
Lima,App,Billetera digital,107.2,3.0,5.0
Lima,Web,Tarjeta,142.72,2.0,4.0
Norte,App,Billetera digital,79.77,1.0,5.0
Lima,Web,Contra entrega,252.29,1.0,4.0
Sur,App,Contra entrega,2260.74,3.0,3.0
Norte,Web,Tarjeta,97.89,5.0,4.0
Norte,Web,Contra entrega,90.08,5.0,5.0
Lima,Web,Tarjeta,64.75,2.0,3.0
Oriente,Web,Billetera digital,226.49,9.0,3.0
Oriente,Web,Tarjeta,80.27,6.0,3.0
Sur,App,Tarjeta,105.05,3.0,5.0
Lima,Web,Billetera digital,114.38,1.0,5.0
Sur,Web,Billetera digital,106.84,1.0,5.0
Lima,Web,Billetera digital,99.62,1.0,4.0
Sur,App,Contra entrega,61.48,3.0,3.0
Lima,Web,Billetera digital,117.22,3.0,4.0
Norte,Web,Contra entrega,210.87,4.0,4.0
Centro,Web,Tarjeta,223.19,5.0,2.0
Lima,Web,Billetera digital,161.95,1.0,5.0
Norte,App,Billetera digital,153.41,3.0,5.0
Lima,Web,Billetera digital,100.79,1.0,5.0
Centro,Web,Billetera digital,125.38,1.0,5.0
Oriente,Web,Contra entrega,94.98,6.0,2.0
Lima,Web,Tarjeta,162.38,2.0,5.0
Sur,Web,Tarjeta,208.66,4.0,4.0
Lima,App,Billetera digital,202.84,1.0,4.0
Norte,Web,Billetera digital,116.9,2.0,4.0
Sur,Web,Tarjeta,72.7,3.0,3.0
Sur,Web,Contra entrega,207.86,4.0,2.0
Oriente,Web,Billetera digital,75.41,5.0,4.0
Norte,Web,Contra entrega,111.37,4.0,4.0
Lima,Web,Billetera digital,136.89,1.0,5.0
Norte,App,Tarjeta,264.31,4.0,4.0
Lima,Web,Tarjeta,92.8,1.0,4.0
Oriente,App,Contra entrega,68.47,2.0,5.0
Sur,Web,Billetera digital,97.84,2.0,
Norte,Web,Billetera digital,103.79,4.0,5.0
Norte,App,Tarjeta,219.21,2.0,5.0
Lima,Web,Tarjeta,352.6,4.0,5.0
Norte,App,Contra entrega,123.84,6.0,3.0
Centro,App,Tarjeta,50.62,2.0,4.0
Sur,Web,Tarjeta,159.29,3.0,3.0
Norte,Web,Billetera digital,125.83,4.0,5.0
Oriente,App,Billetera digital,133.72,3.0,5.0
Norte,App,Tarjeta,87.96,2.0,5.0
Sur,Web,Tarjeta,137.86,3.0,4.0
Centro,App,Billetera digital,111.52,5.0,5.0
Lima,Web,Contra entrega,261.19,1.0,5.0
Sur,Web,Billetera digital,118.38,1.0,5.0
Norte,App,Tarjeta,116.22,3.0,3.0
Centro,Web,Billetera digital,134.78,6.0,4.0
Centro,App,Contra entrega,43.14,5.0,3.0
Centro,Web,Contra entrega,100.45,3.0,4.0
Lima,App,Tarjeta,168.47,1.0,5.0
Lima,Web,Tarjeta,61.7,3.0,4.0
Sur,Web,Billetera digital,67.87,2.0,5.0
Lima,Web,Billetera digital,150.89,3.0,5.0
Centro,App,Tarjeta,159.15,6.0,4.0
Lima,App,Contra entrega,92.48,3.0,5.0
Norte,Web,Billetera digital,214.82,6.0,2.0
Sur,App,Contra entrega,66.23,3.0,2.0
Centro,App,Billetera digital,149.18,4.0,3.0
Lima,App,Tarjeta,296.93,1.0,
Oriente,Web,Contra entrega,101.43,3.0,4.0
Norte,App,Tarjeta,48.93,4.0,3.0
Oriente,App,Contra entrega,142.75,4.0,4.0
Lima,Web,Billetera digital,65.1,2.0,3.0
Lima,Web,Billetera digital,123.43,1.0,3.0
Lima,Web,Contra entrega,154.88,1.0,5.0
Sur,Web,Billetera digital,133.18,5.0,3.0
Lima,App,Tarjeta,78.59,3.0,3.0
Lima,App,Tarjeta,101.66,1.0,5.0
Centro,Web,Billetera digital,83.83,5.0,3.0
Lima,Web,Billetera digital,118.63,1.0,4.0
Lima,Web,Tarjeta,446.2,1.0,5.0
Lima,App,Billetera digital,163.01,1.0,5.0
Lima,Web,Contra entrega,81.97,2.0,3.0
Lima,Web,Tarjeta,56.51,2.0,4.0
Oriente,Web,Contra entrega,173.97,5.0,4.0
Lima,App,Billetera digital,304.64,1.0,4.0
Lima,App,Billetera digital,430.42,1.0,5.0
Lima,Web,Billetera digital,219.76,1.0,5.0
Norte,App,Billetera digital,610.2,2.0,5.0
Lima,App,Billetera digital,201.33,2.0,4.0
Lima,App,Billetera digital,134.02,2.0,4.0
Sur,App,Billetera digital,110.39,4.0,5.0
Norte,Web,Billetera digital,119.63,5.0,1.0
Centro,Web,Billetera digital,144.54,5.0,4.0
Lima,App,Tarjeta,135.21,1.0,3.0
Sur,Web,Contra entrega,51.63,4.0,4.0
Lima,App,Billetera digital,84.1,1.0,4.0
Norte,App,Billetera digital,183.71,2.0,4.0
Centro,Web,Billetera digital,397.13,4.0,3.0
Lima,App,Tarjeta,164.2,2.0,4.0
Oriente,Web,Contra entrega,206.21,3.0,5.0
Norte,App,Billetera digital,208.9,3.0,5.0
Lima,Web,Tarjeta,194.81,3.0,4.0
Norte,Web,Tarjeta,98.51,2.0,4.0
Lima,Web,Tarjeta,251.67,2.0,4.0
Sur,App,Contra entrega,93.7,2.0,5.0
Lima,App,Tarjeta,25.08,1.0,4.0
Oriente,App,Tarjeta,297.01,9.0,3.0
Sur,Web,Billetera digital,193.7,2.0,5.0
Centro,Web,Contra entrega,318.74,4.0,4.0
Norte,App,Tarjeta,137.61,3.0,5.0
Centro,App,Billetera digital,435.36,3.0,5.0
Lima,Web,Billetera digital,124.17,2.0,4.0
Lima,Web,Contra entrega,134.24,1.0,4.0
Lima,Web,Tarjeta,154.79,1.0,5.0
Sur,Web,Tarjeta,271.49,4.0,4.0
Lima,App,Tarjeta,186.43,2.0,4.0
Lima,App,Tarjeta,232.82,1.0,3.0
Norte,App,Tarjeta,125.9,1.0,4.0
Lima,Web,Billetera digital,142.32,1.0,5.0
Lima,Web,Billetera digital,182.57,1.0,5.0
Norte,App,Contra entrega,60.95,1.0,5.0
Sur,Web,Tarjeta,176.8,1.0,3.0
Lima,Web,Contra entrega,71.28,1.0,4.0
Sur,App,Contra entrega,63.38,5.0,2.0
Norte,Web,Tarjeta,160.15,4.0,3.0
Sur,Web,Billetera digital,77.77,5.0,3.0
Norte,App,Billetera digital,219.26,4.0,4.0
Sur,App,Billetera digital,281.78,4.0,3.0
Lima,App,Tarjeta,236.33,2.0,3.0
Norte,Web,Billetera digital,57.45,3.0,5.0
Lima,App,Billetera digital,157.7,3.0,3.0
Sur,App,Tarjeta,128.11,6.0,4.0
Lima,App,Billetera digital,97.24,2.0,3.0
Sur,Web,Tarjeta,62.74,2.0,2.0
Oriente,App,Billetera digital,68.27,4.0,5.0
Lima,Web,Tarjeta,222.63,1.0,4.0
Lima,Web,Tarjeta,95.9,1.0,4.0
Sur,Web,Contra entrega,164.69,1.0,3.0
Lima,App,Tarjeta,113.05,3.0,4.0
Lima,App,Tarjeta,96.4,2.0,5.0
Lima,Web,Tarjeta,157.65,3.0,2.0
Lima,Web,Billetera digital,61.12,1.0,5.0
Centro,App,Billetera digital,169.45,4.0,4.0
Sur,Web,Billetera digital,127.89,6.0,4.0
Norte,Web,Contra entrega,162.45,3.0,5.0
Lima,Web,Tarjeta,163.69,1.0,3.0
Centro,App,Tarjeta,169.74,2.0,5.0
Lima,Web,Billetera digital,129.11,3.0,4.0
Lima,App,Contra entrega,80.86,4.0,5.0
Sur,Web,Billetera digital,343.72,1.0,5.0
Lima,App,Billetera digital,241.98,4.0,4.0
Norte,App,Tarjeta,190.04,2.0,5.0
Oriente,Web,Billetera digital,173.65,7.0,2.0
Lima,Web,Tarjeta,55.45,1.0,3.0
Lima,Web,Billetera digital,62.79,2.0,5.0
Sur,Web,Contra entrega,274.6,2.0,5.0
Lima,Web,Billetera digital,49.43,2.0,5.0
Lima,Web,Tarjeta,89.58,2.0,4.0
Lima,App,Billetera digital,282.2,1.0,4.0
Lima,App,Contra entrega,137.3,2.0,5.0
Norte,App,Billetera digital,116.69,2.0,2.0
Centro,App,Tarjeta,131.98,6.0,4.0
Lima,App,Billetera digital,131.74,1.0,3.0
Norte,App,Tarjeta,74.7,4.0,4.0
Oriente,App,Contra entrega,59.86,1.0,5.0
Oriente,Web,Tarjeta,121.33,5.0,4.0
Lima,Web,Billetera digital,152.89,4.0,2.0
Sur,App,Billetera digital,229.03,3.0,4.0
Centro,App,Contra entrega,124.64,6.0,2.0
Norte,App,Tarjeta,48.71,1.0,5.0
Centro,Web,Contra entrega,64.0,3.0,5.0
Oriente,App,Contra entrega,126.24,5.0,5.0
Centro,Web,Tarjeta,158.15,4.0,
Centro,Web,Tarjeta,322.83,4.0,4.0
Sur,App,Tarjeta,111.03,6.0,4.0
Lima,Web,Tarjeta,175.6,3.0,4.0
Lima,App,Billetera digital,169.89,1.0,4.0
Norte,Web,Contra entrega,257.8,5.0,4.0
Norte,Web,Contra entrega,69.49,4.0,3.0
Lima,App,Billetera digital,80.61,3.0,3.0
Sur,App,Contra entrega,106.54,2.0,4.0
Centro,App,Billetera digital,973.88,2.0,4.0
Norte,App,Tarjeta,131.57,4.0,3.0
Centro,App,Contra entrega,303.9,4.0,4.0
Norte,App,Billetera digital,175.57,3.0,
Oriente,App,Billetera digital,138.01,7.0,4.0
Norte,App,Billetera digital,248.85,2.0,5.0
Centro,Web,Tarjeta,52.08,1.0,5.0
Lima,App,Contra entrega,157.41,3.0,4.0
Lima,App,Tarjeta,224.01,1.0,5.0
Lima,Web,Billetera digital,130.55,1.0,3.0
Sur,App,Tarjeta,93.38,3.0,4.0
Lima,Web,Tarjeta,168.71,2.0,5.0
Norte,App,Billetera digital,79.04,5.0,4.0
Norte,Web,Tarjeta,70.97,1.0,5.0
Oriente,App,Billetera digital,217.99,4.0,5.0
Lima,Web,Tarjeta,352.14,2.0,5.0
Lima,Web,Billetera digital,344.62,4.0,
Lima,Web,Tarjeta,312.37,1.0,4.0
Lima,Web,Tarjeta,274.08,2.0,5.0
Sur,App,Tarjeta,173.73,2.0,4.0
Sur,App,Contra entrega,62.45,10.0,3.0
Norte,App,Billetera digital,44.72,3.0,3.0
Lima,Web,Tarjeta,262.66,2.0,5.0
Lima,App,Billetera digital,215.08,1.0,5.0
Lima,Web,Tarjeta,231.16,2.0,5.0
Norte,Web,Tarjeta,133.69,3.0,5.0
Lima,Web,Tarjeta,217.53,2.0,3.0
Lima,App,Billetera digital,89.84,2.0,5.0
Lima,App,Contra entrega,110.56,1.0,5.0
Norte,Web,Billetera digital,147.88,3.0,5.0
Sur,App,Tarjeta,191.91,9.0,2.0
Norte,App,Contra entrega,162.89,2.0,5.0
Lima,Web,Billetera digital,189.45,2.0,4.0
Lima,Web,Billetera digital,65.94,1.0,
Norte,App,Billetera digital,67.02,4.0,4.0
Lima,Web,Billetera digital,230.71,4.0,5.0
Sur,Web,Tarjeta,83.86,3.0,4.0
Lima,App,Billetera digital,178.5,1.0,5.0
Lima,App,Tarjeta,161.34,2.0,3.0
Norte,Web,Contra entrega,212.8,6.0,4.0
Lima,Web,Billetera digital,127.87,4.0,5.0
Oriente,Web,Contra entrega,129.34,3.0,4.0
Lima,Web,Billetera digital,152.68,1.0,4.0
Lima,Web,Billetera digital,109.39,1.0,5.0
Norte,App,Billetera digital,204.75,5.0,4.0
Norte,App,Billetera digital,176.58,5.0,4.0
Lima,Web,Tarjeta,202.81,1.0,5.0
Lima,App,Billetera digital,37.58,1.0,5.0
Lima,Web,Contra entrega,68.21,2.0,4.0
Lima,Web,Billetera digital,153.86,3.0,3.0
Lima,Web,Tarjeta,112.6,1.0,5.0
Sur,App,Billetera digital,397.14,3.0,4.0
Oriente,App,Tarjeta,122.11,9.0,3.0
Lima,Web,Contra entrega,189.86,1.0,5.0
Lima,Web,Billetera digital,96.51,1.0,5.0
Lima,App,Tarjeta,64.46,1.0,4.0
Lima,App,Tarjeta,156.59,1.0,4.0
Oriente,Web,Contra entrega,99.41,3.0,5.0
Lima,App,Tarjeta,236.49,2.0,5.0
Centro,App,Tarjeta,188.66,4.0,5.0
Norte,App,Contra entrega,104.75,5.0,4.0
Lima,Web,Tarjeta,261.62,2.0,5.0
Lima,Web,Billetera digital,96.39,2.0,4.0
Lima,Web,Billetera digital,157.43,2.0,5.0
Norte,Web,Billetera digital,206.07,1.0,4.0
Lima,Web,Tarjeta,250.27,1.0,4.0
Centro,App,Tarjeta,106.04,4.0,4.0
Norte,Web,Contra entrega,114.73,2.0,5.0
Lima,Web,Tarjeta,107.97,3.0,3.0
Lima,Web,Tarjeta,152.66,5.0,4.0
Lima,Web,Billetera digital,390.92,1.0,4.0
Lima,App,Billetera digital,63.21,1.0,5.0
Lima,Web,Tarjeta,219.59,2.0,4.0
Sur,Web,Billetera digital,158.17,8.0,3.0
Sur,Web,Tarjeta,100.16,2.0,5.0
Lima,Web,Contra entrega,47.17,2.0,4.0
Centro,Web,Billetera digital,139.3,6.0,5.0
Lima,App,Billetera digital,230.28,2.0,5.0
Lima,Web,Tarjeta,182.33,2.0,5.0
Lima,App,Contra entrega,128.19,2.0,5.0
Lima,App,Contra entrega,139.26,1.0,3.0
Sur,App,Contra entrega,94.63,6.0,5.0
Sur,App,Billetera digital,232.74,2.0,4.0
Oriente,App,Tarjeta,165.18,6.0,4.0
Sur,App,Tarjeta,81.89,4.0,4.0
Lima,App,Billetera digital,166.97,2.0,4.0
Centro,Web,Billetera digital,61.92,6.0,3.0
Sur,Web,Tarjeta,105.02,3.0,4.0
Sur,Web,Contra entrega,127.67,2.0,4.0
Lima,App,Billetera digital,275.82,1.0,4.0
Lima,Web,Contra entrega,81.51,4.0,4.0
Norte,Web,Contra entrega,99.33,1.0,5.0
Sur,App,Billetera digital,146.11,5.0,3.0
Norte,Web,Tarjeta,142.13,2.0,5.0
Lima,App,Billetera digital,166.67,1.0,5.0
Lima,Web,Billetera digital,143.88,2.0,4.0
Lima,App,Billetera digital,128.14,1.0,5.0
Centro,Web,Tarjeta,57.64,2.0,4.0
Oriente,Web,Contra entrega,64.52,5.0,4.0
Norte,App,Contra entrega,81.4,3.0,5.0
Norte,App,Billetera digital,182.93,3.0,4.0
Lima,Web,Tarjeta,237.26,2.0,4.0
Norte,App,Contra entrega,420.31,4.0,5.0
Norte,App,Billetera digital,142.11,1.0,5.0
Lima,App,Tarjeta,84.47,3.0,4.0
Centro,Web,Contra entrega,86.04,2.0,5.0
Lima,App,Tarjeta,82.13,1.0,4.0
Lima,Web,Tarjeta,134.47,3.0,5.0
Lima,App,Tarjeta,473.63,2.0,5.0
Lima,App,Tarjeta,140.4,3.0,5.0
Norte,App,Contra entrega,65.52,1.0,5.0
Lima,App,Billetera digital,178.07,2.0,5.0
Oriente,App,Contra entrega,256.01,6.0,4.0
Sur,Web,Tarjeta,196.95,1.0,5.0
Lima,Web,Tarjeta,30.06,1.0,
Sur,App,Billetera digital,126.64,6.0,4.0
Centro,Web,Billetera digital,60.28,5.0,3.0
Lima,Web,Tarjeta,116.9,2.0,5.0
Sur,Web,Contra entrega,53.36,3.0,4.0
Norte,App,Billetera digital,250.68,3.0,4.0
Sur,Web,Contra entrega,222.34,3.0,4.0
Lima,App,Tarjeta,73.52,2.0,4.0
Sur,Web,Tarjeta,75.19,2.0,5.0
Lima,App,Contra entrega,390.86,2.0,4.0
Sur,App,Billetera digital,136.11,4.0,
Sur,App,Contra entrega,101.14,2.0,3.0
Lima,Web,Tarjeta,71.26,2.0,4.0
Lima,App,Contra entrega,61.87,1.0,5.0
Norte,Web,Contra entrega,55.2,2.0,4.0
Oriente,App,Contra entrega,243.32,7.0,2.0
Lima,Web,Billetera digital,190.37,1.0,4.0
Lima,Web,Tarjeta,218.87,1.0,5.0
Lima,App,Billetera digital,99.42,1.0,4.0
Norte,Web,Billetera digital,41.11,2.0,4.0
Lima,Web,Billetera digital,305.06,2.0,4.0
Lima,App,Tarjeta,157.08,3.0,5.0
Oriente,App,Billetera digital,163.21,14.0,1.0
Lima,Web,Tarjeta,98.8,3.0,5.0
Sur,Web,Tarjeta,50.04,3.0,5.0
Norte,App,Billetera digital,101.15,2.0,4.0
Oriente,App,Billetera digital,262.08,7.0,4.0
Sur,Web,Tarjeta,145.6,5.0,4.0
Lima,App,Contra entrega,105.2,1.0,3.0
Oriente,Web,Billetera digital,152.15,3.0,5.0
Lima,App,Billetera digital,243.11,1.0,4.0
Lima,App,Tarjeta,263.85,2.0,3.0
Norte,App,Billetera digital,142.44,2.0,3.0
Centro,Web,Billetera digital,109.57,1.0,5.0
Oriente,Web,Billetera digital,342.22,6.0,2.0
Lima,Web,Tarjeta,252.48,2.0,3.0
Centro,Web,Contra entrega,39.05,1.0,3.0
Lima,App,Tarjeta,194.39,1.0,4.0
Sur,Web,Billetera digital,350.0,4.0,4.0
Norte,Web,Billetera digital,272.28,3.0,5.0
Norte,Web,Contra entrega,80.84,3.0,5.0
Lima,Web,Tarjeta,303.99,3.0,4.0
Lima,Web,Billetera digital,123.41,2.0,4.0
Lima,App,Contra entrega,204.09,3.0,5.0
Oriente,Web,Tarjeta,106.09,9.0,1.0
Lima,App,Tarjeta,327.38,2.0,3.0
Lima,Web,Billetera digital,1035.18,3.0,4.0
Lima,Web,Tarjeta,234.69,2.0,4.0
Norte,App,Tarjeta,94.73,3.0,4.0
Centro,App,Billetera digital,57.46,8.0,5.0
Sur,App,Billetera digital,116.49,4.0,5.0
Lima,App,Billetera digital,99.19,3.0,4.0
Lima,Web,Tarjeta,186.9,1.0,4.0
Centro,Web,Tarjeta,77.48,3.0,4.0
Centro,Web,Billetera digital,60.71,8.0,4.0
Norte,App,Tarjeta,72.8,2.0,4.0
Lima,Web,Tarjeta,135.73,4.0,4.0
Sur,App,Tarjeta,90.41,7.0,3.0
Lima,Web,Billetera digital,128.33,3.0,4.0
Lima,App,Tarjeta,204.32,4.0,4.0
Sur,App,Billetera digital,125.88,4.0,4.0
Norte,App,Tarjeta,132.41,2.0,4.0
Lima,Web,Tarjeta,172.79,3.0,5.0
Lima,Web,Billetera digital,126.45,1.0,4.0
Sur,Web,Billetera digital,80.28,2.0,4.0
Centro,Web,Billetera digital,61.64,5.0,3.0
Norte,App,Tarjeta,49.67,2.0,4.0
Lima,App,Tarjeta,75.27,1.0,4.0
Norte,App,Tarjeta,252.01,2.0,3.0
Centro,Web,Billetera digital,142.83,3.0,5.0
Oriente,App,Contra entrega,127.43,2.0,4.0
Sur,Web,Billetera digital,133.39,3.0,4.0
Sur,App,Billetera digital,166.45,8.0,3.0
Lima,Web,Tarjeta,225.7,2.0,4.0
Lima,App,Billetera digital,118.13,3.0,4.0
Sur,Web,Billetera digital,168.46,2.0,5.0
Lima,App,Billetera digital,156.51,2.0,5.0
Lima,App,Tarjeta,184.76,2.0,4.0
Norte,Web,Contra entrega,90.53,3.0,3.0
Lima,Web,Billetera digital,119.54,2.0,4.0
Centro,App,Tarjeta,123.41,6.0,5.0
Oriente,App,Tarjeta,105.47,15.0,1.0
Sur,Web,Billetera digital,164.2,7.0,4.0
Oriente,Web,Billetera digital,374.0,7.0,2.0
Norte,Web,Tarjeta,99.48,4.0,5.0
Sur,App,Tarjeta,110.9,5.0,3.0
Centro,Web,Contra entrega,85.16,1.0,3.0
Oriente,Web,Billetera digital,86.8,6.0,4.0
Centro,Web,Billetera digital,290.13,2.0,4.0
Norte,App,Billetera digital,114.71,3.0,4.0
Oriente,Web,Tarjeta,104.69,2.0,5.0
Oriente,App,Billetera digital,30.9,2.0,5.0
Norte,Web,Contra entrega,62.69,1.0,5.0
Lima,Web,Tarjeta,291.36,2.0,5.0
Sur,Web,Billetera digital,204.4,3.0,5.0
Lima,Web,Billetera digital,216.03,1.0,3.0
Lima,App,Billetera digital,427.37,3.0,4.0
Sur,Web,Billetera digital,197.17,5.0,4.0
Lima,Web,Tarjeta,214.45,3.0,3.0
Centro,App,Contra entrega,109.48,4.0,5.0
Oriente,Web,Tarjeta,219.5,14.0,3.0
Lima,Web,Billetera digital,96.73,1.0,5.0
Lima,App,Billetera digital,618.08,3.0,4.0
Lima,Web,Tarjeta,185.31,1.0,5.0
Lima,App,Tarjeta,173.01,3.0,3.0
Norte,App,Contra entrega,204.22,4.0,4.0
Oriente,App,Billetera digital,81.82,5.0,4.0
Lima,App,Billetera digital,117.69,2.0,5.0
Lima,Web,Billetera digital,93.05,2.0,3.0
Lima,App,Billetera digital,161.67,1.0,4.0
Sur,App,Tarjeta,108.35,5.0,4.0
Lima,App,Billetera digital,74.01,1.0,4.0
Sur,Web,Tarjeta,128.96,1.0,5.0
Sur,App,Billetera digital,43.97,2.0,4.0
Lima,App,Contra entrega,209.74,2.0,4.0
Lima,Web,Tarjeta,167.9,2.0,4.0
Lima,Web,Tarjeta,304.42,3.0,5.0
Sur,Web,Contra entrega,116.37,5.0,3.0
Norte,App,Billetera digital,145.61,4.0,5.0
Oriente,Web,Billetera digital,89.74,6.0,3.0
Norte,App,Billetera digital,289.16,1.0,5.0
Lima,Web,Contra entrega,196.17,1.0,5.0
Lima,App,Billetera digital,276.4,2.0,5.0
Lima,Web,Tarjeta,59.47,2.0,4.0
Norte,Web,Contra entrega,127.09,5.0,4.0
Centro,Web,Contra entrega,114.87,7.0,3.0
Sur,Web,Contra entrega,53.76,7.0,3.0
Centro,Web,Tarjeta,90.96,7.0,3.0
Lima,App,Billetera digital,216.13,3.0,5.0
Lima,App,Tarjeta,97.65,2.0,4.0
Norte,Web,Tarjeta,89.17,4.0,5.0
Lima,App,Billetera digital,143.91,1.0,5.0
Norte,App,Contra entrega,93.89,2.0,5.0
Centro,Web,Tarjeta,177.39,4.0,4.0
Centro,Web,Contra entrega,108.63,5.0,4.0
Sur,App,Billetera digital,257.41,3.0,2.0
Sur,App,Billetera digital,86.68,5.0,2.0
Norte,Web,Tarjeta,34.06,6.0,4.0
Lima,Web,Tarjeta,338.16,1.0,4.0
Sur,App,Tarjeta,291.82,6.0,3.0
Lima,Web,Tarjeta,452.92,1.0,5.0
Norte,Web,Billetera digital,102.97,4.0,4.0
Lima,App,Billetera digital,300.26,2.0,4.0
Norte,App,Tarjeta,65.07,3.0,4.0
Norte,App,Billetera digital,68.34,2.0,5.0
Norte,Web,Billetera digital,86.57,3.0,4.0
Lima,Web,Billetera digital,117.94,2.0,4.0
Norte,Web,Billetera digital,168.98,1.0,5.0
Lima,App,Billetera digital,352.67,2.0,4.0
Sur,App,Billetera digital,116.81,5.0,3.0
Centro,App,Contra entrega,187.26,4.0,4.0
Lima,App,Billetera digital,93.35,1.0,4.0
Norte,App,Contra entrega,93.53,1.0,5.0
Lima,App,Tarjeta,156.68,1.0,5.0
Lima,Web,Tarjeta,151.28,1.0,5.0
Lima,Web,Billetera digital,173.57,3.0,4.0
Lima,App,Billetera digital,108.25,1.0,5.0
Lima,Web,Billetera digital,173.91,2.0,4.0
Lima,App,Tarjeta,60.17,1.0,4.0
Lima,Web,Tarjeta,279.74,2.0,5.0
Lima,App,Tarjeta,219.03,2.0,4.0
Lima,Web,Billetera digital,163.66,2.0,2.0
Norte,Web,Billetera digital,99.81,2.0,4.0
Centro,Web,Contra entrega,149.73,6.0,3.0
Centro,Web,Tarjeta,132.4,3.0,5.0
Oriente,Web,Contra entrega,282.12,4.0,4.0
Centro,Web,Contra entrega,37.98,2.0,4.0
Lima,Web,Contra entrega,141.43,1.0,5.0
Oriente,App,Billetera digital,46.14,1.0,4.0
Lima,App,Tarjeta,129.92,1.0,4.0
Centro,Web,Contra entrega,38.14,3.0,5.0
Centro,App,Tarjeta,75.1,3.0,4.0
Lima,Web,Billetera digital,592.53,2.0,4.0
Norte,App,Contra entrega,171.56,5.0,4.0
Centro,App,Tarjeta,119.79,7.0,2.0
Sur,Web,Billetera digital,110.72,2.0,5.0
Norte,Web,Billetera digital,173.16,3.0,5.0
Lima,App,Contra entrega,150.72,1.0,5.0
Sur,Web,Billetera digital,1247.29,5.0,3.0
Lima,App,Tarjeta,163.21,2.0,5.0
Centro,App,Contra entrega,105.03,2.0,4.0
Lima,App,Billetera digital,375.98,2.0,4.0
Lima,App,Billetera digital,202.78,2.0,4.0
Oriente,App,Tarjeta,94.38,11.0,2.0
Sur,App,Tarjeta,164.69,7.0,3.0
Lima,Web,Tarjeta,114.59,2.0,5.0
Lima,Web,Billetera digital,79.23,2.0,5.0
Lima,Web,Billetera digital,41.41,2.0,4.0
Lima,Web,Billetera digital,356.18,3.0,4.0
Lima,Web,Tarjeta,303.15,2.0,3.0
Lima,Web,Billetera digital,112.01,2.0,4.0
Sur,App,Tarjeta,199.9,4.0,4.0
Lima,Web,Billetera digital,157.93,1.0,3.0
Oriente,Web,Contra entrega,93.66,2.0,4.0
Lima,Web,Tarjeta,140.19,3.0,3.0
Lima,Web,Billetera digital,174.54,1.0,4.0
Oriente,App,Contra entrega,143.15,3.0,5.0
Centro,App,Tarjeta,139.56,4.0,4.0
Norte,App,Billetera digital,101.99,3.0,4.0
Lima,App,Tarjeta,207.64,2.0,4.0
Oriente,App,Contra entrega,95.07,5.0,5.0
Lima,App,Billetera digital,99.58,5.0,4.0
Norte,Web,Tarjeta,201.32,4.0,3.0
Lima,App,Tarjeta,144.22,1.0,5.0
Centro,App,Billetera digital,146.71,1.0,3.0
Lima,App,Billetera digital,180.99,3.0,5.0
Centro,Web,Contra entrega,834.79,4.0,4.0
Lima,Web,Billetera digital,64.44,2.0,4.0
Lima,Web,Tarjeta,129.41,3.0,
Lima,Web,Tarjeta,244.67,1.0,5.0
Centro,Web,Tarjeta,195.42,7.0,2.0
Norte,Web,Contra entrega,133.46,4.0,5.0
Norte,App,Contra entrega,243.0,4.0,3.0
Lima,Web,Tarjeta,35.0,2.0,5.0
Centro,App,Contra entrega,241.63,5.0,5.0
Sur,Web,Billetera digital,82.97,3.0,4.0
Norte,Web,Contra entrega,63.86,2.0,4.0
Sur,Web,Contra entrega,87.63,2.0,5.0
Lima,App,Tarjeta,142.96,2.0,5.0
Sur,App,Tarjeta,90.07,3.0,4.0
Sur,App,Tarjeta,161.39,3.0,5.0
Lima,Web,Tarjeta,79.34,1.0,5.0
Norte,App,Contra entrega,127.18,4.0,4.0
Oriente,App,Contra entrega,115.98,3.0,3.0
Lima,Web,Billetera digital,234.44,2.0,5.0
Centro,App,Billetera digital,87.07,3.0,5.0
Sur,Web,Tarjeta,64.73,3.0,2.0
Sur,App,Billetera digital,224.43,3.0,4.0
Oriente,Web,Billetera digital,42.37,3.0,5.0
Centro,Web,Contra entrega,153.76,5.0,4.0
Sur,App,Contra entrega,90.46,4.0,4.0
Norte,App,Billetera digital,49.91,4.0,4.0
Centro,Web,Contra entrega,275.56,2.0,5.0
Lima,App,Billetera digital,168.07,2.0,4.0
Lima,Web,Billetera digital,141.27,1.0,5.0
Lima,Web,Tarjeta,139.94,1.0,4.0
Sur,Web,Tarjeta,216.62,2.0,2.0
Lima,App,Billetera digital,276.87,1.0,4.0
Oriente,Web,Contra entrega,132.71,3.0,4.0
Lima,App,Tarjeta,2215.11,1.0,4.0
Norte,App,Tarjeta,145.09,4.0,5.0
Lima,App,Tarjeta,123.15,1.0,5.0
Lima,Web,Tarjeta,229.09,2.0,4.0
Lima,App,Billetera digital,128.24,4.0,5.0
Sur,App,Contra entrega,91.15,4.0,5.0
Lima,Web,Tarjeta,128.52,1.0,5.0
Sur,Web,Contra entrega,59.05,5.0,4.0
Lima,Web,Billetera digital,191.2,2.0,5.0
Lima,App,Tarjeta,155.57,2.0,
Lima,App,Tarjeta,196.54,1.0,3.0
Lima,App,Billetera digital,187.42,1.0,5.0
Norte,App,Billetera digital,62.13,3.0,
Centro,Web,Tarjeta,78.33,2.0,5.0
Sur,Web,Tarjeta,285.31,1.0,4.0
Norte,Web,Tarjeta,267.13,4.0,3.0
Norte,App,Contra entrega,95.9,2.0,4.0
Lima,Web,Billetera digital,272.84,5.0,3.0
Lima,App,Billetera digital,277.98,3.0,5.0
Sur,Web,Contra entrega,170.04,4.0,5.0
Lima,Web,Tarjeta,215.43,1.0,5.0
Centro,Web,Tarjeta,122.98,6.0,4.0
Centro,Web,Contra entrega,120.49,5.0,3.0
Lima,App,Billetera digital,258.62,1.0,4.0
Lima,App,Billetera digital,204.94,2.0,5.0
Sur,Web,Billetera digital,180.51,5.0,3.0
Sur,Web,Contra entrega,85.07,1.0,4.0
Oriente,App,Billetera digital,71.06,6.0,2.0
Sur,Web,Tarjeta,101.83,2.0,4.0
Norte,App,Billetera digital,133.12,4.0,4.0
Lima,App,Tarjeta,249.65,3.0,4.0
Lima,App,Billetera digital,139.76,1.0,5.0
Lima,Web,Billetera digital,657.85,1.0,5.0
Sur,App,Contra entrega,190.5,3.0,5.0
Oriente,Web,Billetera digital,82.97,1.0,5.0
Norte,App,Contra entrega,121.45,3.0,5.0
Lima,App,Tarjeta,90.33,1.0,5.0
Lima,App,Tarjeta,161.63,2.0,3.0
Sur,App,Tarjeta,177.03,2.0,5.0
Lima,Web,Billetera digital,308.13,3.0,4.0
Lima,App,Tarjeta,186.59,1.0,5.0
Lima,Web,Tarjeta,58.45,1.0,4.0
Norte,Web,Contra entrega,170.33,1.0,5.0
Lima,Web,Tarjeta,178.87,1.0,4.0
Lima,App,Tarjeta,212.89,1.0,5.0
Oriente,Web,Billetera digital,79.1,5.0,3.0
Centro,App,Contra entrega,201.3,6.0,4.0
Lima,Web,Tarjeta,106.18,2.0,4.0
Centro,Web,Tarjeta,114.6,5.0,4.0
Lima,App,Billetera digital,150.25,2.0,5.0
Centro,Web,Billetera digital,144.1,3.0,5.0
Sur,Web,Billetera digital,73.74,2.0,4.0
Lima,Web,Billetera digital,125.76,3.0,4.0
Lima,Web,Tarjeta,174.48,2.0,5.0
Lima,Web,Tarjeta,50.31,1.0,4.0
Lima,App,Tarjeta,122.13,2.0,5.0
Centro,Web,Tarjeta,156.71,5.0,4.0
Norte,Web,Contra entrega,87.2,3.0,4.0
Lima,Web,Contra entrega,240.65,1.0,5.0
Sur,App,Contra entrega,175.81,3.0,5.0
Lima,Web,Billetera digital,255.12,3.0,5.0
Norte,Web,Contra entrega,165.0,1.0,4.0
Sur,App,Billetera digital,105.8,5.0,4.0
Lima,App,Contra entrega,148.18,2.0,5.0
Lima,Web,Billetera digital,64.36,2.0,4.0
Sur,Web,Billetera digital,124.94,2.0,5.0
Norte,Web,Tarjeta,227.64,2.0,4.0
Lima,Web,Billetera digital,147.77,2.0,4.0
Sur,App,Billetera digital,174.51,2.0,4.0
Lima,Web,Tarjeta,288.06,2.0,4.0
Lima,App,Billetera digital,90.86,1.0,3.0
Lima,Web,Billetera digital,297.2,1.0,3.0
Sur,Web,Billetera digital,171.03,3.0,4.0
Lima,App,Tarjeta,175.17,2.0,2.0
Lima,Web,Billetera digital,55.42,5.0,2.0
Norte,App,Billetera digital,212.94,2.0,4.0
Lima,App,Billetera digital,303.35,3.0,4.0
Norte,Web,Tarjeta,87.44,4.0,2.0
Lima,Web,Tarjeta,311.9,4.0,5.0
Sur,Web,Contra entrega,55.48,3.0,3.0
Sur,App,Tarjeta,122.77,4.0,4.0
Centro,Web,Tarjeta,80.43,3.0,4.0
Sur,App,Tarjeta,203.38,4.0,5.0
Lima,Web,Tarjeta,221.37,1.0,5.0
Lima,Web,Tarjeta,160.62,1.0,4.0
Oriente,Web,Billetera digital,48.82,4.0,4.0
Norte,Web,Tarjeta,127.32,3.0,4.0
Sur,App,Tarjeta,33.97,4.0,3.0
Norte,App,Billetera digital,126.61,3.0,4.0
Sur,App,Billetera digital,131.24,1.0,5.0
Norte,Web,Billetera digital,172.38,1.0,5.0
Lima,Web,Tarjeta,214.22,1.0,5.0
Lima,App,Billetera digital,215.3,5.0,4.0
Sur,Web,Tarjeta,163.8,1.0,4.0
Lima,App,Billetera digital,348.35,1.0,4.0
Centro,App,Billetera digital,104.79,7.0,2.0
Lima,App,Billetera digital,95.48,3.0,4.0
Norte,Web,Billetera digital,123.79,2.0,3.0
Sur,App,Contra entrega,161.34,2.0,5.0
Lima,App,Tarjeta,196.89,2.0,5.0
Lima,App,Tarjeta,74.33,2.0,5.0
Norte,Web,Billetera digital,116.51,3.0,5.0
Lima,App,Tarjeta,116.05,1.0,4.0
Norte,Web,Tarjeta,75.32,3.0,5.0
Lima,Web,Billetera digital,179.31,3.0,5.0
Lima,Web,Billetera digital,223.79,2.0,
Lima,Web,Billetera digital,125.04,2.0,5.0
Oriente,Web,Billetera digital,104.83,13.0,3.0
Lima,App,Billetera digital,201.74,2.0,5.0
Lima,App,Tarjeta,126.91,2.0,4.0
Lima,Web,Tarjeta,302.01,2.0,3.0
Lima,Web,Billetera digital,79.21,3.0,2.0
Oriente,Web,Contra entrega,227.42,2.0,
Sur,App,Billetera digital,108.06,2.0,4.0
Lima,Web,Tarjeta,62.86,2.0,4.0
Lima,App,Billetera digital,84.43,1.0,4.0
Lima,App,Billetera digital,78.67,1.0,4.0
Lima,App,Billetera digital,135.8,2.0,3.0
Oriente,App,Billetera digital,133.8,6.0,4.0
Lima,Web,Billetera digital,81.84,1.0,4.0
Lima,App,Tarjeta,101.1,1.0,4.0
Lima,Web,Billetera digital,55.08,1.0,5.0
Lima,Web,Billetera digital,335.62,1.0,4.0
Sur,App,Billetera digital,491.51,2.0,5.0
Lima,App,Tarjeta,131.93,3.0,5.0
Lima,App,Tarjeta,107.53,1.0,3.0
Norte,App,Contra entrega,131.47,3.0,4.0
Sur,App,Tarjeta,98.68,7.0,3.0
Lima,Web,Billetera digital,107.73,2.0,4.0
Lima,Web,Billetera digital,210.53,1.0,4.0
Norte,App,Tarjeta,354.68,5.0,3.0
Norte,Web,Tarjeta,236.04,4.0,5.0
Lima,App,Tarjeta,97.53,1.0,4.0
Sur,Web,Tarjeta,98.87,5.0,5.0
Lima,Web,Tarjeta,105.97,1.0,5.0
Lima,App,Tarjeta,143.06,3.0,4.0
Sur,Web,Billetera digital,402.11,2.0,5.0
Norte,Web,Tarjeta,418.24,5.0,4.0
Lima,Web,Contra entrega,259.86,1.0,4.0
Lima,App,Tarjeta,80.06,3.0,4.0
Lima,Web,Tarjeta,227.25,2.0,4.0
Sur,App,Billetera digital,99.75,6.0,4.0
Lima,Web,Tarjeta,99.28,2.0,5.0
Oriente,Web,Billetera digital,140.08,4.0,3.0
Norte,App,Billetera digital,171.46,5.0,3.0
Sur,Web,Billetera digital,71.38,3.0,5.0
Lima,App,Tarjeta,369.38,2.0,3.0
Lima,Web,Billetera digital,126.98,2.0,3.0
Lima,App,Tarjeta,97.57,1.0,4.0
Norte,Web,Billetera digital,99.4,3.0,5.0
Oriente,App,Contra entrega,129.57,5.0,5.0
Lima,Web,Tarjeta,328.57,1.0,4.0
Lima,App,Tarjeta,318.86,2.0,5.0
Lima,Web,Contra entrega,52.85,1.0,4.0
Norte,App,Contra entrega,245.81,5.0,3.0
Lima,App,Billetera digital,75.39,1.0,5.0
Lima,App,Billetera digital,96.03,4.0,2.0
Lima,App,Billetera digital,151.52,4.0,3.0
Lima,Web,Tarjeta,89.01,2.0,5.0
Lima,Web,Billetera digital,64.1,1.0,5.0
Lima,Web,Tarjeta,90.88,2.0,4.0
Norte,App,Tarjeta,234.68,4.0,4.0
Centro,Web,Billetera digital,34.96,2.0,5.0
Sur,App,Billetera digital,149.85,3.0,3.0
Norte,Web,Tarjeta,76.21,4.0,4.0
Lima,Web,Contra entrega,36.85,4.0,4.0
Centro,App,Billetera digital,170.39,2.0,3.0
Norte,Web,Billetera digital,478.25,2.0,5.0
Lima,Web,Tarjeta,150.28,1.0,5.0
Sur,Web,Billetera digital,144.19,8.0,4.0
Norte,Web,Tarjeta,177.74,4.0,4.0
Norte,Web,Contra entrega,91.64,1.0,4.0
Lima,App,Billetera digital,75.25,2.0,3.0
Lima,App,Billetera digital,187.59,1.0,5.0
Centro,Web,Billetera digital,100.89,4.0,4.0
Lima,Web,Tarjeta,39.12,4.0,5.0
Lima,App,Billetera digital,296.55,1.0,5.0
Norte,Web,Billetera digital,143.74,3.0,5.0
Sur,App,Tarjeta,181.77,5.0,3.0
Lima,App,Billetera digital,261.64,1.0,5.0
Lima,Web,Billetera digital,251.11,1.0,5.0
Centro,App,Tarjeta,157.4,4.0,
Norte,App,Billetera digital,333.29,4.0,4.0
Lima,Web,Billetera digital,164.21,1.0,5.0
Lima,App,Contra entrega,133.8,2.0,4.0
Sur,App,Tarjeta,140.97,2.0,3.0
Lima,Web,Tarjeta,308.06,1.0,4.0
Lima,Web,Billetera digital,110.53,1.0,4.0
Lima,Web,Contra entrega,135.83,1.0,5.0
Lima,Web,Contra entrega,74.79,3.0,3.0
Lima,App,Billetera digital,84.1,3.0,4.0
Lima,App,Tarjeta,89.12,1.0,3.0
Sur,Web,Tarjeta,95.83,2.0,4.0
Lima,Web,Billetera digital,148.85,2.0,5.0
Lima,Web,Billetera digital,73.9,1.0,5.0
Lima,App,Billetera digital,159.03,2.0,4.0
Sur,App,Billetera digital,249.66,4.0,4.0
Lima,Web,Tarjeta,141.42,1.0,4.0
Sur,App,Tarjeta,69.45,1.0,5.0
Lima,Web,Billetera digital,229.82,1.0,5.0
Norte,App,Billetera digital,143.43,4.0,4.0
Norte,App,Tarjeta,250.4,5.0,4.0
Lima,Web,Billetera digital,217.26,1.0,3.0
Sur,App,Billetera digital,108.73,4.0,
Norte,App,Tarjeta,137.34,4.0,4.0
Sur,Web,Billetera digital,66.12,2.0,4.0
Norte,App,Tarjeta,95.99,2.0,5.0
Norte,Web,Contra entrega,77.98,5.0,4.0
Oriente,App,Contra entrega,111.11,6.0,4.0
Centro,Web,Contra entrega,194.6,3.0,3.0
Oriente,Web,Contra entrega,269.79,6.0,3.0
Lima,App,Billetera digital,67.78,3.0,5.0
Sur,Web,Tarjeta,73.01,5.0,3.0
Norte,App,Billetera digital,123.8,3.0,4.0
Lima,Web,Tarjeta,102.27,1.0,3.0
Lima,Web,Billetera digital,162.03,2.0,5.0
Norte,Web,Tarjeta,131.56,4.0,5.0
Lima,Web,Tarjeta,261.96,2.0,4.0
Lima,Web,Billetera digital,85.48,1.0,4.0
Lima,App,Billetera digital,247.83,2.0,4.0
Lima,Web,Tarjeta,337.97,2.0,3.0
Centro,Web,Contra entrega,222.47,6.0,4.0
Norte,Web,Contra entrega,132.18,3.0,4.0
Lima,Web,Contra entrega,328.41,2.0,4.0
Lima,Web,Billetera digital,617.13,1.0,4.0
Oriente,Web,Contra entrega,136.97,8.0,4.0
Lima,App,Tarjeta,218.96,1.0,5.0
Oriente,Web,Billetera digital,103.71,4.0,5.0
Norte,Web,Billetera digital,87.88,4.0,3.0
Norte,App,Tarjeta,145.28,1.0,3.0
Norte,App,Billetera digital,28.61,4.0,4.0
Norte,Web,Tarjeta,176.66,5.0,4.0
Norte,App,Tarjeta,143.39,6.0,3.0
Oriente,App,Contra entrega,60.06,3.0,4.0
Norte,Web,Contra entrega,167.86,5.0,5.0
Norte,Web,Billetera digital,271.41,5.0,3.0
Lima,Web,Billetera digital,371.41,1.0,3.0
Lima,App,Billetera digital,120.91,2.0,4.0
Lima,App,Tarjeta,100.53,2.0,5.0
Lima,Web,Tarjeta,38.89,1.0,4.0
Centro,Web,Billetera digital,131.75,3.0,3.0
Lima,App,Billetera digital,190.69,4.0,2.0
Sur,Web,Tarjeta,151.26,3.0,5.0
Lima,App,Tarjeta,279.9,1.0,
Lima,Web,Tarjeta,103.99,2.0,4.0
Lima,Web,Billetera digital,145.01,1.0,4.0
Sur,Web,Tarjeta,159.91,1.0,5.0
Centro,Web,Tarjeta,91.34,3.0,4.0
Norte,App,Contra entrega,414.02,2.0,4.0
Centro,Web,Contra entrega,160.95,6.0,4.0
Sur,App,Billetera digital,397.17,3.0,4.0
Centro,App,Contra entrega,60.39,7.0,4.0
Centro,App,Tarjeta,192.23,3.0,4.0
Centro,Web,Tarjeta,226.89,1.0,4.0
Norte,App,Billetera digital,50.18,1.0,4.0
Lima,Web,Billetera digital,328.92,3.0,4.0
Norte,App,Billetera digital,158.22,2.0,5.0
Centro,Web,Contra entrega,173.45,4.0,4.0
Lima,App,Billetera digital,138.3,4.0,3.0
Norte,Web,Tarjeta,271.05,3.0,5.0
Lima,Web,Billetera digital,140.86,1.0,4.0
Lima,Web,Billetera digital,116.42,1.0,4.0
Lima,App,Billetera digital,133.28,2.0,4.0
Sur,App,Billetera digital,327.66,3.0,5.0
Sur,Web,Billetera digital,117.35,3.0,3.0
Lima,Web,Contra entrega,164.45,1.0,5.0
Sur,App,Contra entrega,151.64,3.0,4.0
Centro,Web,Billetera digital,64.94,2.0,3.0
Lima,App,Tarjeta,60.82,1.0,5.0
Sur,Web,Tarjeta,113.11,3.0,4.0
Centro,App,Tarjeta,110.25,4.0,4.0
Lima,App,Tarjeta,138.09,2.0,4.0
Lima,Web,Billetera digital,190.8,1.0,5.0
Norte,Web,Tarjeta,82.11,6.0,5.0
Lima,Web,Billetera digital,150.4,2.0,4.0
Oriente,Web,Billetera digital,67.03,2.0,3.0
Lima,Web,Tarjeta,98.69,2.0,5.0
Lima,Web,Tarjeta,39.87,2.0,5.0
Lima,App,Tarjeta,192.02,5.0,4.0
Lima,Web,Billetera digital,59.11,1.0,5.0
Oriente,App,Tarjeta,73.64,9.0,4.0
Sur,Web,Tarjeta,114.61,3.0,3.0
Sur,Web,Contra entrega,77.31,6.0,4.0
Norte,Web,Tarjeta,315.48,2.0,4.0
Sur,Web,Contra entrega,136.73,5.0,3.0
Norte,Web,Billetera digital,45.83,2.0,4.0
Lima,App,Billetera digital,245.91,7.0,2.0
Oriente,Web,Billetera digital,675.26,5.0,3.0
Lima,Web,Billetera digital,163.84,2.0,4.0
Centro,Web,Contra entrega,105.6,3.0,5.0
Norte,Web,Billetera digital,124.5,3.0,5.0
Lima,Web,Billetera digital,165.5,1.0,4.0
Lima,App,Billetera digital,252.44,3.0,5.0
Lima,Web,Billetera digital,57.97,2.0,5.0
Lima,App,Billetera digital,155.85,1.0,
Norte,App,Billetera digital,224.15,2.0,5.0
Lima,App,Billetera digital,117.5,2.0,5.0
Lima,App,Tarjeta,134.25,2.0,4.0
Lima,App,Billetera digital,417.25,1.0,5.0
Sur,App,Billetera digital,45.92,5.0,3.0
Norte,Web,Tarjeta,193.6,1.0,5.0
Lima,Web,Billetera digital,83.53,2.0,4.0
Sur,App,Billetera digital,71.88,5.0,4.0
Lima,App,Billetera digital,79.61,2.0,3.0
Centro,Web,Tarjeta,73.72,3.0,4.0
Centro,Web,Contra entrega,72.53,4.0,4.0
Centro,App,Contra entrega,215.13,3.0,4.0
Lima,App,Tarjeta,73.53,2.0,5.0
Sur,Web,Billetera digital,209.09,3.0,5.0
Norte,Web,Contra entrega,36.05,4.0,5.0
Centro,Web,Tarjeta,76.64,5.0,4.0
Centro,App,Billetera digital,92.68,1.0,5.0
Sur,Web,Tarjeta,104.04,5.0,5.0
Norte,Web,Contra entrega,147.33,4.0,4.0
Lima,Web,Tarjeta,132.44,2.0,4.0
Lima,App,Billetera digital,258.77,1.0,
Oriente,App,Billetera digital,109.01,7.0,2.0
Centro,Web,Billetera digital,72.79,2.0,5.0
Lima,Web,Contra entrega,84.36,1.0,5.0
Sur,App,Tarjeta,171.22,6.0,
Norte,App,Billetera digital,134.65,8.0,3.0
Norte,App,Billetera digital,337.41,4.0,4.0
Lima,App,Tarjeta,92.79,2.0,4.0
Lima,Web,Contra entrega,109.0,2.0,3.0
Oriente,Web,Tarjeta,107.94,7.0,4.0
Sur,Web,Tarjeta,55.67,3.0,5.0
Lima,Web,Tarjeta,28.84,1.0,5.0
Lima,Web,Billetera digital,204.43,2.0,5.0
Lima,App,Billetera digital,53.49,1.0,5.0
Sur,App,Contra entrega,156.89,2.0,4.0
Norte,App,Contra entrega,146.74,6.0,2.0
Sur,App,Billetera digital,159.23,3.0,4.0
Centro,App,Contra entrega,67.05,1.0,4.0
Centro,App,Tarjeta,350.98,4.0,4.0
Lima,App,Tarjeta,68.32,2.0,4.0
Oriente,Web,Contra entrega,36.95,6.0,2.0
Oriente,Web,Tarjeta,69.58,5.0,3.0
Lima,Web,Tarjeta,114.44,2.0,4.0
Norte,App,Tarjeta,150.72,3.0,4.0
Lima,Web,Tarjeta,88.41,2.0,4.0
Norte,App,Billetera digital,126.04,1.0,5.0
Lima,App,Tarjeta,177.27,1.0,5.0
Sur,Web,Billetera digital,80.74,3.0,4.0
Lima,App,Tarjeta,324.34,1.0,5.0
Lima,App,Billetera digital,292.75,1.0,5.0
Norte,Web,Billetera digital,131.12,4.0,3.0
Norte,Web,Contra entrega,139.3,3.0,5.0
Lima,App,Billetera digital,168.21,1.0,4.0
Centro,App,Contra entrega,228.03,3.0,5.0
Lima,Web,Billetera digital,281.12,1.0,5.0
Centro,App,Tarjeta,100.54,4.0,4.0
Lima,App,Tarjeta,139.62,3.0,3.0
Oriente,Web,Billetera digital,65.8,8.0,3.0
Oriente,App,Tarjeta,56.63,3.0,4.0
Norte,Web,Tarjeta,296.7,5.0,4.0
Centro,Web,Billetera digital,65.48,7.0,4.0
Lima,App,Billetera digital,114.21,1.0,5.0
Sur,App,Tarjeta,74.19,1.0,5.0
Norte,Web,Billetera digital,74.88,3.0,4.0
Lima,Web,Contra entrega,194.98,3.0,4.0
Norte,App,Contra entrega,168.91,4.0,3.0
Lima,App,Tarjeta,160.73,4.0,3.0
Sur,App,Billetera digital,157.43,6.0,2.0
Sur,App,Billetera digital,119.62,4.0,5.0
Lima,App,Tarjeta,84.09,2.0,5.0
Norte,App,Billetera digital,172.44,3.0,2.0
Sur,App,Tarjeta,393.6,3.0,4.0
Norte,App,Billetera digital,87.95,3.0,4.0
Lima,App,Tarjeta,326.99,2.0,5.0
Norte,Web,Billetera digital,169.88,6.0,4.0
Sur,Web,Tarjeta,72.93,4.0,3.0
Lima,Web,Billetera digital,203.55,1.0,5.0
Norte,App,Billetera digital,56.03,3.0,4.0
Oriente,App,Billetera digital,168.27,11.0,3.0
Lima,Web,Contra entrega,131.11,3.0,2.0
Sur,Web,Tarjeta,126.06,2.0,5.0
Sur,Web,Billetera digital,252.9,3.0,4.0
Lima,App,Tarjeta,351.53,1.0,4.0
Sur,Web,Billetera digital,86.37,2.0,5.0
Lima,Web,Tarjeta,226.07,2.0,3.0
Lima,Web,Tarjeta,129.28,1.0,5.0
Norte,Web,Billetera digital,393.1,1.0,4.0
Lima,Web,Tarjeta,236.93,2.0,5.0
Oriente,Web,Tarjeta,115.77,15.0,2.0
Oriente,App,Contra entrega,96.62,1.0,5.0
Lima,App,Billetera digital,314.5,3.0,4.0
Norte,Web,Contra entrega,63.12,5.0,4.0
Norte,Web,Billetera digital,114.92,2.0,4.0
Sur,Web,Tarjeta,458.48,2.0,5.0
Lima,Web,Tarjeta,74.19,3.0,3.0
Oriente,Web,Tarjeta,250.35,2.0,4.0
Lima,App,Tarjeta,190.36,1.0,5.0
Sur,Web,Tarjeta,200.2,4.0,3.0
Lima,Web,Tarjeta,175.0,2.0,4.0
Centro,Web,Tarjeta,785.01,1.0,3.0
Lima,Web,Tarjeta,80.21,2.0,4.0
Norte,Web,Tarjeta,84.35,2.0,4.0
Lima,App,Tarjeta,258.32,2.0,4.0
Sur,App,Billetera digital,52.4,3.0,5.0
Lima,Web,Contra entrega,206.46,1.0,5.0
Centro,Web,Billetera digital,258.15,4.0,3.0
Oriente,App,Tarjeta,121.13,3.0,5.0
Centro,Web,Contra entrega,128.5,2.0,4.0
Lima,Web,Contra entrega,180.29,1.0,5.0
Sur,Web,Tarjeta,66.07,1.0,5.0
Norte,App,Contra entrega,80.16,2.0,2.0
Lima,Web,Tarjeta,171.93,1.0,5.0
Lima,Web,Tarjeta,153.96,1.0,5.0
Lima,Web,Tarjeta,89.1,2.0,4.0
Lima,App,Contra entrega,128.66,1.0,5.0
Lima,Web,Billetera digital,152.83,1.0,4.0
Sur,App,Tarjeta,81.76,1.0,5.0
Lima,App,Billetera digital,93.23,2.0,5.0
Centro,App,Contra entrega,112.09,4.0,4.0
Centro,Web,Contra entrega,253.57,3.0,3.0
Centro,Web,Contra entrega,105.41,2.0,3.0
Lima,Web,Billetera digital,62.78,1.0,3.0
Oriente,Web,Billetera digital,86.41,7.0,4.0
Norte,Web,Billetera digital,170.93,2.0,4.0
Centro,Web,Contra entrega,291.83,3.0,5.0
Sur,Web,Billetera digital,386.59,5.0,3.0
Lima,Web,Tarjeta,166.2,2.0,5.0
Lima,Web,Tarjeta,341.58,3.0,5.0
Norte,Web,Billetera digital,116.41,2.0,4.0
Lima,App,Billetera digital,121.0,3.0,4.0
Centro,Web,Billetera digital,1100.43,3.0,3.0
Norte,App,Tarjeta,279.25,1.0,5.0
Centro,App,Tarjeta,100.99,3.0,4.0
Sur,Web,Tarjeta,62.52,5.0,4.0
Centro,App,Contra entrega,99.65,3.0,4.0
Sur,App,Tarjeta,122.79,2.0,4.0
Centro,Web,Billetera digital,113.93,6.0,5.0
Lima,Web,Tarjeta,134.61,2.0,5.0
Norte,Web,Tarjeta,91.6,2.0,5.0
Lima,Web,Billetera digital,166.6,2.0,4.0
Lima,Web,Tarjeta,158.91,2.0,4.0
Lima,Web,Contra entrega,124.82,3.0,4.0
Lima,Web,Tarjeta,162.21,2.0,4.0
Sur,Web,Contra entrega,225.85,5.0,3.0
Lima,Web,Billetera digital,122.17,1.0,4.0
Lima,Web,Contra entrega,145.19,3.0,3.0
Centro,Web,Contra entrega,242.77,8.0,3.0
Sur,App,Tarjeta,421.57,5.0,3.0
Lima,App,Tarjeta,170.18,1.0,4.0
Lima,App,Tarjeta,119.41,1.0,5.0
Norte,Web,Contra entrega,241.11,4.0,5.0
Sur,App,Contra entrega,68.38,2.0,5.0
Lima,App,Billetera digital,177.28,2.0,5.0
Norte,App,Billetera digital,148.91,4.0,4.0
Norte,Web,Billetera digital,193.11,6.0,4.0
Sur,Web,Tarjeta,203.75,2.0,5.0
Lima,App,Billetera digital,93.02,1.0,4.0
Lima,Web,Tarjeta,52.11,3.0,4.0
Lima,Web,Contra entrega,245.81,1.0,3.0
Norte,App,Billetera digital,47.57,2.0,3.0
Lima,Web,Billetera digital,264.55,2.0,2.0
Norte,Web,Contra entrega,181.24,3.0,5.0
Centro,Web,Contra entrega,136.41,9.0,3.0
Lima,App,Billetera digital,151.48,3.0,4.0
Oriente,Web,Tarjeta,77.33,5.0,4.0
Norte,Web,Billetera digital,127.66,6.0,4.0
Sur,Web,Contra entrega,148.65,6.0,4.0
Lima,App,Billetera digital,121.07,3.0,3.0
Sur,Web,Tarjeta,131.91,2.0,4.0
Lima,Web,Tarjeta,45.07,2.0,5.0
Centro,Web,Billetera digital,25.4,12.0,4.0
Sur,Web,Billetera digital,379.28,6.0,3.0
Lima,App,Tarjeta,197.49,1.0,5.0
Sur,App,Billetera digital,232.3,3.0,3.0
Oriente,Web,Contra entrega,71.11,3.0,5.0
Sur,App,Contra entrega,79.1,3.0,4.0
Lima,Web,Tarjeta,234.52,1.0,5.0
Norte,Web,Contra entrega,211.63,3.0,4.0
Oriente,App,Tarjeta,115.39,5.0,3.0
Sur,App,Contra entrega,410.4,3.0,4.0
Sur,App,Billetera digital,79.25,8.0,
Lima,Web,Tarjeta,124.44,2.0,5.0
Norte,Web,Billetera digital,128.69,5.0,3.0
Lima,App,Billetera digital,162.25,1.0,5.0
Centro,Web,Billetera digital,189.01,5.0,4.0
Lima,App,Contra entrega,280.99,3.0,4.0
Centro,Web,Billetera digital,103.01,5.0,2.0
Lima,Web,Contra entrega,114.02,2.0,4.0
Lima,Web,Billetera digital,159.17,1.0,5.0
Centro,Web,Tarjeta,172.92,7.0,4.0
Lima,App,Tarjeta,138.8,3.0,5.0
Lima,App,Billetera digital,154.82,2.0,4.0
Norte,Web,Tarjeta,223.75,5.0,4.0
Lima,Web,Billetera digital,102.45,1.0,5.0
Sur,Web,Contra entrega,59.1,3.0,4.0
Norte,Web,Contra entrega,90.64,2.0,5.0
Oriente,Web,Billetera digital,854.51,8.0,3.0
Lima,App,Billetera digital,116.28,2.0,3.0
Norte,Web,Contra entrega,388.42,2.0,4.0
Centro,Web,Tarjeta,41.35,5.0,3.0
Norte,App,Contra entrega,165.66,3.0,4.0
Norte,App,Billetera digital,474.48,2.0,2.0
Lima,Web,Billetera digital,177.36,2.0,4.0
Norte,App,Billetera digital,133.76,3.0,2.0
Lima,App,Contra entrega,102.81,2.0,4.0
Sur,Web,Billetera digital,123.72,6.0,4.0
Sur,Web,Billetera digital,114.69,3.0,3.0
Centro,App,Contra entrega,87.34,3.0,5.0
Centro,App,Billetera digital,113.89,3.0,5.0
Lima,Web,Billetera digital,208.08,2.0,3.0
Sur,Web,Contra entrega,160.5,1.0,5.0
Lima,Web,Tarjeta,191.98,2.0,3.0
Lima,App,Tarjeta,91.95,2.0,4.0
Sur,App,Tarjeta,217.5,5.0,3.0
Lima,Web,Tarjeta,85.03,2.0,4.0
Norte,Web,Billetera digital,130.11,4.0,4.0
Norte,Web,Billetera digital,103.47,2.0,5.0
Lima,Web,Tarjeta,409.8,1.0,5.0
Lima,Web,Tarjeta,75.24,1.0,5.0
Lima,Web,Billetera digital,252.3,1.0,5.0
Lima,App,Billetera digital,88.87,1.0,5.0
Norte,Web,Tarjeta,266.48,1.0,5.0
Lima,Web,Tarjeta,108.69,2.0,3.0
Oriente,App,Contra entrega,79.22,2.0,5.0
Lima,App,Tarjeta,255.82,1.0,4.0
Norte,Web,Contra entrega,317.72,2.0,5.0
Centro,App,Contra entrega,356.27,3.0,5.0
Lima,App,Tarjeta,125.47,2.0,4.0
Lima,Web,Billetera digital,34.25,3.0,5.0
Lima,App,Billetera digital,148.79,2.0,2.0
Norte,Web,Tarjeta,75.07,3.0,3.0
Lima,Web,Billetera digital,204.82,1.0,4.0
Centro,Web,Billetera digital,110.37,4.0,2.0
Lima,Web,Billetera digital,105.76,1.0,4.0
Lima,Web,Tarjeta,72.83,2.0,5.0
Centro,App,Tarjeta,156.07,5.0,5.0
Norte,App,Contra entrega,102.58,4.0,4.0
Sur,App,Tarjeta,150.14,6.0,4.0
Lima,App,Tarjeta,196.18,1.0,5.0
Lima,Web,Contra entrega,122.23,1.0,4.0
Norte,App,Tarjeta,112.48,3.0,4.0
Lima,Web,Billetera digital,256.95,2.0,4.0
Oriente,Web,Tarjeta,159.23,2.0,2.0
Lima,Web,Billetera digital,311.89,1.0,4.0
Centro,Web,Contra entrega,130.32,8.0,4.0
Lima,Web,Tarjeta,36.39,2.0,4.0
Lima,Web,Billetera digital,97.76,1.0,4.0
Lima,App,Tarjeta,76.79,4.0,
Lima,App,Contra entrega,139.17,3.0,5.0
Oriente,App,Tarjeta,113.24,3.0,4.0
Norte,Web,Contra entrega,193.57,2.0,4.0
Lima,Web,Tarjeta,164.64,3.0,4.0
Centro,Web,Tarjeta,119.45,3.0,3.0
Sur,App,Tarjeta,248.94,3.0,3.0
Sur,App,Billetera digital,73.8,2.0,5.0
Lima,App,Tarjeta,219.41,2.0,4.0
Lima,Web,Billetera digital,132.71,3.0,5.0
Centro,App,Billetera digital,93.69,7.0,4.0
Lima,Web,Billetera digital,138.8,2.0,3.0
Lima,Web,Tarjeta,128.23,2.0,5.0
Lima,Web,Tarjeta,152.65,3.0,3.0
Oriente,App,Contra entrega,60.62,13.0,1.0
Lima,App,Tarjeta,171.18,1.0,5.0
Lima,Web,Tarjeta,122.24,1.0,4.0
Sur,Web,Tarjeta,147.06,2.0,4.0
Lima,App,Tarjeta,133.08,1.0,4.0
Lima,App,Tarjeta,88.85,2.0,5.0
Oriente,App,Billetera digital,64.95,5.0,5.0
Sur,Web,Billetera digital,111.25,4.0,4.0
Lima,Web,Tarjeta,107.35,2.0,5.0
Sur,Web,Billetera digital,413.57,4.0,3.0
Lima,Web,Billetera digital,84.69,1.0,5.0
Lima,Web,Contra entrega,414.37,3.0,4.0
Sur,App,Tarjeta,160.9,3.0,5.0
Lima,App,Tarjeta,278.8,1.0,5.0
Oriente,Web,Billetera digital,46.89,6.0,3.0
Sur,App,Tarjeta,267.48,4.0,3.0
Lima,App,Billetera digital,231.76,2.0,5.0
Lima,App,Billetera digital,203.03,3.0,3.0
Norte,Web,Tarjeta,233.78,2.0,5.0
Norte,Web,Contra entrega,130.61,3.0,5.0
Centro,Web,Billetera digital,85.38,4.0,5.0
Centro,App,Contra entrega,87.81,3.0,3.0
Sur,Web,Billetera digital,153.64,4.0,4.0
Lima,Web,Tarjeta,54.77,6.0,3.0
Lima,Web,Billetera digital,137.44,1.0,4.0
Lima,App,Tarjeta,390.89,2.0,4.0
Centro,App,Billetera digital,99.75,3.0,5.0
Lima,App,Tarjeta,767.91,3.0,4.0
Norte,Web,Billetera digital,191.55,5.0,3.0
Lima,App,Billetera digital,235.04,4.0,4.0
Sur,App,Billetera digital,93.51,4.0,4.0
Lima,App,Billetera digital,124.34,2.0,5.0
Oriente,Web,Contra entrega,50.42,10.0,3.0
Centro,Web,Billetera digital,176.1,2.0,3.0
Lima,Web,Tarjeta,117.03,1.0,4.0
Lima,Web,Tarjeta,112.58,2.0,5.0
Lima,Web,Tarjeta,320.45,3.0,4.0
Centro,App,Contra entrega,31.37,5.0,3.0
Lima,Web,Contra entrega,114.61,1.0,3.0
Lima,App,Billetera digital,95.97,1.0,5.0
Norte,Web,Tarjeta,79.07,3.0,4.0
Sur,Web,Contra entrega,96.81,3.0,3.0
Sur,Web,Contra entrega,254.92,3.0,4.0
Sur,Web,Contra entrega,96.51,2.0,5.0
Norte,App,Tarjeta,106.38,4.0,4.0
Lima,App,Contra entrega,211.12,2.0,3.0
Norte,Web,Tarjeta,189.51,5.0,3.0
Norte,Web,Billetera digital,234.1,2.0,3.0
Lima,Web,Billetera digital,312.86,1.0,5.0
Centro,App,Billetera digital,131.62,8.0,3.0
Norte,Web,Tarjeta,232.54,3.0,4.0
Lima,App,Billetera digital,174.64,2.0,4.0
Sur,Web,Billetera digital,111.45,3.0,2.0
Norte,Web,Tarjeta,266.79,3.0,4.0
Norte,Web,Billetera digital,73.02,3.0,5.0
Lima,Web,Tarjeta,144.29,2.0,4.0
Lima,Web,Billetera digital,62.34,2.0,4.0
Lima,App,Tarjeta,188.3,3.0,4.0
Lima,Web,Billetera digital,124.68,1.0,
Lima,Web,Billetera digital,317.16,3.0,4.0
Centro,Web,Tarjeta,91.29,3.0,3.0
Lima,App,Tarjeta,86.09,1.0,4.0
Lima,Web,Billetera digital,107.12,2.0,5.0
Sur,App,Tarjeta,100.9,2.0,5.0
Sur,App,Tarjeta,56.07,9.0,3.0
Lima,App,Tarjeta,189.27,1.0,3.0
Oriente,Web,Contra entrega,80.33,7.0,4.0
Lima,Web,Billetera digital,134.48,1.0,2.0
Lima,Web,Billetera digital,141.35,5.0,3.0
Centro,App,Billetera digital,85.96,6.0,3.0
Norte,App,Tarjeta,116.26,1.0,4.0
Sur,App,Tarjeta,144.55,6.0,3.0
Lima,App,Tarjeta,199.59,2.0,4.0
Centro,App,Contra entrega,110.69,7.0,4.0
Lima,App,Billetera digital,268.8,2.0,
Sur,App,Contra entrega,78.07,6.0,3.0
Lima,App,Tarjeta,150.47,2.0,5.0
Lima,App,Contra entrega,155.16,1.0,3.0
Lima,App,Billetera digital,101.95,1.0,4.0
Lima,App,Tarjeta,224.88,3.0,4.0
Sur,Web,Contra entrega,179.81,1.0,5.0
Lima,App,Billetera digital,288.59,1.0,3.0
Norte,Web,Tarjeta,102.93,3.0,4.0
Oriente,Web,Billetera digital,84.37,8.0,4.0
Norte,Web,Tarjeta,132.0,2.0,3.0
Lima,Web,Billetera digital,53.51,3.0,4.0
Lima,App,Billetera digital,100.83,2.0,4.0
Lima,App,Tarjeta,345.24,2.0,4.0
Norte,Web,Contra entrega,101.02,3.0,4.0
Norte,App,Tarjeta,243.19,5.0,3.0
Lima,App,Tarjeta,82.5,2.0,5.0
Lima,Web,Billetera digital,268.17,3.0,5.0
Lima,App,Billetera digital,163.2,1.0,4.0
Sur,Web,Tarjeta,323.66,3.0,5.0
Lima,App,Billetera digital,156.24,1.0,5.0
Lima,Web,Tarjeta,409.03,1.0,5.0
Lima,App,Billetera digital,324.08,1.0,4.0
Sur,Web,Contra entrega,244.68,2.0,4.0
Lima,App,Tarjeta,63.81,2.0,4.0
Centro,Web,Contra entrega,85.37,3.0,4.0
Lima,Web,Billetera digital,176.63,3.0,3.0
Norte,Web,Contra entrega,133.86,7.0,2.0
Centro,Web,Contra entrega,192.2,3.0,5.0
Norte,App,Billetera digital,54.62,2.0,3.0
Oriente,App,Contra entrega,180.54,6.0,4.0
Sur,App,Tarjeta,94.55,5.0,4.0
Norte,App,Contra entrega,108.05,2.0,5.0
Lima,App,Contra entrega,195.4,3.0,4.0
Lima,Web,Tarjeta,201.14,2.0,4.0
Lima,App,Tarjeta,70.13,2.0,3.0
Centro,Web,Billetera digital,74.51,3.0,5.0
Centro,Web,Tarjeta,71.74,2.0,3.0
Lima,App,Tarjeta,60.43,2.0,5.0
Norte,App,Tarjeta,93.27,3.0,5.0
Lima,App,Billetera digital,153.71,2.0,4.0
Lima,Web,Billetera digital,138.33,2.0,5.0
Centro,Web,Tarjeta,70.12,3.0,5.0
Sur,Web,Contra entrega,104.46,3.0,5.0
Lima,Web,Billetera digital,47.5,1.0,5.0
Lima,Web,Contra entrega,111.08,2.0,4.0
Lima,Web,Billetera digital,165.03,1.0,4.0
Lima,Web,Tarjeta,100.67,1.0,4.0
Lima,App,Contra entrega,115.24,3.0,5.0
Lima,Web,Billetera digital,154.23,2.0,4.0
Norte,Web,Billetera digital,245.92,1.0,4.0
Centro,Web,Tarjeta,235.62,2.0,4.0
Lima,Web,Tarjeta,79.73,3.0,3.0
Lima,App,Tarjeta,77.15,3.0,2.0
Centro,App,Billetera digital,103.27,5.0,2.0
Centro,Web,Billetera digital,81.67,5.0,5.0
Oriente,App,Contra entrega,80.23,1.0,5.0
Lima,App,Billetera digital,126.79,1.0,4.0
Norte,App,Billetera digital,2237.92,4.0,4.0
Lima,App,Billetera digital,89.38,1.0,4.0
Centro,App,Tarjeta,102.39,4.0,5.0
Norte,Web,Billetera digital,111.83,4.0,5.0
Oriente,Web,Contra entrega,119.95,10.0,2.0
Norte,App,Contra entrega,496.67,3.0,4.0
Norte,Web,Tarjeta,218.36,8.0,3.0
Centro,App,Tarjeta,112.69,7.0,3.0
Lima,App,Tarjeta,91.28,2.0,4.0
Lima,Web,Tarjeta,213.21,1.0,5.0
Norte,Web,Tarjeta,86.41,6.0,4.0
Norte,Web,Billetera digital,47.2,2.0,4.0
Norte,Web,Billetera digital,108.12,5.0,3.0
Lima,Web,Contra entrega,84.67,1.0,4.0
Centro,Web,Billetera digital,205.95,8.0,2.0
Norte,App,Billetera digital,182.93,2.0,3.0
Lima,Web,Tarjeta,121.43,4.0,4.0
Centro,App,Contra entrega,135.52,2.0,4.0
Lima,Web,Tarjeta,192.54,2.0,5.0
Lima,Web,Contra entrega,77.25,4.0,3.0
Norte,Web,Billetera digital,93.73,2.0,5.0
Lima,Web,Billetera digital,99.4,3.0,4.0
Centro,Web,Billetera digital,120.09,3.0,5.0
Lima,Web,Billetera digital,143.64,2.0,5.0
Norte,Web,Billetera digital,127.17,2.0,4.0
Oriente,App,Contra entrega,197.14,2.0,4.0
Sur,Web,Tarjeta,60.85,5.0,5.0
Norte,Web,Billetera digital,55.05,4.0,4.0
Lima,Web,Tarjeta,130.61,1.0,5.0
Lima,Web,Tarjeta,188.43,2.0,3.0
Oriente,Web,Tarjeta,213.75,3.0,4.0
Norte,Web,Billetera digital,128.72,4.0,4.0
Lima,Web,Tarjeta,129.61,2.0,4.0
Lima,App,Tarjeta,349.84,1.0,3.0
Norte,Web,Tarjeta,105.05,7.0,4.0
Lima,App,Tarjeta,98.79,2.0,5.0
Centro,App,Billetera digital,52.73,4.0,3.0
Sur,Web,Contra entrega,62.17,1.0,5.0
Centro,App,Tarjeta,130.89,3.0,4.0
Centro,App,Contra entrega,103.34,2.0,4.0
Norte,App,Billetera digital,199.91,1.0,3.0
Norte,Web,Billetera digital,71.97,4.0,4.0
Sur,Web,Billetera digital,239.82,9.0,3.0
Lima,Web,Billetera digital,234.63,1.0,4.0
Oriente,App,Contra entrega,232.7,15.0,2.0
Lima,Web,Tarjeta,92.92,2.0,5.0
Norte,Web,Billetera digital,212.78,1.0,5.0
Lima,Web,Tarjeta,225.5,2.0,4.0
Lima,Web,Billetera digital,52.95,1.0,5.0
Lima,App,Tarjeta,252.81,1.0,5.0
Sur,Web,Contra entrega,72.29,4.0,4.0
Lima,App,Billetera digital,133.97,1.0,4.0
Lima,Web,Tarjeta,52.06,1.0,5.0
Lima,Web,Billetera digital,110.4,2.0,5.0
Norte,Web,Tarjeta,220.24,3.0,5.0
Norte,Web,Tarjeta,59.4,3.0,5.0
Sur,Web,Contra entrega,97.81,2.0,4.0
Oriente,App,Tarjeta,142.89,9.0,3.0
Lima,App,Billetera digital,78.47,2.0,5.0
Norte,App,Contra entrega,84.38,4.0,3.0
Lima,App,Tarjeta,242.13,3.0,
Lima,Web,Tarjeta,229.33,1.0,3.0
Lima,Web,Contra entrega,88.34,2.0,5.0
Sur,Web,Tarjeta,109.93,5.0,4.0
Sur,Web,Billetera digital,104.84,2.0,4.0
Lima,Web,Tarjeta,177.92,2.0,5.0
Lima,Web,Billetera digital,132.67,1.0,4.0
Centro,App,Contra entrega,146.41,4.0,4.0
Lima,Web,Billetera digital,215.32,1.0,5.0
Lima,App,Billetera digital,85.94,2.0,4.0
Lima,Web,Billetera digital,111.19,2.0,4.0
Lima,Web,Billetera digital,103.87,1.0,5.0
Norte,Web,Contra entrega,83.36,7.0,2.0
Lima,Web,Tarjeta,100.31,2.0,5.0
Sur,App,Tarjeta,127.24,6.0,3.0
Lima,App,Contra entrega,178.0,2.0,4.0
Lima,Web,Billetera digital,202.26,2.0,5.0
Norte,App,Billetera digital,291.62,3.0,5.0
Lima,App,Tarjeta,240.95,1.0,4.0
Lima,App,Tarjeta,124.6,2.0,4.0
Lima,App,Tarjeta,457.78,1.0,5.0
Lima,App,Tarjeta,92.61,1.0,5.0
Lima,Web,Tarjeta,87.28,1.0,5.0
Sur,Web,Contra entrega,48.93,2.0,5.0
Lima,App,Tarjeta,34.66,2.0,4.0
Lima,App,Tarjeta,176.94,1.0,5.0
Norte,App,Billetera digital,66.48,1.0,3.0
Sur,App,Tarjeta,83.81,2.0,4.0
Sur,App,Tarjeta,188.83,4.0,5.0
Oriente,App,Tarjeta,285.27,1.0,4.0
Oriente,Web,Contra entrega,113.46,1.0,5.0
Lima,Web,Tarjeta,121.24,1.0,5.0
Centro,Web,Contra entrega,70.22,4.0,4.0
Sur,Web,Tarjeta,261.97,2.0,3.0
Lima,Web,Tarjeta,141.71,4.0,5.0
Norte,App,Billetera digital,205.11,4.0,5.0
Centro,Web,Tarjeta,232.77,3.0,4.0
Lima,App,Billetera digital,118.06,1.0,5.0
Lima,Web,Billetera digital,147.76,1.0,4.0
Centro,App,Tarjeta,131.48,3.0,4.0
Lima,Web,Billetera digital,46.23,1.0,4.0
Norte,Web,Contra entrega,281.59,5.0,5.0
Norte,Web,Contra entrega,144.33,4.0,4.0
Centro,App,Tarjeta,94.0,4.0,3.0
Lima,Web,Billetera digital,126.45,2.0,4.0
Oriente,Web,Billetera digital,80.63,5.0,2.0
Lima,App,Tarjeta,257.63,1.0,5.0
Lima,App,Contra entrega,85.32,1.0,5.0
Oriente,Web,Contra entrega,108.47,5.0,4.0
Sur,Web,Contra entrega,69.06,2.0,5.0
Sur,Web,Contra entrega,215.89,2.0,3.0
Sur,Web,Billetera digital,152.81,1.0,5.0
Lima,Web,Tarjeta,192.21,3.0,5.0
Norte,Web,Contra entrega,106.04,5.0,3.0
Lima,Web,Billetera digital,172.23,1.0,5.0
Oriente,App,Contra entrega,82.13,9.0,4.0
Sur,App,Contra entrega,100.63,4.0,5.0
Norte,App,Contra entrega,148.55,3.0,5.0
Lima,App,Billetera digital,137.52,1.0,5.0
Lima,Web,Billetera digital,182.45,2.0,5.0
Lima,App,Tarjeta,168.87,1.0,5.0
Lima,App,Tarjeta,99.92,1.0,5.0
Lima,App,Tarjeta,55.01,3.0,5.0
Lima,App,Tarjeta,120.3,1.0,4.0
Lima,Web,Tarjeta,239.1,2.0,4.0
Sur,Web,Billetera digital,195.02,2.0,5.0
Lima,Web,Billetera digital,145.5,3.0,5.0
Lima,App,Billetera digital,272.65,1.0,5.0
Norte,Web,Billetera digital,214.72,4.0,3.0
Sur,Web,Tarjeta,143.07,3.0,5.0
Lima,Web,Billetera digital,192.97,1.0,4.0
Sur,Web,Tarjeta,224.6,4.0,4.0
Centro,Web,Billetera digital,90.81,5.0,4.0
Centro,Web,Billetera digital,213.9,6.0,2.0
Sur,Web,Contra entrega,70.44,2.0,3.0
Lima,App,Tarjeta,260.16,2.0,5.0
Oriente,Web,Contra entrega,269.87,5.0,4.0
Lima,App,Tarjeta,188.18,2.0,5.0
Centro,App,Billetera digital,85.34,3.0,3.0
Oriente,Web,Contra entrega,172.71,4.0,5.0
Norte,App,Contra entrega,53.81,4.0,4.0
Lima,Web,Contra entrega,266.71,4.0,4.0
Sur,Web,Billetera digital,146.73,1.0,
Lima,App,Billetera digital,89.54,2.0,5.0
Centro,Web,Tarjeta,94.98,3.0,4.0
Lima,Web,Tarjeta,261.41,1.0,5.0
Lima,Web,Billetera digital,161.65,3.0,3.0
Lima,Web,Tarjeta,142.62,2.0,3.0
Centro,Web,Contra entrega,140.74,5.0,4.0
Lima,Web,Tarjeta,69.8,1.0,5.0
Oriente,App,Tarjeta,75.57,5.0,4.0
Lima,App,Tarjeta,81.88,3.0,2.0
Centro,Web,Billetera digital,203.85,6.0,5.0
Lima,Web,Tarjeta,185.92,2.0,4.0
Norte,App,Billetera digital,62.25,2.0,5.0
Norte,Web,Tarjeta,197.4,2.0,5.0
Norte,Web,Billetera digital,82.58,2.0,4.0
Norte,App,Contra entrega,188.64,6.0,4.0
Oriente,Web,Tarjeta,264.81,8.0,3.0
Centro,Web,Contra entrega,72.07,5.0,3.0
Centro,App,Tarjeta,320.84,4.0,4.0
Lima,App,Billetera digital,97.66,1.0,4.0
Norte,Web,Contra entrega,124.96,2.0,2.0
Centro,Web,Billetera digital,148.34,7.0,3.0
Norte,App,Billetera digital,151.78,2.0,4.0
Norte,App,Tarjeta,398.34,2.0,4.0
Lima,Web,Billetera digital,177.79,2.0,3.0
Lima,Web,Contra entrega,344.4,1.0,5.0
Lima,App,Tarjeta,203.68,1.0,5.0
Lima,Web,Tarjeta,159.68,2.0,5.0
Lima,Web,Contra entrega,101.1,2.0,4.0
Oriente,App,Billetera digital,82.4,5.0,4.0
Sur,Web,Tarjeta,105.85,4.0,4.0
Norte,Web,Billetera digital,57.45,4.0,4.0
Sur,App,Contra entrega,166.91,2.0,4.0
Lima,Web,Billetera digital,119.8,2.0,4.0
Norte,App,Contra entrega,116.04,5.0,5.0
Sur,App,Billetera digital,130.95,1.0,5.0
Lima,Web,Contra entrega,175.99,3.0,4.0
Norte,Web,Billetera digital,121.71,3.0,3.0
Norte,App,Tarjeta,68.55,3.0,4.0
Centro,App,Contra entrega,62.38,5.0,5.0
Norte,Web,Billetera digital,133.31,6.0,5.0
Lima,Web,Billetera digital,115.51,3.0,4.0
Lima,Web,Billetera digital,351.66,2.0,4.0
Lima,Web,Billetera digital,63.66,1.0,3.0
Sur,App,Billetera digital,112.35,6.0,3.0
Lima,Web,Billetera digital,68.64,1.0,5.0
Sur,Web,Billetera digital,255.51,1.0,5.0
Lima,Web,Billetera digital,254.24,2.0,4.0
Norte,Web,Contra entrega,127.12,2.0,5.0
Sur,App,Tarjeta,72.03,1.0,5.0
Lima,App,Billetera digital,268.98,2.0,5.0
Lima,App,Tarjeta,105.51,2.0,5.0
Lima,App,Tarjeta,103.67,1.0,5.0
Sur,Web,Billetera digital,114.66,2.0,3.0
Norte,App,Billetera digital,192.58,2.0,4.0
Lima,App,Tarjeta,106.64,1.0,4.0
Norte,Web,Tarjeta,213.5,2.0,4.0
Norte,Web,Contra entrega,95.83,4.0,2.0
Lima,App,Tarjeta,74.62,2.0,5.0
Oriente,Web,Contra entrega,153.97,11.0,4.0
Lima,Web,Billetera digital,139.99,2.0,4.0
Lima,App,Contra entrega,96.83,2.0,5.0
Norte,Web,Billetera digital,51.87,5.0,3.0
Lima,App,Billetera digital,163.09,2.0,5.0
Lima,Web,Tarjeta,73.72,1.0,5.0
Lima,Web,Billetera digital,1591.77,2.0,4.0
Lima,App,Billetera digital,188.61,2.0,4.0
Norte,Web,Contra entrega,37.55,5.0,5.0
Lima,Web,Tarjeta,171.03,3.0,4.0
Lima,Web,Billetera digital,144.26,1.0,4.0
Centro,App,Billetera digital,107.67,5.0,3.0
Centro,Web,Billetera digital,61.78,1.0,4.0
Norte,Web,Tarjeta,98.85,1.0,4.0
Norte,Web,Billetera digital,156.56,6.0,3.0
Norte,Web,Tarjeta,162.0,3.0,5.0
Norte,Web,Tarjeta,331.47,2.0,5.0
Lima,Web,Tarjeta,467.17,3.0,5.0
Lima,App,Tarjeta,142.2,2.0,4.0
Lima,App,Tarjeta,170.3,2.0,3.0
Sur,Web,Billetera digital,155.77,3.0,4.0
Lima,Web,Tarjeta,208.86,1.0,4.0
Lima,Web,Billetera digital,89.36,1.0,5.0
Lima,App,Contra entrega,267.07,1.0,5.0
Lima,Web,Tarjeta,298.89,6.0,4.0
Lima,Web,Billetera digital,100.7,2.0,5.0
Norte,Web,Contra entrega,69.2,1.0,5.0
Centro,Web,Contra entrega,178.77,7.0,2.0
Oriente,App,Contra entrega,38.27,6.0,3.0
Lima,App,Tarjeta,226.76,2.0,5.0
Norte,App,Contra entrega,44.89,3.0,4.0
Lima,App,Tarjeta,201.52,5.0,3.0
Lima,Web,Billetera digital,69.72,1.0,5.0
Oriente,Web,Tarjeta,224.95,3.0,5.0
Norte,Web,Billetera digital,44.18,3.0,5.0
Norte,Web,Contra entrega,191.32,3.0,5.0
Norte,App,Tarjeta,85.99,3.0,3.0
Sur,App,Billetera digital,139.35,3.0,5.0
Lima,Web,Tarjeta,246.49,1.0,4.0
Lima,Web,Billetera digital,147.74,2.0,4.0
Lima,Web,Tarjeta,151.11,1.0,5.0
Lima,App,Tarjeta,260.6,1.0,4.0
Norte,App,Contra entrega,182.01,4.0,4.0
Sur,App,Billetera digital,109.09,4.0,4.0
Lima,App,Billetera digital,1362.1,1.0,5.0
Norte,Web,Contra entrega,70.16,4.0,4.0
Lima,App,Tarjeta,82.32,2.0,3.0
Lima,Web,Tarjeta,194.64,2.0,5.0
Lima,Web,Billetera digital,182.99,1.0,5.0
Lima,App,Tarjeta,80.51,1.0,4.0
Norte,App,Contra entrega,131.24,2.0,3.0
Lima,App,Billetera digital,139.88,2.0,4.0
Sur,Web,Billetera digital,102.23,3.0,3.0
Lima,Web,Billetera digital,83.89,2.0,4.0
Sur,App,Contra entrega,178.81,2.0,5.0
Lima,Web,Billetera digital,139.05,1.0,5.0
Lima,App,Tarjeta,378.39,2.0,5.0
Sur,App,Billetera digital,91.28,2.0,5.0
Norte,Web,Contra entrega,71.19,2.0,5.0
Centro,Web,Billetera digital,316.16,1.0,5.0
Lima,App,Contra entrega,82.71,2.0,4.0
Sur,Web,Tarjeta,284.83,3.0,4.0
Norte,Web,Tarjeta,144.53,2.0,5.0
Lima,Web,Tarjeta,62.04,1.0,3.0
Centro,Web,Tarjeta,46.28,3.0,2.0
Sur,Web,Billetera digital,263.05,7.0,4.0
Sur,Web,Contra entrega,38.58,2.0,4.0
Lima,Web,Billetera digital,1421.46,3.0,4.0
Sur,Web,Billetera digital,87.74,3.0,4.0
Lima,App,Tarjeta,119.93,3.0,4.0
Norte,Web,Billetera digital,128.95,5.0,4.0
Lima,Web,Billetera digital,88.98,3.0,4.0
Centro,App,Tarjeta,124.07,3.0,4.0
Norte,Web,Billetera digital,115.98,2.0,5.0
Lima,App,Tarjeta,80.62,1.0,4.0
Centro,Web,Billetera digital,57.57,1.0,4.0
Sur,App,Contra entrega,160.53,3.0,5.0
Lima,App,Billetera digital,62.16,3.0,4.0
Lima,Web,Tarjeta,194.02,1.0,5.0
Lima,App,Tarjeta,194.51,2.0,4.0
Lima,App,Billetera digital,78.18,3.0,4.0
Norte,Web,Billetera digital,117.76,2.0,4.0
Lima,App,Billetera digital,299.32,3.0,5.0
Norte,Web,Contra entrega,120.9,5.0,3.0
Sur,App,Billetera digital,132.4,1.0,5.0
Norte,Web,Contra entrega,112.68,4.0,5.0
Lima,Web,Tarjeta,214.21,1.0,5.0
Sur,Web,Billetera digital,58.94,4.0,2.0
Norte,App,Contra entrega,215.17,3.0,5.0
Norte,App,Contra entrega,190.15,2.0,4.0
Lima,App,Contra entrega,222.79,2.0,4.0
Norte,App,Billetera digital,152.02,8.0,3.0
Sur,App,Tarjeta,84.52,4.0,4.0
Norte,App,Billetera digital,71.78,3.0,2.0
Norte,App,Tarjeta,342.85,4.0,3.0
Lima,Web,Billetera digital,109.56,2.0,3.0
Lima,Web,Billetera digital,332.49,3.0,5.0
Norte,App,Tarjeta,106.5,2.0,5.0
Sur,Web,Billetera digital,204.59,5.0,2.0
Centro,App,Billetera digital,61.57,6.0,3.0
Lima,Web,Tarjeta,94.29,2.0,3.0
Lima,Web,Billetera digital,92.49,1.0,4.0
Lima,Web,Tarjeta,49.31,3.0,4.0
Oriente,Web,Contra entrega,20.58,4.0,4.0
Lima,App,Billetera digital,195.98,2.0,2.0
Lima,App,Billetera digital,89.48,1.0,3.0
Lima,Web,Tarjeta,148.03,2.0,5.0
Centro,Web,Billetera digital,50.86,3.0,4.0
Centro,Web,Contra entrega,68.4,1.0,3.0
Norte,App,Tarjeta,425.12,1.0,5.0
Lima,App,Contra entrega,120.78,2.0,5.0
Sur,App,Tarjeta,106.5,5.0,5.0
Lima,App,Billetera digital,61.96,1.0,4.0
Sur,Web,Tarjeta,241.03,5.0,4.0
Lima,Web,Contra entrega,231.23,2.0,4.0
Oriente,Web,Contra entrega,111.6,8.0,3.0
Lima,Web,Contra entrega,314.99,2.0,5.0
Lima,Web,Tarjeta,291.24,3.0,5.0
Norte,Web,Billetera digital,233.8,3.0,4.0
Norte,Web,Tarjeta,76.29,3.0,3.0
Lima,App,Billetera digital,301.19,1.0,3.0
Oriente,Web,Contra entrega,59.36,15.0,3.0
Lima,Web,Tarjeta,378.11,2.0,3.0
Lima,App,Billetera digital,395.72,3.0,3.0
Lima,App,Billetera digital,226.63,2.0,4.0
Lima,App,Tarjeta,117.51,2.0,3.0
Lima,Web,Billetera digital,160.71,1.0,5.0
Lima,Web,Tarjeta,71.71,2.0,4.0
Sur,Web,Contra entrega,82.95,5.0,4.0
Norte,App,Contra entrega,95.79,6.0,4.0
Lima,Web,Tarjeta,144.25,2.0,5.0
Norte,App,Tarjeta,80.43,2.0,5.0
Lima,Web,Billetera digital,373.13,2.0,5.0
Lima,Web,Billetera digital,82.79,2.0,4.0
Centro,App,Tarjeta,71.63,2.0,4.0
Lima,Web,Tarjeta,325.77,1.0,5.0
Lima,Web,Billetera digital,85.16,3.0,4.0
Lima,App,Tarjeta,195.26,1.0,3.0
Lima,Web,Billetera digital,62.25,1.0,5.0
Norte,Web,Billetera digital,80.44,8.0,4.0
Norte,App,Tarjeta,83.71,4.0,5.0
Sur,Web,Billetera digital,137.3,2.0,5.0
Norte,App,Tarjeta,97.82,3.0,5.0
Lima,Web,Contra entrega,78.8,3.0,5.0
Sur,Web,Billetera digital,72.58,5.0,4.0
Norte,App,Billetera digital,157.95,4.0,
Lima,Web,Tarjeta,176.36,1.0,5.0
Lima,App,Billetera digital,198.33,1.0,5.0
Lima,App,Tarjeta,237.8,2.0,5.0
Norte,Web,Billetera digital,143.52,3.0,4.0
Norte,App,Billetera digital,144.93,4.0,5.0
Sur,Web,Billetera digital,119.03,2.0,5.0
Oriente,App,Billetera digital,305.05,10.0,2.0
Lima,App,Tarjeta,224.5,1.0,5.0
Sur,Web,Billetera digital,57.08,1.0,4.0
Lima,Web,Billetera digital,171.8,2.0,5.0
Sur,Web,Contra entrega,301.73,2.0,5.0
Lima,App,Billetera digital,116.4,2.0,4.0
Norte,Web,Contra entrega,81.0,8.0,3.0
Norte,App,Tarjeta,305.73,2.0,4.0
Lima,Web,Billetera digital,283.34,1.0,5.0
Sur,Web,Contra entrega,60.09,3.0,5.0
Lima,App,Billetera digital,60.08,2.0,4.0
Sur,App,Billetera digital,86.37,4.0,5.0
Sur,App,Tarjeta,227.98,2.0,5.0
Centro,App,Billetera digital,542.07,10.0,2.0
Sur,Web,Billetera digital,256.87,4.0,3.0
Norte,Web,Tarjeta,318.38,4.0,4.0
Lima,Web,Billetera digital,269.03,1.0,4.0
Lima,App,Billetera digital,80.12,2.0,5.0
Lima,Web,Tarjeta,83.07,2.0,4.0
Lima,Web,Billetera digital,91.89,2.0,4.0
Sur,App,Tarjeta,106.27,5.0,2.0
Norte,Web,Billetera digital,206.35,4.0,5.0
Lima,Web,Contra entrega,159.88,3.0,4.0
Lima,Web,Tarjeta,130.01,2.0,5.0
Sur,App,Tarjeta,119.35,4.0,4.0
Sur,Web,Billetera digital,62.97,3.0,3.0
Lima,Web,Billetera digital,86.08,2.0,4.0
Lima,App,Billetera digital,87.84,1.0,5.0
Lima,App,Tarjeta,77.3,2.0,4.0
Norte,App,Billetera digital,192.13,2.0,3.0
Centro,Web,Billetera digital,138.49,3.0,3.0
Centro,Web,Tarjeta,146.58,7.0,3.0
Sur,Web,Billetera digital,198.52,1.0,4.0
Norte,App,Billetera digital,139.49,1.0,5.0
Lima,Web,Tarjeta,79.64,1.0,4.0
Lima,Web,Tarjeta,245.14,4.0,4.0
Centro,App,Contra entrega,204.55,5.0,3.0
Norte,App,Contra entrega,129.64,7.0,3.0
Sur,App,Tarjeta,139.21,2.0,4.0
Sur,Web,Contra entrega,78.35,4.0,5.0
Lima,Web,Tarjeta,141.18,3.0,5.0
Lima,App,Billetera digital,329.62,2.0,4.0
Sur,App,Tarjeta,93.73,2.0,5.0
Lima,Web,Billetera digital,452.36,1.0,5.0
Lima,App,Tarjeta,62.28,1.0,3.0
Lima,Web,Tarjeta,181.65,2.0,5.0
Sur,App,Tarjeta,266.44,4.0,3.0
Lima,App,Tarjeta,345.13,1.0,5.0
Lima,App,Billetera digital,57.74,3.0,5.0
Norte,App,Tarjeta,160.13,3.0,3.0
Oriente,Web,Billetera digital,172.1,4.0,4.0
Lima,Web,Tarjeta,147.16,2.0,4.0
Lima,App,Tarjeta,162.11,1.0,4.0
Sur,App,Billetera digital,210.24,4.0,5.0
Lima,Web,Tarjeta,263.39,2.0,4.0
Lima,Web,Billetera digital,208.43,2.0,3.0
Lima,Web,Billetera digital,94.39,4.0,4.0
Norte,App,Tarjeta,151.12,4.0,4.0
Centro,Web,Tarjeta,307.92,2.0,5.0
Lima,App,Billetera digital,161.91,2.0,5.0
Sur,App,Billetera digital,234.68,5.0,4.0
Lima,Web,Contra entrega,135.37,2.0,4.0
Sur,Web,Billetera digital,227.49,8.0,3.0
Sur,App,Contra entrega,154.6,4.0,4.0
Lima,App,Tarjeta,339.31,1.0,5.0
Lima,App,Tarjeta,57.1,2.0,5.0
Norte,Web,Tarjeta,120.82,3.0,4.0
Norte,App,Contra entrega,121.55,4.0,3.0
Lima,Web,Billetera digital,248.72,2.0,5.0
Lima,App,Tarjeta,162.42,1.0,5.0
Sur,App,Tarjeta,212.87,3.0,4.0
Lima,App,Billetera digital,68.63,2.0,4.0
Sur,App,Billetera digital,109.42,4.0,3.0
Norte,Web,Billetera digital,92.61,6.0,3.0
Centro,Web,Billetera digital,365.99,3.0,4.0
Sur,Web,Contra entrega,70.17,3.0,3.0
Oriente,Web,Contra entrega,106.43,3.0,5.0
Norte,Web,Billetera digital,93.28,2.0,3.0
Sur,App,Billetera digital,270.0,3.0,4.0
Centro,Web,Tarjeta,169.72,4.0,4.0
Norte,App,Billetera digital,110.39,2.0,5.0
Lima,Web,Tarjeta,105.15,1.0,4.0
Sur,App,Billetera digital,348.46,3.0,4.0
Centro,Web,Contra entrega,98.45,5.0,4.0
Norte,App,Billetera digital,52.91,2.0,5.0
Sur,App,Tarjeta,67.75,3.0,5.0
Lima,App,Contra entrega,120.7,1.0,5.0
Lima,App,Tarjeta,173.73,4.0,3.0
Oriente,App,Contra entrega,445.85,2.0,5.0
Lima,Web,Contra entrega,186.78,3.0,4.0
Lima,App,Billetera digital,113.72,2.0,4.0
Lima,Web,Tarjeta,261.73,1.0,4.0
Lima,App,Tarjeta,174.22,2.0,4.0
Norte,Web,Tarjeta,99.62,2.0,5.0
Norte,Web,Billetera digital,199.68,4.0,5.0
Lima,Web,Tarjeta,255.61,1.0,4.0
Centro,Web,Billetera digital,59.49,3.0,3.0
Norte,Web,Tarjeta,103.95,8.0,2.0
Lima,App,Billetera digital,165.32,2.0,5.0
Lima,Web,Tarjeta,67.9,2.0,3.0
Centro,Web,Billetera digital,90.3,3.0,4.0
Lima,Web,Billetera digital,176.85,2.0,5.0
Centro,Web,Tarjeta,149.87,3.0,5.0
Centro,App,Billetera digital,238.18,4.0,3.0
Centro,Web,Billetera digital,120.11,5.0,3.0
Norte,Web,Contra entrega,81.43,3.0,4.0
Oriente,App,Tarjeta,204.02,5.0,3.0
Sur,App,Billetera digital,87.23,2.0,4.0
Centro,App,Billetera digital,152.39,2.0,3.0
Norte,Web,Billetera digital,84.48,1.0,5.0
Sur,App,Contra entrega,73.09,1.0,4.0
Lima,Web,Billetera digital,100.56,3.0,3.0
Oriente,Web,Billetera digital,160.25,6.0,2.0
Lima,Web,Billetera digital,335.61,1.0,5.0
Lima,App,Billetera digital,166.08,1.0,4.0
Lima,App,Billetera digital,63.99,2.0,4.0
Lima,App,Tarjeta,264.88,2.0,4.0
Lima,App,Contra entrega,120.09,2.0,4.0
Lima,App,Tarjeta,175.94,1.0,3.0
Sur,Web,Tarjeta,99.38,5.0,4.0
Sur,Web,Billetera digital,238.87,6.0,5.0
Norte,Web,Billetera digital,80.16,4.0,4.0
Lima,App,Billetera digital,180.26,1.0,3.0
Norte,Web,Billetera digital,50.05,2.0,4.0
Norte,Web,Billetera digital,127.21,5.0,3.0
Lima,Web,Tarjeta,277.37,1.0,4.0
Sur,Web,Billetera digital,40.29,1.0,3.0
Lima,App,Billetera digital,565.94,1.0,5.0
Lima,App,Billetera digital,201.89,3.0,4.0
Lima,App,Billetera digital,167.32,3.0,5.0
Lima,Web,Tarjeta,349.8,1.0,5.0
Lima,Web,Tarjeta,241.93,1.0,
Sur,Web,Tarjeta,111.36,6.0,4.0
Lima,App,Billetera digital,307.98,3.0,4.0
Lima,App,Contra entrega,163.55,2.0,5.0
Norte,Web,Billetera digital,174.81,5.0,4.0
Lima,Web,Billetera digital,92.9,2.0,4.0
Sur,Web,Tarjeta,403.21,5.0,4.0
Sur,App,Tarjeta,66.95,3.0,3.0
Lima,Web,Tarjeta,111.32,2.0,4.0
Centro,App,Billetera digital,1315.15,5.0,3.0
Centro,App,Contra entrega,79.4,2.0,4.0
Lima,App,Tarjeta,346.17,2.0,4.0
Sur,App,Billetera digital,216.45,2.0,4.0
Lima,App,Tarjeta,51.06,1.0,4.0
Lima,App,Tarjeta,77.67,2.0,5.0
Norte,App,Contra entrega,98.83,4.0,3.0
Centro,App,Tarjeta,97.14,3.0,3.0
Lima,App,Tarjeta,79.6,2.0,4.0
Oriente,Web,Tarjeta,99.42,4.0,3.0
Sur,Web,Billetera digital,173.63,3.0,3.0
Lima,Web,Billetera digital,121.01,1.0,4.0
Oriente,Web,Contra entrega,60.81,3.0,5.0
Centro,App,Contra entrega,157.16,1.0,2.0
Norte,App,Billetera digital,144.99,10.0,4.0
Sur,Web,Contra entrega,212.29,4.0,4.0
Lima,Web,Tarjeta,197.53,2.0,5.0
Lima,Web,Tarjeta,255.7,1.0,5.0
Lima,Web,Tarjeta,162.27,2.0,5.0
Lima,Web,Billetera digital,95.9,1.0,
Lima,Web,Tarjeta,166.76,1.0,5.0
Lima,App,Tarjeta,168.28,3.0,4.0
Lima,App,Tarjeta,253.57,1.0,5.0
Lima,Web,Tarjeta,79.63,1.0,5.0
Lima,App,Billetera digital,115.21,2.0,4.0
Lima,Web,Tarjeta,108.09,1.0,5.0
Centro,Web,Billetera digital,216.71,4.0,5.0
Norte,App,Tarjeta,105.01,1.0,4.0
Norte,Web,Tarjeta,59.72,3.0,4.0
Lima,Web,Billetera digital,331.29,2.0,5.0
Oriente,App,Contra entrega,94.76,7.0,3.0
Centro,Web,Billetera digital,50.54,4.0,4.0
Sur,App,Tarjeta,70.37,5.0,3.0
Lima,Web,Contra entrega,394.84,1.0,5.0
Lima,App,Tarjeta,241.95,2.0,5.0
Sur,App,Billetera digital,185.0,2.0,5.0
Norte,Web,Tarjeta,151.76,3.0,3.0
Oriente,Web,Contra entrega,48.73,10.0,3.0
Lima,Web,Billetera digital,102.12,2.0,5.0
Oriente,App,Tarjeta,95.98,4.0,4.0
Oriente,App,Billetera digital,153.25,6.0,3.0
Lima,App,Contra entrega,74.82,2.0,4.0
Norte,Web,Contra entrega,56.11,3.0,3.0
Sur,App,Tarjeta,103.83,5.0,4.0
Lima,Web,Tarjeta,103.92,3.0,5.0
Lima,App,Tarjeta,73.11,1.0,5.0
Norte,Web,Billetera digital,124.0,1.0,4.0
Lima,Web,Tarjeta,263.24,1.0,4.0
Oriente,Web,Tarjeta,79.16,3.0,5.0
Lima,Web,Billetera digital,111.75,2.0,
Lima,Web,Tarjeta,98.75,2.0,5.0
Sur,Web,Billetera digital,45.9,1.0,5.0
Oriente,App,Contra entrega,169.97,9.0,2.0
Centro,Web,Contra entrega,296.56,4.0,4.0
Lima,Web,Billetera digital,400.99,2.0,5.0
Sur,App,Tarjeta,54.89,2.0,5.0
Lima,Web,Tarjeta,53.23,1.0,5.0
Sur,Web,Billetera digital,57.59,2.0,5.0
Lima,Web,Billetera digital,120.66,1.0,5.0
Norte,Web,Tarjeta,29.79,5.0,3.0
Lima,Web,Tarjeta,299.04,3.0,2.0
Lima,Web,Billetera digital,203.25,1.0,4.0
Lima,App,Tarjeta,256.08,1.0,5.0
Lima,App,Tarjeta,134.78,2.0,5.0
Oriente,App,Contra entrega,51.38,2.0,5.0
Sur,Web,Billetera digital,96.35,4.0,3.0
Lima,App,Billetera digital,117.43,2.0,5.0
Centro,Web,Contra entrega,397.26,3.0,3.0
Centro,Web,Contra entrega,47.14,5.0,2.0
Lima,App,Tarjeta,147.95,1.0,4.0
Centro,Web,Contra entrega,79.98,2.0,4.0
Lima,App,Tarjeta,522.35,1.0,5.0
Sur,Web,Billetera digital,62.56,2.0,5.0
Lima,App,Contra entrega,89.8,3.0,5.0
Lima,App,Billetera digital,247.04,4.0,4.0
Norte,Web,Billetera digital,68.08,4.0,4.0
Sur,Web,Billetera digital,52.28,2.0,5.0
Norte,App,Billetera digital,126.9,2.0,4.0
Lima,Web,Billetera digital,845.85,1.0,5.0
Lima,Web,Billetera digital,153.48,2.0,4.0
Oriente,App,Billetera digital,159.66,3.0,5.0
Norte,App,Billetera digital,113.65,4.0,4.0
Sur,App,Tarjeta,238.86,4.0,4.0
Oriente,App,Tarjeta,187.72,2.0,5.0
Lima,App,Billetera digital,84.37,1.0,5.0
Lima,App,Billetera digital,82.57,2.0,4.0
Norte,Web,Billetera digital,89.66,2.0,5.0
Lima,Web,Billetera digital,125.02,2.0,4.0
Sur,Web,Billetera digital,42.41,7.0,3.0
Lima,App,Billetera digital,117.78,2.0,3.0
Lima,App,Tarjeta,266.8,1.0,5.0
Lima,Web,Tarjeta,179.46,1.0,5.0
Oriente,Web,Contra entrega,217.17,8.0,2.0
Centro,App,Billetera digital,68.21,8.0,4.0
Lima,App,Billetera digital,159.77,2.0,4.0
Lima,App,Billetera digital,475.06,1.0,4.0
Lima,Web,Billetera digital,34.6,1.0,4.0
Lima,App,Tarjeta,158.24,2.0,4.0
Oriente,Web,Contra entrega,70.19,4.0,4.0
Lima,App,Billetera digital,159.87,2.0,5.0
Lima,Web,Billetera digital,76.08,2.0,5.0
Lima,Web,Tarjeta,244.45,3.0,3.0
Centro,Web,Tarjeta,291.13,2.0,5.0
Norte,Web,Contra entrega,105.73,1.0,5.0
Sur,App,Contra entrega,283.3,4.0,
Sur,Web,Tarjeta,66.47,2.0,4.0
Lima,App,Tarjeta,206.95,3.0,4.0
Sur,Web,Tarjeta,86.67,4.0,5.0
Lima,App,Tarjeta,63.22,2.0,5.0
Sur,Web,Tarjeta,53.67,2.0,4.0
Norte,App,Billetera digital,181.57,3.0,5.0
Lima,App,Billetera digital,292.27,3.0,4.0
Norte,Web,Billetera digital,53.8,4.0,5.0
Norte,Web,Tarjeta,148.53,4.0,5.0
Lima,Web,Billetera digital,214.87,2.0,4.0
Sur,Web,Tarjeta,108.64,4.0,4.0
Lima,Web,Billetera digital,129.93,1.0,4.0
Sur,App,Tarjeta,178.15,3.0,3.0
Lima,App,Tarjeta,82.24,2.0,4.0
Sur,Web,Tarjeta,207.54,5.0,4.0
Norte,Web,Billetera digital,122.62,5.0,5.0
Oriente,Web,Billetera digital,69.56,2.0,4.0
Centro,Web,Billetera digital,98.62,3.0,4.0
Sur,App,Tarjeta,113.62,3.0,3.0
Lima,App,Tarjeta,95.05,3.0,5.0
Lima,Web,Billetera digital,163.68,1.0,4.0
Centro,App,Billetera digital,404.51,4.0,3.0
Lima,Web,Billetera digital,402.66,1.0,5.0
Sur,Web,Tarjeta,262.6,6.0,3.0
Norte,App,Billetera digital,628.37,4.0,3.0
Sur,Web,Billetera digital,172.11,4.0,5.0
Sur,Web,Contra entrega,106.3,2.0,5.0
Lima,App,Tarjeta,544.3,2.0,5.0
Centro,App,Tarjeta,56.38,2.0,3.0
Norte,Web,Tarjeta,39.34,1.0,5.0
Norte,Web,Contra entrega,114.87,1.0,5.0
Oriente,App,Tarjeta,77.0,5.0,4.0
Centro,Web,Tarjeta,165.53,6.0,3.0
Norte,App,Tarjeta,226.34,7.0,3.0
Lima,Web,Billetera digital,171.36,2.0,5.0
Norte,Web,Tarjeta,214.44,6.0,4.0
Lima,Web,Billetera digital,66.87,2.0,3.0
Oriente,Web,Contra entrega,337.01,8.0,3.0
Centro,Web,Billetera digital,143.57,8.0,4.0
Sur,Web,Billetera digital,539.73,5.0,3.0
Norte,Web,Tarjeta,128.89,3.0,5.0
Centro,App,Contra entrega,159.77,8.0,4.0
Norte,Web,Billetera digital,87.21,4.0,5.0
Sur,App,Tarjeta,137.83,2.0,4.0
Sur,App,Billetera digital,75.08,1.0,4.0
Lima,App,Billetera digital,231.5,3.0,4.0
Lima,Web,Billetera digital,150.17,2.0,5.0
Centro,App,Tarjeta,178.12,3.0,5.0
Lima,App,Billetera digital,233.36,1.0,4.0
Lima,App,Tarjeta,185.16,1.0,4.0
Lima,App,Tarjeta,50.24,2.0,4.0
Norte,App,Billetera digital,105.97,4.0,4.0
Lima,Web,Tarjeta,216.4,1.0,5.0
Sur,Web,Billetera digital,141.98,5.0,5.0
Lima,Web,Billetera digital,121.74,1.0,4.0
Norte,Web,Tarjeta,149.18,2.0,4.0
Lima,Web,Billetera digital,60.03,1.0,5.0
Sur,Web,Billetera digital,150.6,3.0,2.0
Lima,Web,Tarjeta,68.23,3.0,5.0
Norte,Web,Billetera digital,52.65,1.0,4.0
Oriente,App,Tarjeta,104.47,7.0,2.0
Sur,App,Contra entrega,39.12,4.0,3.0
Norte,App,Billetera digital,79.76,3.0,4.0
Lima,App,Billetera digital,104.17,1.0,5.0
Sur,App,Billetera digital,69.14,3.0,4.0
Sur,App,Tarjeta,79.08,5.0,5.0
Norte,Web,Contra entrega,69.22,4.0,3.0
Sur,Web,Tarjeta,177.83,4.0,4.0
Norte,Web,Billetera digital,71.63,7.0,3.0
Lima,Web,Tarjeta,164.37,2.0,3.0
Norte,App,Billetera digital,240.3,1.0,5.0
Norte,Web,Tarjeta,201.88,4.0,4.0
Centro,App,Tarjeta,80.91,1.0,4.0
Lima,Web,Tarjeta,129.76,1.0,4.0
Centro,Web,Tarjeta,122.43,3.0,4.0
Centro,Web,Contra entrega,89.56,1.0,4.0
Norte,Web,Billetera digital,38.94,3.0,3.0
Lima,App,Billetera digital,424.64,2.0,4.0
Lima,Web,Tarjeta,127.0,3.0,5.0
Centro,App,Tarjeta,112.49,3.0,4.0
Lima,App,Billetera digital,346.74,1.0,4.0
Centro,App,Contra entrega,158.85,7.0,3.0
Lima,App,Contra entrega,193.27,1.0,5.0
Norte,Web,Billetera digital,358.95,4.0,5.0
Norte,Web,Billetera digital,48.12,3.0,5.0
Sur,App,Billetera digital,237.6,3.0,3.0
Sur,App,Tarjeta,193.37,3.0,4.0
Sur,Web,Contra entrega,270.71,5.0,2.0
Lima,Web,Contra entrega,126.52,1.0,5.0
Lima,Web,Billetera digital,118.7,1.0,5.0
Lima,App,Tarjeta,149.53,1.0,5.0
Oriente,Web,Contra entrega,233.17,14.0,2.0
Sur,Web,Contra entrega,209.62,6.0,4.0
Sur,Web,Tarjeta,79.74,3.0,5.0
Norte,Web,Tarjeta,334.15,2.0,5.0
Oriente,App,Contra entrega,127.08,4.0,5.0
Lima,Web,Billetera digital,182.69,2.0,4.0
Lima,App,Tarjeta,535.85,1.0,5.0
Oriente,Web,Contra entrega,127.02,8.0,2.0
Sur,Web,Billetera digital,165.06,2.0,4.0
Lima,App,Billetera digital,282.86,2.0,4.0
Lima,Web,Billetera digital,186.0,1.0,4.0
Sur,Web,Tarjeta,269.04,2.0,4.0
Norte,Web,Billetera digital,149.74,3.0,4.0
Centro,App,Billetera digital,157.6,6.0,4.0
Lima,Web,Tarjeta,69.66,3.0,4.0
Lima,Web,Tarjeta,195.13,1.0,4.0
Centro,App,Tarjeta,330.01,3.0,5.0
Lima,App,Tarjeta,126.1,2.0,
Lima,Web,Tarjeta,207.71,2.0,5.0
Lima,Web,Billetera digital,142.57,1.0,5.0
Centro,Web,Tarjeta,55.47,5.0,2.0
Lima,App,Billetera digital,89.25,1.0,4.0
Norte,Web,Contra entrega,123.39,5.0,4.0
Lima,Web,Billetera digital,166.51,2.0,5.0
Lima,Web,Billetera digital,94.34,3.0,5.0
Norte,Web,Contra entrega,172.66,1.0,5.0
Lima,Web,Billetera digital,210.41,1.0,5.0
Norte,App,Billetera digital,131.84,2.0,4.0
Lima,Web,Billetera digital,172.64,1.0,5.0
Lima,Web,Tarjeta,73.47,2.0,3.0
Oriente,App,Billetera digital,299.94,7.0,4.0
Sur,App,Tarjeta,217.37,3.0,5.0
Sur,Web,Billetera digital,63.04,3.0,5.0
Lima,Web,Billetera digital,370.45,3.0,4.0
Norte,Web,Tarjeta,139.07,2.0,3.0
Lima,Web,Billetera digital,35.09,1.0,5.0
Sur,App,Tarjeta,152.98,2.0,5.0
Norte,Web,Tarjeta,75.21,4.0,3.0
Lima,Web,Billetera digital,133.8,1.0,4.0
Lima,App,Billetera digital,144.88,3.0,5.0
Sur,App,Billetera digital,138.64,1.0,2.0
Lima,App,Contra entrega,322.57,2.0,5.0
Lima,App,Contra entrega,172.99,1.0,4.0
Centro,Web,Billetera digital,63.47,4.0,4.0
Norte,Web,Tarjeta,412.29,3.0,4.0
Norte,Web,Tarjeta,157.99,3.0,5.0
Lima,Web,Billetera digital,198.01,2.0,3.0
Sur,Web,Billetera digital,86.73,5.0,4.0
Lima,Web,Tarjeta,127.78,4.0,5.0
Lima,Web,Tarjeta,200.36,1.0,5.0
Lima,Web,Billetera digital,203.63,2.0,4.0
Sur,App,Tarjeta,157.02,6.0,3.0
Lima,App,Tarjeta,53.8,2.0,4.0
Lima,App,Tarjeta,98.15,1.0,5.0
Centro,Web,Billetera digital,108.77,4.0,4.0
Norte,Web,Tarjeta,104.8,2.0,4.0
Sur,Web,Billetera digital,364.04,3.0,5.0
Norte,Web,Billetera digital,170.78,2.0,5.0
Lima,App,Billetera digital,142.6,1.0,
Lima,Web,Tarjeta,84.29,1.0,5.0
Lima,Web,Billetera digital,229.94,4.0,3.0
Lima,App,Contra entrega,168.61,1.0,5.0
Lima,App,Billetera digital,245.23,1.0,5.0
Lima,App,Tarjeta,156.28,1.0,4.0
Lima,App,Tarjeta,189.4,3.0,5.0
Oriente,App,Contra entrega,53.73,2.0,5.0
Sur,Web,Tarjeta,55.87,8.0,2.0
Sur,Web,Tarjeta,84.81,3.0,5.0
Lima,App,Billetera digital,221.92,3.0,3.0
Centro,App,Tarjeta,141.12,5.0,5.0
Norte,App,Contra entrega,95.49,2.0,4.0
Norte,Web,Billetera digital,80.17,1.0,3.0
Centro,App,Contra entrega,27.43,4.0,4.0
Norte,App,Billetera digital,90.27,1.0,4.0
Lima,Web,Tarjeta,37.54,2.0,4.0
Sur,Web,Contra entrega,68.42,2.0,3.0
Lima,Web,Contra entrega,144.88,3.0,3.0
Lima,App,Tarjeta,168.68,2.0,4.0
Sur,Web,Tarjeta,223.15,2.0,5.0
Sur,App,Billetera digital,236.52,3.0,5.0
Centro,App,Tarjeta,126.78,3.0,5.0
Lima,Web,Tarjeta,204.01,1.0,5.0
Lima,Web,Billetera digital,187.49,1.0,4.0
Lima,Web,Billetera digital,164.28,1.0,4.0
Lima,Web,Contra entrega,254.17,1.0,4.0
Sur,App,Billetera digital,192.62,3.0,5.0
Lima,Web,Billetera digital,69.69,3.0,4.0
Norte,Web,Tarjeta,134.31,8.0,4.0
Oriente,App,Contra entrega,232.36,8.0,4.0
Sur,Web,Tarjeta,207.08,5.0,3.0
Lima,App,Billetera digital,85.77,2.0,4.0
Oriente,App,Billetera digital,197.95,6.0,3.0
Lima,Web,Tarjeta,103.19,3.0,4.0
Lima,App,Tarjeta,73.28,1.0,5.0
Lima,Web,Tarjeta,300.16,4.0,4.0
Lima,App,Billetera digital,71.62,2.0,4.0
Lima,Web,Billetera digital,160.9,1.0,4.0
Lima,Web,Tarjeta,41.58,3.0,5.0
Sur,App,Billetera digital,142.1,4.0,5.0
Norte,Web,Billetera digital,138.18,4.0,4.0
Lima,Web,Billetera digital,219.75,1.0,4.0
Lima,Web,Tarjeta,255.91,1.0,5.0
Norte,App,Tarjeta,106.06,7.0,3.0
Lima,Web,Contra entrega,215.3,2.0,5.0
Lima,App,Contra entrega,98.62,1.0,5.0
Lima,Web,Billetera digital,120.76,1.0,4.0
Norte,Web,Tarjeta,82.99,5.0,4.0
Lima,Web,Billetera digital,133.2,2.0,5.0
Lima,App,Billetera digital,105.79,1.0,4.0
Lima,App,Tarjeta,40.29,2.0,5.0
Centro,App,Contra entrega,98.98,4.0,4.0
Lima,Web,Tarjeta,53.83,3.0,3.0
Centro,App,Contra entrega,93.5,3.0,5.0
Lima,Web,Billetera digital,140.49,2.0,5.0
Lima,Web,Tarjeta,162.76,2.0,5.0
Centro,Web,Contra entrega,91.88,3.0,4.0
Sur,Web,Tarjeta,244.1,1.0,5.0
Lima,Web,Billetera digital,174.79,2.0,3.0
Lima,Web,Tarjeta,57.37,1.0,4.0
Lima,Web,Billetera digital,253.9,1.0,5.0
Sur,Web,Billetera digital,200.86,2.0,5.0
Lima,Web,Billetera digital,189.52,1.0,4.0
Sur,App,Tarjeta,187.5,5.0,4.0
Norte,App,Billetera digital,132.78,1.0,5.0
Lima,Web,Billetera digital,528.77,1.0,4.0
Lima,Web,Billetera digital,145.77,1.0,5.0
Centro,Web,Billetera digital,111.51,2.0,4.0
Lima,Web,Tarjeta,104.01,1.0,5.0
Lima,Web,Tarjeta,129.6,1.0,4.0
Lima,Web,Tarjeta,130.73,2.0,
Centro,App,Tarjeta,77.3,3.0,4.0
Lima,Web,Billetera digital,246.51,2.0,5.0
Lima,Web,Tarjeta,240.26,3.0,4.0
Lima,Web,Tarjeta,68.8,2.0,4.0
Norte,App,Tarjeta,122.6,1.0,5.0
Sur,Web,Tarjeta,85.81,3.0,4.0
Lima,App,Billetera digital,567.91,2.0,3.0
Lima,Web,Tarjeta,199.62,3.0,4.0
Norte,App,Billetera digital,124.34,1.0,5.0
Lima,App,Billetera digital,47.77,1.0,5.0
Sur,App,Tarjeta,211.56,5.0,4.0
Lima,App,Tarjeta,336.03,3.0,4.0
Centro,App,Tarjeta,181.41,4.0,4.0
Lima,App,Billetera digital,115.15,2.0,3.0
Norte,Web,Billetera digital,119.01,2.0,4.0
Norte,Web,Tarjeta,217.73,9.0,3.0
Oriente,App,Tarjeta,129.07,7.0,3.0
Lima,App,Tarjeta,107.31,1.0,5.0
Sur,Web,Contra entrega,114.15,6.0,3.0
Centro,Web,Contra entrega,104.95,6.0,3.0
Lima,Web,Tarjeta,290.12,2.0,5.0
Norte,Web,Billetera digital,54.77,5.0,3.0
Sur,App,Tarjeta,94.18,6.0,3.0
Oriente,App,Contra entrega,131.93,7.0,4.0
Norte,Web,Tarjeta,148.07,2.0,3.0
Sur,Web,Contra entrega,82.55,1.0,4.0
Norte,App,Billetera digital,394.24,3.0,4.0
Lima,App,Billetera digital,188.53,1.0,5.0
Lima,App,Contra entrega,422.59,2.0,4.0
Sur,App,Tarjeta,121.99,3.0,5.0
Norte,App,Contra entrega,154.0,2.0,
Oriente,Web,Billetera digital,62.47,9.0,2.0
Norte,App,Tarjeta,116.52,5.0,4.0
Lima,App,Contra entrega,345.71,1.0,5.0
Lima,App,Billetera digital,252.29,1.0,4.0
Sur,App,Contra entrega,211.07,3.0,3.0
Oriente,Web,Tarjeta,135.37,3.0,4.0
Sur,Web,Contra entrega,113.04,3.0,5.0
Lima,App,Tarjeta,145.64,1.0,5.0
Oriente,Web,Contra entrega,120.98,1.0,4.0
Lima,Web,Contra entrega,237.8,2.0,5.0
Norte,App,Billetera digital,41.13,3.0,4.0
Centro,Web,Tarjeta,69.49,8.0,3.0
Centro,Web,Contra entrega,108.51,4.0,4.0
Norte,App,Billetera digital,102.34,2.0,4.0
Oriente,Web,Billetera digital,99.19,6.0,4.0
Sur,Web,Tarjeta,159.53,3.0,4.0
Centro,App,Tarjeta,43.52,5.0,4.0
Lima,App,Billetera digital,140.1,1.0,5.0
Oriente,App,Billetera digital,129.73,2.0,4.0
Norte,App,Billetera digital,317.79,2.0,5.0
Lima,App,Tarjeta,177.3,2.0,4.0
Oriente,App,Contra entrega,42.83,4.0,4.0
Norte,App,Billetera digital,149.21,4.0,4.0
Lima,App,Billetera digital,217.38,2.0,4.0
Sur,App,Contra entrega,43.82,3.0,5.0
Lima,App,Tarjeta,135.88,1.0,5.0
Centro,Web,Tarjeta,122.37,2.0,5.0
Oriente,Web,Tarjeta,33.66,5.0,4.0
Sur,App,Tarjeta,117.25,3.0,4.0
Oriente,App,Billetera digital,89.68,7.0,3.0
Centro,Web,Billetera digital,108.69,8.0,3.0
Lima,Web,Billetera digital,50.28,2.0,4.0
Lima,App,Contra entrega,186.62,2.0,3.0
Oriente,Web,Tarjeta,210.83,6.0,2.0
Lima,Web,Billetera digital,107.36,3.0,4.0
Oriente,App,Tarjeta,195.66,4.0,2.0
Norte,App,Tarjeta,93.84,3.0,3.0
Lima,App,Billetera digital,66.77,2.0,4.0
Norte,Web,Tarjeta,188.0,2.0,5.0
Norte,App,Billetera digital,64.43,6.0,4.0
Lima,App,Billetera digital,326.54,1.0,4.0
Lima,Web,Billetera digital,195.45,3.0,
Lima,App,Billetera digital,102.21,2.0,4.0
Sur,App,Billetera digital,168.9,6.0,3.0
Norte,Web,Tarjeta,85.76,1.0,4.0
Centro,App,Tarjeta,127.44,4.0,3.0
Centro,App,Contra entrega,105.83,4.0,3.0
Norte,Web,Billetera digital,747.28,3.0,2.0
Lima,Web,Billetera digital,254.42,2.0,4.0
Oriente,Web,Contra entrega,45.44,2.0,4.0
Lima,App,Billetera digital,409.89,1.0,4.0
Lima,Web,Contra entrega,122.52,4.0,4.0
Centro,Web,Contra entrega,127.33,4.0,3.0
Norte,Web,Tarjeta,40.91,3.0,3.0
Lima,Web,Billetera digital,209.05,1.0,
Norte,App,Tarjeta,135.16,6.0,3.0
Lima,App,Tarjeta,83.24,1.0,4.0
Lima,App,Tarjeta,310.52,1.0,5.0
Lima,App,Billetera digital,319.07,3.0,3.0
Lima,App,Tarjeta,84.11,2.0,5.0
Norte,Web,Billetera digital,170.21,5.0,5.0
Norte,Web,Billetera digital,63.43,3.0,4.0
Norte,Web,Contra entrega,124.79,4.0,4.0
Lima,App,Tarjeta,345.04,1.0,5.0
Norte,App,Tarjeta,86.04,1.0,5.0
Norte,Web,Contra entrega,137.19,3.0,3.0
Norte,App,Tarjeta,157.68,2.0,5.0
Norte,Web,Tarjeta,245.92,2.0,4.0
Oriente,App,Tarjeta,45.17,3.0,5.0
Norte,App,Tarjeta,90.99,3.0,5.0
Norte,Web,Contra entrega,131.67,6.0,3.0
Norte,Web,Tarjeta,145.28,2.0,2.0
Sur,App,Contra entrega,193.79,4.0,4.0
Norte,Web,Billetera digital,76.34,2.0,3.0
Norte,Web,Tarjeta,140.7,2.0,5.0
Sur,Web,Tarjeta,164.98,5.0,4.0
Norte,Web,Tarjeta,84.34,4.0,5.0
Sur,App,Contra entrega,55.88,6.0,4.0
Norte,App,Tarjeta,159.09,2.0,3.0
Lima,App,Tarjeta,109.14,2.0,4.0
Lima,App,Contra entrega,77.15,1.0,4.0
Norte,App,Contra entrega,360.12,8.0,2.0
Lima,App,Tarjeta,346.82,3.0,4.0
Sur,App,Tarjeta,222.75,7.0,4.0
Lima,App,Billetera digital,41.77,1.0,4.0
Oriente,Web,Tarjeta,106.45,8.0,3.0
Oriente,Web,Billetera digital,85.93,3.0,4.0
Sur,App,Billetera digital,184.19,2.0,5.0
Norte,App,Billetera digital,222.36,1.0,5.0
Lima,Web,Tarjeta,111.35,2.0,4.0
Lima,App,Tarjeta,50.13,1.0,5.0
Norte,App,Billetera digital,108.65,3.0,4.0
Norte,App,Billetera digital,247.72,2.0,4.0
Centro,App,Billetera digital,79.66,3.0,4.0
Norte,Web,Billetera digital,166.21,5.0,4.0
Norte,App,Billetera digital,93.28,3.0,4.0
Oriente,Web,Billetera digital,135.06,7.0,2.0
Lima,Web,Billetera digital,42.58,1.0,4.0
Oriente,Web,Tarjeta,279.7,4.0,4.0
Norte,App,Billetera digital,97.97,2.0,5.0
Lima,Web,Tarjeta,24.94,1.0,5.0
Lima,Web,Tarjeta,190.02,3.0,4.0
Lima,Web,Billetera digital,241.22,3.0,4.0
Norte,App,Billetera digital,186.51,1.0,5.0
Lima,App,Tarjeta,72.7,1.0,4.0
Lima,Web,Tarjeta,123.62,2.0,3.0
Norte,App,Contra entrega,127.96,3.0,5.0
Centro,Web,Tarjeta,80.73,1.0,4.0
Lima,App,Tarjeta,73.2,1.0,4.0
Centro,Web,Tarjeta,39.58,6.0,4.0
Lima,Web,Tarjeta,128.07,1.0,5.0
Lima,Web,Billetera digital,75.7,3.0,5.0
Centro,Web,Billetera digital,156.54,5.0,4.0
Sur,App,Contra entrega,101.59,1.0,4.0
Centro,Web,Contra entrega,85.52,7.0,2.0
Sur,Web,Tarjeta,159.03,5.0,5.0
Sur,Web,Billetera digital,98.07,3.0,3.0
Lima,Web,Contra entrega,153.95,2.0,5.0
Norte,Web,Tarjeta,257.31,3.0,5.0
Lima,App,Tarjeta,182.45,1.0,4.0
Centro,Web,Contra entrega,131.88,4.0,4.0
Centro,Web,Tarjeta,90.62,5.0,3.0
Norte,Web,Billetera digital,120.46,1.0,3.0
Sur,App,Billetera digital,298.69,1.0,4.0
Lima,Web,Billetera digital,242.2,1.0,4.0
Norte,Web,Contra entrega,169.98,3.0,5.0
Lima,Web,Tarjeta,163.49,1.0,4.0
Sur,Web,Billetera digital,208.76,2.0,5.0
Sur,Web,Contra entrega,157.49,3.0,4.0
Lima,Web,Tarjeta,149.76,2.0,5.0
Sur,App,Tarjeta,54.02,3.0,4.0
Sur,Web,Tarjeta,94.27,2.0,5.0
Lima,Web,Billetera digital,82.14,1.0,5.0
Lima,App,Billetera digital,104.59,2.0,4.0
Sur,Web,Billetera digital,355.55,3.0,4.0
Lima,Web,Tarjeta,359.14,2.0,4.0
Sur,Web,Contra entrega,204.76,2.0,5.0
Sur,App,Billetera digital,166.96,9.0,4.0
Norte,Web,Contra entrega,89.34,3.0,4.0
Lima,Web,Tarjeta,391.41,4.0,3.0
Sur,Web,Billetera digital,70.75,4.0,5.0
Lima,App,Tarjeta,104.93,3.0,4.0
Oriente,App,Contra entrega,134.51,6.0,3.0
Lima,App,Tarjeta,211.12,3.0,3.0
Centro,App,Tarjeta,89.76,1.0,5.0
Lima,Web,Tarjeta,264.88,1.0,4.0
Norte,Web,Tarjeta,289.55,3.0,4.0
Centro,Web,Contra entrega,117.93,4.0,5.0
Centro,Web,Billetera digital,113.67,5.0,4.0
Sur,Web,Tarjeta,67.69,4.0,4.0
Norte,App,Contra entrega,126.39,2.0,5.0
Centro,Web,Tarjeta,206.85,3.0,4.0
Lima,Web,Tarjeta,232.88,3.0,
Lima,Web,Billetera digital,67.52,2.0,4.0
Lima,Web,Billetera digital,160.95,4.0,5.0
Oriente,App,Contra entrega,129.27,3.0,3.0
Centro,Web,Tarjeta,38.13,4.0,3.0
Lima,Web,Billetera digital,62.67,2.0,4.0
Lima,App,Tarjeta,137.12,1.0,5.0
Lima,Web,Tarjeta,227.44,2.0,4.0
Norte,Web,Tarjeta,187.27,8.0,2.0
Norte,App,Billetera digital,143.86,2.0,5.0
Sur,Web,Contra entrega,121.22,3.0,4.0
Oriente,Web,Tarjeta,157.65,2.0,4.0
Lima,Web,Tarjeta,82.67,2.0,4.0
Lima,App,Billetera digital,289.03,4.0,4.0
Lima,Web,Contra entrega,109.82,1.0,5.0
Sur,Web,Tarjeta,65.51,6.0,4.0
Lima,Web,Billetera digital,58.71,3.0,4.0
Centro,Web,Contra entrega,246.73,4.0,4.0
Lima,App,Contra entrega,182.22,1.0,4.0
Lima,App,Billetera digital,187.75,1.0,5.0
Sur,App,Tarjeta,185.15,3.0,4.0
Centro,Web,Tarjeta,287.85,4.0,3.0
Lima,App,Billetera digital,422.92,3.0,4.0
Sur,Web,Tarjeta,204.28,2.0,3.0
Centro,App,Tarjeta,64.81,4.0,3.0
Lima,App,Tarjeta,190.18,3.0,4.0
Sur,App,Tarjeta,55.55,13.0,2.0
Norte,App,Contra entrega,186.7,3.0,4.0
Lima,App,Contra entrega,393.08,3.0,4.0
Lima,Web,Billetera digital,91.71,3.0,3.0
Oriente,Web,Tarjeta,108.08,4.0,4.0
Norte,Web,Tarjeta,54.77,2.0,4.0
Oriente,Web,Contra entrega,238.21,3.0,3.0
Centro,Web,Billetera digital,85.68,2.0,5.0
Sur,Web,Contra entrega,83.17,3.0,4.0
Lima,App,Billetera digital,34.02,1.0,5.0
Norte,Web,Billetera digital,131.26,6.0,4.0
Centro,Web,Contra entrega,143.81,3.0,3.0
Oriente,App,Contra entrega,69.45,9.0,3.0
Norte,App,Contra entrega,54.67,3.0,5.0
Norte,App,Tarjeta,121.29,3.0,4.0
Sur,Web,Contra entrega,184.72,5.0,2.0
Lima,App,Tarjeta,90.99,5.0,4.0
Sur,Web,Contra entrega,162.33,7.0,3.0
Oriente,Web,Contra entrega,182.59,4.0,4.0
Norte,Web,Contra entrega,209.76,4.0,4.0
Lima,Web,Tarjeta,284.74,2.0,5.0
Centro,App,Contra entrega,38.66,6.0,4.0
Lima,Web,Billetera digital,86.22,1.0,4.0
Lima,Web,Tarjeta,104.2,2.0,3.0
Norte,App,Tarjeta,233.24,3.0,3.0
Lima,Web,Billetera digital,221.27,1.0,5.0
Lima,Web,Billetera digital,115.78,1.0,5.0
Oriente,Web,Contra entrega,228.22,4.0,3.0
Lima,Web,Tarjeta,233.11,6.0,4.0
Lima,App,Tarjeta,173.56,3.0,3.0
Lima,App,Billetera digital,161.68,4.0,4.0
Lima,Web,Billetera digital,175.21,1.0,5.0
Norte,App,Tarjeta,55.2,4.0,5.0
Norte,App,Billetera digital,43.61,4.0,4.0
Lima,Web,Billetera digital,298.77,1.0,5.0
Norte,App,Contra entrega,183.76,5.0,4.0
Sur,App,Tarjeta,230.67,7.0,2.0
Centro,Web,Tarjeta,426.52,4.0,2.0
Lima,App,Tarjeta,113.96,1.0,5.0
Sur,App,Tarjeta,152.28,8.0,3.0
Norte,App,Billetera digital,70.41,3.0,4.0
Lima,App,Billetera digital,198.79,1.0,5.0
Sur,Web,Billetera digital,120.6,5.0,4.0
Lima,App,Billetera digital,108.28,1.0,5.0
Sur,Web,Tarjeta,62.31,3.0,4.0
Norte,Web,Contra entrega,73.55,1.0,5.0
Lima,App,Billetera digital,132.89,2.0,3.0
Sur,App,Billetera digital,85.82,3.0,4.0
Norte,Web,Billetera digital,85.99,6.0,2.0
Centro,Web,Tarjeta,224.41,8.0,3.0
Oriente,Web,Tarjeta,226.36,8.0,3.0
Norte,Web,Tarjeta,145.19,3.0,5.0
Norte,Web,Contra entrega,98.22,4.0,4.0
Norte,App,Billetera digital,90.53,6.0,5.0
Lima,Web,Billetera digital,329.5,2.0,4.0
Sur,Web,Billetera digital,255.84,4.0,4.0
Lima,App,Tarjeta,171.19,2.0,4.0
Lima,App,Billetera digital,212.09,1.0,5.0
Lima,App,Billetera digital,433.98,1.0,4.0
Lima,Web,Tarjeta,132.59,2.0,5.0
Lima,App,Tarjeta,282.42,3.0,3.0
Sur,Web,Billetera digital,88.11,4.0,3.0
Lima,App,Tarjeta,353.63,2.0,4.0
Lima,Web,Billetera digital,106.38,1.0,5.0
Sur,Web,Billetera digital,198.75,6.0,2.0
Lima,Web,Contra entrega,69.94,2.0,3.0
Centro,Web,Billetera digital,87.29,3.0,5.0
Norte,Web,Tarjeta,68.35,4.0,4.0
Lima,Web,Tarjeta,390.1,2.0,3.0
Centro,Web,Tarjeta,105.08,2.0,5.0
Norte,Web,Tarjeta,92.35,2.0,4.0
Lima,Web,Tarjeta,214.29,2.0,4.0
Lima,App,Tarjeta,89.89,1.0,5.0
Lima,App,Tarjeta,407.67,1.0,4.0
Lima,Web,Contra entrega,292.75,2.0,3.0
Lima,Web,Tarjeta,404.16,3.0,3.0
Oriente,Web,Billetera digital,31.54,3.0,4.0
Lima,Web,Billetera digital,122.5,3.0,4.0
Lima,Web,Billetera digital,94.56,2.0,3.0
Norte,Web,Tarjeta,89.21,3.0,5.0
Lima,Web,Billetera digital,80.68,3.0,4.0
Norte,Web,Billetera digital,154.66,9.0,3.0
Lima,Web,Billetera digital,183.69,2.0,4.0
Oriente,Web,Contra entrega,231.22,7.0,4.0
Lima,Web,Billetera digital,199.58,2.0,5.0
Oriente,App,Contra entrega,239.76,2.0,3.0
Lima,Web,Tarjeta,225.26,1.0,5.0
Lima,App,Billetera digital,110.36,2.0,4.0
Lima,App,Tarjeta,111.85,3.0,3.0
Centro,Web,Tarjeta,284.77,6.0,5.0
Norte,Web,Tarjeta,95.28,4.0,3.0
Lima,Web,Billetera digital,249.67,1.0,4.0
Oriente,Web,Tarjeta,245.26,13.0,3.0
Oriente,Web,Contra entrega,243.0,6.0,4.0
Norte,Web,Tarjeta,216.2,3.0,4.0
Norte,Web,Tarjeta,147.25,3.0,5.0
Centro,App,Contra entrega,316.91,3.0,5.0
Lima,App,Tarjeta,52.76,2.0,5.0
Oriente,Web,Billetera digital,145.62,6.0,3.0
Lima,Web,Tarjeta,109.34,2.0,4.0
Lima,Web,Tarjeta,75.24,1.0,4.0
Oriente,App,Billetera digital,295.14,3.0,4.0
Sur,Web,Billetera digital,87.9,2.0,4.0
Oriente,App,Billetera digital,50.0,5.0,4.0
Norte,Web,Contra entrega,135.61,3.0,4.0
Lima,Web,Billetera digital,308.06,2.0,4.0
Lima,App,Tarjeta,163.73,1.0,5.0
Centro,Web,Tarjeta,81.17,2.0,5.0
Oriente,App,Contra entrega,150.61,1.0,4.0
Lima,Web,Tarjeta,80.34,3.0,5.0
Oriente,App,Contra entrega,79.66,3.0,4.0
Norte,Web,Billetera digital,108.6,3.0,4.0
Lima,Web,Tarjeta,225.83,1.0,4.0
Lima,App,Tarjeta,84.78,1.0,5.0
Centro,Web,Billetera digital,179.51,2.0,5.0
Lima,App,Tarjeta,97.02,1.0,5.0
Lima,Web,Billetera digital,102.59,1.0,5.0
Lima,Web,Tarjeta,65.46,1.0,4.0
Norte,App,Tarjeta,70.25,2.0,5.0
Sur,Web,Tarjeta,109.95,2.0,5.0
Lima,Web,Tarjeta,56.55,2.0,4.0
Norte,Web,Billetera digital,161.82,3.0,4.0
Sur,App,Tarjeta,157.12,2.0,5.0
Oriente,Web,Billetera digital,131.82,3.0,5.0
Lima,Web,Tarjeta,145.09,2.0,5.0
Centro,Web,Tarjeta,80.3,4.0,
Lima,Web,Tarjeta,53.93,2.0,5.0
Lima,Web,Tarjeta,40.7,1.0,4.0
Lima,App,Tarjeta,75.38,2.0,5.0
Norte,App,Tarjeta,110.35,5.0,5.0
Norte,Web,Contra entrega,82.41,1.0,4.0
Lima,App,Tarjeta,234.94,2.0,4.0
Lima,Web,Tarjeta,249.91,2.0,5.0
Norte,Web,Contra entrega,103.88,2.0,4.0
Norte,App,Tarjeta,314.95,1.0,5.0
Oriente,Web,Contra entrega,129.4,1.0,4.0
Norte,Web,Billetera digital,99.08,2.0,5.0
Lima,Web,Billetera digital,142.28,1.0,4.0
Oriente,App,Contra entrega,95.44,2.0,4.0
Oriente,Web,Contra entrega,163.47,3.0,3.0
Oriente,Web,Contra entrega,49.42,4.0,4.0
Lima,App,Contra entrega,59.07,4.0,5.0
Norte,Web,Tarjeta,137.63,6.0,3.0
Oriente,Web,Contra entrega,263.94,3.0,3.0
Sur,App,Billetera digital,135.3,4.0,
Lima,App,Contra entrega,177.66,2.0,5.0
Lima,App,Billetera digital,148.36,1.0,3.0
Norte,App,Contra entrega,107.16,3.0,3.0
Lima,Web,Billetera digital,320.84,1.0,4.0
Oriente,App,Contra entrega,85.79,3.0,5.0
Lima,App,Tarjeta,57.47,4.0,5.0
Centro,Web,Tarjeta,174.96,4.0,4.0
Lima,App,Billetera digital,267.33,1.0,4.0
Centro,App,Tarjeta,125.95,5.0,4.0
Lima,App,Billetera digital,158.11,1.0,4.0
Lima,Web,Billetera digital,56.4,2.0,5.0
Lima,App,Tarjeta,160.71,1.0,5.0
Sur,Web,Billetera digital,84.84,3.0,3.0
Lima,App,Tarjeta,165.79,4.0,4.0
Lima,App,Tarjeta,279.0,2.0,4.0
Lima,Web,Billetera digital,61.08,1.0,4.0
Norte,Web,Contra entrega,127.69,4.0,
Lima,App,Tarjeta,107.8,3.0,3.0
Lima,App,Billetera digital,174.86,2.0,3.0
Norte,Web,Tarjeta,128.53,4.0,4.0
Sur,App,Contra entrega,64.57,3.0,5.0
Lima,Web,Tarjeta,102.89,3.0,5.0
Lima,Web,Billetera digital,189.9,1.0,4.0
Sur,Web,Contra entrega,33.17,4.0,4.0
Sur,App,Billetera digital,132.23,2.0,5.0
Sur,App,Billetera digital,81.19,5.0,3.0
Centro,App,Contra entrega,68.09,7.0,3.0
Lima,App,Billetera digital,128.19,3.0,3.0
Lima,Web,Billetera digital,48.33,3.0,4.0
Sur,Web,Contra entrega,219.08,2.0,5.0
Norte,Web,Tarjeta,182.45,4.0,3.0
Norte,Web,Billetera digital,80.94,3.0,3.0
Norte,App,Tarjeta,172.19,3.0,3.0
Oriente,Web,Tarjeta,62.68,3.0,4.0
Sur,App,Contra entrega,436.91,3.0,4.0
Lima,App,Tarjeta,50.94,3.0,4.0
Lima,Web,Billetera digital,111.89,1.0,4.0
Norte,Web,Tarjeta,202.28,4.0,3.0
Lima,App,Tarjeta,540.6,1.0,5.0
Norte,App,Contra entrega,178.97,4.0,5.0
Lima,Web,Tarjeta,117.97,1.0,5.0
Sur,App,Billetera digital,43.83,1.0,4.0
Sur,App,Contra entrega,191.12,3.0,4.0
Lima,App,Billetera digital,483.97,2.0,3.0
Sur,Web,Billetera digital,314.19,3.0,4.0
Oriente,App,Billetera digital,153.21,5.0,3.0
Centro,App,Contra entrega,112.83,3.0,4.0
Lima,App,Contra entrega,139.72,2.0,5.0
Lima,App,Billetera digital,71.43,1.0,4.0
Sur,App,Billetera digital,104.17,1.0,4.0
Norte,App,Tarjeta,100.78,2.0,3.0
Lima,App,Billetera digital,119.44,1.0,4.0
Oriente,App,Contra entrega,136.4,12.0,2.0
Centro,Web,Contra entrega,143.49,2.0,4.0
Norte,Web,Contra entrega,174.6,4.0,5.0
Oriente,App,Tarjeta,356.07,4.0,4.0
Centro,App,Contra entrega,64.82,7.0,
Lima,App,Contra entrega,171.5,2.0,5.0
Oriente,App,Contra entrega,89.9,7.0,3.0
Lima,App,Contra entrega,52.56,2.0,4.0
Lima,Web,Contra entrega,200.74,1.0,4.0
Sur,App,Billetera digital,126.29,7.0,4.0
Lima,Web,Contra entrega,66.07,3.0,4.0
Oriente,App,Billetera digital,82.85,7.0,3.0
Sur,App,Billetera digital,48.59,2.0,4.0
Oriente,Web,Contra entrega,137.37,5.0,4.0
Centro,Web,Tarjeta,109.42,3.0,5.0
Lima,Web,Contra entrega,76.97,1.0,5.0
Lima,Web,Billetera digital,280.59,2.0,4.0
Norte,Web,Contra entrega,98.38,3.0,5.0
Lima,App,Tarjeta,236.56,2.0,5.0
Sur,Web,Billetera digital,171.94,1.0,5.0
Lima,Web,Billetera digital,43.43,1.0,4.0
Lima,Web,Tarjeta,155.9,2.0,5.0
Norte,App,Tarjeta,133.71,4.0,2.0
Lima,Web,Tarjeta,197.8,1.0,5.0
Sur,App,Billetera digital,108.13,3.0,
Norte,Web,Contra entrega,98.0,2.0,4.0
Norte,App,Contra entrega,89.63,1.0,5.0
Norte,App,Tarjeta,146.81,3.0,5.0
Norte,App,Tarjeta,49.05,2.0,5.0
Norte,Web,Tarjeta,84.04,4.0,4.0
Norte,Web,Tarjeta,141.21,4.0,3.0
Lima,Web,Tarjeta,101.72,2.0,4.0
Lima,Web,Contra entrega,86.57,3.0,4.0
Lima,Web,Tarjeta,206.54,2.0,3.0
Centro,App,Tarjeta,103.87,4.0,5.0
Oriente,Web,Contra entrega,100.02,7.0,3.0
Oriente,Web,Tarjeta,179.16,3.0,5.0
Oriente,App,Billetera digital,94.67,5.0,5.0
Lima,App,Billetera digital,98.86,2.0,5.0
Lima,Web,Tarjeta,230.59,1.0,4.0
Lima,Web,Tarjeta,102.12,2.0,4.0
Sur,Web,Tarjeta,131.28,3.0,5.0
Lima,Web,Contra entrega,118.47,1.0,5.0
Sur,App,Billetera digital,160.71,5.0,3.0
Lima,App,Billetera digital,271.93,2.0,3.0
Lima,Web,Billetera digital,122.81,4.0,5.0
Centro,App,Contra entrega,29.54,4.0,4.0
Sur,App,Billetera digital,244.67,2.0,3.0
Centro,Web,Billetera digital,81.51,5.0,5.0
Lima,App,Tarjeta,182.61,1.0,5.0
Lima,Web,Billetera digital,239.62,2.0,5.0
Sur,Web,Billetera digital,129.27,3.0,5.0
Lima,Web,Billetera digital,83.89,2.0,3.0
Oriente,App,Tarjeta,177.69,9.0,2.0
Sur,Web,Contra entrega,56.44,2.0,4.0
Sur,Web,Tarjeta,147.29,1.0,4.0
Sur,Web,Tarjeta,175.95,2.0,3.0
Centro,App,Billetera digital,69.85,4.0,5.0
Lima,App,Tarjeta,166.19,2.0,4.0
Lima,App,Billetera digital,149.3,1.0,4.0
Sur,Web,Tarjeta,133.97,5.0,5.0
Lima,Web,Billetera digital,55.68,1.0,4.0
