transaccion_id,tipo_operacion,version_api,datacenter,hora,franja,latencia_ms,error,satisfaccion
T500000,Recarga celular,v1,Lima,2,Normal,175.7,0,5.0
T500001,Consulta de saldo,v1,Lima,9,Pico,428.7,0,4.0
T500002,Transferencia,v2,Arequipa,17,Normal,583.3,0,1.0
T500003,Pago QR,v1,Arequipa,15,Normal,204.7,0,4.0
T500004,Pago de servicios,v2,Lima,22,Normal,450.1,0,4.0
T500005,Pago QR,v2,Arequipa,15,Normal,223.8,0,4.0
T500006,Consulta de saldo,v1,Lima,9,Pico,140.5,0,4.0
T500007,Pago QR,v1,Lima,10,Pico,203.8,0,5.0
T500008,Transferencia,v1,Lima,18,Pico,91.3,0,4.0
T500009,Recarga celular,v2,Arequipa,14,Normal,158.0,0,4.0
T500010,Pago QR,v1,Arequipa,3,Normal,166.6,0,4.0
T500011,Pago de servicios,v2,Trujillo,20,Pico,778.8,0,4.0
T500012,Transferencia,v2,Lima,7,Normal,165.4,0,5.0
T500013,Pago de servicios,v2,Lima,0,Normal,107.1,0,5.0
T500014,Transferencia,v1,Lima,20,Pico,249.9,0,5.0
T500015,Pago de servicios,v1,Arequipa,13,Normal,361.0,0,3.0
T500016,Transferencia,v2,Lima,18,Pico,430.8,0,4.0
T500017,Pago QR,v1,Lima,14,Normal,411.1,0,4.0
T500018,Pago QR,v1,Trujillo,18,Pico,529.5,0,4.0
T500019,Pago QR,v1,Lima,8,Pico,253.5,0,4.0
T500020,Pago QR,v2,Arequipa,23,Normal,191.7,0,5.0
T500021,Recarga celular,v1,Lima,9,Pico,173.3,0,5.0
T500022,Pago QR,v1,Lima,5,Normal,248.5,0,4.0
T500023,Consulta de saldo,v1,Trujillo,3,Normal,50.4,0,5.0
T500024,Pago QR,v1,Lima,16,Normal,140.1,0,5.0
T500025,Transferencia,v1,Trujillo,16,Normal,311.5,0,4.0
T500026,Consulta de saldo,v2,Arequipa,11,Normal,142.3,0,5.0
T500027,Pago QR,v1,Trujillo,1,Normal,200.1,0,5.0
T500028,Consulta de saldo,v1,Lima,12,Normal,198.0,0,5.0
T500029,Recarga celular,v1,Arequipa,6,Normal,168.9,0,5.0
T500030,Recarga celular,v1,Lima,12,Normal,86.6,0,5.0
T500031,Transferencia,v2,Trujillo,21,Pico,621.7,0,3.0
T500032,Pago QR,v1,Lima,14,Normal,139.3,0,5.0
T500033,Transferencia,v2,Lima,12,Normal,184.1,0,4.0
T500034,Transferencia,v1,Lima,12,Normal,388.4,0,4.0
T500035,Recarga celular,v1,Trujillo,7,Normal,202.4,0,4.0
T500036,Pago QR,v1,Trujillo,7,Normal,129.5,0,
T500037,Pago QR,v1,Arequipa,2,Normal,140.5,0,5.0
T500038,Transferencia,v2,Trujillo,7,Normal,246.5,0,4.0
T500039,Transferencia,v1,Lima,4,Normal,277.1,0,3.0
T500040,Transferencia,v2,Arequipa,13,Normal,274.9,0,4.0
T500041,Consulta de saldo,v2,Lima,17,Normal,115.1,0,4.0
T500042,Pago QR,v1,Lima,2,Normal,245.2,0,4.0
T500043,Pago de servicios,v1,Lima,5,Normal,436.4,0,4.0
T500044,Consulta de saldo,v1,Arequipa,20,Pico,144.5,0,5.0
T500045,Consulta de saldo,v1,Lima,12,Normal,90.6,0,4.0
T500046,Pago QR,v1,Lima,11,Normal,223.9,0,4.0
T500047,Pago de servicios,v2,Arequipa,9,Pico,264.4,0,4.0
T500048,Recarga celular,v2,Lima,23,Normal,131.5,0,4.0
T500049,Consulta de saldo,v2,Arequipa,4,Normal,79.0,0,4.0
T500050,Pago de servicios,v1,Lima,7,Normal,92.8,0,5.0
T500051,Pago QR,v2,Trujillo,1,Normal,338.6,0,5.0
T500052,Pago QR,v1,Lima,17,Normal,128.2,0,4.0
T500053,Recarga celular,v2,Arequipa,22,Normal,109.0,0,5.0
T500054,Transferencia,v2,Lima,20,Pico,314.0,0,4.0
T500055,Transferencia,v2,Lima,0,Normal,172.1,0,5.0
T500056,Consulta de saldo,v2,Trujillo,21,Pico,458.3,0,4.0
T500057,Pago de servicios,v2,Arequipa,13,Normal,144.9,0,5.0
T500058,Consulta de saldo,v1,Trujillo,0,Normal,125.8,0,4.0
T500059,Consulta de saldo,v2,Lima,19,Pico,189.9,0,5.0
T500060,Consulta de saldo,v2,Lima,17,Normal,61.6,0,4.0
T500061,Transferencia,v1,Lima,3,Normal,428.5,0,3.0
T500062,Recarga celular,v2,Trujillo,21,Pico,167.2,0,4.0
T500063,Pago QR,v2,Trujillo,12,Normal,132.5,0,5.0
T500064,Pago QR,v1,Lima,17,Normal,242.5,0,3.0
T500065,Transferencia,v1,Trujillo,1,Normal,969.9,0,2.0
T500066,Pago QR,v1,Trujillo,17,Normal,162.1,0,3.0
T500067,Pago de servicios,v2,Trujillo,23,Normal,235.3,0,5.0
T500068,Pago de servicios,v2,Trujillo,20,Pico,564.7,0,4.0
T500069,Transferencia,v2,Lima,12,Normal,167.7,0,5.0
T500070,Transferencia,v1,Lima,12,Normal,316.1,0,4.0
T500071,Pago QR,v1,Arequipa,11,Normal,157.5,0,3.0
T500072,Pago QR,v1,Lima,18,Pico,424.2,0,4.0
T500073,Consulta de saldo,v1,Lima,3,Normal,59.2,0,5.0
T500074,Pago QR,v1,Arequipa,18,Pico,287.8,0,5.0
T500075,Pago QR,v1,Trujillo,6,Normal,273.9,0,4.0
T500076,Recarga celular,v1,Trujillo,19,Pico,211.6,0,5.0
T500077,Transferencia,v2,Lima,15,Normal,252.2,0,4.0
T500078,Transferencia,v2,Trujillo,23,Normal,407.8,0,2.0
T500079,Transferencia,v1,Lima,9,Pico,329.0,0,5.0
T500080,Pago QR,v1,Trujillo,10,Pico,215.5,0,4.0
T500081,Transferencia,v2,Lima,19,Pico,153.9,0,3.0
T500082,Transferencia,v1,Lima,10,Pico,299.9,0,4.0
T500083,Transferencia,v1,Lima,17,Normal,112.5,0,5.0
T500084,Pago QR,v1,Lima,13,Normal,151.6,0,4.0
T500085,Transferencia,v2,Trujillo,4,Normal,423.1,0,4.0
T500086,Consulta de saldo,v2,Trujillo,20,Pico,75.3,0,4.0
T500087,Pago de servicios,v1,Arequipa,13,Normal,363.0,0,4.0
T500088,Pago de servicios,v2,Trujillo,10,Pico,591.0,0,3.0
T500089,Consulta de saldo,v1,Lima,21,Pico,112.2,0,4.0
T500090,Pago de servicios,v2,Trujillo,19,Pico,309.7,0,3.0
T500091,Transferencia,v1,Arequipa,19,Pico,294.6,0,4.0
T500092,Consulta de saldo,v2,Lima,21,Pico,188.9,0,4.0
T500093,Pago de servicios,v2,Trujillo,0,Normal,310.5,0,3.0
T500094,Transferencia,v2,Trujillo,6,Normal,482.0,0,2.0
T500095,Pago QR,v2,Lima,13,Normal,70.6,0,5.0
T500096,Transferencia,v1,Trujillo,12,Normal,176.2,0,5.0
T500097,Consulta de saldo,v2,Lima,10,Pico,74.6,0,5.0
T500098,Transferencia,v1,Arequipa,7,Normal,433.5,0,5.0
T500099,Consulta de saldo,v1,Trujillo,14,Normal,103.0,0,5.0
T500100,Pago QR,v2,Arequipa,1,Normal,238.3,0,5.0
T500101,Recarga celular,v2,Trujillo,10,Pico,165.4,0,5.0
T500102,Transferencia,v1,Lima,10,Pico,593.0,0,3.0
T500103,Recarga celular,v1,Lima,10,Pico,287.7,0,4.0
T500104,Consulta de saldo,v2,Arequipa,6,Normal,51.5,0,5.0
T500105,Recarga celular,v1,Trujillo,4,Normal,128.1,0,4.0
T500106,Consulta de saldo,v1,Trujillo,20,Pico,94.2,0,3.0
T500107,Pago de servicios,v2,Arequipa,8,Pico,317.4,0,4.0
T500108,Pago de servicios,v1,Arequipa,23,Normal,474.8,0,4.0
T500109,Recarga celular,v2,Lima,22,Normal,130.0,0,4.0
T500110,Transferencia,v2,Lima,16,Normal,143.8,0,5.0
T500111,Recarga celular,v1,Arequipa,15,Normal,262.5,0,3.0
T500112,Pago QR,v2,Trujillo,20,Pico,234.4,0,5.0
T500113,Pago QR,v1,Lima,20,Pico,240.3,0,3.0
T500114,Recarga celular,v1,Trujillo,20,Pico,167.3,0,
T500115,Consulta de saldo,v1,Arequipa,13,Normal,96.1,0,5.0
T500116,Transferencia,v2,Arequipa,19,Pico,213.6,0,
T500117,Pago de servicios,v2,Trujillo,16,Normal,489.0,1,3.0
T500118,Pago QR,v1,Arequipa,20,Pico,257.1,0,4.0
T500119,Consulta de saldo,v2,Trujillo,11,Normal,142.4,0,4.0
T500120,Transferencia,v2,Lima,2,Normal,374.7,0,4.0
T500121,Pago QR,v2,Trujillo,7,Normal,265.3,0,4.0
T500122,Consulta de saldo,v1,Lima,8,Pico,230.5,0,4.0
T500123,Recarga celular,v2,Lima,0,Normal,151.1,0,5.0
T500124,Pago QR,v1,Lima,16,Normal,128.3,0,4.0
T500125,Pago QR,v2,Trujillo,23,Normal,344.7,0,4.0
T500126,Recarga celular,v1,Arequipa,21,Pico,214.7,0,4.0
T500127,Pago QR,v1,Lima,3,Normal,140.3,0,4.0
T500128,Pago QR,v1,Lima,15,Normal,149.3,0,4.0
T500129,Pago QR,v1,Trujillo,19,Pico,300.2,0,4.0
T500130,Consulta de saldo,v1,Trujillo,6,Normal,101.1,0,4.0
T500131,Recarga celular,v2,Arequipa,6,Normal,154.5,0,5.0
T500132,Pago QR,v2,Arequipa,18,Pico,149.7,0,5.0
T500133,Consulta de saldo,v1,Arequipa,6,Normal,71.2,0,5.0
T500134,Pago QR,v2,Trujillo,23,Normal,207.6,0,5.0
T500135,Pago QR,v1,Lima,13,Normal,182.1,0,5.0
T500136,Recarga celular,v2,Trujillo,15,Normal,163.2,0,4.0
T500137,Recarga celular,v1,Lima,17,Normal,269.3,0,4.0
T500138,Recarga celular,v2,Lima,14,Normal,201.2,0,5.0
T500139,Transferencia,v2,Lima,10,Pico,211.9,0,3.0
T500140,Pago de servicios,v2,Trujillo,3,Normal,278.7,0,3.0
T500141,Consulta de saldo,v1,Trujillo,11,Normal,94.3,0,4.0
T500142,Consulta de saldo,v2,Arequipa,11,Normal,78.5,0,4.0
T500143,Consulta de saldo,v1,Arequipa,14,Normal,81.7,0,4.0
T500144,Pago de servicios,v2,Arequipa,21,Pico,544.6,0,3.0
T500145,Pago QR,v1,Arequipa,1,Normal,199.2,0,3.0
T500146,Pago de servicios,v1,Lima,20,Pico,225.4,0,4.0
T500147,Pago de servicios,v2,Arequipa,18,Pico,801.6,0,4.0
T500148,Recarga celular,v1,Lima,9,Pico,72.2,0,5.0
T500149,Transferencia,v1,Trujillo,11,Normal,291.1,0,3.0
T500150,Recarga celular,v1,Lima,11,Normal,163.4,1,3.0
T500151,Pago de servicios,v1,Lima,21,Pico,828.6,0,4.0
T500152,Recarga celular,v2,Lima,8,Pico,268.7,0,4.0
T500153,Pago de servicios,v1,Lima,1,Normal,195.3,0,4.0
T500154,Transferencia,v2,Lima,7,Normal,324.2,0,4.0
T500155,Pago de servicios,v2,Trujillo,20,Pico,555.9,0,3.0
T500156,Transferencia,v1,Lima,16,Normal,157.3,0,4.0
T500157,Transferencia,v1,Trujillo,0,Normal,614.0,0,3.0
T500158,Consulta de saldo,v2,Lima,5,Normal,277.9,0,4.0
T500159,Recarga celular,v1,Arequipa,0,Normal,133.6,0,5.0
T500160,Recarga celular,v1,Lima,12,Normal,152.7,0,5.0
T500161,Consulta de saldo,v1,Arequipa,1,Normal,121.6,0,4.0
T500162,Transferencia,v1,Arequipa,22,Normal,209.1,0,4.0
T500163,Transferencia,v1,Trujillo,8,Pico,331.4,0,4.0
T500164,Pago QR,v1,Arequipa,3,Normal,164.2,0,4.0
T500165,Consulta de saldo,v2,Arequipa,2,Normal,50.9,0,5.0
T500166,Pago QR,v1,Lima,18,Pico,466.9,1,2.0
T500167,Consulta de saldo,v1,Lima,10,Pico,118.9,0,5.0
T500168,Pago de servicios,v2,Lima,10,Pico,321.9,0,5.0
T500169,Pago de servicios,v1,Arequipa,11,Normal,371.5,0,3.0
T500170,Consulta de saldo,v1,Trujillo,22,Normal,39.0,0,4.0
T500171,Transferencia,v2,Lima,22,Normal,316.6,0,5.0
T500172,Pago QR,v1,Trujillo,1,Normal,319.4,0,4.0
T500173,Pago de servicios,v2,Lima,6,Normal,,0,3.0
T500174,Consulta de saldo,v2,Lima,22,Normal,148.7,0,4.0
T500175,Consulta de saldo,v2,Arequipa,14,Normal,132.0,0,4.0
T500176,Transferencia,v2,Lima,1,Normal,321.9,0,4.0
T500177,Recarga celular,v2,Lima,16,Normal,113.5,0,4.0
T500178,Consulta de saldo,v2,Lima,7,Normal,73.7,0,5.0
T500179,Recarga celular,v2,Arequipa,4,Normal,260.2,0,5.0
T500180,Pago de servicios,v1,Trujillo,13,Normal,727.2,0,3.0
T500181,Consulta de saldo,v1,Lima,3,Normal,111.5,0,4.0
T500182,Transferencia,v2,Lima,16,Normal,145.4,0,5.0
T500183,Pago de servicios,v1,Lima,1,Normal,161.2,0,4.0
T500184,Consulta de saldo,v1,Arequipa,4,Normal,93.1,0,5.0
T500185,Transferencia,v2,Lima,6,Normal,203.7,0,5.0
T500186,Pago QR,v2,Arequipa,7,Normal,269.5,0,5.0
T500187,Transferencia,v2,Trujillo,10,Pico,193.5,0,4.0
T500188,Pago QR,v2,Trujillo,4,Normal,214.2,0,4.0
T500189,Consulta de saldo,v1,Arequipa,19,Pico,186.5,0,4.0
T500190,Pago de servicios,v1,Lima,22,Normal,466.1,0,5.0
T500191,Pago de servicios,v2,Arequipa,13,Normal,407.8,0,4.0
T500192,Pago QR,v2,Arequipa,10,Pico,484.8,0,2.0
T500193,Transferencia,v1,Lima,3,Normal,130.6,0,5.0
T500194,Pago QR,v1,Arequipa,14,Normal,154.9,0,4.0
T500195,Consulta de saldo,v1,Arequipa,1,Normal,171.5,0,5.0
T500196,Consulta de saldo,v2,Lima,2,Normal,136.7,0,5.0
T500197,Pago QR,v1,Arequipa,12,Normal,199.9,0,4.0
T500198,Transferencia,v2,Lima,1,Normal,282.1,0,4.0
T500199,Transferencia,v2,Arequipa,14,Normal,472.4,0,4.0
T500200,Transferencia,v2,Lima,18,Pico,334.8,0,5.0
T500201,Recarga celular,v2,Lima,8,Pico,204.2,0,5.0
T500202,Transferencia,v2,Lima,9,Pico,224.8,0,4.0
T500203,Recarga celular,v1,Lima,0,Normal,155.9,0,5.0
T500204,Recarga celular,v2,Trujillo,8,Pico,134.5,0,5.0
T500205,Transferencia,v2,Lima,3,Normal,617.5,0,4.0
T500206,Pago QR,v2,Lima,0,Normal,191.3,0,4.0
T500207,Recarga celular,v1,Lima,23,Normal,119.3,0,5.0
T500208,Recarga celular,v1,Lima,10,Pico,262.7,0,4.0
T500209,Pago de servicios,v1,Arequipa,5,Normal,734.6,0,2.0
T500210,Recarga celular,v1,Trujillo,15,Normal,99.6,0,5.0
T500211,Consulta de saldo,v1,Arequipa,13,Normal,140.5,0,5.0
T500212,Pago QR,v1,Lima,13,Normal,341.7,0,3.0
T500213,Pago de servicios,v2,Lima,23,Normal,152.8,0,4.0
T500214,Pago QR,v1,Lima,10,Pico,329.6,0,3.0
T500215,Pago de servicios,v2,Lima,10,Pico,216.6,0,4.0
T500216,Pago de servicios,v2,Lima,8,Pico,396.8,0,4.0
T500217,Pago de servicios,v2,Lima,23,Normal,336.4,0,3.0
T500218,Pago de servicios,v2,Lima,19,Pico,148.8,0,5.0
T500219,Consulta de saldo,v1,Trujillo,20,Pico,106.6,0,5.0
T500220,Pago QR,v2,Lima,17,Normal,129.5,0,4.0
T500221,Recarga celular,v1,Arequipa,14,Normal,365.3,0,3.0
T500222,Consulta de saldo,v2,Lima,2,Normal,103.8,0,5.0
T500223,Pago de servicios,v2,Trujillo,23,Normal,392.8,0,5.0
T500224,Pago de servicios,v2,Lima,12,Normal,260.1,0,4.0
T500225,Pago de servicios,v1,Lima,15,Normal,553.2,0,3.0
T500226,Pago QR,v1,Lima,3,Normal,139.8,0,4.0
T500227,Consulta de saldo,v2,Lima,17,Normal,324.9,0,5.0
T500228,Pago de servicios,v1,Lima,13,Normal,124.9,1,3.0
T500229,Transferencia,v2,Trujillo,21,Pico,283.6,0,4.0
T500230,Consulta de saldo,v2,Lima,18,Pico,70.7,0,
T500231,Transferencia,v2,Arequipa,4,Normal,335.0,0,4.0
T500232,Pago QR,v1,Trujillo,23,Normal,103.1,0,4.0
T500233,Transferencia,v2,Trujillo,8,Pico,225.1,0,5.0
T500234,Pago de servicios,v1,Lima,20,Pico,422.3,0,3.0
T500235,Recarga celular,v2,Lima,7,Normal,142.4,0,4.0
T500236,Consulta de saldo,v2,Lima,3,Normal,184.2,0,4.0
T500237,Recarga celular,v1,Trujillo,4,Normal,75.3,0,4.0
T500238,Pago QR,v1,Lima,8,Pico,237.6,0,4.0
T500239,Recarga celular,v2,Arequipa,16,Normal,159.1,0,4.0
T500240,Pago QR,v1,Lima,22,Normal,386.4,0,4.0
T500241,Pago de servicios,v1,Trujillo,22,Normal,463.3,0,4.0
T500242,Transferencia,v1,Lima,13,Normal,271.9,0,3.0
T500243,Recarga celular,v2,Arequipa,18,Pico,170.2,0,5.0
T500244,Pago QR,v1,Lima,22,Normal,142.2,0,5.0
T500245,Transferencia,v1,Lima,17,Normal,229.6,0,5.0
T500246,Transferencia,v1,Trujillo,20,Pico,385.6,0,4.0
T500247,Pago QR,v2,Trujillo,19,Pico,114.5,0,5.0
T500248,Pago QR,v2,Arequipa,7,Normal,126.5,0,5.0
T500249,Pago QR,v2,Arequipa,12,Normal,137.6,0,4.0
T500250,Pago de servicios,v2,Lima,15,Normal,482.0,0,3.0
T500251,Recarga celular,v1,Lima,19,Pico,150.2,0,5.0
T500252,Transferencia,v1,Lima,18,Pico,258.0,0,4.0
T500253,Pago QR,v1,Lima,18,Pico,307.1,0,3.0
T500254,Transferencia,v2,Trujillo,18,Pico,407.6,0,3.0
T500255,Pago de servicios,v2,Trujillo,15,Normal,308.4,0,3.0
T500256,Recarga celular,v1,Trujillo,4,Normal,260.8,0,5.0
T500257,Consulta de saldo,v1,Arequipa,0,Normal,72.7,0,5.0
T500258,Consulta de saldo,v2,Arequipa,5,Normal,142.1,0,5.0
T500259,Pago de servicios,v2,Lima,0,Normal,305.1,0,4.0
T500260,Recarga celular,v2,Lima,7,Normal,132.3,0,3.0
T500261,Pago QR,v1,Lima,8,Pico,235.8,0,5.0
T500262,Recarga celular,v2,Trujillo,9,Pico,168.0,0,3.0
T500263,Recarga celular,v2,Arequipa,18,Pico,280.3,0,4.0
T500264,Consulta de saldo,v2,Trujillo,18,Pico,234.6,0,3.0
T500265,Transferencia,v2,Lima,16,Normal,276.0,0,5.0
T500266,Pago de servicios,v1,Arequipa,17,Normal,1018.0,0,2.0
T500267,Recarga celular,v1,Arequipa,23,Normal,92.0,0,5.0
T500268,Recarga celular,v2,Arequipa,6,Normal,121.4,0,5.0
T500269,Consulta de saldo,v2,Trujillo,19,Pico,152.9,0,4.0
T500270,Consulta de saldo,v2,Arequipa,12,Normal,96.8,0,5.0
T500271,Transferencia,v1,Lima,10,Pico,814.1,0,3.0
T500272,Recarga celular,v1,Arequipa,19,Pico,275.8,0,4.0
T500273,Pago de servicios,v1,Lima,9,Pico,220.9,0,4.0
T500274,Transferencia,v2,Trujillo,13,Normal,67.6,0,5.0
T500275,Consulta de saldo,v1,Trujillo,11,Normal,159.7,0,5.0
T500276,Recarga celular,v2,Lima,2,Normal,155.2,0,3.0
T500277,Pago de servicios,v2,Lima,3,Normal,299.5,0,3.0
T500278,Recarga celular,v2,Trujillo,21,Pico,245.3,0,4.0
T500279,Transferencia,v1,Lima,0,Normal,292.0,0,5.0
T500280,Pago QR,v2,Lima,2,Normal,174.9,0,4.0
T500281,Pago QR,v1,Trujillo,1,Normal,88.9,0,5.0
T500282,Pago de servicios,v1,Lima,3,Normal,271.7,0,3.0
T500283,Transferencia,v2,Lima,8,Pico,466.1,0,4.0
T500284,Recarga celular,v1,Arequipa,5,Normal,266.4,0,4.0
T500285,Pago QR,v1,Lima,20,Pico,119.4,0,4.0
T500286,Transferencia,v1,Lima,18,Pico,407.9,0,4.0
T500287,Recarga celular,v2,Lima,8,Pico,247.7,0,
T500288,Transferencia,v2,Lima,7,Normal,217.1,0,5.0
T500289,Transferencia,v1,Lima,10,Pico,268.3,0,5.0
T500290,Pago de servicios,v2,Lima,2,Normal,300.2,0,4.0
T500291,Transferencia,v1,Lima,10,Pico,126.6,0,3.0
T500292,Consulta de saldo,v1,Trujillo,1,Normal,118.6,0,4.0
T500293,Consulta de saldo,v1,Lima,11,Normal,66.0,0,4.0
T500294,Consulta de saldo,v1,Trujillo,4,Normal,43.1,0,4.0
T500295,Pago QR,v2,Arequipa,18,Pico,293.0,0,4.0
T500296,Transferencia,v1,Lima,4,Normal,433.8,0,4.0
T500297,Consulta de saldo,v1,Lima,6,Normal,97.1,0,4.0
T500298,Transferencia,v2,Lima,19,Pico,101.5,0,5.0
T500299,Consulta de saldo,v2,Lima,22,Normal,46.3,0,5.0
T500300,Pago de servicios,v1,Lima,21,Pico,266.6,0,4.0
T500301,Pago QR,v1,Lima,7,Normal,211.2,0,4.0
T500302,Transferencia,v1,Lima,3,Normal,261.0,0,4.0
T500303,Recarga celular,v2,Lima,23,Normal,166.6,0,3.0
T500304,Consulta de saldo,v1,Trujillo,9,Pico,,0,5.0
T500305,Consulta de saldo,v2,Lima,10,Pico,91.0,0,3.0
T500306,Pago QR,v1,Arequipa,10,Pico,240.5,0,4.0
T500307,Pago QR,v2,Lima,7,Normal,122.7,0,2.0
T500308,Consulta de saldo,v2,Lima,15,Normal,68.6,0,5.0
T500309,Transferencia,v2,Trujillo,20,Pico,537.9,0,3.0
T500310,Pago de servicios,v2,Trujillo,4,Normal,287.2,0,5.0
T500311,Consulta de saldo,v1,Trujillo,12,Normal,141.7,0,4.0
T500312,Recarga celular,v2,Trujillo,23,Normal,184.9,0,4.0
T500313,Recarga celular,v1,Lima,0,Normal,344.0,0,4.0
T500314,Consulta de saldo,v2,Lima,2,Normal,140.4,0,5.0
T500315,Transferencia,v1,Trujillo,8,Pico,216.5,0,4.0
T500316,Transferencia,v2,Lima,10,Pico,289.4,0,4.0
T500317,Pago QR,v1,Lima,22,Normal,,0,3.0
T500318,Pago QR,v2,Arequipa,15,Normal,229.0,0,5.0
T500319,Pago QR,v1,Trujillo,6,Normal,150.9,0,4.0
T500320,Transferencia,v2,Lima,15,Normal,201.5,0,4.0
T500321,Consulta de saldo,v2,Lima,12,Normal,74.1,0,5.0
T500322,Recarga celular,v1,Lima,19,Pico,249.7,0,4.0
T500323,Pago QR,v2,Arequipa,22,Normal,302.7,0,3.0
T500324,Transferencia,v1,Lima,12,Normal,215.7,0,4.0
T500325,Pago QR,v2,Lima,0,Normal,286.0,0,3.0
T500326,Consulta de saldo,v1,Trujillo,20,Pico,77.2,0,4.0
T500327,Pago de servicios,v2,Lima,1,Normal,212.6,0,5.0
T500328,Pago QR,v1,Arequipa,14,Normal,174.0,0,5.0
T500329,Transferencia,v2,Lima,22,Normal,265.5,0,4.0
T500330,Pago de servicios,v1,Lima,20,Pico,325.8,0,5.0
T500331,Pago de servicios,v2,Trujillo,5,Normal,574.1,0,3.0
T500332,Pago QR,v1,Lima,18,Pico,198.7,0,5.0
T500333,Transferencia,v2,Lima,6,Normal,171.8,0,4.0
T500334,Pago de servicios,v2,Trujillo,4,Normal,529.4,0,4.0
T500335,Pago de servicios,v2,Lima,20,Pico,201.1,0,5.0
T500336,Transferencia,v1,Lima,4,Normal,279.0,0,5.0
T500337,Consulta de saldo,v2,Arequipa,22,Normal,127.1,0,5.0
T500338,Consulta de saldo,v2,Trujillo,15,Normal,88.3,0,4.0
T500339,Consulta de saldo,v1,Lima,16,Normal,123.5,0,4.0
T500340,Transferencia,v1,Lima,0,Normal,456.5,0,3.0
T500341,Transferencia,v2,Arequipa,7,Normal,493.2,0,4.0
T500342,Recarga celular,v1,Lima,17,Normal,265.4,0,4.0
T500343,Transferencia,v1,Trujillo,3,Normal,461.5,1,2.0
T500344,Pago QR,v1,Arequipa,14,Normal,196.1,0,5.0
T500345,Consulta de saldo,v1,Lima,19,Pico,115.5,0,4.0
T500346,Recarga celular,v1,Trujillo,13,Normal,46.3,0,5.0
T500347,Transferencia,v1,Trujillo,3,Normal,389.2,0,3.0
T500348,Recarga celular,v2,Lima,23,Normal,275.4,0,3.0
T500349,Consulta de saldo,v2,Arequipa,9,Pico,237.7,0,4.0
T500350,Pago QR,v2,Lima,3,Normal,288.7,0,4.0
T500351,Consulta de saldo,v1,Arequipa,11,Normal,116.3,0,4.0
T500352,Consulta de saldo,v1,Lima,13,Normal,79.9,0,4.0
T500353,Recarga celular,v2,Trujillo,9,Pico,105.6,0,4.0
T500354,Pago QR,v2,Lima,5,Normal,130.3,0,4.0
T500355,Recarga celular,v2,Trujillo,12,Normal,48.3,0,4.0
T500356,Consulta de saldo,v1,Trujillo,12,Normal,91.5,0,5.0
T500357,Consulta de saldo,v1,Trujillo,17,Normal,84.9,0,4.0
T500358,Recarga celular,v1,Lima,5,Normal,231.5,0,4.0
T500359,Consulta de saldo,v1,Arequipa,12,Normal,101.0,0,4.0
T500360,Transferencia,v2,Lima,22,Normal,119.2,0,4.0
T500361,Transferencia,v2,Lima,12,Normal,269.4,0,5.0
T500362,Pago de servicios,v2,Trujillo,6,Normal,516.2,0,4.0
T500363,Transferencia,v2,Arequipa,1,Normal,232.6,0,4.0
T500364,Transferencia,v2,Trujillo,22,Normal,371.0,0,4.0
T500365,Transferencia,v1,Trujillo,22,Normal,579.3,0,4.0
T500366,Recarga celular,v1,Lima,22,Normal,225.4,0,5.0
T500367,Consulta de saldo,v1,Arequipa,0,Normal,97.3,0,4.0
T500368,Consulta de saldo,v1,Trujillo,4,Normal,70.3,0,5.0
T500369,Pago QR,v2,Lima,5,Normal,121.2,0,4.0
T500370,Pago de servicios,v1,Lima,10,Pico,520.7,0,4.0
T500371,Pago QR,v2,Arequipa,1,Normal,130.8,0,4.0
T500372,Recarga celular,v1,Lima,1,Normal,186.9,0,4.0
T500373,Pago de servicios,v1,Lima,2,Normal,146.5,0,3.0
T500374,Pago QR,v1,Lima,19,Pico,358.3,0,4.0
T500375,Recarga celular,v2,Lima,23,Normal,100.3,0,5.0
T500376,Pago QR,v2,Arequipa,19,Pico,263.8,0,5.0
T500377,Pago QR,v1,Lima,14,Normal,89.6,0,4.0
T500378,Recarga celular,v2,Arequipa,17,Normal,423.1,0,3.0
T500379,Transferencia,v2,Trujillo,16,Normal,406.1,0,3.0
T500380,Consulta de saldo,v1,Trujillo,3,Normal,84.1,0,4.0
T500381,Pago QR,v2,Arequipa,7,Normal,209.9,0,5.0
T500382,Pago QR,v1,Arequipa,17,Normal,165.1,0,5.0
T500383,Pago QR,v2,Arequipa,16,Normal,115.9,0,4.0
T500384,Recarga celular,v1,Arequipa,9,Pico,235.6,0,4.0
T500385,Transferencia,v1,Lima,8,Pico,137.8,0,5.0
T500386,Pago QR,v1,Lima,12,Normal,286.2,0,4.0
T500387,Transferencia,v2,Lima,20,Pico,313.7,0,5.0
T500388,Pago de servicios,v1,Lima,8,Pico,376.1,0,4.0
T500389,Transferencia,v1,Lima,18,Pico,229.2,0,5.0
T500390,Consulta de saldo,v1,Trujillo,18,Pico,232.5,0,5.0
T500391,Pago QR,v2,Lima,8,Pico,408.1,0,4.0
T500392,Transferencia,v1,Arequipa,17,Normal,299.2,1,3.0
T500393,Pago QR,v1,Lima,15,Normal,155.1,0,4.0
T500394,Recarga celular,v1,Lima,0,Normal,114.2,0,5.0
T500395,Transferencia,v1,Trujillo,17,Normal,284.5,0,4.0
T500396,Transferencia,v2,Lima,13,Normal,112.5,0,5.0
T500397,Pago de servicios,v2,Arequipa,15,Normal,389.1,0,4.0
T500398,Transferencia,v1,Lima,11,Normal,170.9,0,5.0
T500399,Pago de servicios,v1,Lima,14,Normal,979.3,0,3.0
T500400,Consulta de saldo,v1,Lima,9,Pico,83.9,0,4.0
T500401,Recarga celular,v1,Trujillo,6,Normal,125.7,0,4.0
T500402,Consulta de saldo,v2,Trujillo,1,Normal,223.1,0,4.0
T500403,Transferencia,v2,Lima,5,Normal,281.1,0,5.0
T500404,Pago QR,v1,Lima,0,Normal,152.2,0,5.0
T500405,Transferencia,v1,Arequipa,13,Normal,115.7,0,5.0
T500406,Recarga celular,v1,Trujillo,18,Pico,289.0,0,5.0
T500407,Pago de servicios,v1,Arequipa,0,Normal,438.3,0,3.0
T500408,Pago QR,v2,Arequipa,13,Normal,145.6,0,4.0
T500409,Consulta de saldo,v2,Arequipa,19,Pico,186.0,0,4.0
T500410,Transferencia,v2,Arequipa,17,Normal,342.3,0,4.0
T500411,Pago QR,v1,Lima,22,Normal,66.8,0,5.0
T500412,Pago de servicios,v2,Lima,14,Normal,241.4,0,4.0
T500413,Pago de servicios,v1,Lima,0,Normal,634.4,0,4.0
T500414,Pago QR,v1,Trujillo,0,Normal,179.2,0,3.0
T500415,Pago QR,v1,Lima,20,Pico,182.3,0,5.0
T500416,Pago de servicios,v1,Arequipa,17,Normal,586.1,1,3.0
T500417,Transferencia,v2,Lima,5,Normal,408.8,0,4.0
T500418,Recarga celular,v2,Arequipa,0,Normal,130.1,0,3.0
T500419,Consulta de saldo,v2,Lima,16,Normal,87.4,0,5.0
T500420,Consulta de saldo,v2,Trujillo,10,Pico,79.8,0,4.0
T500421,Recarga celular,v2,Lima,14,Normal,206.0,0,4.0
T500422,Recarga celular,v2,Trujillo,15,Normal,147.2,0,4.0
T500423,Transferencia,v1,Arequipa,10,Pico,150.2,1,4.0
T500424,Recarga celular,v1,Lima,20,Pico,116.0,0,5.0
T500425,Transferencia,v1,Lima,1,Normal,449.3,0,4.0
T500426,Recarga celular,v1,Lima,10,Pico,146.5,0,4.0
T500427,Recarga celular,v1,Lima,4,Normal,363.6,0,3.0
T500428,Consulta de saldo,v1,Lima,21,Pico,115.5,0,5.0
T500429,Consulta de saldo,v2,Trujillo,20,Pico,136.0,0,4.0
T500430,Pago QR,v2,Trujillo,23,Normal,76.3,0,4.0
T500431,Transferencia,v1,Arequipa,18,Pico,347.3,0,5.0
T500432,Transferencia,v2,Lima,21,Pico,240.2,0,5.0
T500433,Consulta de saldo,v1,Trujillo,9,Pico,73.6,0,5.0
T500434,Recarga celular,v2,Trujillo,5,Normal,149.0,0,5.0
T500435,Transferencia,v2,Lima,3,Normal,437.7,0,4.0
T500436,Pago QR,v1,Trujillo,19,Pico,214.6,0,5.0
T500437,Pago QR,v2,Lima,18,Pico,196.4,0,4.0
T500438,Pago de servicios,v1,Arequipa,9,Pico,342.7,0,5.0
T500439,Transferencia,v2,Trujillo,8,Pico,732.5,0,4.0
T500440,Consulta de saldo,v1,Lima,11,Normal,173.5,0,5.0
T500441,Transferencia,v1,Lima,7,Normal,211.7,0,3.0
T500442,Pago de servicios,v1,Arequipa,18,Pico,349.2,1,3.0
T500443,Transferencia,v1,Lima,18,Pico,744.5,0,3.0
T500444,Recarga celular,v2,Arequipa,5,Normal,194.0,0,4.0
T500445,Consulta de saldo,v1,Lima,15,Normal,150.8,0,4.0
T500446,Pago QR,v2,Lima,6,Normal,174.4,0,5.0
T500447,Consulta de saldo,v2,Lima,10,Pico,190.4,0,4.0
T500448,Recarga celular,v1,Arequipa,2,Normal,245.6,0,4.0
T500449,Transferencia,v1,Trujillo,8,Pico,370.9,0,4.0
T500450,Pago de servicios,v1,Trujillo,14,Normal,526.4,0,4.0
T500451,Pago QR,v2,Arequipa,14,Normal,177.4,0,4.0
T500452,Transferencia,v2,Arequipa,12,Normal,237.1,0,5.0
T500453,Consulta de saldo,v2,Arequipa,8,Pico,134.8,0,4.0
T500454,Pago de servicios,v1,Trujillo,4,Normal,186.0,0,4.0
T500455,Pago de servicios,v2,Arequipa,11,Normal,233.5,0,3.0
T500456,Recarga celular,v1,Trujillo,18,Pico,246.8,0,5.0
T500457,Transferencia,v2,Lima,4,Normal,232.0,0,4.0
T500458,Pago QR,v1,Trujillo,15,Normal,301.7,0,3.0
T500459,Transferencia,v1,Trujillo,7,Normal,461.0,0,
T500460,Pago QR,v2,Lima,18,Pico,275.7,0,5.0
T500461,Recarga celular,v2,Lima,14,Normal,190.0,0,4.0
T500462,Recarga celular,v2,Lima,15,Normal,151.9,0,4.0
T500463,Pago de servicios,v2,Trujillo,17,Normal,96.9,0,5.0
T500464,Consulta de saldo,v1,Arequipa,1,Normal,160.6,0,4.0
T500465,Pago de servicios,v1,Trujillo,7,Normal,367.3,0,4.0
T500466,Consulta de saldo,v1,Arequipa,8,Pico,130.4,0,5.0
T500467,Pago QR,v2,Arequipa,5,Normal,280.6,0,5.0
T500468,Transferencia,v1,Lima,7,Normal,283.4,0,4.0
T500469,Recarga celular,v1,Lima,15,Normal,263.5,0,4.0
T500470,Pago QR,v2,Trujillo,12,Normal,170.1,0,5.0
T500471,Pago QR,v2,Trujillo,2,Normal,197.9,0,4.0
T500472,Transferencia,v2,Lima,23,Normal,298.9,0,4.0
T500473,Consulta de saldo,v1,Lima,7,Normal,63.6,0,5.0
T500474,Consulta de saldo,v2,Lima,6,Normal,77.5,0,4.0
T500475,Transferencia,v1,Trujillo,9,Pico,261.3,0,4.0
T500476,Transferencia,v1,Lima,9,Pico,358.1,0,4.0
T500477,Recarga celular,v2,Arequipa,18,Pico,164.8,0,3.0
T500478,Transferencia,v1,Arequipa,2,Normal,112.0,0,4.0
T500479,Pago de servicios,v1,Arequipa,9,Pico,529.7,0,2.0
T500480,Recarga celular,v2,Arequipa,22,Normal,179.5,0,4.0
T500481,Pago QR,v1,Lima,22,Normal,151.1,0,4.0
T500482,Transferencia,v2,Lima,11,Normal,421.2,0,3.0
T500483,Consulta de saldo,v1,Trujillo,20,Pico,92.9,0,5.0
T500484,Pago QR,v2,Lima,14,Normal,211.0,0,4.0
T500485,Consulta de saldo,v2,Lima,10,Pico,122.1,0,4.0
T500486,Pago QR,v2,Lima,13,Normal,136.3,0,4.0
T500487,Transferencia,v1,Lima,10,Pico,821.4,0,3.0
T500488,Pago QR,v2,Arequipa,4,Normal,124.3,0,5.0
T500489,Recarga celular,v2,Arequipa,14,Normal,138.6,0,4.0
T500490,Consulta de saldo,v1,Lima,22,Normal,108.3,0,5.0
T500491,Pago de servicios,v1,Arequipa,19,Pico,437.1,0,3.0
T500492,Transferencia,v1,Lima,23,Normal,249.3,0,4.0
T500493,Consulta de saldo,v1,Arequipa,4,Normal,188.4,0,4.0
T500494,Consulta de saldo,v2,Lima,21,Pico,227.0,0,4.0
T500495,Recarga celular,v2,Lima,9,Pico,123.7,0,4.0
T500496,Transferencia,v2,Arequipa,13,Normal,246.0,0,5.0
T500497,Consulta de saldo,v2,Arequipa,13,Normal,97.5,0,4.0
T500498,Transferencia,v2,Arequipa,8,Pico,440.2,0,4.0
T500499,Pago de servicios,v2,Lima,16,Normal,241.1,0,4.0
T500500,Transferencia,v2,Lima,6,Normal,479.4,0,4.0
T500501,Pago de servicios,v1,Lima,16,Normal,414.8,0,4.0
T500502,Recarga celular,v2,Lima,7,Normal,182.1,0,4.0
T500503,Pago de servicios,v1,Arequipa,6,Normal,370.2,0,4.0
T500504,Transferencia,v1,Trujillo,13,Normal,614.3,0,2.0
T500505,Consulta de saldo,v1,Arequipa,9,Pico,93.8,0,3.0
T500506,Pago QR,v1,Lima,15,Normal,86.3,0,4.0
T500507,Pago de servicios,v2,Lima,4,Normal,139.8,0,4.0
T500508,Recarga celular,v2,Lima,23,Normal,164.5,0,5.0
T500509,Transferencia,v2,Lima,5,Normal,143.1,0,4.0
T500510,Pago de servicios,v1,Arequipa,14,Normal,376.1,0,5.0
T500511,Transferencia,v1,Trujillo,7,Normal,158.8,1,4.0
T500512,Pago QR,v1,Trujillo,7,Normal,131.7,0,5.0
T500513,Pago QR,v2,Arequipa,10,Pico,259.3,0,4.0
T500514,Pago QR,v1,Trujillo,21,Pico,273.4,0,4.0
T500515,Pago QR,v2,Lima,13,Normal,158.3,0,5.0
T500516,Recarga celular,v2,Trujillo,23,Normal,80.0,0,4.0
T500517,Transferencia,v2,Arequipa,1,Normal,184.6,0,3.0
T500518,Consulta de saldo,v2,Arequipa,21,Pico,157.6,0,3.0
T500519,Transferencia,v1,Arequipa,13,Normal,159.8,0,4.0
T500520,Transferencia,v2,Trujillo,10,Pico,333.4,0,4.0
T500521,Consulta de saldo,v1,Lima,8,Pico,59.0,0,5.0
T500522,Consulta de saldo,v1,Arequipa,18,Pico,105.3,0,5.0
T500523,Pago QR,v2,Lima,10,Pico,96.7,0,5.0
T500524,Pago QR,v2,Arequipa,23,Normal,174.6,0,5.0
T500525,Pago QR,v2,Trujillo,19,Pico,501.9,0,4.0
T500526,Pago de servicios,v1,Trujillo,14,Normal,623.8,0,4.0
T500527,Pago QR,v2,Lima,1,Normal,259.9,0,4.0
T500528,Pago de servicios,v2,Trujillo,5,Normal,188.9,0,4.0
T500529,Pago QR,v1,Trujillo,6,Normal,230.3,0,5.0
T500530,Pago de servicios,v1,Trujillo,7,Normal,351.7,0,5.0
T500531,Pago QR,v2,Trujillo,0,Normal,195.7,0,5.0
T500532,Pago QR,v1,Lima,4,Normal,131.2,0,5.0
T500533,Pago de servicios,v2,Lima,1,Normal,171.5,0,4.0
T500534,Recarga celular,v1,Lima,3,Normal,65.1,0,5.0
T500535,Transferencia,v1,Lima,17,Normal,215.5,0,4.0
T500536,Pago QR,v2,Lima,7,Normal,98.1,0,5.0
T500537,Pago QR,v1,Lima,19,Pico,150.7,0,4.0
T500538,Pago QR,v2,Lima,11,Normal,103.8,0,4.0
T500539,Pago QR,v2,Trujillo,14,Normal,129.7,0,4.0
T500540,Transferencia,v1,Trujillo,14,Normal,972.0,0,4.0
T500541,Pago de servicios,v2,Trujillo,17,Normal,188.8,0,5.0
T500542,Consulta de saldo,v1,Lima,13,Normal,72.6,0,
T500543,Pago de servicios,v1,Lima,3,Normal,269.9,0,4.0
T500544,Recarga celular,v2,Lima,18,Pico,250.3,0,3.0
T500545,Transferencia,v2,Trujillo,2,Normal,501.3,0,2.0
T500546,Pago de servicios,v2,Trujillo,13,Normal,119.5,0,4.0
T500547,Consulta de saldo,v2,Trujillo,12,Normal,133.3,0,4.0
T500548,Transferencia,v1,Arequipa,1,Normal,459.0,1,2.0
T500549,Consulta de saldo,v1,Arequipa,16,Normal,63.0,0,4.0
T500550,Transferencia,v2,Lima,3,Normal,96.8,0,5.0
T500551,Pago de servicios,v1,Arequipa,2,Normal,176.3,0,4.0
T500552,Transferencia,v1,Lima,13,Normal,348.7,0,4.0
T500553,Pago de servicios,v1,Trujillo,10,Pico,309.6,0,5.0
T500554,Recarga celular,v2,Trujillo,18,Pico,132.1,0,4.0
T500555,Transferencia,v1,Arequipa,16,Normal,325.1,0,4.0
T500556,Recarga celular,v1,Lima,7,Normal,288.0,0,5.0
T500557,Recarga celular,v1,Lima,4,Normal,456.4,0,4.0
T500558,Pago de servicios,v1,Trujillo,20,Pico,522.2,0,4.0
T500559,Pago QR,v1,Arequipa,23,Normal,299.7,0,5.0
T500560,Pago de servicios,v2,Arequipa,21,Pico,188.4,0,5.0
T500561,Consulta de saldo,v1,Trujillo,9,Pico,191.1,0,4.0
T500562,Pago de servicios,v1,Trujillo,6,Normal,657.0,0,4.0
T500563,Consulta de saldo,v1,Arequipa,13,Normal,158.0,0,5.0
T500564,Pago QR,v2,Trujillo,17,Normal,312.9,0,4.0
T500565,Pago de servicios,v2,Trujillo,23,Normal,430.4,0,2.0
T500566,Recarga celular,v2,Trujillo,23,Normal,89.4,0,5.0
T500567,Recarga celular,v1,Lima,17,Normal,87.0,0,5.0
T500568,Pago QR,v1,Trujillo,12,Normal,241.9,0,3.0
T500569,Recarga celular,v1,Arequipa,6,Normal,341.8,0,
T500570,Consulta de saldo,v1,Trujillo,18,Pico,120.5,0,4.0
T500571,Pago QR,v1,Lima,0,Normal,124.6,0,5.0
T500572,Consulta de saldo,v1,Trujillo,0,Normal,72.4,0,5.0
T500573,Transferencia,v2,Arequipa,17,Normal,99.0,0,5.0
T500574,Pago de servicios,v2,Arequipa,6,Normal,445.8,0,4.0
T500575,Transferencia,v2,Arequipa,3,Normal,385.0,0,5.0
T500576,Consulta de saldo,v2,Lima,6,Normal,75.9,0,4.0
T500577,Recarga celular,v2,Arequipa,6,Normal,188.9,0,4.0
T500578,Pago QR,v2,Arequipa,12,Normal,149.9,0,3.0
T500579,Pago QR,v2,Arequipa,15,Normal,180.4,0,5.0
T500580,Transferencia,v2,Lima,21,Pico,316.7,0,5.0
T500581,Transferencia,v1,Trujillo,21,Pico,243.2,0,4.0
T500582,Pago QR,v1,Arequipa,12,Normal,220.8,0,4.0
T500583,Pago de servicios,v1,Lima,17,Normal,309.5,0,4.0
T500584,Pago de servicios,v2,Lima,20,Pico,539.6,0,4.0
T500585,Pago QR,v2,Arequipa,21,Pico,407.6,1,3.0
T500586,Pago de servicios,v1,Lima,7,Normal,644.8,0,4.0
T500587,Consulta de saldo,v2,Trujillo,19,Pico,149.4,0,5.0
T500588,Consulta de saldo,v2,Lima,2,Normal,55.5,0,4.0
T500589,Transferencia,v2,Lima,19,Pico,460.3,0,4.0
T500590,Pago QR,v1,Arequipa,18,Pico,107.4,0,5.0
T500591,Pago QR,v2,Lima,0,Normal,263.8,0,5.0
T500592,Pago de servicios,v1,Trujillo,7,Normal,874.1,0,2.0
T500593,Pago de servicios,v2,Arequipa,20,Pico,442.9,0,3.0
T500594,Pago de servicios,v1,Lima,9,Pico,358.3,0,3.0
T500595,Pago QR,v1,Lima,5,Normal,121.8,0,5.0
T500596,Pago de servicios,v2,Lima,14,Normal,379.9,0,3.0
T500597,Transferencia,v1,Trujillo,18,Pico,637.7,0,3.0
T500598,Pago QR,v2,Lima,8,Pico,359.3,0,4.0
T500599,Pago de servicios,v1,Lima,16,Normal,320.2,0,3.0
T500600,Pago QR,v2,Lima,11,Normal,226.4,0,4.0
T500601,Consulta de saldo,v1,Arequipa,6,Normal,132.5,0,5.0
T500602,Recarga celular,v1,Lima,6,Normal,167.6,0,4.0
T500603,Recarga celular,v2,Lima,7,Normal,172.5,0,5.0
T500604,Consulta de saldo,v2,Lima,9,Pico,229.1,0,4.0
T500605,Recarga celular,v1,Arequipa,2,Normal,147.7,0,5.0
T500606,Transferencia,v1,Lima,7,Normal,466.1,0,4.0
T500607,Consulta de saldo,v1,Trujillo,2,Normal,114.0,0,5.0
T500608,Recarga celular,v1,Lima,10,Pico,280.4,0,4.0
T500609,Consulta de saldo,v2,Arequipa,4,Normal,218.1,0,4.0
T500610,Transferencia,v1,Lima,20,Pico,341.9,0,5.0
T500611,Transferencia,v2,Trujillo,9,Pico,296.7,0,4.0
T500612,Transferencia,v1,Trujillo,21,Pico,1063.9,0,1.0
T500613,Pago QR,v1,Lima,21,Pico,158.1,0,4.0
T500614,Transferencia,v2,Lima,12,Normal,357.0,0,3.0
T500615,Transferencia,v2,Trujillo,3,Normal,207.0,0,4.0
T500616,Pago QR,v2,Arequipa,10,Pico,197.8,0,4.0
T500617,Pago QR,v1,Lima,16,Normal,104.5,0,3.0
T500618,Transferencia,v1,Lima,14,Normal,255.4,0,4.0
T500619,Pago QR,v1,Lima,6,Normal,139.7,0,4.0
T500620,Recarga celular,v2,Arequipa,3,Normal,180.7,0,5.0
T500621,Consulta de saldo,v1,Arequipa,19,Pico,167.1,0,5.0
T500622,Consulta de saldo,v1,Trujillo,22,Normal,68.3,0,4.0
T500623,Recarga celular,v1,Trujillo,4,Normal,216.8,0,3.0
T500624,Transferencia,v2,Trujillo,21,Pico,367.2,0,4.0
T500625,Pago QR,v1,Trujillo,3,Normal,342.9,0,3.0
T500626,Transferencia,v2,Arequipa,14,Normal,157.3,0,5.0
T500627,Pago QR,v1,Lima,2,Normal,171.1,0,4.0
T500628,Pago de servicios,v1,Lima,0,Normal,192.5,0,4.0
T500629,Consulta de saldo,v2,Lima,8,Pico,166.0,0,5.0
T500630,Consulta de saldo,v1,Arequipa,21,Pico,234.4,0,5.0
T500631,Consulta de saldo,v1,Arequipa,4,Normal,141.3,0,5.0
T500632,Recarga celular,v2,Trujillo,5,Normal,149.4,0,5.0
T500633,Pago QR,v1,Trujillo,23,Normal,387.0,0,3.0
T500634,Pago QR,v1,Lima,9,Pico,239.2,0,4.0
T500635,Pago de servicios,v1,Trujillo,20,Pico,645.3,0,4.0
T500636,Pago de servicios,v1,Arequipa,13,Normal,363.0,0,4.0
T500637,Pago QR,v2,Lima,4,Normal,118.5,0,5.0
T500638,Transferencia,v1,Trujillo,6,Normal,241.7,0,5.0
T500639,Recarga celular,v1,Lima,16,Normal,189.9,0,3.0
T500640,Consulta de saldo,v1,Lima,3,Normal,101.8,0,4.0
T500641,Recarga celular,v1,Arequipa,23,Normal,99.6,0,4.0
T500642,Consulta de saldo,v2,Arequipa,13,Normal,152.6,0,4.0
T500643,Transferencia,v1,Arequipa,9,Pico,289.8,0,3.0
T500644,Transferencia,v2,Lima,18,Pico,310.7,0,3.0
T500645,Transferencia,v1,Lima,6,Normal,106.6,0,5.0
T500646,Pago de servicios,v2,Lima,19,Pico,240.7,0,4.0
T500647,Consulta de saldo,v1,Trujillo,8,Pico,286.4,0,4.0
T500648,Transferencia,v2,Lima,1,Normal,192.5,0,4.0
T500649,Transferencia,v1,Lima,18,Pico,364.9,0,4.0
T500650,Transferencia,v2,Trujillo,17,Normal,239.1,0,5.0
T500651,Pago de servicios,v1,Lima,1,Normal,215.0,0,2.0
T500652,Consulta de saldo,v1,Lima,10,Pico,103.3,0,4.0
T500653,Pago de servicios,v1,Lima,1,Normal,253.8,0,4.0
T500654,Consulta de saldo,v2,Lima,22,Normal,139.1,0,4.0
T500655,Recarga celular,v2,Arequipa,23,Normal,72.5,0,5.0
T500656,Transferencia,v2,Lima,9,Pico,611.5,0,3.0
T500657,Pago QR,v1,Lima,6,Normal,325.1,0,4.0
T500658,Pago QR,v2,Arequipa,9,Pico,407.6,0,4.0
T500659,Pago QR,v2,Arequipa,2,Normal,197.2,0,5.0
T500660,Transferencia,v2,Trujillo,4,Normal,323.3,0,4.0
T500661,Transferencia,v2,Lima,0,Normal,135.6,0,5.0
T500662,Consulta de saldo,v1,Arequipa,18,Pico,247.1,0,4.0
T500663,Pago de servicios,v2,Arequipa,12,Normal,205.3,0,5.0
T500664,Recarga celular,v1,Trujillo,15,Normal,244.0,0,5.0
T500665,Pago QR,v1,Arequipa,4,Normal,486.9,0,3.0
T500666,Consulta de saldo,v2,Arequipa,10,Pico,124.9,0,5.0
T500667,Consulta de saldo,v2,Trujillo,23,Normal,235.1,0,4.0
T500668,Consulta de saldo,v2,Arequipa,3,Normal,75.8,0,5.0
T500669,Consulta de saldo,v2,Lima,18,Pico,91.4,0,5.0
T500670,Recarga celular,v2,Lima,20,Pico,512.7,0,4.0
T500671,Transferencia,v1,Lima,12,Normal,235.1,0,4.0
T500672,Pago de servicios,v2,Arequipa,19,Pico,194.1,0,5.0
T500673,Consulta de saldo,v2,Arequipa,21,Pico,116.0,0,4.0
T500674,Recarga celular,v2,Lima,13,Normal,204.2,0,4.0
T500675,Recarga celular,v2,Lima,18,Pico,108.0,0,4.0
T500676,Recarga celular,v1,Lima,19,Pico,286.6,0,5.0
T500677,Transferencia,v1,Lima,1,Normal,253.2,0,5.0
T500678,Consulta de saldo,v2,Arequipa,20,Pico,142.7,0,4.0
T500679,Pago QR,v1,Lima,3,Normal,184.7,0,5.0
T500680,Transferencia,v1,Trujillo,8,Pico,293.9,0,3.0
T500681,Transferencia,v2,Arequipa,16,Normal,215.3,0,4.0
T500682,Recarga celular,v2,Trujillo,18,Pico,241.1,0,5.0
T500683,Transferencia,v1,Arequipa,17,Normal,151.8,0,5.0
T500684,Transferencia,v1,Lima,3,Normal,304.0,0,4.0
T500685,Pago QR,v1,Lima,23,Normal,298.4,0,3.0
T500686,Transferencia,v2,Arequipa,17,Normal,233.7,0,5.0
T500687,Recarga celular,v1,Lima,8,Pico,143.6,0,5.0
T500688,Pago QR,v2,Arequipa,14,Normal,449.8,0,4.0
T500689,Recarga celular,v1,Arequipa,8,Pico,308.4,0,3.0
T500690,Recarga celular,v2,Lima,11,Normal,153.1,0,5.0
T500691,Consulta de saldo,v1,Lima,10,Pico,200.5,0,4.0
T500692,Transferencia,v2,Lima,22,Normal,132.3,0,5.0
T500693,Recarga celular,v1,Arequipa,22,Normal,179.9,0,5.0
T500694,Consulta de saldo,v2,Arequipa,4,Normal,145.5,0,4.0
T500695,Pago QR,v1,Trujillo,10,Pico,739.9,0,4.0
T500696,Pago QR,v1,Lima,12,Normal,202.0,0,4.0
T500697,Transferencia,v1,Arequipa,17,Normal,665.4,0,3.0
T500698,Consulta de saldo,v2,Arequipa,16,Normal,109.1,0,4.0
T500699,Consulta de saldo,v2,Lima,23,Normal,58.0,0,4.0
T500700,Pago de servicios,v1,Lima,8,Pico,485.2,0,3.0
T500701,Consulta de saldo,v2,Lima,7,Normal,73.3,0,3.0
T500702,Pago de servicios,v1,Lima,7,Normal,505.9,0,4.0
T500703,Recarga celular,v1,Lima,8,Pico,157.7,0,4.0
T500704,Transferencia,v2,Lima,23,Normal,214.3,0,4.0
T500705,Pago QR,v2,Trujillo,9,Pico,457.8,0,4.0
T500706,Pago QR,v1,Lima,6,Normal,125.9,0,5.0
T500707,Consulta de saldo,v1,Arequipa,12,Normal,53.0,0,4.0
T500708,Consulta de saldo,v1,Lima,14,Normal,181.9,0,5.0
T500709,Pago de servicios,v1,Lima,4,Normal,200.2,0,4.0
T500710,Transferencia,v1,Arequipa,8,Pico,307.6,0,4.0
T500711,Consulta de saldo,v2,Arequipa,5,Normal,91.8,0,5.0
T500712,Pago de servicios,v2,Lima,7,Normal,505.1,0,4.0
T500713,Consulta de saldo,v2,Trujillo,4,Normal,89.2,0,5.0
T500714,Consulta de saldo,v1,Lima,21,Pico,299.7,0,4.0
T500715,Pago de servicios,v2,Trujillo,18,Pico,256.2,0,4.0
T500716,Pago QR,v1,Lima,22,Normal,354.8,0,5.0
T500717,Recarga celular,v1,Lima,20,Pico,244.7,0,4.0
T500718,Pago de servicios,v2,Lima,6,Normal,155.4,0,4.0
T500719,Consulta de saldo,v2,Lima,16,Normal,30.0,0,5.0
T500720,Recarga celular,v1,Trujillo,16,Normal,185.8,0,3.0
T500721,Consulta de saldo,v2,Trujillo,15,Normal,102.2,0,4.0
T500722,Consulta de saldo,v1,Lima,9,Pico,82.4,0,5.0
T500723,Transferencia,v1,Lima,19,Pico,201.3,0,4.0
T500724,Transferencia,v2,Lima,14,Normal,173.5,0,
T500725,Transferencia,v2,Lima,11,Normal,126.6,1,3.0
T500726,Consulta de saldo,v1,Lima,8,Pico,90.4,0,4.0
T500727,Transferencia,v1,Lima,8,Pico,421.4,0,4.0
T500728,Transferencia,v1,Lima,13,Normal,252.7,0,5.0
T500729,Recarga celular,v1,Lima,10,Pico,164.5,0,3.0
T500730,Pago de servicios,v2,Trujillo,15,Normal,374.0,0,5.0
T500731,Consulta de saldo,v2,Trujillo,17,Normal,97.1,0,4.0
T500732,Recarga celular,v1,Lima,19,Pico,177.1,0,5.0
T500733,Pago de servicios,v1,Lima,19,Pico,224.5,0,5.0
T500734,Consulta de saldo,v2,Arequipa,9,Pico,188.2,0,4.0
T500735,Pago QR,v2,Lima,6,Normal,160.1,0,4.0
T500736,Transferencia,v1,Lima,4,Normal,199.5,0,5.0
T500737,Pago QR,v1,Trujillo,22,Normal,305.9,0,4.0
T500738,Pago QR,v2,Trujillo,16,Normal,535.4,0,4.0
T500739,Pago QR,v1,Lima,0,Normal,333.5,0,4.0
T500740,Recarga celular,v1,Arequipa,19,Pico,233.2,0,4.0
T500741,Transferencia,v1,Lima,16,Normal,496.6,0,4.0
T500742,Transferencia,v1,Trujillo,8,Pico,484.8,0,4.0
T500743,Pago de servicios,v1,Lima,0,Normal,347.6,0,3.0
T500744,Transferencia,v2,Lima,12,Normal,55.6,0,5.0
T500745,Pago de servicios,v2,Lima,3,Normal,343.0,0,4.0
T500746,Transferencia,v2,Lima,17,Normal,113.4,0,4.0
T500747,Pago QR,v1,Lima,23,Normal,172.1,0,4.0
T500748,Pago QR,v2,Lima,6,Normal,235.8,1,4.0
T500749,Consulta de saldo,v2,Trujillo,7,Normal,118.5,0,4.0
T500750,Transferencia,v2,Trujillo,23,Normal,228.1,0,5.0
T500751,Transferencia,v2,Arequipa,0,Normal,126.7,0,4.0
T500752,Pago QR,v1,Arequipa,9,Pico,179.7,0,5.0
T500753,Pago QR,v2,Lima,6,Normal,84.6,0,4.0
T500754,Transferencia,v2,Lima,13,Normal,540.9,0,3.0
T500755,Pago de servicios,v1,Arequipa,15,Normal,223.3,0,4.0
T500756,Transferencia,v2,Arequipa,10,Pico,176.2,0,4.0
T500757,Consulta de saldo,v2,Trujillo,6,Normal,92.2,0,5.0
T500758,Pago QR,v2,Lima,3,Normal,185.2,0,5.0
T500759,Pago QR,v1,Lima,11,Normal,119.2,0,4.0
T500760,Transferencia,v1,Lima,4,Normal,377.5,0,3.0
T500761,Recarga celular,v2,Trujillo,20,Pico,132.4,0,5.0
T500762,Pago QR,v2,Lima,18,Pico,355.0,0,4.0
T500763,Pago de servicios,v1,Trujillo,5,Normal,515.4,0,4.0
T500764,Pago QR,v2,Lima,16,Normal,204.4,0,3.0
T500765,Transferencia,v1,Lima,13,Normal,214.1,0,4.0
T500766,Consulta de saldo,v2,Trujillo,13,Normal,246.1,0,3.0
T500767,Pago QR,v2,Lima,22,Normal,166.9,0,5.0
T500768,Pago QR,v2,Arequipa,8,Pico,460.8,0,5.0
T500769,Pago QR,v1,Trujillo,19,Pico,302.1,0,4.0
T500770,Pago de servicios,v1,Trujillo,23,Normal,225.3,0,4.0
T500771,Consulta de saldo,v1,Lima,16,Normal,97.9,0,4.0
T500772,Pago QR,v2,Lima,19,Pico,135.4,1,4.0
T500773,Pago QR,v1,Lima,7,Normal,324.6,0,4.0
T500774,Pago QR,v1,Arequipa,14,Normal,448.7,0,4.0
T500775,Consulta de saldo,v1,Lima,20,Pico,48.8,0,5.0
T500776,Consulta de saldo,v1,Lima,11,Normal,104.6,0,5.0
T500777,Pago QR,v2,Arequipa,22,Normal,203.5,0,
T500778,Pago de servicios,v2,Lima,16,Normal,115.8,0,4.0
T500779,Consulta de saldo,v2,Trujillo,16,Normal,212.3,0,4.0
T500780,Recarga celular,v2,Arequipa,17,Normal,165.0,0,5.0
T500781,Consulta de saldo,v2,Arequipa,2,Normal,39.6,0,5.0
T500782,Pago de servicios,v1,Lima,1,Normal,186.7,0,5.0
T500783,Transferencia,v1,Arequipa,11,Normal,403.9,0,4.0
T500784,Recarga celular,v1,Trujillo,16,Normal,235.8,0,3.0
T500785,Pago QR,v1,Lima,15,Normal,220.7,0,4.0
T500786,Pago QR,v1,Arequipa,19,Pico,122.1,0,5.0
T500787,Transferencia,v2,Trujillo,22,Normal,288.0,0,5.0
T500788,Pago QR,v2,Trujillo,6,Normal,231.0,0,4.0
T500789,Transferencia,v1,Arequipa,14,Normal,239.0,0,4.0
T500790,Recarga celular,v2,Arequipa,1,Normal,108.1,0,4.0
T500791,Transferencia,v1,Lima,12,Normal,308.5,0,4.0
T500792,Pago QR,v1,Lima,4,Normal,193.8,0,4.0
T500793,Pago QR,v2,Lima,14,Normal,82.0,0,4.0
T500794,Pago QR,v2,Lima,23,Normal,214.5,0,3.0
T500795,Recarga celular,v1,Arequipa,22,Normal,247.7,0,5.0
T500796,Consulta de saldo,v1,Trujillo,7,Normal,105.5,0,3.0
T500797,Pago QR,v1,Lima,12,Normal,181.8,0,5.0
T500798,Transferencia,v1,Arequipa,2,Normal,172.4,0,5.0
T500799,Pago QR,v2,Arequipa,8,Pico,165.6,0,4.0
T500800,Consulta de saldo,v1,Lima,17,Normal,57.2,0,4.0
T500801,Pago QR,v1,Lima,14,Normal,1473.0,0,2.0
T500802,Pago QR,v2,Trujillo,21,Pico,242.4,0,5.0
T500803,Pago de servicios,v2,Trujillo,7,Normal,208.7,0,4.0
T500804,Recarga celular,v1,Arequipa,3,Normal,73.7,0,4.0
T500805,Pago de servicios,v2,Trujillo,12,Normal,358.9,0,4.0
T500806,Pago de servicios,v2,Trujillo,4,Normal,186.8,0,4.0
T500807,Recarga celular,v2,Arequipa,13,Normal,104.2,0,4.0
T500808,Pago QR,v2,Lima,4,Normal,286.6,0,4.0
T500809,Recarga celular,v2,Arequipa,11,Normal,264.5,0,3.0
T500810,Pago de servicios,v1,Trujillo,0,Normal,245.6,0,3.0
T500811,Transferencia,v1,Trujillo,1,Normal,342.9,0,3.0
T500812,Consulta de saldo,v2,Lima,6,Normal,42.1,0,5.0
T500813,Consulta de saldo,v2,Lima,15,Normal,68.0,0,4.0
T500814,Recarga celular,v2,Trujillo,12,Normal,147.2,0,5.0
T500815,Transferencia,v1,Lima,14,Normal,140.8,0,5.0
T500816,Transferencia,v1,Trujillo,13,Normal,166.9,0,5.0
T500817,Pago de servicios,v2,Trujillo,8,Pico,127.5,0,5.0
T500818,Pago QR,v2,Lima,21,Pico,377.7,0,5.0
T500819,Pago QR,v2,Arequipa,16,Normal,326.4,0,4.0
T500820,Pago de servicios,v2,Arequipa,16,Normal,329.6,0,5.0
T500821,Transferencia,v2,Arequipa,15,Normal,47.3,0,5.0
T500822,Consulta de saldo,v2,Lima,7,Normal,156.4,0,4.0
T500823,Transferencia,v2,Lima,3,Normal,246.0,0,5.0
T500824,Transferencia,v1,Lima,21,Pico,323.8,0,3.0
T500825,Pago QR,v2,Arequipa,7,Normal,141.6,0,4.0
T500826,Consulta de saldo,v2,Lima,4,Normal,100.7,0,4.0
T500827,Transferencia,v2,Lima,22,Normal,133.1,0,4.0
T500828,Transferencia,v2,Lima,19,Pico,328.8,0,4.0
T500829,Consulta de saldo,v2,Arequipa,20,Pico,167.6,0,5.0
T500830,Consulta de saldo,v1,Trujillo,23,Normal,173.8,0,5.0
T500831,Recarga celular,v1,Lima,16,Normal,274.7,0,
T500832,Transferencia,v2,Lima,13,Normal,355.9,0,5.0
T500833,Consulta de saldo,v1,Trujillo,10,Pico,156.7,0,5.0
T500834,Consulta de saldo,v1,Trujillo,21,Pico,125.8,0,5.0
T500835,Consulta de saldo,v2,Arequipa,17,Normal,31.6,0,4.0
T500836,Transferencia,v2,Arequipa,19,Pico,166.9,0,4.0
T500837,Recarga celular,v1,Lima,3,Normal,294.1,0,3.0
T500838,Transferencia,v1,Arequipa,20,Pico,370.8,0,4.0
T500839,Consulta de saldo,v1,Lima,7,Normal,87.1,0,4.0
T500840,Pago de servicios,v1,Lima,2,Normal,482.7,0,3.0
T500841,Consulta de saldo,v2,Lima,17,Normal,83.9,0,5.0
T500842,Recarga celular,v1,Trujillo,18,Pico,332.2,0,4.0
T500843,Recarga celular,v2,Lima,2,Normal,173.0,0,5.0
T500844,Recarga celular,v2,Lima,8,Pico,118.7,0,4.0
T500845,Pago QR,v2,Trujillo,12,Normal,293.9,0,3.0
T500846,Transferencia,v2,Arequipa,3,Normal,423.9,0,3.0
T500847,Transferencia,v2,Arequipa,3,Normal,184.1,0,5.0
T500848,Pago de servicios,v2,Trujillo,17,Normal,256.9,0,4.0
T500849,Transferencia,v2,Lima,10,Pico,124.8,0,5.0
T500850,Pago QR,v1,Arequipa,1,Normal,164.9,0,4.0
T500851,Consulta de saldo,v2,Trujillo,23,Normal,39.6,0,4.0
T500852,Pago de servicios,v2,Lima,12,Normal,182.4,0,5.0
T500853,Pago QR,v2,Lima,23,Normal,94.1,0,3.0
T500854,Transferencia,v1,Trujillo,5,Normal,301.4,0,4.0
T500855,Transferencia,v1,Lima,0,Normal,450.4,0,4.0
T500856,Pago de servicios,v1,Lima,15,Normal,156.5,0,3.0
T500857,Pago QR,v2,Arequipa,21,Pico,323.3,0,3.0
T500858,Pago QR,v1,Trujillo,4,Normal,249.6,0,4.0
T500859,Pago de servicios,v1,Arequipa,3,Normal,294.2,0,4.0
T500860,Transferencia,v2,Lima,15,Normal,186.4,0,5.0
T500861,Transferencia,v2,Arequipa,14,Normal,379.7,0,3.0
T500862,Pago de servicios,v1,Trujillo,16,Normal,544.8,0,5.0
T500863,Recarga celular,v2,Trujillo,8,Pico,342.6,0,5.0
T500864,Pago de servicios,v2,Arequipa,6,Normal,263.5,0,4.0
T500865,Transferencia,v2,Lima,17,Normal,108.5,0,4.0
T500866,Pago de servicios,v2,Trujillo,8,Pico,3165.3,0,1.0
T500867,Pago QR,v1,Lima,11,Normal,81.6,0,4.0
T500868,Pago QR,v1,Lima,3,Normal,352.1,0,5.0
T500869,Pago de servicios,v1,Lima,4,Normal,481.0,0,4.0
T500870,Transferencia,v1,Lima,14,Normal,206.2,0,4.0
T500871,Pago QR,v2,Arequipa,11,Normal,381.0,0,3.0
T500872,Transferencia,v1,Lima,12,Normal,254.3,0,4.0
T500873,Transferencia,v2,Lima,20,Pico,560.9,0,3.0
T500874,Recarga celular,v1,Lima,15,Normal,362.5,0,4.0
T500875,Transferencia,v2,Arequipa,18,Pico,117.5,0,3.0
T500876,Consulta de saldo,v2,Lima,12,Normal,29.8,0,4.0
T500877,Pago de servicios,v1,Lima,18,Pico,938.8,0,4.0
T500878,Recarga celular,v1,Lima,4,Normal,231.6,0,4.0
T500879,Recarga celular,v1,Lima,2,Normal,160.9,0,3.0
T500880,Transferencia,v2,Arequipa,16,Normal,429.4,0,4.0
T500881,Transferencia,v2,Lima,2,Normal,330.0,0,4.0
T500882,Consulta de saldo,v1,Trujillo,0,Normal,159.2,0,5.0
T500883,Consulta de saldo,v1,Trujillo,1,Normal,82.5,0,5.0
T500884,Consulta de saldo,v2,Lima,19,Pico,130.8,0,5.0
T500885,Transferencia,v1,Lima,2,Normal,196.0,0,5.0
T500886,Recarga celular,v1,Lima,4,Normal,127.3,0,4.0
T500887,Pago QR,v2,Arequipa,9,Pico,170.9,0,5.0
T500888,Pago de servicios,v1,Trujillo,10,Pico,309.1,0,5.0
T500889,Transferencia,v1,Trujillo,12,Normal,371.8,0,4.0
T500890,Consulta de saldo,v1,Trujillo,18,Pico,286.9,0,5.0
T500891,Pago QR,v1,Trujillo,21,Pico,116.0,0,5.0
T500892,Transferencia,v2,Lima,4,Normal,150.9,0,4.0
T500893,Pago de servicios,v2,Lima,22,Normal,432.6,0,5.0
T500894,Recarga celular,v2,Lima,14,Normal,407.0,0,5.0
T500895,Transferencia,v2,Trujillo,14,Normal,375.0,0,5.0
T500896,Consulta de saldo,v2,Arequipa,9,Pico,94.5,0,5.0
T500897,Pago QR,v2,Arequipa,13,Normal,163.5,0,2.0
T500898,Transferencia,v1,Lima,17,Normal,784.3,0,4.0
T500899,Pago de servicios,v1,Lima,17,Normal,310.7,0,4.0
T500900,Pago QR,v1,Lima,9,Pico,283.0,1,4.0
T500901,Recarga celular,v1,Lima,8,Pico,92.6,0,5.0
T500902,Pago QR,v2,Lima,1,Normal,142.1,0,5.0
T500903,Consulta de saldo,v2,Arequipa,7,Normal,199.4,0,4.0
T500904,Recarga celular,v2,Lima,17,Normal,164.4,0,4.0
T500905,Consulta de saldo,v1,Lima,16,Normal,92.4,0,5.0
T500906,Consulta de saldo,v2,Lima,15,Normal,73.6,0,5.0
T500907,Pago de servicios,v2,Lima,1,Normal,278.3,0,4.0
T500908,Consulta de saldo,v1,Arequipa,23,Normal,112.6,0,
T500909,Transferencia,v1,Arequipa,15,Normal,397.5,0,4.0
T500910,Pago QR,v1,Lima,20,Pico,191.8,0,5.0
T500911,Consulta de saldo,v2,Trujillo,16,Normal,61.8,0,2.0
T500912,Consulta de saldo,v2,Trujillo,1,Normal,67.3,0,4.0
T500913,Pago de servicios,v2,Lima,3,Normal,299.8,0,4.0
T500914,Transferencia,v2,Trujillo,16,Normal,270.1,0,4.0
T500915,Pago QR,v2,Lima,14,Normal,228.2,0,5.0
T500916,Transferencia,v1,Trujillo,5,Normal,339.3,0,3.0
T500917,Pago de servicios,v2,Arequipa,1,Normal,263.6,0,5.0
T500918,Pago de servicios,v1,Arequipa,8,Pico,742.0,0,4.0
T500919,Recarga celular,v1,Lima,6,Normal,108.4,0,5.0
T500920,Pago QR,v1,Arequipa,1,Normal,330.3,0,5.0
T500921,Recarga celular,v1,Lima,11,Normal,131.0,0,5.0
T500922,Pago QR,v2,Lima,3,Normal,134.2,0,5.0
T500923,Pago QR,v2,Trujillo,3,Normal,430.0,0,4.0
T500924,Pago QR,v1,Lima,20,Pico,386.8,0,3.0
T500925,Pago QR,v1,Lima,8,Pico,216.5,0,3.0
T500926,Transferencia,v1,Trujillo,5,Normal,411.1,0,3.0
T500927,Pago de servicios,v1,Trujillo,17,Normal,360.7,0,4.0
T500928,Transferencia,v2,Arequipa,8,Pico,212.3,0,5.0
T500929,Transferencia,v1,Lima,8,Pico,268.5,0,4.0
T500930,Recarga celular,v1,Trujillo,18,Pico,104.8,0,5.0
T500931,Recarga celular,v1,Arequipa,4,Normal,216.1,0,3.0
T500932,Transferencia,v1,Trujillo,14,Normal,135.4,0,4.0
T500933,Pago QR,v2,Trujillo,7,Normal,189.4,0,3.0
T500934,Transferencia,v2,Arequipa,11,Normal,248.4,0,4.0
T500935,Consulta de saldo,v1,Lima,7,Normal,162.6,0,5.0
T500936,Consulta de saldo,v2,Lima,12,Normal,60.7,0,4.0
T500937,Recarga celular,v2,Arequipa,18,Pico,293.8,0,4.0
T500938,Recarga celular,v1,Lima,3,Normal,272.5,0,4.0
T500939,Transferencia,v1,Trujillo,1,Normal,169.9,0,4.0
T500940,Pago QR,v1,Trujillo,16,Normal,299.1,0,5.0
T500941,Pago QR,v2,Arequipa,8,Pico,129.7,0,3.0
T500942,Pago QR,v1,Lima,8,Pico,268.7,0,4.0
T500943,Transferencia,v1,Lima,20,Pico,453.4,0,3.0
T500944,Pago QR,v2,Lima,5,Normal,205.8,0,4.0
T500945,Transferencia,v2,Arequipa,9,Pico,283.7,0,4.0
T500946,Transferencia,v2,Trujillo,7,Normal,182.5,0,3.0
T500947,Transferencia,v1,Lima,0,Normal,563.6,0,4.0
T500948,Consulta de saldo,v1,Arequipa,17,Normal,,0,3.0
T500949,Consulta de saldo,v2,Lima,21,Pico,138.0,0,4.0
T500950,Transferencia,v1,Arequipa,17,Normal,231.3,1,2.0
T500951,Recarga celular,v2,Arequipa,4,Normal,179.9,0,5.0
T500952,Pago de servicios,v2,Trujillo,6,Normal,283.9,0,4.0
T500953,Consulta de saldo,v2,Lima,14,Normal,53.5,0,4.0
T500954,Pago QR,v2,Lima,13,Normal,258.5,0,5.0
T500955,Pago de servicios,v2,Trujillo,14,Normal,221.0,0,4.0
T500956,Consulta de saldo,v1,Lima,18,Pico,86.9,0,5.0
T500957,Pago de servicios,v2,Trujillo,13,Normal,234.6,1,4.0
T500958,Pago de servicios,v2,Trujillo,17,Normal,479.2,0,4.0
T500959,Transferencia,v2,Lima,8,Pico,606.1,0,4.0
T500960,Transferencia,v2,Lima,13,Normal,244.0,1,4.0
T500961,Pago de servicios,v2,Lima,23,Normal,240.8,0,3.0
T500962,Consulta de saldo,v1,Trujillo,17,Normal,113.5,0,5.0
T500963,Pago QR,v2,Lima,10,Pico,115.1,0,5.0
T500964,Recarga celular,v2,Arequipa,10,Pico,190.7,0,5.0
T500965,Pago QR,v1,Arequipa,6,Normal,355.5,0,4.0
T500966,Consulta de saldo,v2,Lima,13,Normal,36.4,0,3.0
T500967,Pago QR,v1,Trujillo,1,Normal,201.7,0,3.0
T500968,Recarga celular,v2,Lima,18,Pico,240.2,0,4.0
T500969,Pago de servicios,v2,Trujillo,12,Normal,773.2,0,3.0
T500970,Pago QR,v2,Arequipa,21,Pico,95.8,0,4.0
T500971,Pago de servicios,v2,Trujillo,8,Pico,491.7,0,3.0
T500972,Consulta de saldo,v2,Lima,18,Pico,138.8,0,5.0
T500973,Pago QR,v2,Lima,9,Pico,504.6,0,3.0
T500974,Recarga celular,v1,Lima,11,Normal,110.5,0,4.0
T500975,Pago de servicios,v2,Trujillo,22,Normal,159.4,0,4.0
T500976,Pago QR,v2,Lima,3,Normal,249.2,0,4.0
T500977,Pago de servicios,v2,Arequipa,8,Pico,287.9,0,4.0
T500978,Consulta de saldo,v1,Arequipa,0,Normal,46.6,0,5.0
T500979,Transferencia,v1,Arequipa,11,Normal,539.4,0,3.0
T500980,Consulta de saldo,v1,Lima,1,Normal,121.9,0,3.0
T500981,Pago QR,v2,Arequipa,2,Normal,190.5,0,4.0
T500982,Transferencia,v2,Trujillo,2,Normal,187.4,0,4.0
T500983,Transferencia,v2,Arequipa,11,Normal,196.1,0,4.0
T500984,Transferencia,v1,Arequipa,15,Normal,,0,4.0
T500985,Transferencia,v2,Trujillo,11,Normal,143.6,0,5.0
T500986,Transferencia,v1,Lima,22,Normal,457.8,0,4.0
T500987,Pago de servicios,v1,Trujillo,15,Normal,445.6,0,4.0
T500988,Transferencia,v1,Lima,1,Normal,302.7,0,4.0
T500989,Transferencia,v2,Lima,5,Normal,144.1,0,4.0
T500990,Transferencia,v2,Trujillo,13,Normal,456.1,0,4.0
T500991,Recarga celular,v1,Trujillo,3,Normal,73.9,0,5.0
T500992,Consulta de saldo,v2,Trujillo,0,Normal,42.9,0,5.0
T500993,Transferencia,v2,Lima,4,Normal,164.5,0,5.0
T500994,Consulta de saldo,v1,Arequipa,16,Normal,79.6,0,5.0
T500995,Recarga celular,v1,Arequipa,11,Normal,286.4,0,3.0
T500996,Pago QR,v1,Trujillo,12,Normal,273.7,0,4.0
T500997,Transferencia,v2,Arequipa,21,Pico,252.9,0,5.0
T500998,Transferencia,v2,Arequipa,18,Pico,446.7,0,4.0
T500999,Transferencia,v2,Lima,4,Normal,122.8,0,4.0
T501000,Pago QR,v1,Lima,5,Normal,447.7,0,3.0
T501001,Transferencia,v2,Lima,1,Normal,245.6,0,5.0
T501002,Pago QR,v2,Arequipa,3,Normal,177.5,0,5.0
T501003,Transferencia,v1,Trujillo,14,Normal,274.2,0,5.0
T501004,Consulta de saldo,v2,Lima,6,Normal,76.9,0,5.0
T501005,Consulta de saldo,v2,Trujillo,22,Normal,102.6,0,4.0
T501006,Pago QR,v1,Arequipa,7,Normal,239.4,0,3.0
T501007,Pago de servicios,v2,Trujillo,8,Pico,575.8,0,4.0
T501008,Recarga celular,v2,Lima,11,Normal,206.2,0,5.0
T501009,Transferencia,v2,Lima,3,Normal,316.9,0,5.0
T501010,Recarga celular,v1,Trujillo,7,Normal,224.4,0,5.0
T501011,Consulta de saldo,v2,Trujillo,10,Pico,115.5,0,5.0
T501012,Pago QR,v2,Trujillo,5,Normal,403.4,0,4.0
T501013,Pago QR,v2,Arequipa,3,Normal,177.5,0,3.0
T501014,Pago QR,v2,Trujillo,11,Normal,195.7,0,5.0
T501015,Recarga celular,v1,Trujillo,0,Normal,152.8,0,5.0
T501016,Pago QR,v2,Lima,10,Pico,279.7,0,5.0
T501017,Recarga celular,v1,Lima,18,Pico,244.0,0,5.0
T501018,Consulta de saldo,v2,Trujillo,23,Normal,127.8,0,5.0
T501019,Pago QR,v2,Arequipa,11,Normal,416.3,0,3.0
T501020,Pago de servicios,v1,Lima,10,Pico,163.7,0,5.0
T501021,Consulta de saldo,v1,Lima,11,Normal,,0,5.0
T501022,Pago QR,v1,Lima,5,Normal,179.5,0,4.0
T501023,Consulta de saldo,v1,Arequipa,5,Normal,79.3,0,4.0
T501024,Transferencia,v2,Lima,23,Normal,269.7,0,5.0
T501025,Recarga celular,v2,Lima,16,Normal,201.5,0,5.0
T501026,Transferencia,v1,Lima,3,Normal,107.0,0,4.0
T501027,Consulta de saldo,v1,Arequipa,13,Normal,22.7,0,4.0
T501028,Pago de servicios,v2,Trujillo,12,Normal,119.7,0,4.0
T501029,Pago de servicios,v1,Lima,8,Pico,377.3,0,3.0
T501030,Pago QR,v2,Trujillo,0,Normal,232.9,0,3.0
T501031,Consulta de saldo,v2,Lima,14,Normal,97.9,0,5.0
T501032,Consulta de saldo,v2,Lima,7,Normal,80.6,0,3.0
T501033,Transferencia,v1,Trujillo,16,Normal,178.7,0,4.0
T501034,Consulta de saldo,v1,Lima,2,Normal,73.2,0,5.0
T501035,Transferencia,v2,Trujillo,17,Normal,121.5,0,4.0
T501036,Pago QR,v2,Lima,8,Pico,365.0,0,3.0
T501037,Pago QR,v2,Lima,7,Normal,264.1,0,4.0
T501038,Pago QR,v2,Lima,7,Normal,152.8,0,5.0
T501039,Pago QR,v2,Lima,6,Normal,205.8,0,5.0
T501040,Transferencia,v1,Arequipa,6,Normal,325.6,0,4.0
T501041,Consulta de saldo,v2,Trujillo,23,Normal,114.1,0,5.0
T501042,Consulta de saldo,v2,Lima,4,Normal,126.1,0,4.0
T501043,Pago de servicios,v1,Lima,7,Normal,348.6,0,4.0
T501044,Consulta de saldo,v2,Lima,4,Normal,103.0,0,4.0
T501045,Pago de servicios,v2,Arequipa,16,Normal,460.0,0,3.0
T501046,Transferencia,v2,Arequipa,12,Normal,204.3,0,5.0
T501047,Pago QR,v2,Lima,21,Pico,547.2,0,3.0
T501048,Pago de servicios,v1,Arequipa,7,Normal,219.5,0,4.0
T501049,Pago QR,v1,Arequipa,20,Pico,243.7,0,5.0
T501050,Recarga celular,v2,Lima,23,Normal,347.7,0,4.0
T501051,Pago QR,v2,Trujillo,17,Normal,327.7,0,3.0
T501052,Pago QR,v1,Lima,19,Pico,163.7,0,4.0
T501053,Consulta de saldo,v2,Lima,8,Pico,246.9,0,5.0
T501054,Consulta de saldo,v1,Lima,19,Pico,129.0,0,5.0
T501055,Pago QR,v1,Trujillo,8,Pico,274.1,0,5.0
T501056,Consulta de saldo,v2,Lima,5,Normal,123.5,0,4.0
T501057,Consulta de saldo,v2,Trujillo,0,Normal,60.2,0,5.0
T501058,Pago de servicios,v2,Arequipa,9,Pico,431.7,0,4.0
T501059,Pago QR,v1,Lima,5,Normal,119.3,1,3.0
T501060,Pago QR,v2,Arequipa,13,Normal,219.3,0,5.0
T501061,Transferencia,v1,Lima,15,Normal,174.4,0,3.0
T501062,Consulta de saldo,v2,Lima,10,Pico,201.4,0,5.0
T501063,Transferencia,v1,Lima,11,Normal,284.7,0,5.0
T501064,Pago de servicios,v1,Lima,14,Normal,207.3,1,2.0
T501065,Pago QR,v2,Lima,11,Normal,260.0,0,4.0
T501066,Pago QR,v1,Lima,1,Normal,147.0,0,3.0
T501067,Transferencia,v1,Lima,4,Normal,263.3,0,4.0
T501068,Consulta de saldo,v1,Lima,15,Normal,58.1,0,3.0
T501069,Pago de servicios,v1,Trujillo,13,Normal,293.3,0,5.0
T501070,Recarga celular,v1,Arequipa,9,Pico,221.4,0,4.0
T501071,Recarga celular,v1,Arequipa,15,Normal,98.0,0,5.0
T501072,Transferencia,v2,Lima,1,Normal,130.1,0,5.0
T501073,Transferencia,v1,Lima,8,Pico,420.8,0,5.0
T501074,Transferencia,v2,Arequipa,0,Normal,224.5,0,3.0
T501075,Pago QR,v2,Trujillo,1,Normal,130.3,0,4.0
T501076,Transferencia,v2,Trujillo,1,Normal,104.4,0,5.0
T501077,Transferencia,v2,Lima,10,Pico,266.8,0,4.0
T501078,Pago QR,v2,Lima,9,Pico,159.6,0,
T501079,Transferencia,v1,Lima,2,Normal,1026.3,0,2.0
T501080,Consulta de saldo,v2,Lima,9,Pico,201.1,0,3.0
T501081,Pago de servicios,v2,Lima,1,Normal,209.9,0,4.0
T501082,Transferencia,v1,Arequipa,7,Normal,123.4,0,5.0
T501083,Consulta de saldo,v2,Trujillo,9,Pico,80.0,0,3.0
T501084,Pago QR,v2,Lima,4,Normal,190.3,0,3.0
T501085,Pago de servicios,v2,Arequipa,12,Normal,1031.2,0,3.0
T501086,Pago QR,v1,Arequipa,16,Normal,150.2,0,5.0
T501087,Transferencia,v2,Lima,21,Pico,198.5,0,4.0
T501088,Pago de servicios,v2,Lima,17,Normal,222.7,0,3.0
T501089,Recarga celular,v1,Trujillo,16,Normal,146.3,0,4.0
T501090,Pago QR,v2,Lima,11,Normal,509.5,0,3.0
T501091,Transferencia,v2,Lima,19,Pico,221.0,0,4.0
T501092,Transferencia,v1,Lima,9,Pico,337.7,0,4.0
T501093,Pago de servicios,v1,Lima,16,Normal,240.6,0,4.0
T501094,Transferencia,v1,Lima,7,Normal,440.8,0,3.0
T501095,Pago de servicios,v1,Trujillo,8,Pico,684.9,0,4.0
T501096,Transferencia,v1,Arequipa,16,Normal,219.6,0,4.0
T501097,Pago de servicios,v1,Lima,2,Normal,198.7,0,3.0
T501098,Recarga celular,v1,Lima,6,Normal,73.4,0,5.0
T501099,Consulta de saldo,v1,Arequipa,13,Normal,94.5,0,5.0
T501100,Pago QR,v2,Lima,3,Normal,278.8,0,3.0
T501101,Recarga celular,v1,Arequipa,13,Normal,164.2,0,4.0
T501102,Transferencia,v2,Trujillo,1,Normal,205.7,0,4.0
T501103,Recarga celular,v1,Lima,18,Pico,151.6,0,4.0
T501104,Pago QR,v1,Arequipa,15,Normal,220.0,0,4.0
T501105,Recarga celular,v1,Trujillo,18,Pico,298.4,0,3.0
T501106,Pago QR,v2,Lima,20,Pico,612.4,0,4.0
T501107,Transferencia,v1,Arequipa,16,Normal,333.6,0,5.0
T501108,Pago de servicios,v1,Arequipa,9,Pico,904.1,0,3.0
T501109,Pago de servicios,v2,Trujillo,23,Normal,961.1,0,3.0
T501110,Transferencia,v2,Trujillo,20,Pico,183.4,0,5.0
T501111,Pago QR,v2,Lima,0,Normal,211.4,0,5.0
T501112,Pago QR,v2,Arequipa,8,Pico,275.6,0,4.0
T501113,Recarga celular,v1,Trujillo,3,Normal,165.3,0,5.0
T501114,Recarga celular,v2,Lima,9,Pico,135.8,0,5.0
T501115,Consulta de saldo,v2,Lima,2,Normal,73.4,0,4.0
T501116,Transferencia,v2,Trujillo,13,Normal,207.0,0,5.0
T501117,Pago QR,v2,Lima,5,Normal,262.7,0,3.0
T501118,Consulta de saldo,v1,Lima,18,Pico,131.4,0,5.0
T501119,Transferencia,v2,Lima,22,Normal,204.9,0,5.0
T501120,Pago QR,v2,Trujillo,12,Normal,121.6,0,5.0
T501121,Pago QR,v2,Arequipa,2,Normal,73.1,0,5.0
T501122,Transferencia,v2,Lima,1,Normal,214.0,0,4.0
T501123,Pago QR,v1,Arequipa,21,Pico,346.6,0,3.0
T501124,Consulta de saldo,v1,Trujillo,21,Pico,159.7,0,5.0
T501125,Pago de servicios,v1,Lima,7,Normal,264.1,0,4.0
T501126,Consulta de saldo,v1,Arequipa,7,Normal,298.5,0,4.0
T501127,Pago QR,v2,Trujillo,7,Normal,120.0,0,5.0
T501128,Pago de servicios,v2,Lima,23,Normal,503.5,0,3.0
T501129,Consulta de saldo,v1,Lima,2,Normal,123.4,0,5.0
T501130,Recarga celular,v2,Lima,8,Pico,211.3,0,4.0
T501131,Transferencia,v1,Arequipa,22,Normal,280.5,0,4.0
T501132,Recarga celular,v1,Lima,14,Normal,158.3,0,5.0
T501133,Pago QR,v1,Lima,2,Normal,130.8,0,5.0
T501134,Transferencia,v1,Arequipa,22,Normal,108.2,0,5.0
T501135,Recarga celular,v2,Lima,12,Normal,120.5,0,4.0
T501136,Transferencia,v2,Arequipa,16,Normal,400.3,0,4.0
T501137,Pago QR,v2,Trujillo,21,Pico,167.8,0,5.0
T501138,Recarga celular,v1,Lima,1,Normal,130.4,0,5.0
T501139,Pago QR,v1,Arequipa,15,Normal,159.1,0,4.0
T501140,Consulta de saldo,v1,Lima,6,Normal,48.2,0,5.0
T501141,Pago de servicios,v1,Lima,17,Normal,1273.8,0,1.0
T501142,Consulta de saldo,v2,Lima,7,Normal,50.9,0,4.0
T501143,Recarga celular,v2,Lima,16,Normal,94.1,0,4.0
T501144,Consulta de saldo,v2,Arequipa,13,Normal,108.2,0,5.0
T501145,Pago QR,v2,Trujillo,12,Normal,211.3,0,3.0
T501146,Consulta de saldo,v1,Lima,12,Normal,17.7,0,4.0
T501147,Pago QR,v1,Arequipa,16,Normal,321.5,0,3.0
T501148,Consulta de saldo,v1,Lima,14,Normal,62.6,0,4.0
T501149,Pago QR,v2,Trujillo,0,Normal,493.0,0,2.0
T501150,Pago de servicios,v1,Arequipa,6,Normal,451.1,0,4.0
T501151,Consulta de saldo,v1,Lima,20,Pico,68.2,0,4.0
T501152,Transferencia,v1,Arequipa,20,Pico,602.7,0,2.0
T501153,Transferencia,v1,Trujillo,2,Normal,408.0,0,3.0
T501154,Recarga celular,v1,Trujillo,23,Normal,141.6,0,2.0
T501155,Consulta de saldo,v2,Lima,5,Normal,106.7,0,5.0
T501156,Recarga celular,v1,Trujillo,3,Normal,189.1,0,4.0
T501157,Consulta de saldo,v1,Trujillo,4,Normal,88.0,0,5.0
T501158,Transferencia,v1,Trujillo,6,Normal,207.0,0,5.0
T501159,Pago de servicios,v1,Lima,14,Normal,326.5,0,3.0
T501160,Recarga celular,v2,Arequipa,23,Normal,72.8,0,4.0
T501161,Consulta de saldo,v1,Lima,9,Pico,154.8,0,4.0
T501162,Consulta de saldo,v1,Trujillo,12,Normal,64.8,0,5.0
T501163,Pago QR,v1,Arequipa,3,Normal,2178.4,0,1.0
T501164,Recarga celular,v1,Lima,12,Normal,108.4,0,4.0
T501165,Pago de servicios,v2,Lima,22,Normal,115.6,0,
T501166,Pago de servicios,v1,Lima,4,Normal,684.1,0,2.0
T501167,Pago QR,v2,Lima,5,Normal,303.8,0,4.0
T501168,Pago QR,v1,Lima,12,Normal,241.9,0,4.0
T501169,Pago de servicios,v1,Trujillo,12,Normal,624.8,0,3.0
T501170,Transferencia,v2,Lima,15,Normal,295.8,0,4.0
T501171,Recarga celular,v1,Trujillo,18,Pico,378.1,0,5.0
T501172,Recarga celular,v1,Arequipa,7,Normal,117.5,0,5.0
T501173,Pago QR,v1,Lima,2,Normal,240.9,0,4.0
T501174,Recarga celular,v2,Lima,16,Normal,158.5,0,4.0
T501175,Pago QR,v1,Trujillo,9,Pico,277.5,0,3.0
T501176,Recarga celular,v2,Arequipa,3,Normal,113.4,0,4.0
T501177,Recarga celular,v1,Lima,22,Normal,93.2,0,4.0
T501178,Consulta de saldo,v1,Lima,1,Normal,110.4,0,5.0
T501179,Consulta de saldo,v1,Arequipa,15,Normal,85.4,0,5.0
T501180,Transferencia,v2,Arequipa,10,Pico,215.8,0,4.0
T501181,Recarga celular,v2,Lima,16,Normal,247.0,0,5.0
T501182,Pago QR,v1,Lima,21,Pico,311.2,0,4.0
T501183,Pago de servicios,v1,Trujillo,7,Normal,253.6,0,4.0
T501184,Pago QR,v2,Lima,20,Pico,134.0,0,4.0
T501185,Pago QR,v1,Arequipa,18,Pico,398.5,0,4.0
T501186,Pago QR,v2,Lima,18,Pico,195.9,0,4.0
T501187,Pago QR,v2,Lima,14,Normal,275.0,0,5.0
T501188,Consulta de saldo,v1,Arequipa,5,Normal,104.4,0,5.0
T501189,Transferencia,v2,Lima,22,Normal,179.2,0,4.0
T501190,Transferencia,v1,Arequipa,18,Pico,233.8,0,4.0
T501191,Consulta de saldo,v2,Lima,2,Normal,87.9,0,4.0
T501192,Transferencia,v1,Arequipa,8,Pico,697.2,0,5.0
T501193,Transferencia,v2,Trujillo,2,Normal,202.0,0,3.0
T501194,Pago QR,v1,Arequipa,17,Normal,207.5,0,4.0
T501195,Recarga celular,v2,Arequipa,3,Normal,169.2,0,4.0
T501196,Pago QR,v1,Trujillo,12,Normal,149.7,0,5.0
T501197,Consulta de saldo,v1,Arequipa,23,Normal,104.3,0,5.0
T501198,Consulta de saldo,v2,Lima,15,Normal,160.2,0,5.0
T501199,Pago QR,v1,Trujillo,14,Normal,207.5,0,5.0
T501200,Consulta de saldo,v2,Lima,4,Normal,81.3,0,5.0
T501201,Consulta de saldo,v2,Arequipa,7,Normal,97.9,0,4.0
T501202,Consulta de saldo,v2,Lima,10,Pico,84.9,0,4.0
T501203,Recarga celular,v1,Lima,16,Normal,90.9,0,5.0
T501204,Pago QR,v1,Lima,7,Normal,265.2,0,4.0
T501205,Pago QR,v1,Arequipa,10,Pico,249.0,0,
T501206,Pago de servicios,v1,Lima,0,Normal,221.4,0,5.0
T501207,Transferencia,v1,Lima,2,Normal,180.2,0,4.0
T501208,Recarga celular,v2,Arequipa,12,Normal,233.0,0,5.0
T501209,Pago de servicios,v1,Arequipa,0,Normal,166.7,0,4.0
T501210,Consulta de saldo,v2,Trujillo,19,Pico,110.7,0,3.0
T501211,Pago de servicios,v2,Trujillo,12,Normal,369.2,0,4.0
T501212,Consulta de saldo,v2,Lima,2,Normal,110.0,0,4.0
T501213,Pago de servicios,v1,Lima,12,Normal,279.3,0,5.0
T501214,Transferencia,v1,Arequipa,11,Normal,451.4,0,2.0
T501215,Recarga celular,v2,Lima,22,Normal,86.1,0,4.0
T501216,Transferencia,v1,Trujillo,23,Normal,206.4,0,4.0
T501217,Consulta de saldo,v1,Lima,14,Normal,186.1,0,4.0
T501218,Transferencia,v1,Arequipa,19,Pico,389.0,0,4.0
T501219,Recarga celular,v1,Trujillo,13,Normal,150.7,0,5.0
T501220,Pago QR,v2,Lima,1,Normal,216.2,0,5.0
T501221,Recarga celular,v1,Lima,4,Normal,134.3,0,5.0
T501222,Consulta de saldo,v2,Arequipa,22,Normal,54.0,0,5.0
T501223,Pago QR,v2,Lima,7,Normal,144.2,0,4.0
T501224,Consulta de saldo,v2,Lima,0,Normal,317.3,0,5.0
T501225,Transferencia,v1,Lima,18,Pico,306.1,0,4.0
T501226,Consulta de saldo,v2,Lima,23,Normal,93.6,0,4.0
T501227,Pago QR,v2,Lima,13,Normal,181.1,0,5.0
T501228,Recarga celular,v2,Arequipa,18,Pico,162.0,0,4.0
T501229,Transferencia,v1,Arequipa,0,Normal,140.8,0,5.0
T501230,Recarga celular,v1,Lima,1,Normal,196.6,0,4.0
T501231,Consulta de saldo,v2,Trujillo,17,Normal,189.8,0,3.0
T501232,Pago de servicios,v1,Lima,21,Pico,304.3,0,5.0
T501233,Transferencia,v1,Arequipa,22,Normal,335.0,0,3.0
T501234,Transferencia,v2,Arequipa,12,Normal,200.1,0,3.0
T501235,Pago QR,v2,Lima,16,Normal,103.2,0,4.0
T501236,Recarga celular,v2,Arequipa,12,Normal,229.4,0,5.0
T501237,Pago QR,v1,Arequipa,10,Pico,291.4,0,4.0
T501238,Recarga celular,v1,Lima,19,Pico,290.2,0,4.0
T501239,Consulta de saldo,v2,Arequipa,23,Normal,112.9,0,5.0
T501240,Recarga celular,v2,Lima,8,Pico,103.7,0,5.0
T501241,Transferencia,v2,Lima,8,Pico,231.2,0,4.0
T501242,Pago QR,v1,Lima,7,Normal,184.9,0,4.0
T501243,Recarga celular,v2,Lima,4,Normal,121.7,0,5.0
T501244,Consulta de saldo,v2,Lima,23,Normal,210.1,0,4.0
T501245,Pago de servicios,v1,Lima,6,Normal,380.4,0,4.0
T501246,Recarga celular,v2,Lima,21,Pico,373.5,0,4.0
T501247,Consulta de saldo,v2,Arequipa,12,Normal,146.3,0,4.0
T501248,Pago QR,v2,Arequipa,7,Normal,2539.9,0,1.0
T501249,Pago de servicios,v2,Arequipa,15,Normal,371.9,0,4.0
T501250,Pago QR,v2,Lima,18,Pico,110.2,0,
T501251,Pago de servicios,v2,Lima,6,Normal,6278.9,0,1.0
T501252,Pago QR,v1,Arequipa,12,Normal,147.5,0,5.0
T501253,Pago QR,v2,Lima,15,Normal,131.8,0,5.0
T501254,Pago de servicios,v1,Arequipa,11,Normal,198.7,0,3.0
T501255,Pago de servicios,v2,Trujillo,17,Normal,132.2,0,4.0
T501256,Pago QR,v1,Lima,21,Pico,204.5,0,4.0
T501257,Transferencia,v1,Arequipa,17,Normal,540.0,0,3.0
T501258,Recarga celular,v1,Lima,23,Normal,350.3,0,4.0
T501259,Pago QR,v2,Arequipa,13,Normal,138.1,0,5.0
T501260,Pago QR,v2,Lima,5,Normal,155.0,0,5.0
T501261,Pago de servicios,v2,Trujillo,22,Normal,294.3,0,3.0
T501262,Consulta de saldo,v2,Arequipa,12,Normal,48.7,0,4.0
T501263,Recarga celular,v2,Lima,21,Pico,231.2,0,5.0
T501264,Pago QR,v2,Trujillo,0,Normal,86.1,0,4.0
T501265,Transferencia,v2,Lima,14,Normal,117.9,0,5.0
T501266,Pago QR,v1,Lima,3,Normal,119.9,0,3.0
T501267,Recarga celular,v1,Lima,16,Normal,320.2,0,2.0
T501268,Transferencia,v2,Trujillo,17,Normal,177.8,0,5.0
T501269,Transferencia,v2,Lima,16,Normal,229.3,0,5.0
T501270,Pago QR,v2,Lima,2,Normal,308.7,0,3.0
T501271,Pago de servicios,v1,Arequipa,14,Normal,346.7,0,4.0
T501272,Pago QR,v2,Arequipa,18,Pico,191.1,0,5.0
T501273,Transferencia,v2,Lima,23,Normal,423.9,0,5.0
T501274,Transferencia,v2,Arequipa,9,Pico,467.8,0,4.0
T501275,Transferencia,v1,Trujillo,0,Normal,279.7,0,4.0
T501276,Pago de servicios,v1,Arequipa,0,Normal,239.4,0,5.0
T501277,Pago de servicios,v2,Trujillo,23,Normal,340.7,0,4.0
T501278,Pago de servicios,v1,Lima,20,Pico,329.0,0,4.0
T501279,Consulta de saldo,v1,Arequipa,17,Normal,146.0,0,4.0
T501280,Pago QR,v2,Lima,23,Normal,108.1,0,5.0
T501281,Recarga celular,v2,Lima,5,Normal,306.4,0,4.0
T501282,Transferencia,v1,Arequipa,8,Pico,447.1,0,3.0
T501283,Transferencia,v2,Arequipa,7,Normal,328.4,0,5.0
T501284,Pago QR,v2,Arequipa,6,Normal,111.9,0,4.0
T501285,Pago QR,v1,Arequipa,12,Normal,205.7,0,5.0
T501286,Pago QR,v1,Trujillo,20,Pico,436.4,0,3.0
T501287,Recarga celular,v1,Trujillo,22,Normal,172.0,0,4.0
T501288,Pago de servicios,v1,Trujillo,16,Normal,348.1,0,5.0
T501289,Pago de servicios,v1,Lima,10,Pico,388.1,0,4.0
T501290,Pago QR,v2,Lima,19,Pico,137.8,0,5.0
T501291,Recarga celular,v2,Lima,12,Normal,143.1,0,4.0
T501292,Pago de servicios,v2,Lima,22,Normal,302.3,0,4.0
T501293,Pago QR,v2,Trujillo,22,Normal,149.0,0,5.0
T501294,Pago de servicios,v1,Trujillo,17,Normal,218.9,0,4.0
T501295,Transferencia,v1,Trujillo,4,Normal,127.5,0,5.0
T501296,Transferencia,v1,Trujillo,9,Pico,481.9,0,5.0
T501297,Transferencia,v1,Trujillo,18,Pico,316.0,0,4.0
T501298,Recarga celular,v2,Trujillo,3,Normal,295.3,0,5.0
T501299,Transferencia,v2,Trujillo,10,Pico,618.2,0,4.0
T501300,Pago QR,v1,Lima,9,Pico,305.2,0,4.0
T501301,Pago QR,v2,Lima,16,Normal,353.7,0,5.0
T501302,Recarga celular,v1,Lima,16,Normal,227.5,0,
T501303,Consulta de saldo,v1,Lima,3,Normal,115.0,0,4.0
T501304,Pago de servicios,v2,Lima,8,Pico,243.5,0,5.0
T501305,Pago QR,v2,Lima,19,Pico,164.7,0,5.0
T501306,Transferencia,v2,Arequipa,20,Pico,325.9,0,3.0
T501307,Transferencia,v2,Trujillo,14,Normal,297.0,0,4.0
T501308,Transferencia,v2,Trujillo,1,Normal,157.9,0,5.0
T501309,Transferencia,v1,Arequipa,13,Normal,336.6,0,4.0
T501310,Consulta de saldo,v1,Lima,8,Pico,130.2,0,4.0
T501311,Consulta de saldo,v2,Lima,4,Normal,92.1,0,5.0
T501312,Consulta de saldo,v1,Lima,7,Normal,100.9,0,5.0
T501313,Recarga celular,v1,Lima,21,Pico,400.1,0,4.0
T501314,Pago QR,v1,Lima,2,Normal,208.3,0,4.0
T501315,Pago QR,v1,Lima,12,Normal,232.5,0,4.0
T501316,Pago QR,v2,Trujillo,2,Normal,369.7,0,3.0
T501317,Transferencia,v2,Trujillo,16,Normal,708.3,0,3.0
T501318,Transferencia,v2,Arequipa,21,Pico,220.9,0,4.0
T501319,Pago QR,v2,Lima,7,Normal,291.2,0,4.0
T501320,Transferencia,v2,Lima,0,Normal,195.9,0,5.0
T501321,Recarga celular,v1,Lima,21,Pico,308.0,0,4.0
T501322,Consulta de saldo,v1,Arequipa,10,Pico,152.2,0,4.0
T501323,Pago QR,v2,Lima,19,Pico,487.5,0,2.0
T501324,Transferencia,v1,Trujillo,10,Pico,444.5,0,4.0
T501325,Transferencia,v1,Lima,11,Normal,750.9,0,3.0
T501326,Pago QR,v2,Lima,20,Pico,329.5,0,4.0
T501327,Consulta de saldo,v2,Lima,9,Pico,102.1,0,3.0
T501328,Pago QR,v1,Lima,2,Normal,149.2,0,4.0
T501329,Transferencia,v2,Trujillo,0,Normal,294.3,0,4.0
T501330,Pago de servicios,v2,Lima,22,Normal,488.8,0,5.0
T501331,Consulta de saldo,v2,Lima,3,Normal,101.0,0,4.0
T501332,Pago QR,v2,Trujillo,4,Normal,73.0,0,5.0
T501333,Pago QR,v2,Arequipa,4,Normal,261.3,0,4.0
T501334,Pago QR,v1,Lima,21,Pico,295.7,0,5.0
T501335,Transferencia,v2,Trujillo,7,Normal,442.2,0,4.0
T501336,Pago QR,v1,Arequipa,0,Normal,186.9,0,5.0
T501337,Recarga celular,v1,Lima,11,Normal,292.1,0,5.0
T501338,Consulta de saldo,v1,Lima,16,Normal,77.8,0,5.0
T501339,Transferencia,v1,Lima,5,Normal,616.9,0,3.0
T501340,Consulta de saldo,v1,Arequipa,13,Normal,71.7,0,5.0
T501341,Recarga celular,v2,Lima,23,Normal,69.1,0,4.0
T501342,Pago QR,v1,Arequipa,17,Normal,217.5,0,5.0
T501343,Consulta de saldo,v2,Trujillo,1,Normal,71.9,0,4.0
T501344,Consulta de saldo,v1,Lima,6,Normal,80.8,0,5.0
T501345,Transferencia,v2,Lima,5,Normal,258.9,0,4.0
T501346,Pago QR,v1,Trujillo,20,Pico,341.0,0,3.0
T501347,Consulta de saldo,v2,Lima,18,Pico,180.6,0,5.0
T501348,Transferencia,v1,Trujillo,18,Pico,,0,3.0
T501349,Pago QR,v1,Arequipa,11,Normal,160.5,0,5.0
T501350,Recarga celular,v2,Trujillo,19,Pico,345.6,0,5.0
T501351,Pago de servicios,v1,Lima,13,Normal,185.3,0,3.0
T501352,Pago QR,v1,Lima,14,Normal,184.1,0,5.0
T501353,Transferencia,v1,Lima,5,Normal,465.0,0,4.0
T501354,Transferencia,v1,Lima,0,Normal,145.9,0,5.0
T501355,Pago de servicios,v1,Lima,20,Pico,328.7,0,3.0
T501356,Pago de servicios,v1,Lima,3,Normal,229.8,0,4.0
T501357,Pago de servicios,v1,Arequipa,15,Normal,437.0,0,3.0
T501358,Pago QR,v2,Trujillo,1,Normal,287.5,0,4.0
T501359,Pago QR,v1,Lima,18,Pico,292.2,0,4.0
T501360,Pago de servicios,v1,Arequipa,22,Normal,434.8,0,4.0
T501361,Pago QR,v1,Lima,7,Normal,279.9,0,3.0
T501362,Consulta de saldo,v1,Lima,5,Normal,81.5,0,5.0
T501363,Consulta de saldo,v1,Trujillo,18,Pico,79.6,0,4.0
T501364,Transferencia,v1,Arequipa,11,Normal,550.3,0,3.0
T501365,Consulta de saldo,v2,Lima,18,Pico,239.1,0,4.0
T501366,Consulta de saldo,v1,Lima,20,Pico,500.7,0,4.0
T501367,Pago QR,v2,Trujillo,3,Normal,192.4,0,3.0
T501368,Transferencia,v2,Lima,16,Normal,221.0,0,4.0
T501369,Pago QR,v1,Lima,17,Normal,201.3,0,4.0
T501370,Transferencia,v2,Trujillo,17,Normal,138.0,0,5.0
T501371,Pago de servicios,v2,Trujillo,5,Normal,195.2,0,5.0
T501372,Consulta de saldo,v1,Arequipa,14,Normal,171.0,0,4.0
T501373,Transferencia,v1,Lima,5,Normal,187.1,0,5.0
T501374,Pago QR,v2,Lima,2,Normal,319.0,0,3.0
T501375,Pago de servicios,v2,Arequipa,13,Normal,316.3,0,4.0
T501376,Pago de servicios,v2,Lima,22,Normal,180.7,0,5.0
T501377,Pago QR,v1,Lima,9,Pico,271.2,0,5.0
T501378,Pago QR,v1,Arequipa,8,Pico,152.8,0,4.0
T501379,Pago de servicios,v2,Trujillo,14,Normal,247.0,0,4.0
T501380,Recarga celular,v1,Lima,3,Normal,165.1,0,4.0
T501381,Consulta de saldo,v2,Lima,5,Normal,51.7,0,5.0
T501382,Consulta de saldo,v1,Lima,0,Normal,56.4,0,5.0
T501383,Recarga celular,v1,Lima,21,Pico,121.6,0,5.0
T501384,Consulta de saldo,v2,Lima,12,Normal,76.0,0,5.0
T501385,Transferencia,v1,Trujillo,23,Normal,264.1,0,4.0
T501386,Consulta de saldo,v1,Lima,3,Normal,62.1,0,5.0
T501387,Pago QR,v1,Lima,23,Normal,214.1,0,4.0
T501388,Transferencia,v1,Arequipa,9,Pico,198.6,0,4.0
T501389,Transferencia,v2,Lima,6,Normal,224.0,0,5.0
T501390,Consulta de saldo,v1,Trujillo,12,Normal,174.8,0,4.0
T501391,Pago QR,v1,Lima,6,Normal,192.2,0,5.0
T501392,Pago QR,v1,Lima,13,Normal,386.9,0,5.0
T501393,Recarga celular,v1,Lima,22,Normal,254.5,0,4.0
T501394,Recarga celular,v2,Lima,7,Normal,170.2,0,4.0
T501395,Pago QR,v1,Lima,20,Pico,239.5,0,4.0
T501396,Pago QR,v1,Lima,15,Normal,349.1,0,4.0
T501397,Pago QR,v2,Lima,22,Normal,152.3,0,5.0
T501398,Pago de servicios,v2,Trujillo,13,Normal,161.6,0,5.0
T501399,Pago de servicios,v2,Lima,4,Normal,156.3,0,4.0
T501400,Recarga celular,v2,Arequipa,22,Normal,206.3,0,5.0
T501401,Recarga celular,v2,Lima,10,Pico,221.8,0,4.0
T501402,Transferencia,v2,Arequipa,8,Pico,170.2,0,4.0
T501403,Consulta de saldo,v2,Arequipa,9,Pico,144.5,0,4.0
T501404,Transferencia,v2,Lima,12,Normal,,0,4.0
T501405,Transferencia,v2,Trujillo,4,Normal,82.8,0,5.0
T501406,Transferencia,v2,Arequipa,11,Normal,422.6,0,4.0
T501407,Pago de servicios,v1,Trujillo,12,Normal,444.6,0,4.0
T501408,Pago de servicios,v2,Lima,1,Normal,283.9,0,4.0
T501409,Recarga celular,v1,Trujillo,11,Normal,164.0,0,4.0
T501410,Pago QR,v1,Lima,6,Normal,230.4,0,4.0
T501411,Consulta de saldo,v1,Lima,18,Pico,114.3,0,4.0
T501412,Consulta de saldo,v2,Arequipa,3,Normal,163.2,0,5.0
T501413,Consulta de saldo,v1,Arequipa,4,Normal,259.6,0,3.0
T501414,Transferencia,v2,Arequipa,10,Pico,242.1,0,5.0
T501415,Transferencia,v1,Trujillo,5,Normal,204.7,0,4.0
T501416,Consulta de saldo,v1,Arequipa,17,Normal,121.0,0,3.0
T501417,Pago QR,v1,Lima,13,Normal,373.6,0,4.0
T501418,Pago QR,v2,Trujillo,23,Normal,133.0,0,3.0
T501419,Consulta de saldo,v1,Lima,6,Normal,83.5,0,3.0
T501420,Pago QR,v1,Lima,15,Normal,358.2,0,4.0
T501421,Pago QR,v1,Lima,14,Normal,206.3,0,5.0
T501422,Transferencia,v1,Lima,20,Pico,190.5,0,5.0
T501423,Pago QR,v1,Lima,21,Pico,255.7,0,4.0
T501424,Pago QR,v1,Lima,16,Normal,225.8,0,4.0
T501425,Transferencia,v2,Lima,0,Normal,248.6,0,4.0
T501426,Pago QR,v2,Arequipa,4,Normal,229.5,0,3.0
T501427,Transferencia,v1,Trujillo,10,Pico,574.4,0,4.0
T501428,Pago de servicios,v1,Lima,20,Pico,360.5,0,3.0
T501429,Transferencia,v2,Lima,18,Pico,373.7,0,4.0
T501430,Pago QR,v1,Lima,17,Normal,143.9,0,4.0
T501431,Pago QR,v2,Lima,12,Normal,80.9,0,4.0
T501432,Pago QR,v2,Lima,17,Normal,210.6,0,4.0
T501433,Recarga celular,v2,Trujillo,5,Normal,119.3,0,5.0
T501434,Consulta de saldo,v2,Trujillo,21,Pico,51.3,0,4.0
T501435,Recarga celular,v1,Lima,4,Normal,180.2,0,4.0
T501436,Transferencia,v2,Arequipa,12,Normal,429.3,1,2.0
T501437,Consulta de saldo,v2,Lima,17,Normal,238.1,0,2.0
T501438,Recarga celular,v1,Arequipa,5,Normal,291.0,0,5.0
T501439,Pago de servicios,v1,Trujillo,19,Pico,735.5,1,2.0
T501440,Transferencia,v2,Lima,17,Normal,185.1,0,4.0
T501441,Recarga celular,v1,Trujillo,8,Pico,311.9,0,4.0
T501442,Recarga celular,v1,Lima,19,Pico,261.2,0,4.0
T501443,Transferencia,v2,Trujillo,21,Pico,318.1,0,4.0
T501444,Pago de servicios,v1,Trujillo,14,Normal,210.7,0,4.0
T501445,Pago QR,v1,Trujillo,17,Normal,169.1,0,4.0
T501446,Consulta de saldo,v1,Trujillo,20,Pico,73.6,0,5.0
T501447,Recarga celular,v1,Lima,12,Normal,186.8,0,4.0
T501448,Consulta de saldo,v1,Lima,21,Pico,72.2,0,5.0
T501449,Pago de servicios,v2,Lima,21,Pico,469.1,0,3.0
T501450,Recarga celular,v1,Lima,15,Normal,122.3,0,4.0
T501451,Transferencia,v2,Lima,22,Normal,593.2,0,3.0
T501452,Pago de servicios,v1,Lima,21,Pico,435.9,0,4.0
T501453,Consulta de saldo,v2,Lima,17,Normal,40.4,0,4.0
T501454,Consulta de saldo,v1,Lima,18,Pico,110.3,0,5.0
T501455,Transferencia,v2,Arequipa,21,Pico,368.7,0,4.0
T501456,Pago QR,v1,Lima,13,Normal,236.2,0,5.0
T501457,Consulta de saldo,v2,Trujillo,3,Normal,153.0,0,5.0
T501458,Pago QR,v2,Lima,9,Pico,183.0,0,5.0
T501459,Transferencia,v2,Arequipa,21,Pico,265.8,0,4.0
T501460,Pago QR,v2,Trujillo,0,Normal,175.9,0,5.0
T501461,Recarga celular,v1,Arequipa,20,Pico,134.0,0,3.0
T501462,Consulta de saldo,v1,Trujillo,9,Pico,75.9,0,4.0
T501463,Transferencia,v2,Trujillo,14,Normal,225.0,0,4.0
T501464,Transferencia,v2,Lima,6,Normal,269.9,0,4.0
T501465,Transferencia,v2,Trujillo,20,Pico,633.1,0,3.0
T501466,Consulta de saldo,v2,Lima,22,Normal,50.6,0,5.0
T501467,Pago de servicios,v2,Trujillo,10,Pico,492.2,0,3.0
T501468,Transferencia,v2,Arequipa,3,Normal,303.3,0,3.0
T501469,Pago QR,v1,Arequipa,21,Pico,181.1,0,4.0
T501470,Transferencia,v1,Trujillo,16,Normal,215.1,0,5.0
T501471,Transferencia,v1,Arequipa,7,Normal,348.5,0,3.0
T501472,Pago QR,v2,Lima,11,Normal,137.7,0,4.0
T501473,Consulta de saldo,v1,Trujillo,13,Normal,163.5,0,5.0
T501474,Pago QR,v2,Lima,0,Normal,100.9,0,4.0
T501475,Transferencia,v2,Arequipa,2,Normal,320.4,0,5.0
T501476,Consulta de saldo,v2,Trujillo,22,Normal,81.6,0,5.0
T501477,Pago QR,v2,Lima,19,Pico,552.5,0,3.0
T501478,Transferencia,v1,Trujillo,11,Normal,190.5,0,4.0
T501479,Consulta de saldo,v1,Lima,20,Pico,103.2,0,5.0
T501480,Pago QR,v2,Lima,15,Normal,227.0,0,
T501481,Transferencia,v2,Lima,5,Normal,151.2,0,5.0
T501482,Pago QR,v2,Lima,17,Normal,270.7,0,4.0
T501483,Pago QR,v1,Lima,0,Normal,308.5,0,3.0
T501484,Pago QR,v2,Lima,7,Normal,288.2,0,4.0
T501485,Pago QR,v1,Lima,13,Normal,276.8,0,4.0
T501486,Pago QR,v1,Arequipa,1,Normal,181.6,0,5.0
T501487,Transferencia,v1,Trujillo,20,Pico,280.7,0,5.0
T501488,Transferencia,v1,Arequipa,7,Normal,144.5,0,5.0
T501489,Transferencia,v2,Arequipa,12,Normal,199.5,0,5.0
T501490,Transferencia,v2,Trujillo,2,Normal,228.0,0,3.0
T501491,Pago de servicios,v1,Trujillo,9,Pico,511.0,0,3.0
T501492,Recarga celular,v2,Lima,23,Normal,124.1,0,5.0
T501493,Transferencia,v2,Lima,12,Normal,237.8,0,4.0
T501494,Transferencia,v1,Lima,8,Pico,212.6,0,5.0
T501495,Consulta de saldo,v1,Trujillo,2,Normal,113.3,0,5.0
T501496,Pago QR,v2,Lima,21,Pico,686.4,0,3.0
T501497,Consulta de saldo,v1,Arequipa,14,Normal,141.6,0,5.0
T501498,Consulta de saldo,v1,Lima,8,Pico,120.7,0,5.0
T501499,Pago de servicios,v1,Lima,2,Normal,253.2,0,4.0
T501500,Recarga celular,v2,Trujillo,5,Normal,64.0,0,4.0
T501501,Pago de servicios,v1,Lima,23,Normal,97.4,0,4.0
T501502,Pago de servicios,v2,Trujillo,19,Pico,388.5,0,4.0
T501503,Recarga celular,v2,Trujillo,13,Normal,189.8,0,5.0
T501504,Consulta de saldo,v2,Lima,2,Normal,102.2,0,4.0
T501505,Recarga celular,v2,Trujillo,0,Normal,141.6,0,5.0
T501506,Pago QR,v1,Lima,5,Normal,189.6,0,4.0
T501507,Consulta de saldo,v2,Lima,20,Pico,109.7,0,4.0
T501508,Pago QR,v1,Trujillo,16,Normal,217.6,0,4.0
T501509,Transferencia,v1,Arequipa,8,Pico,497.2,0,4.0
T501510,Pago QR,v2,Arequipa,14,Normal,171.9,0,4.0
T501511,Consulta de saldo,v1,Lima,20,Pico,192.4,0,4.0
T501512,Pago QR,v1,Arequipa,20,Pico,298.2,0,4.0
T501513,Consulta de saldo,v1,Lima,9,Pico,371.7,0,5.0
T501514,Pago QR,v1,Arequipa,20,Pico,194.7,0,4.0
T501515,Consulta de saldo,v2,Arequipa,23,Normal,118.5,0,5.0
T501516,Pago de servicios,v1,Trujillo,19,Pico,324.0,0,3.0
T501517,Transferencia,v2,Lima,18,Pico,163.4,0,4.0
T501518,Transferencia,v1,Lima,15,Normal,169.7,0,5.0
T501519,Consulta de saldo,v2,Arequipa,10,Pico,185.0,0,4.0
T501520,Consulta de saldo,v1,Arequipa,1,Normal,163.2,1,3.0
T501521,Pago QR,v2,Lima,0,Normal,220.4,0,4.0
T501522,Pago QR,v1,Lima,5,Normal,113.9,0,4.0
T501523,Consulta de saldo,v2,Trujillo,9,Pico,47.8,0,4.0
T501524,Pago de servicios,v1,Arequipa,5,Normal,223.9,0,
T501525,Consulta de saldo,v1,Lima,12,Normal,71.3,0,4.0
T501526,Transferencia,v1,Arequipa,5,Normal,182.7,0,4.0
T501527,Pago QR,v2,Lima,0,Normal,227.9,0,4.0
T501528,Transferencia,v1,Trujillo,11,Normal,446.3,0,3.0
T501529,Pago QR,v1,Trujillo,3,Normal,236.2,0,4.0
T501530,Consulta de saldo,v1,Lima,8,Pico,84.2,0,5.0
T501531,Transferencia,v1,Arequipa,6,Normal,119.9,0,4.0
T501532,Pago de servicios,v2,Lima,6,Normal,89.1,0,4.0
T501533,Recarga celular,v2,Trujillo,19,Pico,546.6,0,3.0
T501534,Recarga celular,v1,Lima,15,Normal,295.5,0,4.0
T501535,Transferencia,v2,Lima,13,Normal,324.7,0,4.0
T501536,Recarga celular,v1,Trujillo,17,Normal,101.6,0,4.0
T501537,Recarga celular,v2,Lima,12,Normal,185.8,0,5.0
T501538,Pago QR,v1,Lima,13,Normal,463.9,0,3.0
T501539,Pago QR,v2,Lima,15,Normal,236.4,0,5.0
T501540,Transferencia,v2,Trujillo,20,Pico,247.4,0,3.0
T501541,Transferencia,v1,Trujillo,23,Normal,342.9,0,4.0
T501542,Pago QR,v1,Lima,9,Pico,194.3,0,5.0
T501543,Pago de servicios,v2,Arequipa,4,Normal,467.0,0,3.0
T501544,Transferencia,v1,Lima,5,Normal,524.1,0,3.0
T501545,Transferencia,v2,Arequipa,4,Normal,184.2,0,5.0
T501546,Recarga celular,v1,Trujillo,20,Pico,95.3,0,4.0
T501547,Recarga celular,v1,Lima,19,Pico,246.4,0,4.0
T501548,Consulta de saldo,v2,Arequipa,21,Pico,126.8,0,5.0
T501549,Pago QR,v1,Trujillo,12,Normal,171.0,0,4.0
T501550,Consulta de saldo,v1,Lima,21,Pico,139.4,0,5.0
T501551,Consulta de saldo,v2,Lima,21,Pico,115.3,0,4.0
T501552,Transferencia,v1,Trujillo,14,Normal,227.8,0,4.0
T501553,Pago QR,v1,Arequipa,0,Normal,376.9,0,3.0
T501554,Recarga celular,v2,Arequipa,11,Normal,399.8,0,5.0
T501555,Pago QR,v1,Lima,15,Normal,232.3,0,4.0
T501556,Recarga celular,v1,Lima,2,Normal,172.0,0,4.0
T501557,Transferencia,v1,Lima,14,Normal,349.8,0,3.0
T501558,Consulta de saldo,v1,Lima,6,Normal,142.6,0,4.0
T501559,Recarga celular,v1,Trujillo,5,Normal,126.3,0,4.0
T501560,Consulta de saldo,v2,Lima,16,Normal,347.4,0,4.0
T501561,Transferencia,v2,Lima,23,Normal,359.9,0,4.0
T501562,Transferencia,v2,Lima,12,Normal,194.0,0,4.0
T501563,Consulta de saldo,v2,Trujillo,13,Normal,94.2,0,5.0
T501564,Transferencia,v1,Lima,4,Normal,226.0,0,5.0
T501565,Recarga celular,v1,Trujillo,11,Normal,57.9,0,5.0
T501566,Recarga celular,v1,Arequipa,2,Normal,235.9,0,4.0
T501567,Pago QR,v1,Lima,12,Normal,235.0,0,4.0
T501568,Pago QR,v1,Lima,17,Normal,194.9,0,4.0
T501569,Pago de servicios,v2,Lima,10,Pico,447.0,0,4.0
T501570,Recarga celular,v2,Lima,10,Pico,282.6,0,5.0
T501571,Consulta de saldo,v1,Trujillo,15,Normal,200.5,0,3.0
T501572,Pago QR,v1,Arequipa,7,Normal,514.4,0,4.0
T501573,Transferencia,v2,Arequipa,15,Normal,170.1,0,2.0
T501574,Transferencia,v1,Lima,17,Normal,169.0,0,4.0
T501575,Pago de servicios,v2,Arequipa,12,Normal,250.4,0,5.0
T501576,Recarga celular,v1,Arequipa,12,Normal,84.3,0,2.0
T501577,Pago de servicios,v2,Lima,14,Normal,311.4,0,5.0
T501578,Consulta de saldo,v2,Lima,20,Pico,77.5,0,5.0
T501579,Pago QR,v1,Lima,8,Pico,175.7,0,5.0
T501580,Recarga celular,v2,Trujillo,14,Normal,98.3,0,5.0
T501581,Recarga celular,v1,Lima,17,Normal,170.5,0,5.0
T501582,Pago QR,v2,Lima,20,Pico,230.4,0,4.0
T501583,Consulta de saldo,v2,Lima,15,Normal,108.1,0,4.0
T501584,Transferencia,v1,Lima,15,Normal,216.2,0,4.0
T501585,Pago QR,v2,Arequipa,16,Normal,209.9,0,3.0
T501586,Transferencia,v2,Lima,7,Normal,164.0,0,4.0
T501587,Pago de servicios,v2,Trujillo,1,Normal,781.2,0,4.0
T501588,Recarga celular,v1,Lima,11,Normal,152.5,0,3.0
T501589,Transferencia,v2,Lima,23,Normal,131.8,0,4.0
T501590,Pago QR,v2,Lima,14,Normal,74.0,0,5.0
T501591,Pago QR,v2,Lima,10,Pico,256.0,0,4.0
T501592,Pago QR,v1,Lima,8,Pico,236.0,0,4.0
T501593,Consulta de saldo,v1,Lima,22,Normal,162.0,0,3.0
T501594,Transferencia,v2,Trujillo,22,Normal,270.3,0,4.0
T501595,Pago QR,v1,Trujillo,20,Pico,233.1,0,3.0
T501596,Recarga celular,v2,Lima,15,Normal,129.5,0,3.0
T501597,Pago QR,v1,Lima,20,Pico,252.2,0,4.0
T501598,Pago QR,v2,Trujillo,7,Normal,319.2,0,4.0
T501599,Pago de servicios,v1,Lima,9,Pico,541.7,0,4.0
T501600,Consulta de saldo,v2,Lima,6,Normal,67.3,0,5.0
T501601,Pago de servicios,v2,Arequipa,12,Normal,193.2,0,4.0
T501602,Pago de servicios,v2,Lima,2,Normal,118.7,0,3.0
T501603,Recarga celular,v2,Arequipa,23,Normal,195.3,0,4.0
T501604,Pago de servicios,v1,Arequipa,12,Normal,360.8,0,5.0
T501605,Consulta de saldo,v1,Lima,10,Pico,92.0,0,5.0
T501606,Pago QR,v1,Arequipa,15,Normal,235.3,0,3.0
T501607,Recarga celular,v2,Lima,6,Normal,,0,3.0
T501608,Pago QR,v2,Arequipa,1,Normal,206.2,0,4.0
T501609,Pago de servicios,v2,Arequipa,23,Normal,144.2,0,5.0
T501610,Transferencia,v2,Lima,19,Pico,310.2,0,3.0
T501611,Pago QR,v1,Arequipa,21,Pico,125.1,0,4.0
T501612,Pago de servicios,v1,Lima,6,Normal,294.1,0,4.0
T501613,Consulta de saldo,v1,Trujillo,0,Normal,104.2,0,4.0
T501614,Recarga celular,v1,Lima,3,Normal,197.6,0,3.0
T501615,Transferencia,v2,Arequipa,13,Normal,118.4,0,4.0
T501616,Consulta de saldo,v1,Lima,6,Normal,52.0,0,5.0
T501617,Transferencia,v1,Arequipa,23,Normal,278.8,0,5.0
T501618,Pago QR,v2,Trujillo,8,Pico,251.3,0,4.0
T501619,Consulta de saldo,v2,Arequipa,11,Normal,46.7,0,
T501620,Transferencia,v2,Lima,6,Normal,342.1,0,4.0
T501621,Transferencia,v2,Trujillo,17,Normal,251.3,0,5.0
T501622,Pago de servicios,v2,Lima,8,Pico,242.4,1,3.0
T501623,Transferencia,v2,Lima,7,Normal,246.3,0,
T501624,Consulta de saldo,v1,Trujillo,9,Pico,365.4,0,4.0
T501625,Recarga celular,v2,Arequipa,7,Normal,148.8,0,5.0
T501626,Transferencia,v1,Trujillo,10,Pico,510.0,0,4.0
T501627,Recarga celular,v2,Lima,16,Normal,535.0,0,3.0
T501628,Pago QR,v1,Arequipa,7,Normal,191.4,0,5.0
T501629,Pago de servicios,v1,Trujillo,7,Normal,345.1,0,4.0
T501630,Pago QR,v1,Arequipa,19,Pico,1120.1,0,3.0
T501631,Consulta de saldo,v2,Lima,23,Normal,119.3,0,4.0
T501632,Pago QR,v1,Trujillo,14,Normal,349.8,0,3.0
T501633,Pago QR,v1,Trujillo,1,Normal,77.2,0,5.0
T501634,Transferencia,v1,Arequipa,15,Normal,312.7,0,4.0
T501635,Pago de servicios,v2,Trujillo,3,Normal,623.9,0,4.0
T501636,Pago QR,v1,Trujillo,15,Normal,268.1,0,3.0
T501637,Consulta de saldo,v1,Arequipa,18,Pico,148.4,0,4.0
T501638,Pago de servicios,v2,Arequipa,12,Normal,243.6,0,4.0
T501639,Recarga celular,v1,Arequipa,8,Pico,214.3,0,5.0
T501640,Transferencia,v2,Arequipa,12,Normal,300.5,0,4.0
T501641,Recarga celular,v2,Lima,10,Pico,197.7,0,4.0
T501642,Pago de servicios,v2,Lima,6,Normal,455.3,0,4.0
T501643,Transferencia,v2,Arequipa,7,Normal,602.2,0,3.0
T501644,Recarga celular,v1,Trujillo,1,Normal,142.1,0,4.0
T501645,Consulta de saldo,v1,Lima,14,Normal,94.6,0,4.0
T501646,Consulta de saldo,v1,Trujillo,8,Pico,188.5,0,4.0
T501647,Pago QR,v1,Arequipa,9,Pico,235.0,0,5.0
T501648,Pago de servicios,v2,Lima,12,Normal,302.4,0,5.0
T501649,Transferencia,v2,Lima,15,Normal,256.7,0,4.0
T501650,Transferencia,v2,Lima,18,Pico,382.8,0,3.0
T501651,Pago QR,v2,Arequipa,21,Pico,506.0,0,3.0
T501652,Consulta de saldo,v2,Lima,13,Normal,76.4,0,5.0
T501653,Transferencia,v2,Lima,21,Pico,175.9,0,5.0
T501654,Transferencia,v1,Lima,9,Pico,405.8,0,3.0
T501655,Consulta de saldo,v1,Arequipa,22,Normal,150.3,0,4.0
T501656,Transferencia,v1,Trujillo,1,Normal,458.9,0,5.0
T501657,Recarga celular,v2,Lima,2,Normal,4483.8,1,1.0
T501658,Transferencia,v2,Arequipa,23,Normal,384.6,0,4.0
T501659,Pago QR,v2,Trujillo,8,Pico,,0,5.0
T501660,Transferencia,v2,Lima,13,Normal,192.0,0,4.0
T501661,Pago de servicios,v2,Arequipa,23,Normal,410.1,0,4.0
T501662,Consulta de saldo,v2,Lima,16,Normal,75.5,0,4.0
T501663,Recarga celular,v2,Lima,17,Normal,225.6,0,5.0
T501664,Recarga celular,v2,Trujillo,18,Pico,141.7,0,4.0
T501665,Transferencia,v1,Lima,1,Normal,438.4,0,3.0
T501666,Pago QR,v2,Lima,3,Normal,187.6,0,4.0
T501667,Pago de servicios,v2,Lima,20,Pico,150.3,0,5.0
T501668,Transferencia,v2,Lima,22,Normal,263.0,0,4.0
T501669,Pago QR,v2,Lima,21,Pico,207.9,0,5.0
T501670,Pago de servicios,v2,Lima,10,Pico,703.4,0,4.0
T501671,Consulta de saldo,v1,Trujillo,1,Normal,108.3,0,3.0
T501672,Transferencia,v1,Lima,10,Pico,610.9,0,4.0
T501673,Recarga celular,v1,Lima,17,Normal,217.7,0,5.0
T501674,Recarga celular,v2,Lima,8,Pico,113.1,0,5.0
T501675,Pago QR,v2,Lima,19,Pico,239.7,0,3.0
T501676,Pago QR,v2,Lima,20,Pico,470.5,0,4.0
T501677,Consulta de saldo,v1,Arequipa,4,Normal,83.8,0,4.0
T501678,Pago QR,v2,Lima,9,Pico,536.9,0,4.0
T501679,Recarga celular,v1,Arequipa,9,Pico,406.3,0,5.0
T501680,Transferencia,v2,Trujillo,0,Normal,191.7,0,5.0
T501681,Pago de servicios,v2,Lima,11,Normal,452.5,0,4.0
T501682,Consulta de saldo,v1,Arequipa,17,Normal,181.1,0,4.0
T501683,Recarga celular,v2,Lima,13,Normal,164.3,0,4.0
T501684,Pago QR,v2,Lima,14,Normal,156.4,0,4.0
T501685,Transferencia,v1,Lima,1,Normal,266.3,0,4.0
T501686,Transferencia,v2,Lima,20,Pico,347.0,0,5.0
T501687,Recarga celular,v1,Arequipa,22,Normal,104.1,0,5.0
T501688,Pago QR,v1,Arequipa,12,Normal,198.0,0,5.0
T501689,Consulta de saldo,v2,Arequipa,4,Normal,98.3,0,5.0
T501690,Transferencia,v1,Lima,19,Pico,472.5,0,4.0
T501691,Consulta de saldo,v1,Lima,14,Normal,97.1,0,4.0
T501692,Pago QR,v2,Trujillo,21,Pico,164.5,0,4.0
T501693,Transferencia,v1,Trujillo,19,Pico,407.3,0,5.0
T501694,Transferencia,v2,Trujillo,20,Pico,190.4,0,5.0
T501695,Transferencia,v2,Lima,20,Pico,563.1,0,4.0
T501696,Consulta de saldo,v1,Trujillo,9,Pico,159.6,0,4.0
T501697,Recarga celular,v1,Lima,0,Normal,115.4,0,5.0
T501698,Recarga celular,v1,Trujillo,1,Normal,87.2,0,4.0
T501699,Pago QR,v1,Trujillo,3,Normal,133.1,0,4.0
T501700,Pago QR,v2,Lima,5,Normal,188.8,0,
T501701,Consulta de saldo,v2,Arequipa,23,Normal,182.7,0,4.0
T501702,Consulta de saldo,v2,Trujillo,0,Normal,129.5,0,3.0
T501703,Pago de servicios,v2,Arequipa,23,Normal,219.1,0,4.0
T501704,Pago QR,v2,Lima,5,Normal,109.9,0,5.0
T501705,Consulta de saldo,v2,Lima,19,Pico,79.0,0,5.0
T501706,Recarga celular,v1,Arequipa,12,Normal,228.8,0,4.0
T501707,Recarga celular,v1,Arequipa,21,Pico,102.0,0,3.0
T501708,Consulta de saldo,v1,Trujillo,18,Pico,77.1,0,
T501709,Transferencia,v1,Trujillo,14,Normal,144.1,0,5.0
T501710,Consulta de saldo,v2,Lima,18,Pico,226.3,0,4.0
T501711,Consulta de saldo,v2,Lima,15,Normal,106.0,0,5.0
T501712,Pago QR,v1,Lima,5,Normal,353.2,0,3.0
T501713,Transferencia,v2,Arequipa,11,Normal,258.5,0,4.0
T501714,Consulta de saldo,v1,Trujillo,21,Pico,71.6,0,5.0
T501715,Pago de servicios,v1,Arequipa,9,Pico,666.4,0,3.0
T501716,Pago de servicios,v2,Arequipa,10,Pico,339.5,0,5.0
T501717,Consulta de saldo,v1,Lima,21,Pico,223.3,0,3.0
T501718,Recarga celular,v2,Trujillo,20,Pico,320.2,0,4.0
T501719,Transferencia,v1,Trujillo,0,Normal,258.8,0,4.0
T501720,Pago QR,v2,Arequipa,7,Normal,239.0,0,5.0
T501721,Consulta de saldo,v2,Lima,13,Normal,112.0,0,5.0
T501722,Transferencia,v2,Lima,21,Pico,100.1,0,4.0
T501723,Consulta de saldo,v1,Arequipa,21,Pico,107.1,0,4.0
T501724,Recarga celular,v1,Lima,0,Normal,229.2,0,4.0
T501725,Consulta de saldo,v2,Arequipa,8,Pico,118.7,0,5.0
T501726,Pago QR,v2,Lima,13,Normal,205.6,0,5.0
T501727,Consulta de saldo,v2,Arequipa,1,Normal,114.8,0,5.0
T501728,Recarga celular,v1,Lima,19,Pico,367.5,0,4.0
T501729,Consulta de saldo,v1,Lima,6,Normal,57.0,0,4.0
T501730,Recarga celular,v2,Arequipa,17,Normal,227.2,0,3.0
T501731,Recarga celular,v1,Lima,0,Normal,197.7,0,5.0
T501732,Pago QR,v1,Arequipa,2,Normal,220.9,0,5.0
T501733,Pago QR,v2,Arequipa,18,Pico,137.2,0,5.0
T501734,Recarga celular,v2,Lima,3,Normal,119.5,0,5.0
T501735,Consulta de saldo,v1,Lima,8,Pico,112.5,0,4.0
T501736,Pago de servicios,v1,Lima,20,Pico,283.3,0,5.0
T501737,Transferencia,v2,Lima,2,Normal,303.3,0,5.0
T501738,Transferencia,v2,Trujillo,19,Pico,226.2,0,4.0
T501739,Pago de servicios,v2,Lima,11,Normal,261.6,0,3.0
T501740,Pago QR,v1,Lima,1,Normal,148.4,0,4.0
T501741,Pago de servicios,v2,Lima,4,Normal,145.0,0,4.0
T501742,Transferencia,v2,Lima,10,Pico,150.2,0,5.0
T501743,Pago QR,v1,Lima,20,Pico,154.7,0,5.0
T501744,Consulta de saldo,v2,Arequipa,10,Pico,145.8,0,4.0
T501745,Transferencia,v1,Lima,6,Normal,245.6,0,4.0
T501746,Transferencia,v1,Trujillo,0,Normal,889.4,0,2.0
T501747,Consulta de saldo,v1,Lima,23,Normal,76.1,0,4.0
T501748,Pago QR,v2,Lima,6,Normal,202.1,0,5.0
T501749,Transferencia,v1,Arequipa,6,Normal,163.6,0,5.0
T501750,Pago de servicios,v1,Lima,8,Pico,791.3,0,3.0
T501751,Pago QR,v2,Arequipa,2,Normal,268.8,0,4.0
T501752,Transferencia,v1,Lima,12,Normal,256.1,0,4.0
T501753,Pago QR,v1,Lima,21,Pico,442.1,0,3.0
T501754,Pago de servicios,v2,Arequipa,0,Normal,191.2,0,4.0
T501755,Consulta de saldo,v1,Arequipa,12,Normal,119.8,0,4.0
T501756,Pago de servicios,v1,Trujillo,16,Normal,349.6,0,3.0
T501757,Pago de servicios,v2,Lima,18,Pico,231.5,0,4.0
T501758,Pago QR,v2,Trujillo,19,Pico,236.5,0,4.0
T501759,Recarga celular,v1,Trujillo,18,Pico,221.7,0,5.0
T501760,Pago QR,v1,Trujillo,8,Pico,654.4,0,3.0
T501761,Pago QR,v1,Arequipa,11,Normal,151.5,1,4.0
T501762,Recarga celular,v2,Trujillo,16,Normal,122.4,0,5.0
T501763,Consulta de saldo,v2,Lima,0,Normal,106.9,0,5.0
T501764,Transferencia,v2,Trujillo,20,Pico,191.9,0,4.0
T501765,Pago QR,v1,Arequipa,20,Pico,238.4,0,5.0
T501766,Recarga celular,v2,Trujillo,15,Normal,398.1,0,3.0
T501767,Consulta de saldo,v2,Arequipa,1,Normal,110.8,0,5.0
T501768,Pago de servicios,v2,Arequipa,0,Normal,396.3,0,4.0
T501769,Pago QR,v2,Arequipa,22,Normal,497.2,0,3.0
T501770,Pago QR,v1,Trujillo,7,Normal,101.2,0,4.0
T501771,Pago QR,v2,Lima,15,Normal,214.5,0,4.0
T501772,Transferencia,v2,Lima,17,Normal,248.9,0,3.0
T501773,Transferencia,v1,Lima,18,Pico,534.1,0,3.0
T501774,Pago QR,v1,Lima,23,Normal,264.6,0,4.0
T501775,Consulta de saldo,v1,Arequipa,17,Normal,98.3,0,5.0
T501776,Transferencia,v1,Arequipa,7,Normal,174.1,0,4.0
T501777,Pago QR,v2,Lima,17,Normal,109.6,0,5.0
T501778,Consulta de saldo,v1,Lima,23,Normal,114.9,0,5.0
T501779,Recarga celular,v1,Lima,14,Normal,82.2,0,4.0
T501780,Consulta de saldo,v1,Lima,11,Normal,69.0,0,5.0
T501781,Pago QR,v2,Lima,11,Normal,283.3,0,5.0
T501782,Consulta de saldo,v1,Lima,13,Normal,73.9,0,5.0
T501783,Transferencia,v1,Trujillo,3,Normal,290.7,0,5.0
T501784,Transferencia,v2,Arequipa,15,Normal,281.7,0,4.0
T501785,Transferencia,v1,Lima,14,Normal,150.0,0,5.0
T501786,Recarga celular,v1,Lima,1,Normal,180.7,0,4.0
T501787,Consulta de saldo,v1,Lima,2,Normal,189.5,0,5.0
T501788,Pago de servicios,v1,Lima,18,Pico,253.1,0,3.0
T501789,Consulta de saldo,v1,Lima,10,Pico,340.4,0,4.0
T501790,Consulta de saldo,v2,Lima,23,Normal,36.5,0,5.0
T501791,Transferencia,v2,Trujillo,15,Normal,671.2,0,3.0
T501792,Pago de servicios,v1,Arequipa,3,Normal,442.1,0,5.0
T501793,Consulta de saldo,v2,Lima,3,Normal,57.5,0,4.0
T501794,Transferencia,v1,Lima,18,Pico,329.6,0,4.0
T501795,Transferencia,v2,Arequipa,22,Normal,190.2,0,5.0
T501796,Pago de servicios,v1,Lima,23,Normal,360.3,0,3.0
T501797,Pago QR,v1,Lima,2,Normal,182.7,0,4.0
T501798,Pago QR,v1,Lima,2,Normal,377.3,0,4.0
T501799,Pago de servicios,v2,Arequipa,20,Pico,294.3,0,4.0
T501800,Pago QR,v2,Arequipa,22,Normal,165.8,0,4.0
T501801,Transferencia,v1,Trujillo,4,Normal,243.6,0,5.0
T501802,Transferencia,v2,Lima,22,Normal,274.2,0,5.0
T501803,Transferencia,v1,Lima,3,Normal,283.6,0,4.0
T501804,Recarga celular,v2,Lima,15,Normal,159.3,0,4.0
T501805,Transferencia,v2,Lima,10,Pico,381.3,0,3.0
T501806,Pago de servicios,v2,Trujillo,11,Normal,243.8,0,5.0
T501807,Pago QR,v1,Arequipa,2,Normal,229.3,0,4.0
T501808,Pago QR,v2,Arequipa,2,Normal,294.4,0,4.0
T501809,Transferencia,v2,Lima,5,Normal,371.8,0,3.0
T501810,Transferencia,v2,Arequipa,13,Normal,168.1,0,4.0
T501811,Transferencia,v2,Trujillo,1,Normal,376.0,0,4.0
T501812,Pago QR,v2,Lima,2,Normal,250.3,0,5.0
T501813,Transferencia,v2,Lima,1,Normal,281.9,0,3.0
T501814,Transferencia,v1,Trujillo,18,Pico,419.1,0,4.0
T501815,Recarga celular,v1,Arequipa,14,Normal,123.4,0,5.0
T501816,Pago de servicios,v1,Trujillo,4,Normal,329.9,0,5.0
T501817,Pago QR,v2,Lima,19,Pico,170.6,0,4.0
T501818,Consulta de saldo,v2,Arequipa,0,Normal,108.2,0,5.0
T501819,Pago de servicios,v2,Arequipa,11,Normal,277.5,0,4.0
T501820,Consulta de saldo,v2,Lima,7,Normal,96.7,0,4.0
T501821,Transferencia,v1,Lima,7,Normal,217.8,0,3.0
T501822,Consulta de saldo,v2,Lima,9,Pico,223.8,0,4.0
T501823,Pago de servicios,v2,Arequipa,23,Normal,372.9,0,3.0
T501824,Transferencia,v1,Lima,18,Pico,207.6,0,5.0
T501825,Pago QR,v2,Arequipa,2,Normal,287.7,0,4.0
T501826,Recarga celular,v2,Arequipa,12,Normal,85.7,0,5.0
T501827,Recarga celular,v2,Arequipa,18,Pico,174.7,0,4.0
T501828,Pago QR,v1,Lima,16,Normal,260.1,0,4.0
T501829,Pago QR,v2,Lima,13,Normal,203.9,0,5.0
T501830,Pago de servicios,v1,Lima,7,Normal,594.2,0,3.0
T501831,Pago de servicios,v1,Lima,8,Pico,618.1,0,3.0
T501832,Transferencia,v2,Lima,18,Pico,171.1,0,5.0
T501833,Consulta de saldo,v2,Arequipa,1,Normal,95.3,0,5.0
T501834,Consulta de saldo,v1,Lima,15,Normal,108.5,0,5.0
T501835,Pago QR,v2,Trujillo,17,Normal,85.8,0,5.0
T501836,Consulta de saldo,v2,Lima,12,Normal,56.5,0,
T501837,Pago QR,v1,Lima,7,Normal,155.3,0,5.0
T501838,Pago QR,v2,Trujillo,11,Normal,118.3,0,3.0
T501839,Pago de servicios,v1,Lima,10,Pico,461.7,0,4.0
T501840,Transferencia,v1,Arequipa,0,Normal,227.1,0,4.0
T501841,Pago QR,v1,Lima,20,Pico,335.7,0,5.0
T501842,Transferencia,v2,Trujillo,2,Normal,354.6,0,4.0
T501843,Pago QR,v1,Lima,5,Normal,238.1,0,4.0
T501844,Pago de servicios,v2,Trujillo,4,Normal,309.2,0,3.0
T501845,Consulta de saldo,v2,Lima,5,Normal,61.5,0,5.0
T501846,Pago de servicios,v1,Lima,19,Pico,649.9,0,3.0
T501847,Pago QR,v2,Lima,11,Normal,86.2,0,5.0
T501848,Consulta de saldo,v1,Lima,0,Normal,88.2,0,3.0
T501849,Transferencia,v2,Trujillo,8,Pico,508.3,0,5.0
T501850,Pago de servicios,v1,Lima,13,Normal,247.8,0,4.0
T501851,Pago QR,v2,Arequipa,5,Normal,282.8,0,4.0
T501852,Recarga celular,v2,Lima,5,Normal,92.8,0,4.0
T501853,Transferencia,v2,Arequipa,20,Pico,211.6,0,4.0
T501854,Pago QR,v1,Arequipa,6,Normal,323.0,0,4.0
T501855,Transferencia,v2,Lima,8,Pico,443.1,0,4.0
T501856,Transferencia,v2,Lima,15,Normal,332.5,0,4.0
T501857,Transferencia,v2,Lima,14,Normal,183.1,0,5.0
T501858,Consulta de saldo,v2,Lima,21,Pico,273.9,0,3.0
T501859,Pago QR,v1,Arequipa,21,Pico,464.4,0,4.0
T501860,Pago QR,v1,Trujillo,13,Normal,175.9,0,4.0
T501861,Transferencia,v2,Arequipa,23,Normal,394.7,0,4.0
T501862,Consulta de saldo,v1,Lima,12,Normal,74.8,0,3.0
T501863,Pago QR,v1,Lima,18,Pico,331.4,0,5.0
T501864,Transferencia,v2,Lima,10,Pico,266.9,0,3.0
T501865,Pago QR,v1,Lima,6,Normal,219.8,0,3.0
T501866,Pago QR,v1,Lima,10,Pico,266.2,0,5.0
T501867,Pago QR,v2,Arequipa,19,Pico,655.0,0,3.0
T501868,Recarga celular,v2,Lima,7,Normal,120.5,0,4.0
T501869,Consulta de saldo,v1,Lima,14,Normal,58.7,0,5.0
T501870,Transferencia,v1,Trujillo,7,Normal,179.1,0,5.0
T501871,Transferencia,v1,Trujillo,19,Pico,139.7,0,4.0
T501872,Pago QR,v1,Lima,10,Pico,178.5,0,4.0
T501873,Consulta de saldo,v1,Lima,21,Pico,184.8,0,4.0
T501874,Pago QR,v2,Trujillo,22,Normal,255.9,0,4.0
T501875,Consulta de saldo,v1,Arequipa,20,Pico,132.5,0,4.0
T501876,Pago de servicios,v2,Lima,12,Normal,,0,5.0
T501877,Transferencia,v2,Lima,6,Normal,91.0,0,4.0
T501878,Pago QR,v2,Arequipa,2,Normal,135.4,0,5.0
T501879,Pago de servicios,v2,Lima,2,Normal,139.2,0,5.0
T501880,Pago de servicios,v2,Lima,7,Normal,308.0,0,5.0
T501881,Consulta de saldo,v2,Lima,6,Normal,100.5,0,5.0
T501882,Recarga celular,v2,Lima,11,Normal,116.2,0,5.0
T501883,Consulta de saldo,v1,Lima,14,Normal,167.7,0,
T501884,Consulta de saldo,v1,Arequipa,4,Normal,91.0,0,4.0
T501885,Consulta de saldo,v2,Trujillo,0,Normal,139.3,0,4.0
T501886,Transferencia,v1,Lima,9,Pico,260.2,0,5.0
T501887,Transferencia,v2,Lima,0,Normal,193.3,0,5.0
T501888,Pago QR,v2,Arequipa,17,Normal,144.7,0,4.0
T501889,Pago QR,v2,Trujillo,16,Normal,607.3,0,3.0
T501890,Transferencia,v1,Trujillo,16,Normal,363.3,0,3.0
T501891,Transferencia,v1,Arequipa,21,Pico,153.2,0,4.0
T501892,Pago QR,v1,Lima,16,Normal,200.2,0,3.0
T501893,Pago de servicios,v1,Trujillo,18,Pico,481.3,0,4.0
T501894,Transferencia,v1,Trujillo,18,Pico,512.2,0,4.0
T501895,Recarga celular,v1,Lima,7,Normal,108.9,0,5.0
T501896,Transferencia,v1,Arequipa,17,Normal,216.8,0,4.0
T501897,Recarga celular,v1,Arequipa,22,Normal,241.5,0,5.0
T501898,Consulta de saldo,v2,Trujillo,8,Pico,92.2,0,4.0
T501899,Transferencia,v2,Arequipa,0,Normal,141.6,0,4.0
T501900,Transferencia,v2,Trujillo,16,Normal,262.9,0,4.0
T501901,Pago QR,v1,Lima,23,Normal,185.1,0,4.0
T501902,Consulta de saldo,v2,Lima,2,Normal,77.5,0,5.0
T501903,Pago QR,v1,Trujillo,10,Pico,156.6,0,3.0
T501904,Recarga celular,v1,Lima,12,Normal,91.4,0,5.0
T501905,Consulta de saldo,v1,Arequipa,23,Normal,48.9,0,4.0
T501906,Transferencia,v1,Trujillo,23,Normal,159.7,0,4.0
T501907,Consulta de saldo,v1,Lima,21,Pico,48.3,0,5.0
T501908,Consulta de saldo,v2,Arequipa,10,Pico,62.7,0,3.0
T501909,Consulta de saldo,v2,Lima,6,Normal,124.5,0,4.0
T501910,Consulta de saldo,v2,Lima,1,Normal,45.9,0,3.0
T501911,Recarga celular,v2,Arequipa,20,Pico,165.3,0,4.0
T501912,Consulta de saldo,v2,Trujillo,2,Normal,209.3,0,4.0
T501913,Consulta de saldo,v1,Lima,8,Pico,132.4,0,4.0
T501914,Consulta de saldo,v2,Lima,6,Normal,207.3,0,5.0
T501915,Consulta de saldo,v1,Lima,13,Normal,74.7,0,5.0
T501916,Transferencia,v2,Arequipa,15,Normal,150.3,0,5.0
T501917,Pago de servicios,v2,Lima,11,Normal,235.5,0,5.0
T501918,Pago de servicios,v1,Lima,17,Normal,600.4,0,2.0
T501919,Pago QR,v1,Lima,15,Normal,330.9,0,4.0
T501920,Transferencia,v1,Lima,1,Normal,136.5,0,4.0
T501921,Recarga celular,v2,Lima,23,Normal,153.3,0,4.0
T501922,Pago de servicios,v2,Lima,6,Normal,303.3,0,5.0
T501923,Pago QR,v1,Lima,6,Normal,259.6,0,3.0
T501924,Transferencia,v1,Trujillo,15,Normal,304.0,0,4.0
T501925,Consulta de saldo,v2,Trujillo,23,Normal,67.6,0,4.0
T501926,Pago QR,v1,Lima,12,Normal,141.8,0,5.0
T501927,Pago QR,v1,Arequipa,20,Pico,163.4,0,5.0
T501928,Consulta de saldo,v2,Lima,10,Pico,78.4,0,4.0
T501929,Pago de servicios,v1,Arequipa,12,Normal,308.6,0,3.0
T501930,Pago de servicios,v1,Lima,16,Normal,310.9,0,4.0
T501931,Pago QR,v2,Lima,17,Normal,140.3,0,4.0
T501932,Pago QR,v2,Trujillo,9,Pico,291.4,0,4.0
T501933,Transferencia,v2,Trujillo,14,Normal,241.4,0,3.0
T501934,Pago de servicios,v2,Lima,21,Pico,300.7,0,3.0
T501935,Recarga celular,v1,Lima,14,Normal,194.9,1,
T501936,Transferencia,v1,Lima,1,Normal,377.6,0,5.0
T501937,Pago de servicios,v2,Trujillo,6,Normal,162.5,0,5.0
T501938,Consulta de saldo,v1,Arequipa,19,Pico,158.3,0,4.0
T501939,Consulta de saldo,v1,Trujillo,19,Pico,60.8,0,4.0
T501940,Transferencia,v1,Arequipa,19,Pico,545.7,0,3.0
T501941,Consulta de saldo,v2,Trujillo,1,Normal,97.3,0,4.0
T501942,Transferencia,v2,Lima,14,Normal,275.6,0,4.0
T501943,Pago QR,v1,Trujillo,11,Normal,127.6,0,5.0
T501944,Transferencia,v2,Lima,6,Normal,506.8,0,4.0
T501945,Pago de servicios,v1,Lima,8,Pico,228.1,0,5.0
T501946,Pago QR,v2,Lima,13,Normal,204.0,0,5.0
T501947,Recarga celular,v1,Trujillo,8,Pico,311.5,0,4.0
T501948,Transferencia,v1,Arequipa,17,Normal,318.1,0,4.0
T501949,Pago de servicios,v1,Trujillo,10,Pico,272.3,0,3.0
T501950,Transferencia,v1,Arequipa,2,Normal,272.6,0,4.0
T501951,Pago de servicios,v2,Lima,22,Normal,378.3,0,4.0
T501952,Pago QR,v2,Trujillo,4,Normal,294.1,0,3.0
T501953,Pago QR,v1,Trujillo,10,Pico,194.8,0,3.0
T501954,Pago de servicios,v1,Trujillo,18,Pico,299.2,0,4.0
T501955,Transferencia,v1,Lima,17,Normal,187.0,0,5.0
T501956,Recarga celular,v1,Lima,13,Normal,230.5,0,3.0
T501957,Transferencia,v1,Trujillo,10,Pico,464.8,0,4.0
T501958,Recarga celular,v1,Trujillo,7,Normal,261.5,0,5.0
T501959,Pago QR,v2,Lima,4,Normal,206.2,0,5.0
T501960,Transferencia,v1,Trujillo,13,Normal,453.1,0,4.0
T501961,Consulta de saldo,v1,Arequipa,13,Normal,41.6,0,5.0
T501962,Pago de servicios,v2,Lima,21,Pico,388.7,0,4.0
T501963,Pago de servicios,v2,Lima,0,Normal,260.2,0,
T501964,Recarga celular,v2,Arequipa,5,Normal,292.9,0,5.0
T501965,Pago de servicios,v2,Lima,1,Normal,495.7,0,4.0
T501966,Transferencia,v2,Lima,21,Pico,381.4,0,4.0
T501967,Transferencia,v2,Lima,23,Normal,108.1,0,4.0
T501968,Recarga celular,v1,Lima,11,Normal,235.9,0,4.0
T501969,Pago QR,v2,Lima,20,Pico,197.0,0,4.0
T501970,Recarga celular,v1,Lima,4,Normal,234.6,0,4.0
T501971,Transferencia,v1,Trujillo,0,Normal,292.4,0,4.0
T501972,Consulta de saldo,v2,Lima,3,Normal,79.4,0,3.0
T501973,Transferencia,v1,Trujillo,3,Normal,287.3,0,4.0
T501974,Consulta de saldo,v2,Trujillo,11,Normal,121.8,0,4.0
T501975,Transferencia,v1,Lima,0,Normal,259.5,0,5.0
T501976,Recarga celular,v1,Lima,14,Normal,100.6,0,5.0
T501977,Pago QR,v1,Arequipa,14,Normal,184.6,0,4.0
T501978,Recarga celular,v1,Lima,20,Pico,202.7,0,4.0
T501979,Transferencia,v2,Trujillo,10,Pico,143.2,0,3.0
T501980,Pago QR,v2,Trujillo,16,Normal,213.4,0,5.0
T501981,Transferencia,v2,Trujillo,11,Normal,676.8,0,2.0
T501982,Consulta de saldo,v2,Lima,8,Pico,64.2,0,
T501983,Pago QR,v2,Lima,3,Normal,147.2,0,5.0
T501984,Recarga celular,v2,Arequipa,4,Normal,303.6,0,4.0
T501985,Consulta de saldo,v2,Arequipa,8,Pico,191.1,0,5.0
T501986,Transferencia,v1,Arequipa,0,Normal,254.1,0,5.0
T501987,Pago QR,v2,Trujillo,0,Normal,307.4,0,4.0
T501988,Pago de servicios,v1,Trujillo,21,Pico,360.4,0,5.0
T501989,Recarga celular,v1,Lima,10,Pico,166.9,0,3.0
T501990,Recarga celular,v2,Lima,4,Normal,167.4,0,4.0
T501991,Pago de servicios,v2,Lima,19,Pico,428.5,0,3.0
T501992,Transferencia,v1,Lima,1,Normal,195.8,0,5.0
T501993,Pago QR,v1,Arequipa,13,Normal,145.0,0,5.0
T501994,Transferencia,v2,Lima,18,Pico,359.7,0,4.0
T501995,Recarga celular,v1,Trujillo,12,Normal,301.7,0,4.0
T501996,Consulta de saldo,v2,Arequipa,6,Normal,,0,5.0
T501997,Pago de servicios,v2,Arequipa,15,Normal,588.6,0,1.0
T501998,Pago QR,v1,Trujillo,22,Normal,233.0,0,5.0
T501999,Pago QR,v2,Lima,15,Normal,56.5,0,4.0
T502000,Pago QR,v1,Trujillo,10,Pico,211.0,0,4.0
T502001,Pago de servicios,v2,Trujillo,5,Normal,737.2,0,2.0
T502002,Pago de servicios,v2,Arequipa,4,Normal,247.5,0,4.0
T502003,Recarga celular,v1,Lima,2,Normal,122.4,0,5.0
T502004,Transferencia,v1,Trujillo,1,Normal,336.6,0,5.0
T502005,Pago de servicios,v2,Lima,11,Normal,326.7,0,4.0
T502006,Consulta de saldo,v2,Lima,16,Normal,147.9,0,4.0
T502007,Pago QR,v2,Arequipa,4,Normal,212.9,0,4.0
T502008,Pago de servicios,v1,Lima,2,Normal,131.3,0,5.0
T502009,Consulta de saldo,v2,Lima,19,Pico,104.5,0,5.0
T502010,Transferencia,v2,Lima,19,Pico,210.7,0,5.0
T502011,Pago de servicios,v1,Lima,6,Normal,318.8,0,4.0
T502012,Consulta de saldo,v1,Lima,16,Normal,40.9,0,5.0
T502013,Consulta de saldo,v2,Lima,17,Normal,81.9,0,4.0
T502014,Consulta de saldo,v2,Trujillo,8,Pico,110.0,0,5.0
T502015,Transferencia,v1,Lima,7,Normal,172.6,0,3.0
T502016,Recarga celular,v2,Lima,8,Pico,144.6,0,5.0
T502017,Recarga celular,v1,Lima,21,Pico,147.0,0,4.0
T502018,Transferencia,v1,Trujillo,14,Normal,217.8,0,4.0
T502019,Consulta de saldo,v1,Lima,4,Normal,135.3,0,4.0
T502020,Transferencia,v2,Arequipa,5,Normal,288.0,0,4.0
T502021,Pago de servicios,v2,Trujillo,5,Normal,383.4,0,4.0
T502022,Pago de servicios,v1,Lima,21,Pico,229.3,0,3.0
T502023,Pago QR,v2,Lima,10,Pico,315.3,0,3.0
T502024,Pago QR,v1,Arequipa,5,Normal,175.7,0,5.0
T502025,Pago QR,v1,Lima,1,Normal,135.3,0,5.0
T502026,Pago QR,v2,Arequipa,18,Pico,256.9,0,3.0
T502027,Recarga celular,v2,Lima,9,Pico,171.1,0,4.0
T502028,Pago QR,v1,Lima,5,Normal,196.8,0,4.0
T502029,Consulta de saldo,v1,Lima,11,Normal,92.6,0,5.0
T502030,Pago QR,v1,Lima,15,Normal,574.1,0,4.0
T502031,Pago QR,v2,Trujillo,7,Normal,205.2,0,4.0
T502032,Consulta de saldo,v2,Trujillo,8,Pico,60.5,0,5.0
T502033,Consulta de saldo,v1,Arequipa,20,Pico,103.1,0,5.0
T502034,Consulta de saldo,v2,Lima,18,Pico,66.2,0,5.0
T502035,Transferencia,v1,Lima,14,Normal,288.5,0,4.0
T502036,Consulta de saldo,v1,Lima,14,Normal,149.8,0,4.0
T502037,Pago QR,v1,Trujillo,7,Normal,359.2,0,3.0
T502038,Pago QR,v2,Lima,12,Normal,182.6,0,5.0
T502039,Recarga celular,v2,Arequipa,2,Normal,248.9,0,4.0
T502040,Pago QR,v1,Arequipa,9,Pico,229.1,0,4.0
T502041,Pago QR,v1,Lima,14,Normal,150.6,0,4.0
T502042,Pago QR,v2,Trujillo,5,Normal,134.2,0,4.0
T502043,Pago de servicios,v1,Trujillo,6,Normal,261.5,0,5.0
T502044,Consulta de saldo,v1,Arequipa,11,Normal,85.1,0,5.0
T502045,Transferencia,v1,Lima,6,Normal,259.8,0,3.0
T502046,Pago QR,v2,Lima,10,Pico,760.1,0,2.0
T502047,Pago de servicios,v2,Arequipa,22,Normal,285.2,0,3.0
T502048,Pago de servicios,v1,Arequipa,14,Normal,866.2,0,3.0
T502049,Pago QR,v1,Arequipa,0,Normal,56.0,0,5.0
T502050,Recarga celular,v1,Lima,0,Normal,133.8,0,4.0
T502051,Recarga celular,v2,Trujillo,18,Pico,241.7,0,5.0
T502052,Pago de servicios,v1,Trujillo,14,Normal,468.9,0,4.0
T502053,Transferencia,v2,Trujillo,1,Normal,140.7,0,4.0
T502054,Recarga celular,v2,Lima,21,Pico,412.9,0,3.0
T502055,Recarga celular,v2,Arequipa,14,Normal,144.6,0,5.0
T502056,Pago QR,v1,Arequipa,6,Normal,446.2,0,4.0
T502057,Pago QR,v1,Arequipa,0,Normal,136.9,0,
T502058,Pago QR,v1,Trujillo,12,Normal,245.7,0,5.0
T502059,Recarga celular,v1,Arequipa,7,Normal,273.7,0,3.0
T502060,Pago QR,v2,Arequipa,7,Normal,187.3,0,4.0
T502061,Pago QR,v1,Lima,9,Pico,181.0,0,4.0
T502062,Pago de servicios,v2,Lima,4,Normal,650.8,0,4.0
T502063,Pago QR,v1,Arequipa,7,Normal,116.1,0,5.0
T502064,Transferencia,v1,Lima,22,Normal,290.7,0,3.0
T502065,Pago QR,v1,Trujillo,5,Normal,158.9,0,5.0
T502066,Recarga celular,v2,Trujillo,23,Normal,142.1,0,3.0
T502067,Transferencia,v2,Lima,13,Normal,468.6,0,4.0
T502068,Pago de servicios,v1,Arequipa,1,Normal,164.6,0,4.0
T502069,Transferencia,v1,Lima,10,Pico,142.1,0,5.0
T502070,Transferencia,v1,Trujillo,14,Normal,211.6,0,4.0
T502071,Recarga celular,v2,Lima,20,Pico,203.4,0,4.0
T502072,Pago QR,v2,Trujillo,2,Normal,184.9,0,4.0
T502073,Consulta de saldo,v2,Lima,14,Normal,206.5,0,4.0
T502074,Consulta de saldo,v2,Arequipa,13,Normal,89.8,0,4.0
T502075,Consulta de saldo,v1,Lima,1,Normal,113.0,0,5.0
T502076,Consulta de saldo,v2,Lima,18,Pico,90.7,0,5.0
T502077,Pago QR,v1,Trujillo,9,Pico,165.7,0,5.0
T502078,Pago de servicios,v2,Lima,16,Normal,207.7,0,3.0
T502079,Transferencia,v2,Lima,19,Pico,230.5,0,5.0
T502080,Pago de servicios,v1,Trujillo,7,Normal,302.3,0,4.0
T502081,Pago QR,v2,Trujillo,13,Normal,257.0,0,4.0
T502082,Pago QR,v1,Lima,23,Normal,247.7,0,5.0
T502083,Consulta de saldo,v1,Lima,10,Pico,468.8,0,4.0
T502084,Recarga celular,v2,Lima,12,Normal,76.3,0,3.0
T502085,Transferencia,v1,Trujillo,1,Normal,316.3,0,3.0
T502086,Pago de servicios,v1,Arequipa,3,Normal,706.2,0,4.0
T502087,Transferencia,v1,Arequipa,3,Normal,273.6,0,5.0
T502088,Consulta de saldo,v1,Arequipa,3,Normal,86.7,0,5.0
T502089,Pago QR,v2,Lima,5,Normal,72.8,0,4.0
T502090,Transferencia,v2,Lima,19,Pico,268.9,0,5.0
T502091,Pago QR,v2,Lima,15,Normal,176.1,0,4.0
T502092,Consulta de saldo,v1,Lima,2,Normal,50.6,0,4.0
T502093,Pago QR,v2,Arequipa,3,Normal,91.0,0,5.0
T502094,Pago QR,v2,Lima,8,Pico,491.4,0,3.0
T502095,Pago de servicios,v2,Arequipa,17,Normal,548.1,0,3.0
T502096,Transferencia,v1,Lima,17,Normal,159.5,0,5.0
T502097,Consulta de saldo,v2,Trujillo,7,Normal,55.9,0,3.0
T502098,Pago QR,v1,Lima,4,Normal,281.3,0,5.0
T502099,Consulta de saldo,v1,Lima,11,Normal,72.8,0,4.0
T502100,Consulta de saldo,v1,Lima,13,Normal,129.9,0,5.0
T502101,Transferencia,v1,Lima,19,Pico,284.4,0,4.0
T502102,Pago de servicios,v1,Arequipa,4,Normal,653.5,0,3.0
T502103,Pago de servicios,v1,Arequipa,10,Pico,389.4,0,4.0
T502104,Recarga celular,v2,Trujillo,1,Normal,193.3,0,5.0
T502105,Pago QR,v2,Lima,7,Normal,216.3,0,4.0
T502106,Pago de servicios,v2,Trujillo,21,Pico,288.3,0,4.0
T502107,Pago de servicios,v1,Lima,23,Normal,220.9,0,5.0
T502108,Consulta de saldo,v2,Trujillo,1,Normal,57.5,0,5.0
T502109,Consulta de saldo,v2,Trujillo,16,Normal,75.4,0,5.0
T502110,Transferencia,v1,Trujillo,9,Pico,284.3,0,4.0
T502111,Recarga celular,v2,Arequipa,12,Normal,1724.4,0,1.0
T502112,Pago QR,v1,Arequipa,7,Normal,490.4,0,4.0
T502113,Pago QR,v1,Lima,3,Normal,186.3,0,4.0
T502114,Pago QR,v2,Trujillo,1,Normal,301.1,0,5.0
T502115,Pago QR,v1,Lima,14,Normal,150.7,0,5.0
T502116,Consulta de saldo,v2,Lima,3,Normal,77.3,0,4.0
T502117,Transferencia,v1,Arequipa,19,Pico,140.6,0,4.0
T502118,Consulta de saldo,v1,Lima,15,Normal,122.7,0,3.0
T502119,Pago QR,v2,Lima,16,Normal,209.2,0,4.0
T502120,Consulta de saldo,v2,Trujillo,9,Pico,178.7,0,4.0
T502121,Pago QR,v1,Arequipa,2,Normal,214.6,0,4.0
T502122,Pago QR,v1,Lima,3,Normal,212.3,0,5.0
T502123,Transferencia,v2,Lima,1,Normal,869.3,0,2.0
T502124,Pago QR,v2,Lima,20,Pico,310.4,0,5.0
T502125,Recarga celular,v1,Lima,18,Pico,249.9,0,3.0
T502126,Consulta de saldo,v2,Lima,21,Pico,88.4,0,5.0
T502127,Pago QR,v2,Lima,21,Pico,332.7,0,5.0
T502128,Transferencia,v1,Trujillo,7,Normal,399.5,0,4.0
T502129,Transferencia,v2,Arequipa,19,Pico,227.9,0,4.0
T502130,Consulta de saldo,v2,Lima,9,Pico,116.8,0,5.0
T502131,Pago de servicios,v1,Lima,4,Normal,227.3,0,3.0
T502132,Consulta de saldo,v1,Lima,14,Normal,102.9,0,4.0
T502133,Pago de servicios,v2,Trujillo,1,Normal,465.8,0,4.0
T502134,Transferencia,v2,Lima,22,Normal,309.7,0,5.0
T502135,Transferencia,v2,Arequipa,17,Normal,688.3,0,3.0
T502136,Pago QR,v1,Lima,11,Normal,78.3,0,5.0
T502137,Recarga celular,v1,Lima,13,Normal,74.1,0,5.0
T502138,Pago de servicios,v2,Lima,2,Normal,502.0,0,5.0
T502139,Consulta de saldo,v1,Lima,18,Pico,149.9,0,4.0
T502140,Transferencia,v2,Trujillo,17,Normal,262.8,0,5.0
T502141,Recarga celular,v1,Lima,1,Normal,104.8,0,3.0
T502142,Transferencia,v2,Lima,14,Normal,147.7,0,3.0
T502143,Transferencia,v1,Lima,4,Normal,807.5,0,2.0
T502144,Pago QR,v2,Trujillo,0,Normal,156.5,0,5.0
T502145,Transferencia,v2,Arequipa,16,Normal,228.4,0,4.0
T502146,Pago QR,v2,Lima,3,Normal,235.6,0,4.0
T502147,Transferencia,v1,Lima,0,Normal,488.5,0,3.0
T502148,Pago de servicios,v1,Trujillo,5,Normal,235.3,1,4.0
T502149,Consulta de saldo,v2,Lima,11,Normal,92.2,0,4.0
T502150,Pago QR,v2,Arequipa,20,Pico,183.5,0,4.0
T502151,Transferencia,v2,Lima,14,Normal,90.6,0,3.0
T502152,Pago QR,v2,Arequipa,13,Normal,209.5,0,5.0
T502153,Pago QR,v2,Lima,4,Normal,180.8,0,5.0
T502154,Consulta de saldo,v1,Trujillo,3,Normal,63.0,0,4.0
T502155,Pago QR,v1,Arequipa,7,Normal,500.5,0,4.0
T502156,Pago QR,v1,Lima,11,Normal,279.7,0,3.0
T502157,Recarga celular,v2,Trujillo,16,Normal,74.6,0,5.0
T502158,Consulta de saldo,v1,Lima,22,Normal,151.2,0,5.0
T502159,Pago QR,v1,Lima,22,Normal,320.5,0,4.0
T502160,Pago QR,v2,Lima,7,Normal,654.5,1,1.0
T502161,Consulta de saldo,v1,Lima,14,Normal,62.6,0,3.0
T502162,Transferencia,v2,Arequipa,19,Pico,367.5,0,4.0
T502163,Pago de servicios,v1,Lima,9,Pico,740.7,0,3.0
T502164,Recarga celular,v2,Lima,3,Normal,264.0,0,3.0
T502165,Pago QR,v1,Lima,14,Normal,239.3,0,5.0
T502166,Transferencia,v2,Trujillo,14,Normal,221.3,0,5.0
T502167,Pago QR,v1,Trujillo,16,Normal,181.3,0,5.0
T502168,Consulta de saldo,v2,Lima,3,Normal,65.7,0,5.0
T502169,Pago de servicios,v2,Lima,22,Normal,274.2,0,4.0
T502170,Consulta de saldo,v1,Lima,21,Pico,96.0,0,5.0
T502171,Recarga celular,v1,Lima,10,Pico,223.2,0,4.0
T502172,Pago de servicios,v2,Lima,15,Normal,405.7,0,4.0
T502173,Pago QR,v2,Lima,2,Normal,148.9,0,3.0
T502174,Consulta de saldo,v2,Lima,5,Normal,59.7,0,5.0
T502175,Recarga celular,v1,Lima,8,Pico,265.1,0,4.0
T502176,Transferencia,v1,Lima,8,Pico,391.1,0,5.0
T502177,Consulta de saldo,v2,Trujillo,10,Pico,277.2,0,2.0
T502178,Pago de servicios,v2,Trujillo,2,Normal,222.9,0,4.0
T502179,Consulta de saldo,v1,Lima,19,Pico,112.9,0,4.0
T502180,Pago de servicios,v1,Arequipa,0,Normal,342.9,0,4.0
T502181,Transferencia,v1,Trujillo,14,Normal,350.3,0,3.0
T502182,Pago QR,v1,Trujillo,16,Normal,231.9,0,4.0
T502183,Pago QR,v1,Arequipa,17,Normal,192.2,0,4.0
T502184,Pago QR,v1,Arequipa,13,Normal,178.7,0,5.0
T502185,Pago de servicios,v1,Trujillo,10,Pico,458.6,0,4.0
T502186,Consulta de saldo,v1,Trujillo,7,Normal,103.0,0,5.0
T502187,Transferencia,v2,Lima,23,Normal,274.7,0,4.0
T502188,Recarga celular,v1,Arequipa,17,Normal,199.1,0,4.0
T502189,Transferencia,v2,Arequipa,15,Normal,257.2,0,5.0
T502190,Recarga celular,v1,Arequipa,8,Pico,174.6,0,5.0
T502191,Consulta de saldo,v1,Lima,11,Normal,76.2,0,5.0
T502192,Consulta de saldo,v2,Lima,16,Normal,60.8,0,4.0
T502193,Pago QR,v1,Lima,4,Normal,318.9,0,5.0
T502194,Pago de servicios,v2,Arequipa,18,Pico,419.6,0,4.0
T502195,Consulta de saldo,v2,Lima,0,Normal,93.1,0,5.0
T502196,Pago QR,v1,Arequipa,21,Pico,545.9,0,
T502197,Pago QR,v1,Arequipa,17,Normal,270.1,0,4.0
T502198,Transferencia,v2,Arequipa,5,Normal,310.5,0,4.0
T502199,Pago de servicios,v2,Lima,9,Pico,235.2,0,4.0
T502200,Consulta de saldo,v1,Lima,1,Normal,112.9,0,4.0
T502201,Pago de servicios,v2,Lima,12,Normal,618.7,0,4.0
T502202,Consulta de saldo,v2,Arequipa,6,Normal,118.8,0,5.0
T502203,Transferencia,v2,Lima,3,Normal,185.6,0,4.0
T502204,Pago de servicios,v2,Lima,12,Normal,241.9,0,4.0
T502205,Consulta de saldo,v2,Lima,7,Normal,121.3,0,4.0
T502206,Transferencia,v2,Arequipa,23,Normal,322.6,0,5.0
T502207,Transferencia,v1,Arequipa,5,Normal,469.2,0,
T502208,Pago QR,v1,Trujillo,17,Normal,155.0,0,5.0
T502209,Consulta de saldo,v2,Arequipa,17,Normal,373.2,0,3.0
T502210,Consulta de saldo,v2,Lima,7,Normal,125.9,0,5.0
T502211,Recarga celular,v2,Trujillo,4,Normal,128.8,0,4.0
T502212,Pago QR,v1,Lima,17,Normal,206.0,0,5.0
T502213,Consulta de saldo,v2,Trujillo,14,Normal,78.3,0,5.0
T502214,Transferencia,v1,Lima,10,Pico,518.9,0,3.0
T502215,Pago QR,v1,Lima,1,Normal,207.2,0,5.0
T502216,Consulta de saldo,v2,Trujillo,12,Normal,83.2,0,5.0
T502217,Pago QR,v1,Lima,21,Pico,550.7,0,3.0
T502218,Transferencia,v1,Trujillo,10,Pico,524.4,0,3.0
T502219,Pago QR,v2,Lima,22,Normal,128.1,0,5.0
T502220,Pago de servicios,v2,Trujillo,16,Normal,307.4,0,5.0
T502221,Consulta de saldo,v1,Lima,2,Normal,100.6,0,5.0
T502222,Pago QR,v1,Lima,5,Normal,176.0,0,4.0
T502223,Pago de servicios,v1,Trujillo,11,Normal,238.5,0,3.0
T502224,Transferencia,v1,Lima,0,Normal,382.9,0,4.0
T502225,Recarga celular,v1,Lima,3,Normal,130.3,0,4.0
T502226,Pago QR,v2,Lima,21,Pico,286.5,0,3.0
T502227,Transferencia,v2,Lima,14,Normal,179.2,0,3.0
T502228,Transferencia,v1,Arequipa,23,Normal,479.1,0,3.0
T502229,Recarga celular,v2,Arequipa,14,Normal,171.7,0,5.0
T502230,Consulta de saldo,v2,Arequipa,22,Normal,58.7,0,4.0
T502231,Consulta de saldo,v2,Trujillo,17,Normal,98.5,0,4.0
T502232,Pago QR,v2,Lima,1,Normal,106.8,0,5.0
T502233,Consulta de saldo,v2,Lima,18,Pico,111.2,0,5.0
T502234,Pago QR,v1,Trujillo,4,Normal,120.0,0,4.0
T502235,Recarga celular,v1,Arequipa,3,Normal,297.7,0,4.0
T502236,Pago QR,v1,Lima,6,Normal,256.5,0,4.0
T502237,Pago de servicios,v2,Trujillo,4,Normal,228.8,0,4.0
T502238,Pago QR,v2,Lima,9,Pico,330.6,0,5.0
T502239,Consulta de saldo,v2,Lima,0,Normal,87.5,0,5.0
T502240,Consulta de saldo,v1,Lima,16,Normal,107.3,0,4.0
T502241,Recarga celular,v1,Arequipa,23,Normal,368.1,0,4.0
T502242,Transferencia,v1,Arequipa,19,Pico,520.9,0,
T502243,Pago de servicios,v1,Arequipa,9,Pico,407.9,0,4.0
T502244,Pago de servicios,v2,Lima,2,Normal,217.0,0,5.0
T502245,Pago de servicios,v2,Lima,9,Pico,461.0,0,4.0
T502246,Consulta de saldo,v1,Lima,19,Pico,139.6,0,4.0
T502247,Pago de servicios,v1,Arequipa,18,Pico,205.9,0,5.0
T502248,Consulta de saldo,v1,Arequipa,20,Pico,184.7,0,4.0
T502249,Transferencia,v2,Lima,7,Normal,3733.8,0,1.0
T502250,Pago de servicios,v2,Arequipa,4,Normal,307.2,0,4.0
T502251,Consulta de saldo,v2,Trujillo,0,Normal,115.9,0,5.0
T502252,Pago de servicios,v1,Lima,10,Pico,669.6,0,5.0
T502253,Recarga celular,v1,Lima,14,Normal,257.8,0,3.0
T502254,Pago de servicios,v2,Arequipa,16,Normal,189.9,0,4.0
T502255,Pago QR,v2,Lima,19,Pico,231.7,0,5.0
T502256,Consulta de saldo,v2,Trujillo,23,Normal,85.2,0,3.0
T502257,Pago de servicios,v1,Trujillo,16,Normal,778.6,0,4.0
T502258,Consulta de saldo,v2,Trujillo,1,Normal,128.1,0,5.0
T502259,Consulta de saldo,v1,Lima,4,Normal,100.1,0,3.0
T502260,Transferencia,v2,Arequipa,11,Normal,416.6,0,4.0
T502261,Consulta de saldo,v2,Lima,20,Pico,92.6,0,5.0
T502262,Recarga celular,v2,Arequipa,16,Normal,177.9,0,4.0
T502263,Pago QR,v2,Lima,3,Normal,167.7,0,
T502264,Consulta de saldo,v2,Arequipa,0,Normal,139.2,0,5.0
T502265,Pago de servicios,v1,Arequipa,4,Normal,409.7,0,3.0
T502266,Pago QR,v2,Lima,0,Normal,144.5,0,4.0
T502267,Pago QR,v2,Lima,22,Normal,232.0,0,5.0
T502268,Pago QR,v1,Lima,19,Pico,248.5,0,5.0
T502269,Transferencia,v1,Lima,14,Normal,199.2,0,5.0
T502270,Recarga celular,v1,Trujillo,4,Normal,140.1,0,4.0
T502271,Pago QR,v1,Lima,17,Normal,168.7,0,4.0
T502272,Recarga celular,v2,Arequipa,5,Normal,184.9,0,4.0
T502273,Recarga celular,v2,Lima,4,Normal,112.1,0,3.0
T502274,Pago de servicios,v1,Lima,23,Normal,401.5,0,4.0
T502275,Pago de servicios,v2,Trujillo,21,Pico,756.5,0,3.0
T502276,Pago QR,v2,Lima,11,Normal,131.5,0,5.0
T502277,Transferencia,v1,Arequipa,10,Pico,205.4,0,5.0
T502278,Transferencia,v1,Lima,10,Pico,488.4,0,3.0
T502279,Recarga celular,v2,Trujillo,18,Pico,116.1,0,5.0
T502280,Consulta de saldo,v1,Lima,4,Normal,75.3,0,4.0
T502281,Consulta de saldo,v1,Arequipa,4,Normal,60.0,0,5.0
T502282,Pago QR,v1,Lima,19,Pico,178.4,0,4.0
T502283,Transferencia,v1,Lima,15,Normal,375.4,0,5.0
T502284,Consulta de saldo,v1,Trujillo,14,Normal,84.3,0,4.0
T502285,Pago de servicios,v2,Trujillo,22,Normal,525.3,0,2.0
T502286,Pago de servicios,v2,Arequipa,12,Normal,419.0,0,5.0
T502287,Transferencia,v2,Lima,18,Pico,135.9,0,5.0
T502288,Transferencia,v2,Arequipa,9,Pico,322.5,0,4.0
T502289,Pago QR,v1,Lima,9,Pico,241.7,0,5.0
T502290,Pago de servicios,v2,Arequipa,0,Normal,250.1,0,4.0
T502291,Pago de servicios,v1,Lima,4,Normal,464.6,0,4.0
T502292,Recarga celular,v1,Lima,18,Pico,287.2,0,4.0
T502293,Pago QR,v2,Lima,20,Pico,250.4,0,3.0
T502294,Pago QR,v2,Lima,15,Normal,186.6,0,5.0
T502295,Recarga celular,v1,Arequipa,16,Normal,180.7,0,5.0
T502296,Pago QR,v1,Arequipa,2,Normal,119.7,0,4.0
T502297,Pago de servicios,v2,Lima,21,Pico,128.1,0,3.0
T502298,Transferencia,v1,Lima,10,Pico,477.5,0,3.0
T502299,Pago QR,v2,Lima,19,Pico,141.6,0,4.0
T502300,Pago QR,v1,Arequipa,2,Normal,243.8,0,4.0
T502301,Consulta de saldo,v1,Lima,23,Normal,54.2,0,5.0
T502302,Pago de servicios,v2,Lima,11,Normal,399.1,0,4.0
T502303,Recarga celular,v1,Lima,14,Normal,365.8,0,5.0
T502304,Consulta de saldo,v1,Trujillo,3,Normal,132.2,0,5.0
T502305,Transferencia,v1,Lima,21,Pico,331.9,0,4.0
T502306,Consulta de saldo,v1,Lima,17,Normal,66.2,0,5.0
T502307,Transferencia,v1,Lima,4,Normal,354.1,0,4.0
T502308,Pago QR,v1,Lima,13,Normal,159.9,0,4.0
T502309,Pago de servicios,v1,Lima,1,Normal,333.3,0,5.0
T502310,Consulta de saldo,v1,Trujillo,10,Pico,189.6,0,4.0
T502311,Pago QR,v1,Lima,19,Pico,164.8,0,5.0
T502312,Pago QR,v2,Trujillo,7,Normal,591.5,0,3.0
T502313,Pago de servicios,v1,Trujillo,23,Normal,349.0,0,3.0
T502314,Transferencia,v2,Lima,7,Normal,143.8,0,5.0
T502315,Transferencia,v1,Lima,14,Normal,260.1,0,5.0
T502316,Transferencia,v1,Lima,14,Normal,280.4,0,4.0
T502317,Consulta de saldo,v2,Arequipa,22,Normal,81.6,0,5.0
T502318,Recarga celular,v1,Arequipa,18,Pico,269.6,0,3.0
T502319,Consulta de saldo,v2,Lima,23,Normal,79.2,0,4.0
T502320,Consulta de saldo,v1,Lima,9,Pico,160.3,0,4.0
T502321,Recarga celular,v1,Arequipa,5,Normal,151.8,0,3.0
T502322,Recarga celular,v1,Lima,22,Normal,319.4,0,4.0
T502323,Transferencia,v2,Trujillo,10,Pico,455.7,0,5.0
T502324,Consulta de saldo,v2,Trujillo,17,Normal,218.8,0,4.0
T502325,Pago QR,v2,Lima,0,Normal,156.3,0,4.0
T502326,Consulta de saldo,v2,Lima,9,Pico,133.5,1,4.0
T502327,Pago QR,v2,Trujillo,17,Normal,328.2,1,3.0
T502328,Recarga celular,v1,Lima,14,Normal,255.1,0,4.0
T502329,Pago QR,v2,Arequipa,11,Normal,256.0,0,5.0
T502330,Pago QR,v1,Lima,21,Pico,235.5,0,3.0
T502331,Recarga celular,v2,Trujillo,5,Normal,70.7,0,3.0
T502332,Recarga celular,v1,Lima,13,Normal,257.8,0,4.0
T502333,Pago QR,v2,Lima,6,Normal,175.8,0,2.0
T502334,Transferencia,v2,Trujillo,12,Normal,328.4,0,5.0
T502335,Recarga celular,v1,Lima,20,Pico,236.9,0,4.0
T502336,Transferencia,v2,Lima,12,Normal,107.6,0,4.0
T502337,Pago de servicios,v1,Lima,2,Normal,261.4,0,4.0
T502338,Pago QR,v1,Arequipa,17,Normal,290.5,0,4.0
T502339,Consulta de saldo,v1,Lima,18,Pico,158.0,0,5.0
T502340,Pago de servicios,v1,Lima,21,Pico,428.9,0,5.0
T502341,Transferencia,v2,Arequipa,22,Normal,198.6,0,5.0
T502342,Pago de servicios,v2,Lima,16,Normal,248.5,0,4.0
T502343,Pago QR,v2,Lima,14,Normal,289.4,0,3.0
T502344,Consulta de saldo,v1,Lima,8,Pico,154.9,0,4.0
T502345,Pago QR,v2,Arequipa,12,Normal,236.3,0,5.0
T502346,Consulta de saldo,v2,Lima,1,Normal,74.8,0,5.0
T502347,Consulta de saldo,v1,Arequipa,13,Normal,111.5,0,5.0
T502348,Pago QR,v1,Lima,11,Normal,187.3,0,3.0
T502349,Transferencia,v2,Trujillo,20,Pico,327.5,0,4.0
T502350,Consulta de saldo,v1,Lima,19,Pico,133.5,0,4.0
T502351,Recarga celular,v2,Lima,14,Normal,89.0,0,5.0
T502352,Pago QR,v1,Lima,12,Normal,273.8,0,5.0
T502353,Consulta de saldo,v2,Lima,6,Normal,71.2,0,5.0
T502354,Recarga celular,v1,Arequipa,10,Pico,312.3,0,5.0
T502355,Pago de servicios,v2,Lima,0,Normal,307.6,0,5.0
T502356,Pago QR,v2,Lima,15,Normal,315.0,0,3.0
T502357,Transferencia,v2,Lima,14,Normal,179.9,0,4.0
T502358,Recarga celular,v1,Lima,1,Normal,285.2,0,4.0
T502359,Pago QR,v1,Arequipa,22,Normal,248.6,0,4.0
T502360,Consulta de saldo,v2,Lima,15,Normal,93.5,0,4.0
T502361,Transferencia,v2,Arequipa,0,Normal,205.6,0,4.0
T502362,Consulta de saldo,v2,Arequipa,17,Normal,113.8,0,5.0
T502363,Transferencia,v2,Lima,13,Normal,213.5,0,4.0
T502364,Pago QR,v1,Lima,6,Normal,109.1,0,4.0
T502365,Recarga celular,v1,Lima,13,Normal,341.1,0,4.0
T502366,Pago de servicios,v2,Trujillo,1,Normal,220.4,0,5.0
T502367,Transferencia,v2,Arequipa,23,Normal,269.6,0,5.0
T502368,Transferencia,v1,Arequipa,8,Pico,274.0,0,3.0
T502369,Recarga celular,v1,Arequipa,20,Pico,353.2,0,5.0
T502370,Pago de servicios,v2,Trujillo,9,Pico,291.3,0,4.0
T502371,Pago de servicios,v2,Lima,23,Normal,526.4,0,5.0
T502372,Pago QR,v1,Lima,9,Pico,514.5,0,3.0
T502373,Transferencia,v1,Trujillo,16,Normal,245.2,0,5.0
T502374,Consulta de saldo,v2,Trujillo,23,Normal,109.7,0,4.0
T502375,Consulta de saldo,v2,Arequipa,8,Pico,134.1,0,4.0
T502376,Pago QR,v1,Lima,16,Normal,122.9,0,3.0
T502377,Transferencia,v2,Lima,5,Normal,319.9,0,3.0
T502378,Transferencia,v1,Trujillo,23,Normal,442.6,0,3.0
T502379,Transferencia,v1,Arequipa,5,Normal,429.8,0,4.0
T502380,Pago de servicios,v2,Arequipa,21,Pico,523.8,0,3.0
T502381,Pago QR,v2,Arequipa,22,Normal,219.0,0,4.0
T502382,Pago de servicios,v2,Trujillo,8,Pico,874.3,0,2.0
T502383,Pago QR,v2,Lima,15,Normal,173.6,0,4.0
T502384,Consulta de saldo,v1,Lima,2,Normal,173.4,0,4.0
T502385,Pago QR,v1,Lima,17,Normal,175.7,0,4.0
T502386,Transferencia,v1,Lima,10,Pico,491.5,0,4.0
T502387,Consulta de saldo,v2,Lima,18,Pico,85.6,0,5.0
T502388,Recarga celular,v2,Trujillo,2,Normal,282.0,0,
T502389,Transferencia,v1,Trujillo,3,Normal,174.4,0,4.0
T502390,Consulta de saldo,v1,Lima,15,Normal,117.3,0,5.0
T502391,Transferencia,v2,Arequipa,7,Normal,677.0,0,2.0
T502392,Pago de servicios,v1,Lima,21,Pico,360.3,0,4.0
T502393,Transferencia,v1,Lima,17,Normal,361.6,0,4.0
T502394,Transferencia,v1,Trujillo,7,Normal,172.0,0,5.0
T502395,Transferencia,v1,Lima,6,Normal,346.3,0,4.0
T502396,Transferencia,v1,Lima,5,Normal,116.0,0,5.0
T502397,Transferencia,v1,Trujillo,23,Normal,258.6,0,5.0
T502398,Pago de servicios,v2,Arequipa,13,Normal,214.8,0,4.0
T502399,Pago de servicios,v2,Trujillo,23,Normal,453.1,0,3.0
T502400,Transferencia,v2,Arequipa,21,Pico,309.4,0,4.0
T502401,Pago QR,v2,Lima,2,Normal,154.1,0,5.0
T502402,Transferencia,v1,Trujillo,12,Normal,416.6,0,4.0
T502403,Consulta de saldo,v1,Lima,7,Normal,142.4,0,4.0
T502404,Transferencia,v2,Lima,17,Normal,190.1,0,5.0
T502405,Transferencia,v2,Trujillo,7,Normal,318.3,0,4.0
T502406,Transferencia,v1,Arequipa,22,Normal,375.7,0,3.0
T502407,Transferencia,v2,Lima,7,Normal,132.3,0,4.0
T502408,Transferencia,v2,Trujillo,1,Normal,192.2,0,4.0
T502409,Pago de servicios,v1,Lima,2,Normal,690.3,0,3.0
T502410,Pago QR,v1,Arequipa,20,Pico,134.5,0,4.0
T502411,Pago de servicios,v2,Arequipa,16,Normal,236.6,0,4.0
T502412,Pago QR,v1,Lima,2,Normal,195.3,0,4.0
T502413,Transferencia,v1,Trujillo,4,Normal,352.2,0,4.0
T502414,Consulta de saldo,v1,Trujillo,8,Pico,177.8,0,3.0
T502415,Transferencia,v1,Arequipa,20,Pico,227.2,0,3.0
T502416,Pago de servicios,v1,Trujillo,16,Normal,292.6,0,3.0
T502417,Consulta de saldo,v2,Lima,23,Normal,98.9,0,3.0
T502418,Transferencia,v1,Lima,1,Normal,172.7,0,4.0
T502419,Pago de servicios,v1,Lima,16,Normal,351.0,0,3.0
T502420,Pago QR,v1,Arequipa,17,Normal,313.8,0,4.0
T502421,Transferencia,v1,Trujillo,22,Normal,104.5,0,3.0
T502422,Pago de servicios,v2,Lima,6,Normal,308.3,0,3.0
T502423,Consulta de saldo,v1,Lima,19,Pico,204.5,0,5.0
T502424,Recarga celular,v1,Lima,7,Normal,129.4,0,5.0
T502425,Pago de servicios,v1,Trujillo,2,Normal,326.1,0,4.0
T502426,Recarga celular,v1,Lima,11,Normal,366.3,0,3.0
T502427,Pago QR,v1,Trujillo,0,Normal,287.8,0,4.0
T502428,Transferencia,v1,Lima,16,Normal,474.0,0,3.0
T502429,Pago QR,v1,Trujillo,0,Normal,240.6,0,4.0
T502430,Consulta de saldo,v1,Trujillo,20,Pico,313.5,0,4.0
T502431,Transferencia,v2,Lima,8,Pico,508.8,0,4.0
T502432,Recarga celular,v1,Lima,12,Normal,169.6,0,5.0
T502433,Pago de servicios,v1,Lima,1,Normal,355.9,0,5.0
T502434,Recarga celular,v1,Lima,16,Normal,76.0,0,5.0
T502435,Consulta de saldo,v1,Trujillo,16,Normal,85.7,0,4.0
T502436,Transferencia,v1,Arequipa,5,Normal,458.9,0,2.0
T502437,Consulta de saldo,v2,Lima,19,Pico,111.8,0,4.0
T502438,Recarga celular,v1,Arequipa,20,Pico,171.0,0,5.0
T502439,Transferencia,v1,Lima,16,Normal,122.2,0,4.0
T502440,Pago de servicios,v2,Arequipa,5,Normal,268.4,0,4.0
T502441,Pago QR,v2,Arequipa,15,Normal,114.5,0,4.0
T502442,Recarga celular,v2,Lima,0,Normal,93.5,0,4.0
T502443,Pago QR,v1,Trujillo,13,Normal,109.3,0,5.0
T502444,Recarga celular,v2,Lima,4,Normal,149.4,0,5.0
T502445,Recarga celular,v1,Trujillo,4,Normal,221.0,0,4.0
T502446,Pago de servicios,v1,Trujillo,19,Pico,413.8,0,3.0
T502447,Consulta de saldo,v1,Lima,19,Pico,69.9,0,4.0
T502448,Transferencia,v2,Lima,14,Normal,188.6,0,3.0
T502449,Pago QR,v2,Lima,7,Normal,349.4,0,4.0
T502450,Consulta de saldo,v2,Lima,9,Pico,132.1,0,4.0
T502451,Consulta de saldo,v1,Arequipa,18,Pico,215.6,0,3.0
T502452,Recarga celular,v2,Arequipa,17,Normal,452.4,0,4.0
T502453,Pago de servicios,v1,Lima,1,Normal,586.8,0,5.0
T502454,Consulta de saldo,v2,Trujillo,6,Normal,111.0,0,4.0
T502455,Consulta de saldo,v1,Trujillo,4,Normal,100.6,0,5.0
T502456,Recarga celular,v1,Lima,2,Normal,116.2,0,5.0
T502457,Recarga celular,v2,Trujillo,9,Pico,238.3,0,3.0
T502458,Consulta de saldo,v2,Arequipa,21,Pico,164.1,0,3.0
T502459,Consulta de saldo,v2,Lima,21,Pico,91.8,0,5.0
T502460,Pago de servicios,v1,Lima,18,Pico,562.0,0,4.0
T502461,Pago QR,v2,Arequipa,12,Normal,215.5,0,4.0
T502462,Transferencia,v1,Trujillo,15,Normal,203.0,0,5.0
T502463,Consulta de saldo,v2,Trujillo,16,Normal,147.3,0,3.0
T502464,Recarga celular,v1,Lima,9,Pico,215.2,0,4.0
T502465,Transferencia,v2,Lima,12,Normal,448.0,0,3.0
T502466,Pago de servicios,v2,Arequipa,4,Normal,174.6,0,
T502467,Transferencia,v2,Trujillo,23,Normal,386.6,0,4.0
T502468,Pago QR,v2,Arequipa,6,Normal,217.6,0,4.0
T502469,Recarga celular,v1,Lima,18,Pico,207.5,0,5.0
T502470,Pago de servicios,v2,Lima,4,Normal,275.4,0,4.0
T502471,Pago QR,v1,Arequipa,23,Normal,250.0,0,4.0
T502472,Pago de servicios,v2,Lima,14,Normal,110.6,0,4.0
T502473,Transferencia,v2,Lima,19,Pico,662.4,0,3.0
T502474,Transferencia,v2,Trujillo,4,Normal,150.6,0,4.0
T502475,Consulta de saldo,v1,Lima,13,Normal,259.5,0,5.0
T502476,Transferencia,v2,Trujillo,20,Pico,358.1,0,4.0
T502477,Transferencia,v1,Lima,20,Pico,234.2,0,4.0
T502478,Pago de servicios,v1,Lima,0,Normal,534.8,0,2.0
T502479,Pago QR,v2,Trujillo,1,Normal,120.2,0,5.0
T502480,Pago de servicios,v1,Arequipa,16,Normal,586.8,0,3.0
T502481,Recarga celular,v2,Lima,5,Normal,218.6,0,4.0
T502482,Consulta de saldo,v1,Arequipa,6,Normal,112.7,0,5.0
T502483,Transferencia,v1,Lima,16,Normal,216.1,0,5.0
T502484,Transferencia,v2,Trujillo,8,Pico,548.0,0,3.0
T502485,Recarga celular,v2,Arequipa,6,Normal,125.8,0,4.0
T502486,Transferencia,v2,Trujillo,23,Normal,308.3,0,5.0
T502487,Transferencia,v2,Trujillo,11,Normal,276.0,0,4.0
T502488,Recarga celular,v2,Lima,2,Normal,206.2,0,5.0
T502489,Consulta de saldo,v2,Lima,11,Normal,98.0,0,5.0
T502490,Recarga celular,v2,Arequipa,18,Pico,239.9,0,4.0
T502491,Consulta de saldo,v1,Lima,14,Normal,129.9,0,5.0
T502492,Pago QR,v2,Arequipa,20,Pico,311.6,0,5.0
T502493,Recarga celular,v2,Lima,11,Normal,190.4,0,3.0
T502494,Recarga celular,v1,Arequipa,0,Normal,240.8,0,4.0
T502495,Recarga celular,v2,Lima,9,Pico,317.7,0,5.0
T502496,Pago de servicios,v1,Lima,21,Pico,489.3,0,3.0
T502497,Consulta de saldo,v2,Lima,23,Normal,69.7,0,5.0
T502498,Pago QR,v2,Lima,14,Normal,301.3,0,4.0
T502499,Pago QR,v1,Lima,16,Normal,181.2,0,5.0
T502500,Pago QR,v2,Arequipa,5,Normal,181.0,0,4.0
T502501,Transferencia,v1,Lima,14,Normal,443.2,0,4.0
T502502,Consulta de saldo,v2,Arequipa,17,Normal,86.0,0,4.0
T502503,Transferencia,v1,Arequipa,4,Normal,757.6,0,3.0
T502504,Pago QR,v1,Trujillo,4,Normal,127.9,0,4.0
T502505,Pago QR,v2,Trujillo,13,Normal,210.9,0,4.0
T502506,Transferencia,v2,Arequipa,11,Normal,241.6,0,4.0
T502507,Transferencia,v2,Trujillo,4,Normal,139.7,0,5.0
T502508,Pago QR,v2,Arequipa,0,Normal,331.4,0,4.0
T502509,Transferencia,v2,Arequipa,1,Normal,221.3,0,4.0
T502510,Pago QR,v1,Lima,1,Normal,154.4,0,3.0
T502511,Recarga celular,v1,Lima,4,Normal,134.6,0,3.0
T502512,Pago de servicios,v2,Lima,1,Normal,162.5,0,4.0
T502513,Pago QR,v1,Lima,20,Pico,140.8,0,3.0
T502514,Transferencia,v2,Trujillo,15,Normal,362.0,0,3.0
T502515,Transferencia,v1,Lima,16,Normal,261.3,0,5.0
T502516,Recarga celular,v2,Lima,22,Normal,174.8,0,4.0
T502517,Transferencia,v2,Arequipa,3,Normal,496.0,0,2.0
T502518,Pago QR,v2,Arequipa,9,Pico,381.2,0,4.0
T502519,Pago de servicios,v1,Lima,20,Pico,1035.9,0,2.0
T502520,Consulta de saldo,v2,Lima,19,Pico,77.0,0,5.0
T502521,Consulta de saldo,v1,Arequipa,11,Normal,52.7,0,5.0
T502522,Transferencia,v2,Arequipa,13,Normal,473.5,0,4.0
T502523,Recarga celular,v1,Lima,10,Pico,117.4,0,5.0
T502524,Pago QR,v1,Trujillo,11,Normal,307.8,0,4.0
T502525,Pago de servicios,v1,Arequipa,6,Normal,188.3,0,3.0
T502526,Consulta de saldo,v2,Lima,18,Pico,130.3,0,3.0
T502527,Recarga celular,v2,Lima,20,Pico,286.3,0,5.0
T502528,Consulta de saldo,v1,Trujillo,2,Normal,221.6,0,5.0
T502529,Pago QR,v2,Lima,10,Pico,234.5,0,5.0
T502530,Transferencia,v1,Trujillo,18,Pico,345.0,0,3.0
T502531,Transferencia,v1,Trujillo,20,Pico,177.9,0,4.0
T502532,Pago QR,v2,Lima,19,Pico,187.1,0,4.0
T502533,Pago QR,v1,Lima,21,Pico,335.5,0,5.0
T502534,Pago de servicios,v1,Trujillo,7,Normal,406.9,0,4.0
T502535,Recarga celular,v1,Trujillo,16,Normal,333.4,0,4.0
T502536,Pago QR,v1,Lima,3,Normal,95.7,0,5.0
T502537,Recarga celular,v2,Lima,14,Normal,225.2,0,5.0
T502538,Pago QR,v2,Lima,19,Pico,277.3,0,5.0
T502539,Pago QR,v2,Trujillo,18,Pico,280.7,1,2.0
T502540,Pago de servicios,v2,Lima,15,Normal,284.2,0,4.0
T502541,Pago de servicios,v1,Trujillo,7,Normal,503.1,0,5.0
T502542,Recarga celular,v1,Arequipa,13,Normal,182.8,0,5.0
T502543,Pago de servicios,v1,Lima,13,Normal,404.7,0,4.0
T502544,Consulta de saldo,v1,Trujillo,5,Normal,77.9,0,4.0
T502545,Pago QR,v2,Arequipa,5,Normal,252.9,0,3.0
T502546,Pago de servicios,v2,Trujillo,11,Normal,424.2,0,3.0
T502547,Pago QR,v2,Arequipa,9,Pico,103.1,0,3.0
T502548,Recarga celular,v1,Lima,23,Normal,104.0,0,5.0
T502549,Pago QR,v1,Lima,12,Normal,115.9,0,4.0
T502550,Transferencia,v2,Arequipa,17,Normal,157.6,0,5.0
T502551,Transferencia,v2,Arequipa,4,Normal,390.4,0,3.0
T502552,Pago de servicios,v2,Arequipa,18,Pico,586.1,0,4.0
T502553,Pago QR,v1,Lima,18,Pico,119.9,1,3.0
T502554,Pago QR,v2,Lima,5,Normal,103.9,0,5.0
T502555,Transferencia,v2,Lima,13,Normal,418.7,0,5.0
T502556,Transferencia,v1,Trujillo,11,Normal,310.2,0,4.0
T502557,Transferencia,v1,Lima,14,Normal,285.9,0,4.0
T502558,Pago QR,v1,Lima,19,Pico,130.1,0,3.0
T502559,Pago QR,v1,Lima,8,Pico,111.0,0,5.0
T502560,Consulta de saldo,v2,Lima,12,Normal,92.4,0,5.0
T502561,Recarga celular,v1,Lima,23,Normal,208.7,0,4.0
T502562,Pago de servicios,v2,Trujillo,16,Normal,364.4,0,4.0
T502563,Transferencia,v2,Trujillo,4,Normal,318.9,0,4.0
T502564,Consulta de saldo,v2,Trujillo,10,Pico,116.0,0,
T502565,Pago QR,v2,Lima,13,Normal,92.0,0,4.0
T502566,Consulta de saldo,v1,Trujillo,12,Normal,100.5,0,4.0
T502567,Transferencia,v2,Trujillo,14,Normal,117.3,0,4.0
T502568,Transferencia,v2,Lima,1,Normal,325.8,0,4.0
T502569,Recarga celular,v1,Lima,4,Normal,178.6,0,5.0
T502570,Pago de servicios,v2,Lima,0,Normal,339.3,0,5.0
T502571,Consulta de saldo,v1,Lima,0,Normal,49.4,0,5.0
T502572,Transferencia,v2,Trujillo,20,Pico,205.8,0,4.0
T502573,Transferencia,v1,Lima,14,Normal,533.7,0,4.0
T502574,Consulta de saldo,v1,Lima,10,Pico,155.0,0,5.0
T502575,Pago QR,v2,Trujillo,15,Normal,140.9,0,4.0
T502576,Recarga celular,v2,Lima,5,Normal,200.9,0,5.0
T502577,Transferencia,v1,Lima,16,Normal,245.8,0,3.0
T502578,Transferencia,v2,Lima,10,Pico,190.9,0,4.0
T502579,Pago de servicios,v2,Trujillo,16,Normal,1133.0,0,2.0
T502580,Pago de servicios,v1,Trujillo,4,Normal,281.8,0,4.0
T502581,Pago QR,v2,Lima,20,Pico,381.3,0,3.0
T502582,Pago QR,v2,Trujillo,23,Normal,195.6,0,4.0
T502583,Transferencia,v2,Trujillo,4,Normal,618.2,0,2.0
T502584,Transferencia,v1,Arequipa,20,Pico,285.8,0,5.0
T502585,Recarga celular,v1,Lima,10,Pico,349.2,0,5.0
T502586,Recarga celular,v1,Lima,11,Normal,71.2,0,5.0
T502587,Recarga celular,v1,Arequipa,13,Normal,82.4,0,5.0
T502588,Pago de servicios,v2,Trujillo,13,Normal,242.9,0,5.0
T502589,Pago de servicios,v2,Lima,6,Normal,154.0,0,4.0
T502590,Pago QR,v1,Arequipa,4,Normal,149.5,0,4.0
T502591,Consulta de saldo,v2,Lima,20,Pico,176.6,0,3.0
T502592,Recarga celular,v1,Lima,16,Normal,162.3,0,4.0
T502593,Pago de servicios,v2,Lima,13,Normal,117.1,0,
T502594,Pago de servicios,v2,Arequipa,18,Pico,598.2,0,2.0
T502595,Transferencia,v1,Arequipa,20,Pico,262.1,0,3.0
T502596,Consulta de saldo,v1,Lima,12,Normal,68.5,0,5.0
T502597,Pago QR,v1,Arequipa,9,Pico,109.3,0,4.0
T502598,Transferencia,v1,Lima,11,Normal,297.9,0,4.0
T502599,Pago QR,v1,Lima,21,Pico,107.2,0,3.0
T502600,Consulta de saldo,v1,Lima,16,Normal,130.5,0,4.0
T502601,Recarga celular,v1,Arequipa,7,Normal,169.4,0,4.0
T502602,Transferencia,v2,Trujillo,14,Normal,231.5,0,5.0
T502603,Consulta de saldo,v2,Trujillo,5,Normal,75.4,0,4.0
T502604,Pago QR,v2,Lima,4,Normal,94.4,0,5.0
T502605,Pago de servicios,v2,Lima,23,Normal,162.6,0,5.0
T502606,Transferencia,v2,Lima,14,Normal,234.2,0,3.0
T502607,Consulta de saldo,v1,Trujillo,4,Normal,104.1,0,5.0
T502608,Pago de servicios,v2,Lima,4,Normal,162.6,0,5.0
T502609,Pago QR,v1,Trujillo,17,Normal,215.7,0,4.0
T502610,Consulta de saldo,v2,Trujillo,1,Normal,93.7,0,4.0
T502611,Recarga celular,v1,Lima,8,Pico,66.7,0,
T502612,Transferencia,v1,Lima,15,Normal,168.0,0,3.0
T502613,Consulta de saldo,v1,Lima,19,Pico,184.6,0,4.0
T502614,Recarga celular,v2,Trujillo,18,Pico,307.7,0,5.0
T502615,Pago de servicios,v1,Arequipa,6,Normal,262.8,0,5.0
T502616,Pago QR,v2,Arequipa,13,Normal,147.6,0,4.0
T502617,Recarga celular,v2,Lima,19,Pico,177.8,0,4.0
T502618,Consulta de saldo,v1,Trujillo,11,Normal,55.3,0,3.0
T502619,Pago QR,v2,Lima,9,Pico,303.2,0,4.0
T502620,Transferencia,v1,Trujillo,9,Pico,205.2,0,4.0
T502621,Pago QR,v2,Lima,15,Normal,56.9,0,5.0
T502622,Recarga celular,v2,Arequipa,0,Normal,391.7,0,4.0
T502623,Transferencia,v2,Lima,5,Normal,173.4,0,4.0
T502624,Pago QR,v2,Trujillo,13,Normal,181.5,0,5.0
T502625,Transferencia,v1,Trujillo,20,Pico,454.8,0,4.0
T502626,Pago de servicios,v2,Arequipa,1,Normal,452.5,0,4.0
T502627,Consulta de saldo,v2,Trujillo,10,Pico,166.0,0,4.0
T502628,Consulta de saldo,v1,Lima,8,Pico,175.4,0,4.0
T502629,Transferencia,v1,Arequipa,18,Pico,654.4,0,4.0
T502630,Consulta de saldo,v1,Trujillo,21,Pico,119.6,0,4.0
T502631,Transferencia,v1,Trujillo,18,Pico,10127.9,1,1.0
T502632,Pago QR,v2,Lima,22,Normal,151.7,0,5.0
T502633,Consulta de saldo,v1,Trujillo,18,Pico,162.0,0,4.0
T502634,Recarga celular,v2,Lima,1,Normal,276.3,0,4.0
T502635,Pago QR,v1,Lima,21,Pico,155.7,0,4.0
T502636,Transferencia,v1,Trujillo,19,Pico,376.6,0,3.0
T502637,Transferencia,v2,Trujillo,5,Normal,278.3,0,4.0
T502638,Transferencia,v2,Trujillo,23,Normal,147.0,0,4.0
T502639,Pago QR,v2,Lima,22,Normal,101.0,0,4.0
T502640,Pago QR,v1,Trujillo,2,Normal,384.0,0,4.0
T502641,Transferencia,v1,Lima,6,Normal,283.1,0,4.0
T502642,Pago QR,v1,Lima,5,Normal,157.6,0,5.0
T502643,Consulta de saldo,v2,Arequipa,16,Normal,134.3,0,4.0
T502644,Pago QR,v1,Lima,9,Pico,133.4,0,5.0
T502645,Transferencia,v2,Arequipa,13,Normal,349.0,0,5.0
T502646,Transferencia,v1,Trujillo,0,Normal,236.8,0,4.0
T502647,Pago QR,v1,Lima,7,Normal,97.8,0,4.0
T502648,Pago QR,v1,Arequipa,17,Normal,362.5,0,4.0
T502649,Transferencia,v2,Lima,9,Pico,410.1,0,
T502650,Pago QR,v2,Lima,11,Normal,78.5,0,4.0
T502651,Pago QR,v2,Trujillo,20,Pico,307.3,0,3.0
T502652,Transferencia,v1,Arequipa,11,Normal,252.2,0,3.0
T502653,Consulta de saldo,v1,Lima,9,Pico,315.4,0,4.0
T502654,Pago de servicios,v2,Lima,13,Normal,437.3,0,4.0
T502655,Pago QR,v1,Lima,3,Normal,159.0,0,4.0
T502656,Pago QR,v1,Trujillo,10,Pico,255.4,0,4.0
T502657,Pago QR,v2,Trujillo,9,Pico,139.1,0,5.0
T502658,Transferencia,v2,Trujillo,23,Normal,280.4,0,4.0
T502659,Pago de servicios,v1,Lima,14,Normal,317.2,0,3.0
T502660,Transferencia,v1,Trujillo,20,Pico,347.7,0,5.0
T502661,Consulta de saldo,v1,Lima,14,Normal,69.4,0,5.0
T502662,Pago QR,v2,Trujillo,0,Normal,,0,4.0
T502663,Recarga celular,v2,Lima,11,Normal,79.4,0,5.0
T502664,Consulta de saldo,v2,Arequipa,20,Pico,80.8,0,5.0
T502665,Pago de servicios,v1,Lima,20,Pico,315.7,0,5.0
T502666,Transferencia,v2,Lima,3,Normal,300.2,0,5.0
T502667,Transferencia,v2,Lima,15,Normal,531.8,0,4.0
T502668,Pago QR,v2,Trujillo,22,Normal,233.2,0,3.0
T502669,Consulta de saldo,v1,Lima,2,Normal,113.6,0,5.0
T502670,Recarga celular,v1,Trujillo,5,Normal,134.2,0,5.0
T502671,Consulta de saldo,v2,Lima,15,Normal,180.9,0,5.0
T502672,Consulta de saldo,v1,Arequipa,9,Pico,111.7,0,3.0
T502673,Transferencia,v1,Lima,5,Normal,159.9,0,4.0
T502674,Recarga celular,v1,Arequipa,23,Normal,79.6,0,4.0
T502675,Pago QR,v2,Lima,9,Pico,370.1,0,4.0
T502676,Transferencia,v1,Lima,10,Pico,176.9,0,5.0
T502677,Recarga celular,v2,Lima,9,Pico,99.0,0,5.0
T502678,Consulta de saldo,v1,Lima,18,Pico,65.2,0,4.0
T502679,Transferencia,v2,Lima,13,Normal,227.2,0,4.0
T502680,Recarga celular,v2,Trujillo,3,Normal,165.7,0,5.0
T502681,Pago QR,v2,Lima,20,Pico,405.7,0,4.0
T502682,Pago de servicios,v1,Lima,0,Normal,382.6,0,4.0
T502683,Pago de servicios,v1,Arequipa,3,Normal,434.7,0,4.0
T502684,Transferencia,v2,Lima,8,Pico,360.4,0,4.0
T502685,Pago de servicios,v2,Lima,21,Pico,168.6,0,5.0
T502686,Pago de servicios,v2,Arequipa,15,Normal,319.1,0,4.0
T502687,Pago QR,v2,Lima,21,Pico,128.1,0,3.0
T502688,Pago QR,v2,Trujillo,6,Normal,136.9,0,5.0
T502689,Consulta de saldo,v1,Lima,1,Normal,201.8,0,3.0
T502690,Pago de servicios,v1,Arequipa,18,Pico,247.2,0,4.0
T502691,Pago QR,v2,Lima,0,Normal,82.8,0,4.0
T502692,Transferencia,v1,Arequipa,5,Normal,265.1,0,4.0
T502693,Recarga celular,v1,Lima,20,Pico,464.6,0,4.0
T502694,Pago de servicios,v2,Lima,7,Normal,183.6,0,5.0
T502695,Pago QR,v2,Lima,23,Normal,221.7,0,4.0
T502696,Pago de servicios,v2,Trujillo,14,Normal,279.2,0,5.0
T502697,Transferencia,v1,Trujillo,16,Normal,129.7,0,5.0
T502698,Pago QR,v1,Trujillo,4,Normal,147.0,0,4.0
T502699,Recarga celular,v2,Lima,20,Pico,189.1,0,5.0
T502700,Recarga celular,v2,Lima,21,Pico,95.3,0,4.0
T502701,Transferencia,v1,Lima,7,Normal,164.2,0,3.0
T502702,Consulta de saldo,v1,Lima,4,Normal,56.2,0,5.0
T502703,Recarga celular,v1,Lima,1,Normal,244.5,0,4.0
T502704,Pago QR,v2,Trujillo,15,Normal,428.3,0,4.0
T502705,Pago de servicios,v1,Trujillo,23,Normal,309.9,0,4.0
T502706,Transferencia,v2,Trujillo,1,Normal,248.1,0,5.0
T502707,Pago QR,v2,Lima,4,Normal,171.9,0,4.0
T502708,Recarga celular,v1,Arequipa,9,Pico,168.9,0,5.0
T502709,Transferencia,v2,Trujillo,19,Pico,217.2,0,4.0
T502710,Transferencia,v2,Lima,1,Normal,220.7,0,5.0
T502711,Pago QR,v2,Trujillo,20,Pico,333.2,0,4.0
T502712,Consulta de saldo,v2,Lima,17,Normal,98.0,0,4.0
T502713,Transferencia,v2,Arequipa,0,Normal,182.5,0,5.0
T502714,Recarga celular,v1,Lima,18,Pico,87.7,0,5.0
T502715,Recarga celular,v1,Lima,22,Normal,90.3,0,5.0
T502716,Consulta de saldo,v2,Lima,12,Normal,77.9,0,4.0
T502717,Transferencia,v1,Arequipa,23,Normal,209.7,0,
T502718,Consulta de saldo,v2,Lima,3,Normal,95.8,0,5.0
T502719,Transferencia,v1,Lima,12,Normal,584.1,0,4.0
T502720,Transferencia,v1,Trujillo,3,Normal,453.4,0,2.0
T502721,Consulta de saldo,v1,Trujillo,1,Normal,53.2,0,4.0
T502722,Pago QR,v1,Lima,12,Normal,351.9,0,4.0
T502723,Pago de servicios,v2,Arequipa,21,Pico,414.4,0,3.0
T502724,Pago QR,v1,Arequipa,16,Normal,161.3,0,5.0
T502725,Transferencia,v2,Trujillo,20,Pico,461.8,0,4.0
T502726,Recarga celular,v2,Arequipa,8,Pico,362.4,0,4.0
T502727,Consulta de saldo,v2,Arequipa,18,Pico,234.2,0,4.0
T502728,Pago de servicios,v2,Arequipa,12,Normal,344.7,0,4.0
T502729,Pago QR,v1,Lima,17,Normal,325.6,0,4.0
T502730,Consulta de saldo,v2,Arequipa,4,Normal,75.9,0,5.0
T502731,Pago QR,v1,Trujillo,17,Normal,137.7,0,4.0
T502732,Pago de servicios,v1,Lima,13,Normal,510.2,0,4.0
T502733,Transferencia,v2,Trujillo,12,Normal,178.5,0,4.0
T502734,Pago de servicios,v1,Arequipa,23,Normal,257.3,0,3.0
T502735,Consulta de saldo,v2,Lima,16,Normal,65.0,0,4.0
T502736,Pago QR,v1,Arequipa,18,Pico,210.4,0,5.0
T502737,Transferencia,v1,Trujillo,5,Normal,242.9,0,5.0
T502738,Consulta de saldo,v1,Lima,10,Pico,112.2,0,4.0
T502739,Transferencia,v1,Trujillo,2,Normal,281.5,0,4.0
T502740,Pago de servicios,v1,Lima,16,Normal,442.7,0,4.0
T502741,Pago QR,v1,Arequipa,14,Normal,460.9,0,4.0
T502742,Transferencia,v1,Lima,11,Normal,415.9,0,3.0
T502743,Pago QR,v1,Arequipa,10,Pico,132.6,0,5.0
T502744,Pago QR,v2,Lima,3,Normal,358.1,0,3.0
T502745,Pago de servicios,v1,Trujillo,16,Normal,362.4,0,4.0
T502746,Pago QR,v1,Arequipa,11,Normal,227.7,0,4.0
T502747,Recarga celular,v2,Arequipa,15,Normal,125.1,0,5.0
T502748,Transferencia,v2,Lima,3,Normal,203.3,0,5.0
T502749,Transferencia,v2,Arequipa,1,Normal,225.6,0,5.0
T502750,Consulta de saldo,v2,Lima,1,Normal,168.2,0,4.0
T502751,Transferencia,v1,Lima,6,Normal,174.0,0,4.0
T502752,Consulta de saldo,v2,Trujillo,2,Normal,136.8,0,4.0
T502753,Pago de servicios,v1,Trujillo,5,Normal,254.4,0,3.0
T502754,Recarga celular,v2,Arequipa,3,Normal,129.6,0,5.0
T502755,Transferencia,v2,Lima,9,Pico,211.9,0,4.0
T502756,Pago de servicios,v2,Trujillo,3,Normal,256.9,0,4.0
T502757,Transferencia,v2,Trujillo,3,Normal,139.7,0,5.0
T502758,Pago de servicios,v2,Lima,18,Pico,420.6,0,5.0
T502759,Consulta de saldo,v2,Lima,8,Pico,129.0,0,4.0
T502760,Pago QR,v1,Trujillo,18,Pico,233.8,0,4.0
T502761,Consulta de saldo,v1,Trujillo,6,Normal,45.1,0,5.0
T502762,Consulta de saldo,v1,Lima,15,Normal,90.4,0,5.0
T502763,Transferencia,v1,Trujillo,13,Normal,271.5,0,4.0
T502764,Recarga celular,v1,Arequipa,17,Normal,242.9,0,4.0
T502765,Pago QR,v1,Lima,14,Normal,163.7,0,5.0
T502766,Recarga celular,v2,Trujillo,13,Normal,239.3,0,4.0
T502767,Pago QR,v1,Arequipa,11,Normal,228.9,0,4.0
T502768,Pago QR,v1,Lima,17,Normal,329.7,0,3.0
T502769,Pago de servicios,v1,Lima,22,Normal,487.8,0,5.0
T502770,Pago de servicios,v1,Trujillo,5,Normal,469.8,0,5.0
T502771,Recarga celular,v1,Trujillo,4,Normal,304.8,0,4.0
T502772,Pago de servicios,v2,Lima,9,Pico,587.2,0,2.0
T502773,Transferencia,v1,Lima,11,Normal,189.5,0,4.0
T502774,Recarga celular,v1,Arequipa,3,Normal,169.3,0,5.0
T502775,Recarga celular,v2,Trujillo,16,Normal,185.2,0,4.0
T502776,Transferencia,v2,Trujillo,12,Normal,536.1,0,2.0
T502777,Consulta de saldo,v2,Arequipa,19,Pico,48.3,0,5.0
T502778,Consulta de saldo,v2,Lima,17,Normal,53.5,0,4.0
T502779,Pago QR,v2,Lima,9,Pico,129.0,0,4.0
T502780,Consulta de saldo,v1,Lima,4,Normal,74.8,0,4.0
T502781,Pago QR,v1,Lima,9,Pico,287.8,0,3.0
T502782,Consulta de saldo,v1,Lima,14,Normal,57.7,0,2.0
T502783,Pago de servicios,v1,Lima,18,Pico,236.7,0,3.0
T502784,Transferencia,v1,Arequipa,22,Normal,273.5,0,5.0
T502785,Consulta de saldo,v1,Arequipa,19,Pico,101.0,0,4.0
T502786,Pago de servicios,v1,Lima,11,Normal,410.3,0,4.0
T502787,Pago QR,v2,Trujillo,22,Normal,267.3,0,4.0
T502788,Recarga celular,v1,Lima,16,Normal,124.8,0,5.0
T502789,Recarga celular,v2,Lima,17,Normal,135.4,0,4.0
T502790,Pago de servicios,v2,Lima,12,Normal,134.3,0,5.0
T502791,Recarga celular,v1,Arequipa,20,Pico,126.8,0,4.0
T502792,Recarga celular,v2,Lima,8,Pico,331.2,0,4.0
T502793,Consulta de saldo,v2,Arequipa,0,Normal,45.3,0,4.0
T502794,Consulta de saldo,v2,Lima,20,Pico,963.0,0,3.0
T502795,Recarga celular,v1,Trujillo,12,Normal,146.3,0,4.0
T502796,Transferencia,v2,Lima,16,Normal,118.6,0,5.0
T502797,Pago de servicios,v2,Arequipa,23,Normal,211.3,0,4.0
T502798,Transferencia,v2,Trujillo,23,Normal,182.2,0,5.0
T502799,Consulta de saldo,v1,Lima,4,Normal,173.0,0,5.0
T502800,Pago QR,v1,Arequipa,2,Normal,174.5,0,4.0
T502801,Transferencia,v1,Arequipa,12,Normal,408.9,0,3.0
T502802,Transferencia,v1,Trujillo,15,Normal,180.8,1,2.0
T502803,Consulta de saldo,v1,Lima,7,Normal,45.6,0,5.0
T502804,Pago QR,v1,Lima,11,Normal,179.6,0,4.0
T502805,Transferencia,v2,Arequipa,1,Normal,244.7,0,4.0
T502806,Recarga celular,v2,Lima,7,Normal,180.1,0,4.0
T502807,Transferencia,v1,Trujillo,12,Normal,289.5,0,4.0
T502808,Pago QR,v2,Arequipa,10,Pico,281.8,0,5.0
T502809,Consulta de saldo,v2,Lima,5,Normal,120.6,0,3.0
T502810,Transferencia,v2,Arequipa,20,Pico,309.5,0,4.0
T502811,Recarga celular,v1,Arequipa,4,Normal,120.0,0,5.0
T502812,Transferencia,v2,Trujillo,7,Normal,270.0,0,5.0
T502813,Recarga celular,v1,Lima,19,Pico,410.6,0,3.0
T502814,Pago de servicios,v2,Lima,21,Pico,859.6,0,2.0
T502815,Pago QR,v2,Lima,20,Pico,206.7,0,5.0
T502816,Pago QR,v2,Arequipa,23,Normal,125.0,0,4.0
T502817,Pago QR,v2,Trujillo,16,Normal,385.8,0,4.0
T502818,Recarga celular,v2,Arequipa,20,Pico,206.5,0,4.0
T502819,Pago QR,v1,Lima,4,Normal,146.0,0,5.0
T502820,Pago de servicios,v1,Lima,22,Normal,289.0,0,3.0
T502821,Consulta de saldo,v2,Trujillo,20,Pico,105.9,0,4.0
T502822,Consulta de saldo,v1,Lima,19,Pico,138.4,0,5.0
T502823,Transferencia,v2,Arequipa,21,Pico,394.6,0,4.0
T502824,Recarga celular,v1,Lima,10,Pico,223.6,0,5.0
T502825,Recarga celular,v2,Arequipa,17,Normal,144.4,0,
T502826,Pago QR,v2,Trujillo,13,Normal,188.4,0,5.0
T502827,Transferencia,v2,Lima,4,Normal,401.7,0,3.0
T502828,Consulta de saldo,v2,Lima,0,Normal,101.9,0,5.0
T502829,Pago de servicios,v2,Trujillo,10,Pico,295.5,0,4.0
T502830,Pago de servicios,v1,Arequipa,0,Normal,373.0,0,2.0
T502831,Recarga celular,v1,Trujillo,18,Pico,300.5,0,4.0
T502832,Transferencia,v2,Lima,9,Pico,334.1,0,3.0
T502833,Consulta de saldo,v2,Arequipa,9,Pico,106.4,0,5.0
T502834,Pago de servicios,v2,Lima,16,Normal,166.7,0,4.0
T502835,Pago QR,v1,Lima,11,Normal,108.0,0,5.0
T502836,Pago de servicios,v1,Arequipa,0,Normal,178.8,0,3.0
T502837,Transferencia,v1,Trujillo,22,Normal,600.6,0,2.0
T502838,Pago QR,v1,Trujillo,8,Pico,213.1,0,4.0
T502839,Transferencia,v1,Lima,22,Normal,446.6,0,3.0
T502840,Pago QR,v1,Lima,2,Normal,203.4,0,5.0
T502841,Pago QR,v1,Lima,20,Pico,522.1,0,4.0
T502842,Pago de servicios,v2,Arequipa,17,Normal,185.1,0,4.0
T502843,Pago de servicios,v2,Trujillo,22,Normal,374.9,0,4.0
T502844,Pago QR,v2,Trujillo,10,Pico,114.8,0,4.0
T502845,Consulta de saldo,v1,Lima,2,Normal,37.9,0,5.0
T502846,Consulta de saldo,v1,Lima,23,Normal,161.6,0,4.0
T502847,Pago QR,v1,Lima,4,Normal,245.8,0,4.0
T502848,Consulta de saldo,v1,Lima,8,Pico,76.1,0,4.0
T502849,Consulta de saldo,v1,Arequipa,22,Normal,167.0,0,4.0
T502850,Recarga celular,v2,Arequipa,13,Normal,165.0,0,4.0
T502851,Consulta de saldo,v1,Arequipa,10,Pico,98.5,0,4.0
T502852,Recarga celular,v2,Arequipa,16,Normal,413.1,0,5.0
T502853,Consulta de saldo,v1,Trujillo,17,Normal,82.8,0,3.0
T502854,Transferencia,v2,Lima,1,Normal,420.1,0,3.0
T502855,Transferencia,v1,Arequipa,20,Pico,455.4,0,3.0
T502856,Consulta de saldo,v2,Lima,7,Normal,95.2,0,5.0
T502857,Pago QR,v1,Lima,21,Pico,304.7,0,4.0
T502858,Transferencia,v2,Lima,3,Normal,292.8,0,4.0
T502859,Consulta de saldo,v1,Trujillo,9,Pico,145.2,0,4.0
T502860,Pago QR,v2,Arequipa,5,Normal,229.8,0,4.0
T502861,Transferencia,v1,Lima,11,Normal,335.2,0,3.0
T502862,Pago QR,v2,Trujillo,1,Normal,233.5,0,5.0
T502863,Transferencia,v1,Arequipa,13,Normal,426.2,0,3.0
T502864,Transferencia,v1,Arequipa,23,Normal,386.5,0,3.0
T502865,Transferencia,v2,Lima,5,Normal,302.4,0,4.0
T502866,Transferencia,v1,Lima,15,Normal,888.5,0,2.0
T502867,Transferencia,v2,Arequipa,15,Normal,179.1,0,4.0
T502868,Pago QR,v2,Trujillo,15,Normal,518.6,0,3.0
T502869,Transferencia,v2,Arequipa,18,Pico,447.1,0,4.0
T502870,Consulta de saldo,v2,Lima,23,Normal,122.2,0,4.0
T502871,Transferencia,v2,Lima,1,Normal,199.6,0,5.0
T502872,Pago QR,v1,Trujillo,6,Normal,279.4,0,4.0
T502873,Transferencia,v1,Trujillo,18,Pico,439.1,0,3.0
T502874,Consulta de saldo,v1,Lima,11,Normal,79.0,0,5.0
T502875,Transferencia,v1,Arequipa,11,Normal,204.0,0,4.0
T502876,Consulta de saldo,v1,Lima,5,Normal,47.0,0,5.0
T502877,Pago QR,v2,Lima,1,Normal,353.6,0,4.0
T502878,Consulta de saldo,v2,Lima,5,Normal,95.3,0,4.0
T502879,Recarga celular,v1,Lima,1,Normal,51.3,0,5.0
T502880,Transferencia,v2,Lima,5,Normal,416.0,0,4.0
T502881,Transferencia,v1,Trujillo,4,Normal,430.8,0,
T502882,Transferencia,v2,Lima,5,Normal,284.2,0,5.0
T502883,Pago QR,v2,Arequipa,17,Normal,101.1,0,5.0
T502884,Pago de servicios,v2,Lima,20,Pico,528.8,0,4.0
T502885,Transferencia,v1,Lima,14,Normal,379.6,0,5.0
T502886,Pago de servicios,v1,Lima,15,Normal,511.3,0,5.0
T502887,Pago de servicios,v1,Trujillo,20,Pico,194.3,0,5.0
T502888,Recarga celular,v1,Lima,3,Normal,144.3,0,4.0
T502889,Pago QR,v1,Arequipa,9,Pico,398.2,0,3.0
T502890,Recarga celular,v2,Arequipa,7,Normal,209.9,0,4.0
T502891,Pago de servicios,v1,Trujillo,10,Pico,686.6,0,4.0
T502892,Consulta de saldo,v1,Lima,8,Pico,186.8,0,4.0
T502893,Transferencia,v1,Trujillo,15,Normal,546.1,0,3.0
T502894,Transferencia,v1,Lima,6,Normal,439.3,0,5.0
T502895,Transferencia,v1,Lima,20,Pico,582.6,0,4.0
T502896,Recarga celular,v2,Lima,7,Normal,278.4,0,3.0
T502897,Pago QR,v1,Lima,12,Normal,297.4,0,5.0
T502898,Pago QR,v1,Lima,9,Pico,231.8,0,4.0
T502899,Pago QR,v1,Lima,8,Pico,397.9,0,4.0
T502900,Transferencia,v1,Lima,6,Normal,177.8,0,5.0
T502901,Pago de servicios,v2,Lima,10,Pico,200.5,0,4.0
T502902,Pago QR,v1,Arequipa,8,Pico,178.7,0,4.0
T502903,Transferencia,v1,Lima,19,Pico,759.6,0,2.0
T502904,Transferencia,v1,Arequipa,22,Normal,240.4,0,5.0
T502905,Pago QR,v2,Lima,12,Normal,94.6,0,4.0
T502906,Pago de servicios,v1,Trujillo,3,Normal,516.0,0,3.0
T502907,Pago QR,v1,Lima,15,Normal,119.1,0,4.0
T502908,Recarga celular,v2,Trujillo,21,Pico,328.7,0,4.0
T502909,Transferencia,v2,Lima,17,Normal,391.5,0,3.0
T502910,Pago de servicios,v2,Arequipa,21,Pico,302.5,0,4.0
T502911,Recarga celular,v2,Trujillo,2,Normal,108.7,1,5.0
T502912,Transferencia,v1,Arequipa,4,Normal,445.3,0,4.0
T502913,Consulta de saldo,v1,Trujillo,15,Normal,90.7,0,5.0
T502914,Pago QR,v2,Lima,21,Pico,196.9,0,4.0
T502915,Pago de servicios,v1,Lima,16,Normal,506.1,0,4.0
T502916,Consulta de saldo,v2,Lima,16,Normal,298.8,0,4.0
T502917,Pago de servicios,v1,Trujillo,2,Normal,611.4,0,4.0
T502918,Recarga celular,v2,Trujillo,15,Normal,173.7,0,4.0
T502919,Consulta de saldo,v2,Arequipa,10,Pico,94.3,0,5.0
T502920,Recarga celular,v2,Trujillo,0,Normal,223.0,0,3.0
T502921,Pago de servicios,v1,Lima,18,Pico,371.0,0,4.0
T502922,Recarga celular,v2,Trujillo,7,Normal,259.6,1,3.0
T502923,Consulta de saldo,v2,Lima,23,Normal,74.2,0,5.0
T502924,Consulta de saldo,v2,Trujillo,11,Normal,100.9,0,4.0
T502925,Pago QR,v1,Arequipa,15,Normal,109.5,0,5.0
T502926,Recarga celular,v2,Trujillo,15,Normal,542.3,0,4.0
T502927,Transferencia,v1,Arequipa,1,Normal,531.9,0,4.0
T502928,Transferencia,v2,Lima,5,Normal,301.7,0,3.0
T502929,Consulta de saldo,v2,Lima,19,Pico,376.1,0,4.0
T502930,Recarga celular,v2,Arequipa,16,Normal,159.5,0,5.0
T502931,Transferencia,v2,Lima,18,Pico,431.6,0,
T502932,Transferencia,v1,Trujillo,19,Pico,432.4,0,5.0
T502933,Transferencia,v2,Trujillo,4,Normal,900.1,0,3.0
T502934,Pago de servicios,v1,Lima,15,Normal,259.1,0,4.0
T502935,Transferencia,v1,Lima,10,Pico,636.1,0,4.0
T502936,Consulta de saldo,v2,Arequipa,4,Normal,45.4,0,4.0
T502937,Transferencia,v2,Lima,17,Normal,219.9,0,4.0
T502938,Transferencia,v1,Lima,14,Normal,353.9,0,3.0
T502939,Pago QR,v1,Lima,0,Normal,294.2,0,4.0
T502940,Pago QR,v2,Lima,0,Normal,88.5,0,5.0
T502941,Recarga celular,v2,Lima,17,Normal,210.5,0,3.0
T502942,Transferencia,v1,Lima,1,Normal,344.1,1,3.0
T502943,Pago QR,v2,Arequipa,9,Pico,147.8,0,5.0
T502944,Pago QR,v2,Arequipa,14,Normal,193.4,0,3.0
T502945,Pago QR,v2,Arequipa,13,Normal,257.9,0,4.0
T502946,Consulta de saldo,v1,Lima,22,Normal,136.0,0,4.0
T502947,Transferencia,v2,Arequipa,1,Normal,284.3,0,4.0
T502948,Pago QR,v2,Lima,0,Normal,133.7,0,4.0
T502949,Transferencia,v2,Trujillo,11,Normal,488.6,0,4.0
T502950,Pago de servicios,v1,Lima,3,Normal,475.0,0,5.0
T502951,Consulta de saldo,v1,Trujillo,21,Pico,123.6,0,4.0
T502952,Transferencia,v1,Trujillo,0,Normal,268.4,0,4.0
T502953,Recarga celular,v2,Arequipa,7,Normal,182.0,0,5.0
T502954,Consulta de saldo,v2,Lima,3,Normal,53.4,0,4.0
T502955,Recarga celular,v1,Arequipa,12,Normal,273.2,0,3.0
T502956,Transferencia,v1,Arequipa,14,Normal,264.1,0,5.0
T502957,Pago de servicios,v1,Lima,14,Normal,347.0,0,3.0
T502958,Pago de servicios,v1,Trujillo,12,Normal,486.0,0,4.0
T502959,Recarga celular,v1,Lima,22,Normal,103.0,0,3.0
T502960,Pago de servicios,v2,Arequipa,5,Normal,260.8,0,4.0
T502961,Transferencia,v1,Arequipa,17,Normal,253.5,0,5.0
T502962,Recarga celular,v1,Lima,9,Pico,159.3,0,4.0
T502963,Pago de servicios,v1,Lima,13,Normal,376.5,0,4.0
T502964,Pago de servicios,v1,Lima,18,Pico,598.9,0,3.0
T502965,Pago QR,v1,Trujillo,16,Normal,160.1,0,5.0
T502966,Consulta de saldo,v2,Lima,21,Pico,182.2,0,5.0
T502967,Pago de servicios,v1,Trujillo,9,Pico,394.7,0,4.0
T502968,Transferencia,v1,Lima,20,Pico,440.9,0,3.0
T502969,Pago QR,v2,Lima,2,Normal,231.7,0,5.0
T502970,Pago QR,v2,Lima,7,Normal,277.3,0,5.0
T502971,Recarga celular,v1,Lima,0,Normal,231.2,0,5.0
T502972,Recarga celular,v1,Lima,8,Pico,149.3,0,5.0
T502973,Recarga celular,v1,Trujillo,1,Normal,321.1,0,4.0
T502974,Recarga celular,v2,Lima,14,Normal,205.7,0,4.0
T502975,Recarga celular,v2,Trujillo,20,Pico,471.7,0,3.0
T502976,Pago de servicios,v2,Lima,3,Normal,266.9,0,4.0
T502977,Consulta de saldo,v1,Arequipa,21,Pico,267.7,0,3.0
T502978,Transferencia,v1,Trujillo,0,Normal,661.1,0,3.0
T502979,Pago QR,v1,Arequipa,21,Pico,288.5,0,3.0
T502980,Transferencia,v1,Trujillo,15,Normal,197.4,0,3.0
T502981,Pago de servicios,v2,Trujillo,23,Normal,363.6,0,3.0
T502982,Consulta de saldo,v1,Trujillo,5,Normal,192.4,0,5.0
T502983,Pago QR,v1,Lima,23,Normal,177.8,0,4.0
T502984,Pago QR,v2,Arequipa,23,Normal,146.7,0,4.0
T502985,Pago QR,v2,Lima,7,Normal,144.8,0,3.0
T502986,Pago QR,v1,Lima,17,Normal,212.2,0,4.0
T502987,Consulta de saldo,v2,Lima,20,Pico,48.4,0,5.0
T502988,Transferencia,v1,Trujillo,11,Normal,292.2,0,4.0
T502989,Pago QR,v2,Lima,9,Pico,157.7,0,3.0
T502990,Pago QR,v1,Lima,22,Normal,181.7,0,5.0
T502991,Transferencia,v1,Arequipa,14,Normal,235.9,0,5.0
T502992,Recarga celular,v2,Lima,20,Pico,247.3,0,4.0
T502993,Pago QR,v1,Trujillo,12,Normal,454.2,0,3.0
T502994,Transferencia,v2,Arequipa,7,Normal,4252.3,0,1.0
T502995,Recarga celular,v2,Lima,6,Normal,143.5,0,5.0
T502996,Pago QR,v2,Trujillo,15,Normal,224.6,0,5.0
T502997,Pago QR,v1,Lima,4,Normal,143.1,0,5.0
T502998,Transferencia,v2,Arequipa,18,Pico,273.2,0,3.0
T502999,Consulta de saldo,v2,Arequipa,17,Normal,152.1,0,4.0
T503000,Consulta de saldo,v2,Arequipa,11,Normal,61.6,0,3.0
T503001,Consulta de saldo,v2,Trujillo,3,Normal,105.1,0,5.0
T503002,Transferencia,v1,Lima,7,Normal,398.5,0,3.0
T503003,Recarga celular,v1,Lima,14,Normal,822.4,0,3.0
T503004,Transferencia,v1,Lima,23,Normal,314.4,0,4.0
T503005,Pago QR,v2,Arequipa,14,Normal,338.2,0,4.0
T503006,Pago QR,v1,Arequipa,8,Pico,156.4,0,4.0
T503007,Pago de servicios,v2,Lima,6,Normal,423.6,0,4.0
T503008,Pago QR,v1,Lima,20,Pico,114.8,0,4.0
T503009,Transferencia,v2,Lima,15,Normal,207.0,0,5.0
T503010,Pago de servicios,v2,Lima,0,Normal,249.1,0,5.0
T503011,Pago de servicios,v1,Arequipa,23,Normal,211.2,0,4.0
T503012,Pago QR,v1,Lima,6,Normal,194.8,0,4.0
T503013,Transferencia,v1,Arequipa,11,Normal,245.0,0,4.0
T503014,Pago de servicios,v2,Arequipa,15,Normal,459.5,0,2.0
T503015,Pago QR,v2,Arequipa,18,Pico,662.4,0,3.0
T503016,Consulta de saldo,v1,Lima,13,Normal,73.2,0,4.0
T503017,Transferencia,v2,Lima,9,Pico,335.8,0,3.0
T503018,Pago de servicios,v1,Trujillo,0,Normal,324.9,0,4.0
T503019,Transferencia,v2,Lima,23,Normal,378.2,0,4.0
T503020,Pago de servicios,v1,Trujillo,18,Pico,393.5,0,3.0
T503021,Recarga celular,v1,Arequipa,11,Normal,160.7,0,5.0
T503022,Pago QR,v2,Lima,7,Normal,405.4,0,4.0
T503023,Consulta de saldo,v1,Lima,6,Normal,108.4,0,
T503024,Transferencia,v2,Trujillo,20,Pico,401.9,0,4.0
T503025,Recarga celular,v1,Arequipa,17,Normal,168.8,0,4.0
T503026,Transferencia,v2,Trujillo,21,Pico,225.5,0,4.0
T503027,Recarga celular,v2,Lima,19,Pico,171.5,0,5.0
T503028,Transferencia,v1,Arequipa,10,Pico,246.2,0,3.0
T503029,Transferencia,v1,Trujillo,18,Pico,308.6,0,4.0
T503030,Transferencia,v2,Lima,3,Normal,83.7,0,5.0
T503031,Pago QR,v2,Lima,6,Normal,238.1,0,4.0
T503032,Pago QR,v2,Lima,12,Normal,205.1,0,4.0
T503033,Pago QR,v2,Lima,8,Pico,294.3,0,5.0
T503034,Transferencia,v1,Arequipa,9,Pico,495.4,0,4.0
T503035,Transferencia,v1,Lima,2,Normal,182.4,0,5.0
T503036,Recarga celular,v2,Lima,15,Normal,91.3,0,5.0
T503037,Consulta de saldo,v2,Lima,6,Normal,104.5,0,5.0
T503038,Recarga celular,v1,Lima,11,Normal,375.2,0,4.0
T503039,Pago QR,v2,Trujillo,12,Normal,114.1,0,4.0
T503040,Recarga celular,v2,Trujillo,13,Normal,174.7,0,5.0
T503041,Transferencia,v1,Lima,3,Normal,532.7,0,4.0
T503042,Recarga celular,v2,Lima,16,Normal,163.3,0,5.0
T503043,Consulta de saldo,v1,Trujillo,2,Normal,151.7,0,
T503044,Consulta de saldo,v2,Arequipa,23,Normal,39.0,0,5.0
T503045,Consulta de saldo,v1,Lima,0,Normal,49.4,0,4.0
T503046,Pago de servicios,v1,Lima,8,Pico,711.7,0,4.0
T503047,Transferencia,v1,Lima,2,Normal,291.3,0,4.0
T503048,Consulta de saldo,v1,Lima,10,Pico,85.5,0,4.0
T503049,Consulta de saldo,v2,Trujillo,9,Pico,84.1,0,4.0
T503050,Pago de servicios,v2,Lima,6,Normal,206.7,0,5.0
T503051,Pago QR,v2,Arequipa,19,Pico,282.8,0,3.0
T503052,Transferencia,v2,Arequipa,4,Normal,182.8,0,4.0
T503053,Consulta de saldo,v2,Trujillo,19,Pico,100.8,0,5.0
T503054,Recarga celular,v2,Lima,12,Normal,124.0,0,4.0
T503055,Pago QR,v2,Lima,14,Normal,277.0,0,4.0
T503056,Pago de servicios,v2,Lima,20,Pico,286.0,0,4.0
T503057,Consulta de saldo,v1,Lima,22,Normal,151.6,0,4.0
T503058,Pago QR,v1,Trujillo,21,Pico,200.1,0,4.0
T503059,Transferencia,v2,Arequipa,8,Pico,186.0,0,3.0
T503060,Transferencia,v2,Lima,13,Normal,188.8,0,4.0
T503061,Transferencia,v2,Lima,4,Normal,379.7,0,4.0
T503062,Pago de servicios,v1,Lima,11,Normal,438.3,0,4.0
T503063,Pago de servicios,v1,Trujillo,18,Pico,487.3,0,3.0
T503064,Consulta de saldo,v1,Lima,6,Normal,98.5,0,4.0
T503065,Consulta de saldo,v1,Lima,3,Normal,34.9,0,3.0
T503066,Transferencia,v2,Lima,19,Pico,117.5,0,3.0
T503067,Recarga celular,v1,Lima,2,Normal,103.6,1,5.0
T503068,Pago QR,v2,Lima,23,Normal,198.1,0,4.0
T503069,Pago QR,v2,Trujillo,22,Normal,94.4,0,4.0
T503070,Transferencia,v2,Trujillo,3,Normal,288.3,0,3.0
T503071,Pago QR,v1,Lima,3,Normal,347.8,0,4.0
T503072,Transferencia,v2,Trujillo,1,Normal,462.6,0,3.0
T503073,Transferencia,v1,Trujillo,9,Pico,633.7,0,3.0
T503074,Pago QR,v2,Arequipa,8,Pico,409.1,0,4.0
T503075,Pago QR,v1,Lima,9,Pico,302.4,0,5.0
T503076,Transferencia,v1,Lima,13,Normal,219.4,0,5.0
T503077,Recarga celular,v2,Lima,7,Normal,122.6,0,5.0
T503078,Pago de servicios,v2,Lima,16,Normal,184.6,0,5.0
T503079,Pago QR,v2,Lima,0,Normal,168.4,0,4.0
T503080,Pago QR,v1,Trujillo,22,Normal,275.7,0,3.0
T503081,Consulta de saldo,v2,Lima,0,Normal,132.8,0,5.0
T503082,Consulta de saldo,v2,Lima,21,Pico,121.2,0,
T503083,Transferencia,v2,Lima,9,Pico,276.8,0,5.0
T503084,Recarga celular,v1,Lima,8,Pico,126.9,0,5.0
T503085,Consulta de saldo,v2,Arequipa,21,Pico,208.3,0,2.0
T503086,Transferencia,v2,Lima,1,Normal,198.3,0,4.0
T503087,Recarga celular,v1,Lima,23,Normal,251.1,0,5.0
T503088,Transferencia,v2,Lima,22,Normal,163.9,0,3.0
T503089,Transferencia,v1,Arequipa,14,Normal,854.8,0,3.0
T503090,Transferencia,v2,Arequipa,13,Normal,220.5,0,5.0
T503091,Recarga celular,v1,Lima,2,Normal,185.2,0,4.0
T503092,Transferencia,v1,Lima,1,Normal,228.4,0,
T503093,Pago de servicios,v2,Trujillo,14,Normal,262.0,0,4.0
T503094,Transferencia,v1,Lima,18,Pico,333.1,0,4.0
T503095,Transferencia,v2,Trujillo,11,Normal,285.8,0,4.0
T503096,Transferencia,v1,Trujillo,17,Normal,271.1,0,4.0
T503097,Pago de servicios,v1,Arequipa,9,Pico,320.4,0,3.0
T503098,Transferencia,v2,Trujillo,15,Normal,518.2,0,3.0
T503099,Transferencia,v2,Lima,11,Normal,149.6,0,4.0
T503100,Recarga celular,v1,Trujillo,10,Pico,266.4,0,4.0
T503101,Pago QR,v2,Arequipa,4,Normal,191.0,0,3.0
T503102,Consulta de saldo,v1,Trujillo,3,Normal,145.7,0,5.0
T503103,Pago QR,v2,Lima,2,Normal,90.6,0,5.0
T503104,Consulta de saldo,v1,Arequipa,12,Normal,89.5,0,4.0
T503105,Transferencia,v1,Arequipa,20,Pico,433.8,0,3.0
T503106,Pago de servicios,v2,Lima,4,Normal,145.9,0,4.0
T503107,Pago de servicios,v2,Trujillo,5,Normal,445.6,0,4.0
T503108,Transferencia,v2,Arequipa,2,Normal,215.2,0,4.0
T503109,Pago QR,v2,Lima,7,Normal,85.0,0,4.0
T503110,Pago de servicios,v1,Lima,18,Pico,794.3,0,3.0
T503111,Transferencia,v2,Lima,4,Normal,291.4,0,4.0
T503112,Pago QR,v1,Trujillo,16,Normal,267.3,0,5.0
T503113,Transferencia,v2,Arequipa,8,Pico,273.4,0,3.0
T503114,Pago QR,v1,Lima,18,Pico,345.3,0,4.0
T503115,Consulta de saldo,v1,Lima,21,Pico,193.5,0,4.0
T503116,Recarga celular,v1,Lima,14,Normal,109.1,0,4.0
T503117,Transferencia,v2,Trujillo,9,Pico,509.9,0,3.0
T503118,Pago de servicios,v2,Lima,19,Pico,308.4,0,4.0
T503119,Recarga celular,v2,Trujillo,6,Normal,88.4,0,5.0
T503120,Pago de servicios,v1,Arequipa,14,Normal,121.4,0,5.0
T503121,Pago QR,v2,Trujillo,18,Pico,366.5,0,4.0
T503122,Pago QR,v2,Lima,9,Pico,353.6,0,4.0
T503123,Pago QR,v1,Lima,1,Normal,356.9,0,5.0
T503124,Consulta de saldo,v2,Lima,18,Pico,187.7,0,4.0
T503125,Pago QR,v2,Lima,4,Normal,524.2,0,3.0
T503126,Pago QR,v1,Trujillo,18,Pico,192.3,0,4.0
T503127,Pago QR,v1,Lima,13,Normal,516.2,0,4.0
T503128,Recarga celular,v2,Lima,13,Normal,298.5,0,4.0
T503129,Pago de servicios,v2,Lima,10,Pico,501.2,0,4.0
T503130,Transferencia,v1,Lima,10,Pico,505.4,0,3.0
T503131,Pago QR,v1,Lima,7,Normal,118.7,0,5.0
T503132,Pago QR,v2,Lima,14,Normal,334.0,0,4.0
T503133,Transferencia,v1,Lima,4,Normal,132.3,0,5.0
T503134,Pago de servicios,v1,Trujillo,13,Normal,567.2,0,4.0
T503135,Transferencia,v1,Lima,15,Normal,312.8,0,5.0
T503136,Pago de servicios,v1,Lima,3,Normal,402.4,0,3.0
T503137,Transferencia,v1,Lima,16,Normal,213.5,0,4.0
T503138,Consulta de saldo,v2,Lima,16,Normal,75.2,0,5.0
T503139,Transferencia,v2,Trujillo,14,Normal,248.8,0,4.0
T503140,Consulta de saldo,v2,Lima,2,Normal,104.7,0,5.0
T503141,Pago QR,v1,Lima,23,Normal,215.9,0,5.0
T503142,Pago QR,v1,Lima,1,Normal,315.2,0,5.0
T503143,Pago QR,v1,Lima,20,Pico,500.1,0,2.0
T503144,Pago de servicios,v2,Trujillo,23,Normal,257.6,0,3.0
T503145,Recarga celular,v2,Lima,6,Normal,76.2,0,4.0
T503146,Transferencia,v1,Trujillo,16,Normal,232.4,0,5.0
T503147,Consulta de saldo,v2,Lima,21,Pico,95.5,0,5.0
T503148,Pago de servicios,v2,Lima,16,Normal,243.8,0,5.0
T503149,Recarga celular,v1,Lima,5,Normal,184.1,0,4.0
T503150,Consulta de saldo,v2,Lima,23,Normal,53.0,0,5.0
T503151,Pago de servicios,v2,Trujillo,1,Normal,179.3,0,4.0
T503152,Recarga celular,v2,Arequipa,4,Normal,282.5,0,3.0
T503153,Pago QR,v2,Lima,19,Pico,137.2,0,4.0
T503154,Transferencia,v2,Trujillo,0,Normal,313.1,0,5.0
T503155,Pago de servicios,v2,Trujillo,7,Normal,311.3,0,5.0
T503156,Recarga celular,v2,Arequipa,6,Normal,323.7,0,4.0
T503157,Consulta de saldo,v1,Lima,5,Normal,80.7,0,4.0
T503158,Transferencia,v1,Lima,10,Pico,336.6,0,4.0
T503159,Consulta de saldo,v2,Trujillo,7,Normal,166.1,0,3.0
T503160,Pago de servicios,v1,Lima,8,Pico,193.1,0,3.0
T503161,Pago QR,v1,Lima,3,Normal,120.7,0,5.0
T503162,Pago QR,v2,Lima,23,Normal,127.7,0,5.0
T503163,Pago QR,v1,Lima,14,Normal,215.1,0,4.0
T503164,Consulta de saldo,v2,Trujillo,12,Normal,271.6,0,
T503165,Pago QR,v2,Lima,11,Normal,273.7,0,5.0
T503166,Recarga celular,v1,Trujillo,7,Normal,222.8,0,4.0
T503167,Recarga celular,v1,Lima,8,Pico,230.6,0,5.0
T503168,Transferencia,v2,Arequipa,6,Normal,440.9,1,3.0
T503169,Pago QR,v2,Arequipa,3,Normal,250.6,0,5.0
T503170,Recarga celular,v2,Arequipa,23,Normal,93.2,0,3.0
T503171,Pago QR,v1,Arequipa,18,Pico,241.1,0,3.0
T503172,Consulta de saldo,v2,Trujillo,1,Normal,231.6,0,3.0
T503173,Pago QR,v1,Arequipa,7,Normal,299.5,0,5.0
T503174,Pago QR,v1,Lima,11,Normal,147.6,0,4.0
T503175,Pago QR,v1,Lima,8,Pico,211.0,0,2.0
T503176,Transferencia,v2,Arequipa,20,Pico,226.0,0,4.0
T503177,Pago QR,v1,Arequipa,22,Normal,230.3,0,4.0
T503178,Pago QR,v2,Arequipa,4,Normal,200.8,0,4.0
T503179,Pago de servicios,v2,Lima,19,Pico,208.0,0,4.0
T503180,Transferencia,v2,Lima,23,Normal,277.8,0,3.0
T503181,Recarga celular,v1,Arequipa,8,Pico,242.6,0,5.0
T503182,Pago QR,v2,Trujillo,8,Pico,243.2,0,5.0
T503183,Pago QR,v1,Arequipa,0,Normal,,0,4.0
T503184,Pago QR,v1,Arequipa,9,Pico,298.4,0,4.0
T503185,Pago de servicios,v2,Lima,17,Normal,377.2,0,5.0
T503186,Consulta de saldo,v2,Trujillo,2,Normal,86.0,0,4.0
T503187,Transferencia,v2,Arequipa,1,Normal,386.0,0,3.0
T503188,Consulta de saldo,v2,Trujillo,16,Normal,75.5,0,5.0
T503189,Recarga celular,v2,Arequipa,7,Normal,194.9,0,5.0
T503190,Transferencia,v1,Lima,17,Normal,336.9,0,5.0
T503191,Consulta de saldo,v2,Lima,10,Pico,148.5,0,3.0
T503192,Consulta de saldo,v1,Lima,16,Normal,60.0,0,3.0
T503193,Consulta de saldo,v1,Lima,5,Normal,74.0,0,
T503194,Pago QR,v1,Lima,22,Normal,251.6,0,5.0
T503195,Pago QR,v1,Lima,8,Pico,229.6,0,4.0
T503196,Consulta de saldo,v1,Lima,1,Normal,80.8,0,5.0
T503197,Pago QR,v1,Arequipa,21,Pico,414.5,0,5.0
T503198,Transferencia,v2,Lima,6,Normal,151.5,0,
T503199,Recarga celular,v1,Trujillo,4,Normal,83.1,0,5.0
T503200,Pago de servicios,v1,Arequipa,3,Normal,310.0,0,5.0
T503201,Pago QR,v1,Lima,3,Normal,226.7,0,4.0
T503202,Pago QR,v1,Lima,14,Normal,155.1,0,4.0
T503203,Consulta de saldo,v2,Arequipa,10,Pico,108.3,0,4.0
T503204,Transferencia,v2,Lima,19,Pico,523.2,0,4.0
T503205,Transferencia,v1,Trujillo,4,Normal,211.9,0,3.0
T503206,Pago QR,v1,Arequipa,21,Pico,301.0,0,5.0
T503207,Pago QR,v1,Arequipa,1,Normal,173.1,0,5.0
T503208,Consulta de saldo,v2,Lima,23,Normal,93.0,0,4.0
T503209,Pago QR,v1,Arequipa,13,Normal,118.7,0,4.0
T503210,Recarga celular,v2,Trujillo,18,Pico,127.9,0,3.0
T503211,Transferencia,v1,Arequipa,20,Pico,253.5,0,4.0
T503212,Transferencia,v2,Lima,7,Normal,254.4,0,4.0
T503213,Pago QR,v2,Lima,23,Normal,251.0,0,4.0
T503214,Pago QR,v2,Lima,14,Normal,131.0,0,4.0
T503215,Recarga celular,v2,Arequipa,22,Normal,149.1,0,5.0
T503216,Pago de servicios,v1,Trujillo,13,Normal,582.5,0,4.0
T503217,Recarga celular,v2,Arequipa,10,Pico,158.9,0,4.0
T503218,Transferencia,v2,Arequipa,2,Normal,404.6,0,4.0
T503219,Transferencia,v1,Arequipa,2,Normal,411.5,0,2.0
T503220,Transferencia,v1,Lima,23,Normal,179.5,0,4.0
T503221,Consulta de saldo,v1,Trujillo,17,Normal,139.2,0,4.0
T503222,Pago QR,v1,Lima,18,Pico,365.8,0,5.0
T503223,Pago de servicios,v2,Arequipa,8,Pico,486.5,0,3.0
T503224,Transferencia,v2,Arequipa,19,Pico,143.4,0,4.0
T503225,Pago QR,v1,Trujillo,18,Pico,178.5,0,5.0
T503226,Pago de servicios,v1,Arequipa,6,Normal,306.7,0,4.0
T503227,Pago QR,v1,Lima,12,Normal,420.4,0,4.0
T503228,Transferencia,v1,Lima,20,Pico,456.0,0,4.0
T503229,Pago QR,v2,Trujillo,9,Pico,185.7,0,4.0
T503230,Pago de servicios,v1,Trujillo,4,Normal,579.2,0,3.0
T503231,Pago de servicios,v1,Lima,14,Normal,260.6,0,4.0
T503232,Pago QR,v1,Arequipa,11,Normal,275.8,0,4.0
T503233,Recarga celular,v2,Lima,20,Pico,150.2,0,5.0
T503234,Pago QR,v2,Trujillo,21,Pico,263.9,0,3.0
T503235,Pago de servicios,v2,Arequipa,2,Normal,251.2,0,5.0
T503236,Recarga celular,v2,Trujillo,23,Normal,305.3,0,4.0
T503237,Pago QR,v1,Arequipa,3,Normal,255.2,0,
T503238,Consulta de saldo,v1,Trujillo,8,Pico,119.5,0,4.0
T503239,Pago QR,v1,Trujillo,7,Normal,144.0,0,4.0
T503240,Transferencia,v2,Lima,19,Pico,290.9,0,4.0
T503241,Pago QR,v1,Arequipa,8,Pico,235.1,0,3.0
T503242,Consulta de saldo,v1,Trujillo,21,Pico,192.2,0,3.0
T503243,Pago de servicios,v2,Lima,18,Pico,569.5,0,3.0
T503244,Consulta de saldo,v1,Lima,9,Pico,64.6,0,4.0
T503245,Recarga celular,v2,Trujillo,20,Pico,145.8,0,3.0
T503246,Pago QR,v1,Lima,6,Normal,389.9,0,4.0
T503247,Recarga celular,v2,Trujillo,0,Normal,234.2,0,4.0
T503248,Transferencia,v2,Arequipa,4,Normal,455.5,0,4.0
T503249,Recarga celular,v1,Lima,5,Normal,270.9,0,3.0
T503250,Consulta de saldo,v2,Arequipa,5,Normal,59.9,0,4.0
T503251,Consulta de saldo,v2,Trujillo,4,Normal,70.9,0,5.0
T503252,Recarga celular,v1,Arequipa,4,Normal,249.1,0,3.0
T503253,Recarga celular,v1,Arequipa,18,Pico,248.4,0,4.0
T503254,Consulta de saldo,v1,Trujillo,18,Pico,56.7,0,4.0
T503255,Consulta de saldo,v2,Lima,7,Normal,54.7,0,4.0
T503256,Pago QR,v2,Trujillo,13,Normal,243.0,0,4.0
T503257,Transferencia,v1,Arequipa,15,Normal,262.4,0,4.0
T503258,Transferencia,v1,Trujillo,3,Normal,584.4,0,2.0
T503259,Pago de servicios,v1,Arequipa,15,Normal,269.1,0,4.0
T503260,Pago QR,v1,Trujillo,13,Normal,157.3,0,4.0
T503261,Pago QR,v2,Trujillo,5,Normal,371.0,0,3.0
T503262,Transferencia,v1,Lima,15,Normal,226.3,0,4.0
T503263,Consulta de saldo,v2,Arequipa,7,Normal,42.3,0,
T503264,Transferencia,v2,Lima,11,Normal,291.5,0,4.0
T503265,Recarga celular,v2,Lima,14,Normal,129.2,0,4.0
T503266,Consulta de saldo,v1,Trujillo,19,Pico,161.5,0,4.0
T503267,Consulta de saldo,v1,Trujillo,10,Pico,89.7,0,4.0
T503268,Transferencia,v1,Lima,12,Normal,180.7,0,4.0
T503269,Pago de servicios,v1,Trujillo,1,Normal,687.0,0,3.0
T503270,Pago QR,v1,Arequipa,10,Pico,423.5,0,2.0
T503271,Pago de servicios,v1,Trujillo,16,Normal,474.3,0,4.0
T503272,Pago de servicios,v1,Trujillo,21,Pico,479.6,0,4.0
T503273,Pago de servicios,v1,Lima,0,Normal,227.1,0,4.0
T503274,Recarga celular,v2,Arequipa,5,Normal,126.8,0,4.0
T503275,Pago QR,v1,Trujillo,21,Pico,310.3,0,4.0
T503276,Transferencia,v1,Arequipa,20,Pico,256.0,0,4.0
T503277,Pago de servicios,v1,Trujillo,4,Normal,268.5,0,5.0
T503278,Pago QR,v1,Arequipa,21,Pico,347.7,0,4.0
T503279,Recarga celular,v2,Trujillo,0,Normal,174.8,0,4.0
T503280,Consulta de saldo,v2,Lima,6,Normal,214.3,0,4.0
T503281,Pago QR,v1,Arequipa,9,Pico,169.9,0,5.0
T503282,Consulta de saldo,v1,Lima,1,Normal,103.6,0,4.0
T503283,Transferencia,v1,Lima,9,Pico,216.2,0,5.0
T503284,Consulta de saldo,v2,Lima,15,Normal,93.9,0,5.0
T503285,Transferencia,v1,Lima,15,Normal,165.7,0,4.0
T503286,Consulta de saldo,v1,Lima,13,Normal,108.6,0,5.0
T503287,Recarga celular,v1,Lima,4,Normal,180.5,0,4.0
T503288,Pago de servicios,v1,Arequipa,2,Normal,247.6,0,4.0
T503289,Transferencia,v1,Arequipa,23,Normal,252.3,0,4.0
T503290,Transferencia,v2,Arequipa,16,Normal,264.6,0,5.0
T503291,Pago de servicios,v2,Trujillo,3,Normal,338.1,0,3.0
T503292,Consulta de saldo,v2,Arequipa,17,Normal,107.6,0,4.0
T503293,Pago QR,v1,Lima,5,Normal,236.6,0,4.0
T503294,Recarga celular,v1,Lima,3,Normal,158.3,0,5.0
T503295,Consulta de saldo,v1,Lima,22,Normal,117.0,0,5.0
T503296,Consulta de saldo,v2,Trujillo,5,Normal,149.4,0,5.0
T503297,Transferencia,v1,Trujillo,2,Normal,232.2,0,5.0
T503298,Transferencia,v1,Lima,14,Normal,149.7,0,5.0
T503299,Pago QR,v2,Arequipa,11,Normal,159.6,0,3.0
T503300,Pago de servicios,v1,Arequipa,12,Normal,326.1,0,5.0
T503301,Pago de servicios,v1,Arequipa,6,Normal,215.1,0,4.0
T503302,Consulta de saldo,v1,Arequipa,15,Normal,99.8,0,5.0
T503303,Transferencia,v1,Trujillo,0,Normal,120.6,1,3.0
T503304,Recarga celular,v2,Lima,12,Normal,457.0,0,4.0
T503305,Consulta de saldo,v1,Trujillo,19,Pico,98.2,0,3.0
T503306,Recarga celular,v1,Lima,16,Normal,318.9,0,4.0
T503307,Pago de servicios,v2,Arequipa,23,Normal,165.8,0,5.0
T503308,Pago QR,v1,Arequipa,12,Normal,444.5,0,3.0
T503309,Transferencia,v2,Lima,2,Normal,489.1,0,3.0
T503310,Pago QR,v1,Lima,5,Normal,125.3,0,5.0
T503311,Consulta de saldo,v2,Arequipa,12,Normal,117.2,0,5.0
T503312,Consulta de saldo,v2,Lima,19,Pico,70.1,0,4.0
T503313,Pago QR,v2,Trujillo,22,Normal,326.3,0,5.0
T503314,Transferencia,v1,Arequipa,3,Normal,192.1,0,4.0
T503315,Transferencia,v1,Trujillo,12,Normal,364.9,0,5.0
T503316,Pago QR,v1,Lima,3,Normal,180.6,0,5.0
T503317,Pago QR,v1,Arequipa,7,Normal,259.8,0,3.0
T503318,Transferencia,v2,Lima,1,Normal,415.7,0,4.0
T503319,Pago de servicios,v1,Lima,6,Normal,217.4,0,4.0
T503320,Recarga celular,v1,Arequipa,4,Normal,178.5,1,4.0
T503321,Consulta de saldo,v1,Lima,22,Normal,57.0,0,5.0
T503322,Pago QR,v2,Trujillo,11,Normal,125.9,0,4.0
T503323,Pago QR,v1,Lima,16,Normal,320.1,0,4.0
T503324,Consulta de saldo,v2,Arequipa,11,Normal,118.1,0,4.0
T503325,Consulta de saldo,v1,Lima,20,Pico,120.1,0,4.0
T503326,Pago QR,v1,Lima,8,Pico,561.7,0,3.0
T503327,Pago de servicios,v2,Arequipa,14,Normal,711.8,0,4.0
T503328,Transferencia,v2,Arequipa,1,Normal,358.4,0,5.0
T503329,Pago QR,v1,Lima,0,Normal,152.4,0,5.0
T503330,Transferencia,v2,Lima,3,Normal,235.2,0,3.0
T503331,Pago QR,v1,Lima,16,Normal,219.8,0,5.0
T503332,Transferencia,v2,Lima,10,Pico,176.4,0,4.0
T503333,Consulta de saldo,v2,Lima,4,Normal,102.4,0,5.0
T503334,Consulta de saldo,v1,Arequipa,10,Pico,88.7,0,5.0
T503335,Transferencia,v1,Trujillo,4,Normal,412.5,0,4.0
T503336,Consulta de saldo,v2,Trujillo,14,Normal,79.3,0,5.0
T503337,Transferencia,v1,Arequipa,23,Normal,330.4,0,4.0
T503338,Pago de servicios,v1,Arequipa,3,Normal,753.0,0,4.0
T503339,Pago QR,v1,Arequipa,19,Pico,263.2,0,4.0
T503340,Transferencia,v2,Trujillo,12,Normal,144.8,0,4.0
T503341,Transferencia,v2,Lima,7,Normal,436.8,0,3.0
T503342,Consulta de saldo,v2,Lima,1,Normal,88.8,0,4.0
T503343,Transferencia,v2,Arequipa,8,Pico,446.5,0,3.0
T503344,Consulta de saldo,v1,Lima,16,Normal,71.6,0,5.0
T503345,Pago QR,v2,Arequipa,1,Normal,225.8,0,3.0
T503346,Pago de servicios,v1,Lima,4,Normal,358.4,0,5.0
T503347,Pago QR,v2,Lima,4,Normal,142.8,0,4.0
T503348,Pago QR,v1,Arequipa,10,Pico,241.6,0,4.0
T503349,Consulta de saldo,v1,Lima,22,Normal,119.9,0,4.0
T503350,Pago QR,v2,Arequipa,17,Normal,404.1,0,4.0
T503351,Pago de servicios,v1,Lima,4,Normal,508.6,0,4.0
T503352,Transferencia,v1,Arequipa,8,Pico,312.2,0,2.0
T503353,Recarga celular,v2,Trujillo,19,Pico,171.8,0,4.0
T503354,Pago QR,v1,Lima,0,Normal,399.1,0,4.0
T503355,Consulta de saldo,v2,Lima,8,Pico,128.2,0,5.0
T503356,Transferencia,v2,Trujillo,6,Normal,351.6,0,4.0
T503357,Consulta de saldo,v1,Trujillo,3,Normal,134.8,0,5.0
T503358,Pago QR,v1,Lima,10,Pico,284.8,0,3.0
T503359,Pago de servicios,v2,Trujillo,7,Normal,439.7,0,3.0
T503360,Pago de servicios,v1,Trujillo,10,Pico,742.1,1,3.0
T503361,Transferencia,v2,Lima,10,Pico,509.1,0,4.0
T503362,Transferencia,v2,Lima,23,Normal,562.2,0,4.0
T503363,Pago QR,v1,Lima,4,Normal,360.0,0,5.0
T503364,Transferencia,v2,Lima,4,Normal,531.3,0,3.0
T503365,Recarga celular,v2,Lima,16,Normal,179.4,0,4.0
T503366,Consulta de saldo,v1,Lima,5,Normal,75.0,0,4.0
T503367,Recarga celular,v1,Lima,14,Normal,284.9,0,4.0
T503368,Pago de servicios,v1,Lima,3,Normal,361.7,0,4.0
T503369,Recarga celular,v2,Arequipa,1,Normal,280.0,0,4.0
T503370,Transferencia,v1,Lima,0,Normal,157.8,0,3.0
T503371,Transferencia,v1,Lima,11,Normal,487.0,0,2.0
T503372,Transferencia,v2,Trujillo,11,Normal,210.5,0,4.0
T503373,Transferencia,v1,Lima,12,Normal,288.1,0,4.0
T503374,Consulta de saldo,v2,Arequipa,16,Normal,154.2,0,5.0
T503375,Recarga celular,v1,Lima,1,Normal,192.4,0,4.0
T503376,Recarga celular,v1,Lima,1,Normal,201.6,0,4.0
T503377,Transferencia,v2,Lima,6,Normal,255.0,0,4.0
T503378,Consulta de saldo,v2,Lima,1,Normal,97.8,0,5.0
T503379,Pago QR,v2,Trujillo,19,Pico,378.7,0,3.0
T503380,Recarga celular,v2,Trujillo,14,Normal,140.7,0,5.0
T503381,Recarga celular,v2,Lima,22,Normal,89.6,0,5.0
T503382,Transferencia,v1,Lima,14,Normal,102.0,0,5.0
T503383,Pago de servicios,v1,Lima,1,Normal,246.2,0,5.0
T503384,Consulta de saldo,v2,Trujillo,13,Normal,120.8,0,5.0
T503385,Pago QR,v1,Trujillo,16,Normal,166.9,0,4.0
T503386,Recarga celular,v1,Trujillo,18,Pico,406.9,0,
T503387,Consulta de saldo,v1,Trujillo,11,Normal,88.1,0,4.0
T503388,Transferencia,v2,Lima,4,Normal,530.9,0,4.0
T503389,Recarga celular,v1,Lima,0,Normal,63.8,0,4.0
T503390,Transferencia,v1,Lima,16,Normal,456.8,0,4.0
T503391,Consulta de saldo,v1,Trujillo,8,Pico,213.2,0,5.0
T503392,Consulta de saldo,v1,Arequipa,5,Normal,76.4,0,5.0
T503393,Pago QR,v1,Trujillo,10,Pico,304.3,0,3.0
T503394,Consulta de saldo,v1,Lima,20,Pico,86.3,0,3.0
T503395,Transferencia,v2,Lima,0,Normal,392.4,0,3.0
T503396,Transferencia,v1,Trujillo,5,Normal,200.2,0,4.0
T503397,Consulta de saldo,v1,Lima,12,Normal,108.2,0,5.0
T503398,Transferencia,v2,Lima,1,Normal,88.3,0,4.0
T503399,Transferencia,v1,Trujillo,23,Normal,392.8,0,5.0
T503400,Consulta de saldo,v2,Trujillo,16,Normal,271.6,0,5.0
T503401,Pago QR,v2,Lima,19,Pico,290.4,0,4.0
T503402,Pago QR,v2,Lima,3,Normal,407.7,0,3.0
T503403,Transferencia,v2,Arequipa,8,Pico,300.3,0,4.0
T503404,Pago QR,v1,Lima,3,Normal,122.7,0,4.0
T503405,Transferencia,v1,Lima,20,Pico,221.3,0,4.0
T503406,Transferencia,v1,Lima,1,Normal,380.2,0,3.0
T503407,Pago QR,v1,Trujillo,18,Pico,151.9,0,5.0
T503408,Consulta de saldo,v1,Lima,0,Normal,90.6,0,4.0
T503409,Recarga celular,v1,Arequipa,16,Normal,180.7,1,2.0
T503410,Consulta de saldo,v1,Lima,23,Normal,103.5,0,4.0
T503411,Transferencia,v1,Lima,14,Normal,260.3,0,5.0
T503412,Pago de servicios,v2,Arequipa,23,Normal,244.3,0,3.0
T503413,Consulta de saldo,v2,Arequipa,14,Normal,112.5,0,4.0
T503414,Transferencia,v2,Arequipa,22,Normal,358.1,0,5.0
T503415,Consulta de saldo,v2,Lima,21,Pico,167.3,0,4.0
T503416,Consulta de saldo,v1,Lima,3,Normal,120.3,0,4.0
T503417,Recarga celular,v2,Trujillo,11,Normal,188.5,0,5.0
T503418,Pago QR,v2,Lima,5,Normal,,0,3.0
T503419,Pago de servicios,v1,Arequipa,3,Normal,282.9,0,4.0
T503420,Pago QR,v1,Trujillo,22,Normal,226.4,0,5.0
T503421,Transferencia,v2,Lima,9,Pico,162.8,0,4.0
T503422,Pago QR,v2,Trujillo,5,Normal,265.4,0,4.0
T503423,Consulta de saldo,v2,Lima,7,Normal,62.9,0,5.0
T503424,Transferencia,v1,Lima,21,Pico,604.6,0,
T503425,Consulta de saldo,v1,Lima,18,Pico,108.9,0,3.0
T503426,Pago de servicios,v2,Lima,14,Normal,174.6,0,4.0
T503427,Pago QR,v2,Arequipa,7,Normal,101.7,0,5.0
T503428,Pago de servicios,v1,Arequipa,5,Normal,625.0,0,
T503429,Pago de servicios,v1,Lima,2,Normal,270.5,0,4.0
T503430,Recarga celular,v2,Lima,9,Pico,328.1,0,4.0
T503431,Pago de servicios,v2,Lima,1,Normal,148.6,0,3.0
T503432,Transferencia,v2,Trujillo,13,Normal,152.7,0,5.0
T503433,Recarga celular,v1,Lima,18,Pico,176.2,0,5.0
T503434,Pago QR,v1,Arequipa,23,Normal,249.8,0,4.0
T503435,Consulta de saldo,v1,Lima,10,Pico,141.8,0,5.0
T503436,Transferencia,v2,Lima,20,Pico,174.1,0,5.0
T503437,Pago de servicios,v1,Lima,3,Normal,257.0,0,4.0
T503438,Recarga celular,v1,Trujillo,9,Pico,194.3,0,5.0
T503439,Pago QR,v2,Arequipa,17,Normal,92.4,0,5.0
T503440,Consulta de saldo,v1,Arequipa,15,Normal,112.6,0,5.0
T503441,Transferencia,v1,Lima,14,Normal,308.0,0,3.0
T503442,Pago QR,v2,Lima,7,Normal,245.2,0,4.0
T503443,Consulta de saldo,v2,Trujillo,13,Normal,64.2,0,5.0
T503444,Consulta de saldo,v2,Lima,5,Normal,149.1,0,5.0
T503445,Consulta de saldo,v1,Lima,16,Normal,54.3,0,5.0
T503446,Transferencia,v2,Trujillo,13,Normal,174.2,0,4.0
T503447,Transferencia,v1,Lima,19,Pico,529.4,0,4.0
T503448,Pago de servicios,v2,Trujillo,19,Pico,180.2,0,5.0
T503449,Pago de servicios,v2,Lima,9,Pico,436.8,0,3.0
T503450,Pago QR,v2,Lima,4,Normal,129.8,0,5.0
T503451,Consulta de saldo,v1,Lima,19,Pico,124.8,0,3.0
T503452,Transferencia,v2,Lima,11,Normal,158.0,0,5.0
T503453,Pago QR,v2,Trujillo,6,Normal,110.0,0,4.0
T503454,Consulta de saldo,v1,Lima,14,Normal,123.8,0,3.0
T503455,Recarga celular,v2,Lima,1,Normal,106.6,0,5.0
T503456,Transferencia,v2,Lima,23,Normal,109.7,0,4.0
T503457,Consulta de saldo,v2,Lima,17,Normal,74.6,0,5.0
T503458,Consulta de saldo,v1,Lima,17,Normal,54.2,0,5.0
T503459,Transferencia,v2,Lima,8,Pico,273.0,0,5.0
T503460,Transferencia,v2,Trujillo,1,Normal,153.1,0,5.0
T503461,Pago QR,v1,Trujillo,2,Normal,223.0,0,5.0
T503462,Pago QR,v1,Arequipa,11,Normal,241.6,0,4.0
T503463,Recarga celular,v2,Arequipa,0,Normal,198.4,0,4.0
T503464,Consulta de saldo,v1,Lima,13,Normal,1262.0,0,3.0
T503465,Consulta de saldo,v2,Trujillo,14,Normal,81.7,0,5.0
T503466,Consulta de saldo,v1,Lima,1,Normal,104.5,0,5.0
T503467,Transferencia,v1,Arequipa,18,Pico,372.7,0,4.0
T503468,Transferencia,v1,Trujillo,20,Pico,561.5,0,3.0
T503469,Pago QR,v1,Lima,22,Normal,249.4,0,5.0
T503470,Pago QR,v2,Lima,20,Pico,954.3,0,3.0
T503471,Recarga celular,v1,Lima,23,Normal,214.6,0,4.0
T503472,Pago de servicios,v1,Arequipa,5,Normal,353.3,0,4.0
T503473,Pago QR,v1,Lima,8,Pico,460.6,0,5.0
T503474,Pago de servicios,v2,Lima,3,Normal,311.9,0,3.0
T503475,Consulta de saldo,v2,Lima,6,Normal,268.6,0,4.0
T503476,Consulta de saldo,v2,Arequipa,14,Normal,63.8,0,4.0
T503477,Transferencia,v2,Lima,7,Normal,222.2,0,3.0
T503478,Pago QR,v2,Lima,17,Normal,69.8,0,4.0
T503479,Recarga celular,v1,Arequipa,6,Normal,159.6,0,4.0
T503480,Consulta de saldo,v2,Arequipa,20,Pico,87.6,0,5.0
T503481,Consulta de saldo,v2,Lima,16,Normal,71.0,0,5.0
T503482,Transferencia,v1,Lima,2,Normal,280.0,0,4.0
T503483,Pago QR,v1,Lima,10,Pico,164.0,0,5.0
T503484,Pago de servicios,v1,Arequipa,19,Pico,240.5,0,4.0
T503485,Pago QR,v1,Lima,17,Normal,91.4,0,5.0
T503486,Pago QR,v1,Lima,12,Normal,209.4,0,3.0
T503487,Transferencia,v1,Lima,14,Normal,490.7,0,3.0
T503488,Recarga celular,v2,Lima,21,Pico,257.6,0,4.0
T503489,Consulta de saldo,v1,Lima,15,Normal,103.1,0,5.0
T503490,Recarga celular,v2,Lima,12,Normal,210.1,0,4.0
T503491,Recarga celular,v2,Trujillo,17,Normal,146.4,0,4.0
T503492,Pago QR,v1,Arequipa,22,Normal,191.3,0,4.0
T503493,Pago QR,v1,Lima,23,Normal,466.4,0,3.0
T503494,Pago QR,v1,Trujillo,11,Normal,178.3,0,5.0
T503495,Recarga celular,v1,Trujillo,4,Normal,206.3,0,4.0
T503496,Recarga celular,v1,Lima,22,Normal,90.8,0,4.0
T503497,Pago QR,v1,Lima,17,Normal,161.4,0,4.0
T503498,Pago QR,v2,Lima,1,Normal,515.3,0,4.0
T503499,Consulta de saldo,v2,Trujillo,8,Pico,99.7,0,4.0
T503500,Consulta de saldo,v2,Lima,1,Normal,113.5,0,5.0
T503501,Pago de servicios,v1,Arequipa,16,Normal,170.7,0,5.0
T503502,Transferencia,v2,Lima,1,Normal,350.4,0,4.0
T503503,Pago QR,v2,Lima,5,Normal,133.3,0,5.0
T503504,Pago QR,v1,Arequipa,14,Normal,127.7,0,5.0
T503505,Consulta de saldo,v1,Trujillo,1,Normal,147.1,0,4.0
T503506,Transferencia,v2,Arequipa,23,Normal,265.7,0,4.0
T503507,Pago QR,v1,Lima,20,Pico,303.7,0,5.0
T503508,Pago QR,v1,Arequipa,20,Pico,196.2,0,4.0
T503509,Pago QR,v2,Trujillo,1,Normal,141.4,0,5.0
T503510,Pago de servicios,v1,Arequipa,19,Pico,443.4,0,3.0
T503511,Pago de servicios,v1,Lima,9,Pico,381.8,0,3.0
T503512,Consulta de saldo,v2,Lima,6,Normal,86.1,0,5.0
T503513,Transferencia,v1,Lima,15,Normal,420.6,0,3.0
T503514,Consulta de saldo,v1,Lima,17,Normal,88.2,0,5.0
T503515,Pago QR,v1,Trujillo,19,Pico,571.6,0,2.0
T503516,Pago de servicios,v2,Arequipa,15,Normal,580.3,0,4.0
T503517,Recarga celular,v1,Lima,8,Pico,130.9,0,4.0
T503518,Recarga celular,v1,Lima,14,Normal,131.2,0,3.0
T503519,Transferencia,v2,Arequipa,7,Normal,243.0,0,4.0
T503520,Consulta de saldo,v2,Lima,19,Pico,100.4,0,5.0
T503521,Pago QR,v1,Lima,11,Normal,189.0,1,3.0
T503522,Pago QR,v1,Trujillo,7,Normal,54.0,0,5.0
T503523,Pago de servicios,v2,Trujillo,11,Normal,1932.3,0,2.0
T503524,Pago QR,v2,Lima,19,Pico,288.7,0,4.0
T503525,Pago de servicios,v1,Lima,1,Normal,376.9,0,4.0
T503526,Consulta de saldo,v1,Trujillo,3,Normal,215.3,0,3.0
T503527,Pago de servicios,v1,Lima,6,Normal,383.1,0,4.0
T503528,Pago QR,v2,Trujillo,22,Normal,137.3,0,4.0
T503529,Pago QR,v2,Trujillo,15,Normal,585.8,0,4.0
T503530,Recarga celular,v1,Lima,15,Normal,281.5,0,4.0
T503531,Pago QR,v2,Trujillo,16,Normal,174.4,0,5.0
T503532,Transferencia,v1,Arequipa,4,Normal,363.9,0,5.0
T503533,Consulta de saldo,v1,Lima,19,Pico,171.6,0,5.0
T503534,Consulta de saldo,v2,Lima,16,Normal,158.2,0,4.0
T503535,Consulta de saldo,v1,Lima,20,Pico,78.8,0,4.0
T503536,Transferencia,v1,Arequipa,6,Normal,596.1,0,3.0
T503537,Pago de servicios,v2,Lima,9,Pico,266.7,0,4.0
T503538,Consulta de saldo,v2,Lima,12,Normal,88.2,0,4.0
T503539,Transferencia,v1,Lima,15,Normal,389.5,0,3.0
T503540,Recarga celular,v2,Lima,21,Pico,237.8,0,5.0
T503541,Pago QR,v2,Lima,4,Normal,290.9,0,4.0
T503542,Transferencia,v2,Arequipa,13,Normal,405.9,0,4.0
T503543,Consulta de saldo,v1,Lima,13,Normal,170.8,0,4.0
T503544,Pago QR,v1,Arequipa,17,Normal,201.5,0,5.0
T503545,Pago QR,v1,Arequipa,14,Normal,182.7,0,4.0
T503546,Transferencia,v2,Lima,10,Pico,396.1,0,4.0
T503547,Pago QR,v1,Arequipa,5,Normal,93.1,0,4.0
T503548,Pago de servicios,v2,Trujillo,23,Normal,792.3,0,2.0
T503549,Pago de servicios,v1,Arequipa,21,Pico,499.9,0,3.0
T503550,Consulta de saldo,v1,Trujillo,4,Normal,159.9,0,4.0
T503551,Consulta de saldo,v2,Lima,12,Normal,192.8,0,3.0
T503552,Pago QR,v2,Arequipa,11,Normal,130.5,0,4.0
T503553,Pago QR,v1,Lima,17,Normal,209.7,0,3.0
T503554,Transferencia,v2,Arequipa,7,Normal,226.2,0,4.0
T503555,Pago QR,v2,Lima,7,Normal,80.3,0,5.0
T503556,Transferencia,v1,Trujillo,3,Normal,158.5,0,4.0
T503557,Recarga celular,v2,Trujillo,15,Normal,277.3,0,4.0
T503558,Transferencia,v1,Lima,7,Normal,378.7,0,2.0
T503559,Pago QR,v1,Lima,21,Pico,298.8,0,4.0
T503560,Transferencia,v1,Lima,11,Normal,3529.4,0,1.0
T503561,Recarga celular,v1,Lima,5,Normal,58.2,0,5.0
T503562,Transferencia,v1,Lima,4,Normal,402.5,0,5.0
T503563,Consulta de saldo,v2,Lima,0,Normal,166.3,0,5.0
T503564,Pago de servicios,v1,Lima,19,Pico,391.2,0,3.0
T503565,Pago QR,v1,Arequipa,2,Normal,202.9,0,4.0
T503566,Consulta de saldo,v1,Arequipa,10,Pico,154.5,0,5.0
T503567,Transferencia,v2,Arequipa,7,Normal,371.4,0,4.0
T503568,Pago QR,v1,Lima,0,Normal,264.0,0,4.0
T503569,Pago QR,v2,Arequipa,7,Normal,227.1,0,4.0
T503570,Pago QR,v1,Lima,7,Normal,223.3,0,5.0
T503571,Transferencia,v2,Trujillo,17,Normal,167.9,0,5.0
T503572,Transferencia,v2,Trujillo,9,Pico,361.0,0,5.0
T503573,Consulta de saldo,v1,Arequipa,7,Normal,113.9,0,5.0
T503574,Pago QR,v1,Lima,11,Normal,176.7,0,4.0
T503575,Pago de servicios,v2,Lima,7,Normal,310.7,0,4.0
T503576,Consulta de saldo,v1,Lima,6,Normal,97.1,0,5.0
T503577,Pago QR,v2,Arequipa,11,Normal,170.1,0,4.0
T503578,Transferencia,v2,Lima,4,Normal,238.3,0,3.0
T503579,Pago QR,v1,Trujillo,1,Normal,274.0,0,3.0
T503580,Pago QR,v2,Trujillo,20,Pico,168.4,0,5.0
T503581,Consulta de saldo,v2,Arequipa,3,Normal,72.0,0,5.0
T503582,Transferencia,v1,Lima,13,Normal,313.6,0,4.0
T503583,Pago QR,v1,Lima,1,Normal,398.3,0,5.0
T503584,Consulta de saldo,v2,Arequipa,12,Normal,182.2,0,5.0
T503585,Pago de servicios,v1,Lima,18,Pico,413.4,0,3.0
T503586,Consulta de saldo,v1,Lima,5,Normal,191.9,0,5.0
T503587,Pago QR,v1,Lima,1,Normal,257.3,0,5.0
T503588,Consulta de saldo,v1,Trujillo,14,Normal,135.4,0,5.0
T503589,Pago QR,v1,Trujillo,5,Normal,141.3,0,5.0
T503590,Pago QR,v1,Lima,9,Pico,275.9,0,4.0
T503591,Pago QR,v1,Lima,10,Pico,250.3,0,5.0
T503592,Consulta de saldo,v2,Arequipa,22,Normal,54.6,0,5.0
T503593,Transferencia,v2,Trujillo,0,Normal,376.0,0,5.0
T503594,Recarga celular,v2,Arequipa,12,Normal,112.1,0,4.0
T503595,Consulta de saldo,v2,Lima,0,Normal,64.9,0,5.0
T503596,Pago de servicios,v2,Lima,9,Pico,566.5,0,3.0
T503597,Transferencia,v1,Trujillo,6,Normal,302.6,0,4.0
T503598,Transferencia,v1,Arequipa,0,Normal,393.9,0,5.0
T503599,Transferencia,v2,Lima,21,Pico,273.2,0,5.0
T503600,Transferencia,v1,Arequipa,9,Pico,509.5,0,4.0
T503601,Pago de servicios,v2,Trujillo,1,Normal,251.8,0,4.0
T503602,Consulta de saldo,v1,Lima,3,Normal,54.0,0,4.0
T503603,Consulta de saldo,v1,Arequipa,19,Pico,158.7,0,4.0
T503604,Transferencia,v2,Lima,19,Pico,525.8,0,3.0
T503605,Transferencia,v1,Lima,2,Normal,347.9,0,3.0
T503606,Pago QR,v1,Lima,12,Normal,209.6,0,4.0
T503607,Pago QR,v2,Lima,1,Normal,106.2,0,5.0
T503608,Pago de servicios,v1,Lima,6,Normal,417.3,0,3.0
T503609,Recarga celular,v1,Lima,17,Normal,130.5,0,4.0
T503610,Consulta de saldo,v2,Lima,5,Normal,135.9,0,5.0
T503611,Transferencia,v2,Arequipa,10,Pico,96.9,0,4.0
T503612,Recarga celular,v1,Lima,4,Normal,65.5,0,4.0
T503613,Transferencia,v2,Lima,19,Pico,355.0,0,4.0
T503614,Pago QR,v1,Arequipa,23,Normal,168.1,0,4.0
T503615,Transferencia,v2,Arequipa,20,Pico,306.6,0,4.0
T503616,Pago de servicios,v1,Lima,4,Normal,562.6,0,3.0
T503617,Recarga celular,v1,Trujillo,18,Pico,259.0,0,3.0
T503618,Recarga celular,v1,Lima,0,Normal,122.6,0,4.0
T503619,Pago de servicios,v1,Lima,2,Normal,488.8,0,4.0
T503620,Transferencia,v2,Lima,11,Normal,168.9,0,4.0
T503621,Transferencia,v1,Trujillo,3,Normal,311.5,0,4.0
T503622,Recarga celular,v2,Trujillo,3,Normal,262.5,0,4.0
T503623,Pago de servicios,v2,Arequipa,15,Normal,939.3,0,2.0
T503624,Consulta de saldo,v1,Arequipa,6,Normal,45.7,0,4.0
T503625,Pago de servicios,v2,Lima,19,Pico,266.4,0,5.0
T503626,Pago QR,v1,Trujillo,14,Normal,315.0,0,3.0
T503627,Pago de servicios,v1,Arequipa,12,Normal,221.9,0,4.0
T503628,Consulta de saldo,v2,Arequipa,23,Normal,168.0,0,4.0
T503629,Consulta de saldo,v2,Lima,9,Pico,96.6,0,4.0
T503630,Transferencia,v1,Trujillo,20,Pico,1407.9,0,1.0
T503631,Pago de servicios,v2,Lima,4,Normal,430.5,0,4.0
T503632,Transferencia,v2,Lima,20,Pico,225.9,0,3.0
T503633,Consulta de saldo,v2,Trujillo,2,Normal,94.6,0,5.0
T503634,Transferencia,v2,Lima,7,Normal,256.8,0,3.0
T503635,Consulta de saldo,v1,Lima,22,Normal,83.6,0,5.0
T503636,Recarga celular,v2,Lima,12,Normal,150.9,0,5.0
T503637,Consulta de saldo,v2,Lima,9,Pico,139.8,0,5.0
T503638,Pago QR,v1,Trujillo,22,Normal,429.2,0,5.0
T503639,Transferencia,v1,Trujillo,17,Normal,218.6,0,5.0
T503640,Recarga celular,v2,Trujillo,18,Pico,172.5,0,4.0
T503641,Consulta de saldo,v2,Lima,0,Normal,78.6,0,4.0
T503642,Consulta de saldo,v1,Trujillo,6,Normal,190.6,0,4.0
T503643,Transferencia,v2,Arequipa,7,Normal,276.4,0,4.0
T503644,Recarga celular,v2,Lima,10,Pico,179.6,0,5.0
T503645,Recarga celular,v1,Trujillo,9,Pico,290.3,0,5.0
T503646,Consulta de saldo,v1,Lima,6,Normal,108.4,0,5.0
T503647,Pago QR,v2,Trujillo,17,Normal,172.6,0,5.0
T503648,Consulta de saldo,v1,Arequipa,22,Normal,142.1,0,5.0
T503649,Consulta de saldo,v1,Lima,20,Pico,172.5,0,4.0
T503650,Transferencia,v2,Arequipa,10,Pico,376.6,0,4.0
T503651,Recarga celular,v2,Arequipa,18,Pico,125.4,0,4.0
T503652,Pago QR,v1,Trujillo,15,Normal,249.4,0,4.0
T503653,Transferencia,v2,Lima,3,Normal,227.2,0,5.0
T503654,Pago QR,v2,Trujillo,15,Normal,214.0,0,4.0
T503655,Recarga celular,v2,Trujillo,10,Pico,170.4,0,5.0
T503656,Recarga celular,v2,Trujillo,8,Pico,207.7,0,4.0
T503657,Consulta de saldo,v2,Lima,8,Pico,105.5,0,4.0
T503658,Transferencia,v2,Arequipa,1,Normal,231.4,0,5.0
T503659,Recarga celular,v1,Lima,12,Normal,559.9,0,3.0
T503660,Transferencia,v2,Lima,16,Normal,129.3,0,4.0
T503661,Pago QR,v1,Lima,14,Normal,290.1,1,2.0
T503662,Transferencia,v1,Lima,19,Pico,441.0,0,3.0
T503663,Pago de servicios,v2,Lima,19,Pico,684.4,0,4.0
T503664,Pago QR,v2,Lima,5,Normal,,0,5.0
T503665,Recarga celular,v1,Trujillo,11,Normal,100.8,0,4.0
T503666,Consulta de saldo,v1,Lima,20,Pico,198.3,0,5.0
T503667,Transferencia,v1,Trujillo,19,Pico,373.5,0,4.0
T503668,Consulta de saldo,v2,Arequipa,4,Normal,52.2,0,5.0
T503669,Pago QR,v2,Arequipa,10,Pico,534.9,0,3.0
T503670,Consulta de saldo,v2,Arequipa,6,Normal,58.8,0,4.0
T503671,Consulta de saldo,v1,Arequipa,19,Pico,116.4,0,5.0
T503672,Pago QR,v1,Lima,5,Normal,201.9,0,5.0
T503673,Transferencia,v1,Trujillo,21,Pico,171.7,0,3.0
T503674,Pago de servicios,v2,Arequipa,6,Normal,694.4,0,2.0
T503675,Pago de servicios,v2,Trujillo,10,Pico,192.5,0,3.0
T503676,Consulta de saldo,v1,Arequipa,18,Pico,88.9,0,5.0
T503677,Pago de servicios,v2,Arequipa,6,Normal,815.7,0,3.0
T503678,Pago QR,v1,Arequipa,3,Normal,190.6,0,5.0
T503679,Recarga celular,v2,Arequipa,0,Normal,322.6,0,4.0
T503680,Pago QR,v1,Arequipa,7,Normal,339.7,0,3.0
T503681,Recarga celular,v1,Lima,6,Normal,105.5,0,5.0
T503682,Pago QR,v2,Trujillo,18,Pico,123.5,0,4.0
T503683,Pago QR,v2,Trujillo,14,Normal,130.1,0,2.0
T503684,Pago QR,v2,Lima,16,Normal,133.6,0,4.0
T503685,Consulta de saldo,v1,Lima,9,Pico,194.1,0,5.0
T503686,Pago QR,v1,Lima,8,Pico,203.8,0,5.0
T503687,Transferencia,v2,Lima,11,Normal,360.6,0,4.0
T503688,Pago QR,v1,Lima,5,Normal,98.6,0,4.0
T503689,Transferencia,v2,Arequipa,7,Normal,462.0,0,3.0
T503690,Recarga celular,v1,Arequipa,1,Normal,87.6,0,5.0
T503691,Recarga celular,v1,Lima,7,Normal,210.8,0,5.0
T503692,Transferencia,v2,Lima,14,Normal,637.9,0,4.0
T503693,Transferencia,v1,Lima,20,Pico,267.6,0,3.0
T503694,Transferencia,v1,Arequipa,23,Normal,338.2,0,3.0
T503695,Consulta de saldo,v2,Trujillo,21,Pico,203.1,0,5.0
T503696,Recarga celular,v2,Lima,4,Normal,235.9,0,4.0
T503697,Consulta de saldo,v2,Lima,11,Normal,200.0,0,3.0
T503698,Transferencia,v2,Trujillo,16,Normal,308.6,0,4.0
T503699,Pago de servicios,v2,Arequipa,6,Normal,502.9,0,3.0
T503700,Pago QR,v1,Trujillo,14,Normal,389.3,0,4.0
T503701,Recarga celular,v2,Lima,1,Normal,232.1,0,4.0
T503702,Transferencia,v2,Arequipa,4,Normal,181.0,0,5.0
T503703,Recarga celular,v2,Trujillo,3,Normal,139.7,0,
T503704,Pago de servicios,v2,Trujillo,15,Normal,482.2,0,4.0
T503705,Transferencia,v2,Lima,19,Pico,208.7,0,4.0
T503706,Transferencia,v2,Trujillo,1,Normal,,0,3.0
T503707,Consulta de saldo,v2,Lima,10,Pico,50.0,0,3.0
T503708,Consulta de saldo,v1,Lima,22,Normal,186.4,0,5.0
T503709,Pago de servicios,v1,Trujillo,23,Normal,436.9,0,4.0
T503710,Pago QR,v2,Lima,16,Normal,121.2,0,4.0
T503711,Pago QR,v1,Trujillo,5,Normal,274.5,0,3.0
T503712,Consulta de saldo,v1,Arequipa,23,Normal,197.8,0,4.0
T503713,Transferencia,v1,Trujillo,19,Pico,208.2,0,4.0
T503714,Recarga celular,v2,Trujillo,20,Pico,614.4,0,3.0
T503715,Pago QR,v1,Lima,7,Normal,120.3,0,4.0
T503716,Pago QR,v2,Lima,8,Pico,353.9,0,4.0
T503717,Pago QR,v1,Lima,5,Normal,157.6,0,4.0
T503718,Recarga celular,v2,Lima,16,Normal,160.2,0,4.0
T503719,Consulta de saldo,v2,Trujillo,11,Normal,53.8,0,4.0
T503720,Pago QR,v2,Lima,21,Pico,224.4,0,5.0
T503721,Transferencia,v1,Lima,13,Normal,196.2,0,4.0
T503722,Pago QR,v1,Arequipa,13,Normal,527.4,0,4.0
T503723,Pago QR,v2,Lima,5,Normal,261.2,0,3.0
T503724,Recarga celular,v2,Trujillo,21,Pico,462.7,0,3.0
T503725,Consulta de saldo,v1,Arequipa,14,Normal,53.3,0,5.0
T503726,Transferencia,v2,Lima,12,Normal,217.2,0,4.0
T503727,Transferencia,v1,Lima,6,Normal,350.6,0,4.0
T503728,Pago QR,v2,Arequipa,8,Pico,382.7,0,4.0
T503729,Consulta de saldo,v1,Arequipa,22,Normal,58.3,0,4.0
T503730,Transferencia,v2,Lima,0,Normal,136.3,0,4.0
T503731,Consulta de saldo,v1,Lima,7,Normal,109.9,0,
T503732,Consulta de saldo,v2,Arequipa,2,Normal,128.8,0,5.0
T503733,Consulta de saldo,v1,Lima,20,Pico,121.3,0,5.0
T503734,Pago de servicios,v2,Lima,6,Normal,170.5,0,5.0
T503735,Recarga celular,v1,Trujillo,6,Normal,247.5,0,5.0
T503736,Transferencia,v1,Lima,2,Normal,170.7,0,4.0
T503737,Transferencia,v2,Lima,8,Pico,215.6,0,4.0
T503738,Pago QR,v2,Trujillo,8,Pico,206.0,0,3.0
T503739,Transferencia,v2,Arequipa,2,Normal,240.2,0,4.0
T503740,Transferencia,v1,Arequipa,13,Normal,383.7,0,3.0
T503741,Transferencia,v2,Lima,18,Pico,473.9,0,3.0
T503742,Pago QR,v1,Lima,4,Normal,394.7,0,3.0
T503743,Pago QR,v2,Arequipa,12,Normal,98.1,0,4.0
T503744,Recarga celular,v2,Lima,1,Normal,90.9,0,4.0
T503745,Recarga celular,v1,Lima,2,Normal,354.5,0,4.0
T503746,Recarga celular,v2,Arequipa,6,Normal,237.9,0,5.0
T503747,Consulta de saldo,v2,Trujillo,18,Pico,114.8,0,4.0
T503748,Transferencia,v1,Trujillo,5,Normal,433.0,0,4.0
T503749,Pago de servicios,v2,Trujillo,16,Normal,234.5,0,5.0
T503750,Pago QR,v2,Arequipa,7,Normal,331.1,0,
T503751,Consulta de saldo,v1,Arequipa,9,Pico,205.1,0,4.0
T503752,Transferencia,v2,Lima,6,Normal,268.6,0,3.0
T503753,Transferencia,v2,Lima,4,Normal,263.2,0,5.0
T503754,Transferencia,v2,Lima,7,Normal,282.1,0,5.0
T503755,Recarga celular,v1,Trujillo,13,Normal,70.3,0,4.0
T503756,Pago QR,v2,Lima,3,Normal,132.8,1,3.0
T503757,Transferencia,v2,Trujillo,23,Normal,416.3,0,3.0
T503758,Transferencia,v1,Arequipa,10,Pico,357.1,0,3.0
T503759,Transferencia,v1,Lima,18,Pico,193.9,0,5.0
T503760,Recarga celular,v1,Arequipa,8,Pico,522.5,0,3.0
T503761,Pago QR,v1,Lima,14,Normal,117.7,0,3.0
T503762,Recarga celular,v2,Lima,3,Normal,154.9,0,4.0
T503763,Pago QR,v2,Trujillo,7,Normal,152.0,0,4.0
T503764,Pago QR,v1,Lima,5,Normal,350.1,0,5.0
T503765,Consulta de saldo,v2,Lima,5,Normal,51.0,0,5.0
T503766,Consulta de saldo,v2,Lima,16,Normal,104.6,0,4.0
T503767,Recarga celular,v1,Trujillo,8,Pico,455.3,0,4.0
T503768,Pago QR,v1,Trujillo,5,Normal,250.0,0,3.0
T503769,Pago de servicios,v1,Arequipa,9,Pico,596.7,0,3.0
T503770,Consulta de saldo,v2,Lima,11,Normal,80.6,0,3.0
T503771,Recarga celular,v1,Lima,15,Normal,367.9,0,4.0
T503772,Consulta de saldo,v2,Trujillo,0,Normal,176.2,0,5.0
T503773,Pago de servicios,v1,Trujillo,4,Normal,601.5,0,4.0
T503774,Transferencia,v1,Lima,21,Pico,401.6,0,3.0
T503775,Transferencia,v1,Trujillo,4,Normal,246.4,0,4.0
T503776,Transferencia,v2,Lima,6,Normal,259.6,0,4.0
T503777,Pago QR,v2,Trujillo,15,Normal,129.8,0,5.0
T503778,Recarga celular,v2,Lima,18,Pico,242.2,0,5.0
T503779,Consulta de saldo,v2,Trujillo,12,Normal,175.5,0,
T503780,Transferencia,v2,Lima,15,Normal,193.9,0,4.0
T503781,Pago de servicios,v1,Lima,1,Normal,258.0,0,5.0
T503782,Pago de servicios,v1,Arequipa,2,Normal,287.6,0,5.0
T503783,Consulta de saldo,v2,Lima,19,Pico,111.1,0,4.0
T503784,Transferencia,v1,Trujillo,12,Normal,351.3,0,4.0
T503785,Consulta de saldo,v2,Lima,16,Normal,96.8,0,4.0
T503786,Recarga celular,v1,Arequipa,9,Pico,270.4,0,4.0
T503787,Transferencia,v2,Lima,6,Normal,173.8,0,5.0
T503788,Consulta de saldo,v2,Arequipa,2,Normal,69.5,0,5.0
T503789,Pago de servicios,v2,Trujillo,9,Pico,185.2,0,5.0
T503790,Recarga celular,v1,Arequipa,10,Pico,317.2,0,5.0
T503791,Pago QR,v1,Trujillo,1,Normal,144.9,0,5.0
T503792,Pago QR,v1,Trujillo,13,Normal,151.5,0,5.0
T503793,Pago de servicios,v1,Lima,18,Pico,672.5,0,4.0
T503794,Transferencia,v1,Lima,14,Normal,356.1,0,4.0
T503795,Pago QR,v1,Lima,20,Pico,200.3,0,5.0
T503796,Pago QR,v1,Lima,0,Normal,211.3,0,4.0
T503797,Pago QR,v1,Trujillo,19,Pico,193.9,0,4.0
T503798,Recarga celular,v2,Trujillo,21,Pico,119.4,0,4.0
T503799,Pago de servicios,v1,Lima,4,Normal,577.4,0,3.0
T503800,Transferencia,v2,Trujillo,22,Normal,149.5,0,4.0
T503801,Transferencia,v2,Lima,22,Normal,266.8,0,4.0
T503802,Recarga celular,v2,Trujillo,0,Normal,115.2,0,4.0
T503803,Pago de servicios,v2,Lima,7,Normal,621.6,0,5.0
T503804,Transferencia,v2,Arequipa,10,Pico,309.3,0,4.0
T503805,Consulta de saldo,v2,Lima,15,Normal,99.5,0,4.0
T503806,Recarga celular,v2,Arequipa,21,Pico,181.1,0,4.0
T503807,Recarga celular,v1,Trujillo,2,Normal,207.8,0,4.0
T503808,Pago QR,v2,Lima,10,Pico,144.0,0,5.0
T503809,Pago de servicios,v1,Lima,13,Normal,401.7,0,5.0
T503810,Pago QR,v1,Lima,18,Pico,450.5,0,4.0
T503811,Transferencia,v2,Lima,20,Pico,184.3,0,5.0
T503812,Pago QR,v1,Trujillo,7,Normal,404.8,0,4.0
T503813,Pago QR,v1,Lima,17,Normal,247.3,0,4.0
T503814,Recarga celular,v1,Lima,5,Normal,140.7,0,3.0
T503815,Recarga celular,v2,Lima,2,Normal,194.4,0,5.0
T503816,Pago QR,v1,Lima,20,Pico,325.8,0,3.0
T503817,Transferencia,v1,Lima,18,Pico,499.0,0,4.0
T503818,Pago QR,v1,Arequipa,20,Pico,381.5,0,4.0
T503819,Consulta de saldo,v2,Trujillo,16,Normal,105.0,0,3.0
T503820,Pago QR,v2,Lima,22,Normal,270.7,0,4.0
T503821,Consulta de saldo,v2,Trujillo,4,Normal,70.4,0,4.0
T503822,Pago QR,v1,Arequipa,17,Normal,107.5,0,5.0
T503823,Transferencia,v2,Arequipa,23,Normal,365.0,0,5.0
T503824,Pago QR,v1,Lima,18,Pico,103.4,0,4.0
T503825,Pago de servicios,v2,Lima,2,Normal,277.1,0,4.0
T503826,Pago QR,v1,Lima,20,Pico,244.5,0,5.0
T503827,Transferencia,v2,Lima,9,Pico,371.4,0,3.0
T503828,Pago de servicios,v2,Arequipa,16,Normal,343.3,0,5.0
T503829,Consulta de saldo,v1,Lima,5,Normal,133.9,0,4.0
T503830,Transferencia,v1,Trujillo,17,Normal,671.6,0,2.0
T503831,Pago de servicios,v1,Arequipa,22,Normal,834.3,0,3.0
T503832,Pago QR,v2,Trujillo,5,Normal,292.6,0,4.0
T503833,Recarga celular,v2,Trujillo,10,Pico,127.4,0,5.0
T503834,Transferencia,v2,Arequipa,12,Normal,122.7,0,3.0
T503835,Pago QR,v2,Lima,0,Normal,107.2,0,4.0
T503836,Transferencia,v1,Arequipa,12,Normal,228.4,0,5.0
T503837,Consulta de saldo,v2,Lima,12,Normal,151.7,0,3.0
T503838,Pago QR,v2,Lima,4,Normal,200.2,0,5.0
T503839,Pago QR,v1,Lima,5,Normal,185.4,0,5.0
T503840,Pago QR,v2,Arequipa,0,Normal,105.1,0,4.0
T503841,Pago QR,v1,Trujillo,12,Normal,276.2,0,4.0
T503842,Transferencia,v2,Trujillo,18,Pico,327.7,0,5.0
T503843,Consulta de saldo,v1,Arequipa,3,Normal,123.7,0,5.0
T503844,Consulta de saldo,v2,Lima,23,Normal,156.0,0,4.0
T503845,Pago de servicios,v1,Lima,13,Normal,193.6,0,4.0
T503846,Pago QR,v2,Lima,11,Normal,175.5,0,4.0
T503847,Pago QR,v2,Lima,20,Pico,179.6,0,4.0
T503848,Consulta de saldo,v1,Lima,8,Pico,59.1,0,5.0
T503849,Pago de servicios,v1,Lima,14,Normal,642.0,0,4.0
T503850,Pago QR,v1,Trujillo,13,Normal,373.8,0,3.0
T503851,Pago QR,v1,Arequipa,5,Normal,252.9,0,3.0
T503852,Transferencia,v1,Lima,1,Normal,305.9,0,3.0
T503853,Recarga celular,v2,Trujillo,9,Pico,106.1,0,5.0
T503854,Pago QR,v1,Trujillo,22,Normal,273.1,0,5.0
T503855,Pago QR,v1,Lima,19,Pico,340.9,0,4.0
T503856,Pago QR,v1,Trujillo,12,Normal,185.9,0,4.0
T503857,Transferencia,v2,Lima,23,Normal,214.0,0,4.0
T503858,Consulta de saldo,v1,Trujillo,1,Normal,113.1,0,4.0
T503859,Transferencia,v1,Arequipa,20,Pico,304.5,0,5.0
T503860,Pago QR,v1,Lima,2,Normal,223.7,0,3.0
T503861,Pago de servicios,v2,Lima,5,Normal,393.8,0,4.0
T503862,Consulta de saldo,v1,Lima,19,Pico,293.5,0,5.0
T503863,Transferencia,v2,Arequipa,5,Normal,173.2,0,5.0
T503864,Consulta de saldo,v1,Trujillo,7,Normal,60.8,0,5.0
T503865,Pago QR,v1,Lima,0,Normal,318.3,0,5.0
T503866,Pago de servicios,v2,Lima,1,Normal,249.1,0,5.0
T503867,Recarga celular,v1,Trujillo,5,Normal,155.8,0,5.0
T503868,Pago QR,v2,Arequipa,0,Normal,469.6,0,4.0
T503869,Transferencia,v1,Lima,23,Normal,512.0,0,3.0
T503870,Pago QR,v2,Lima,13,Normal,370.2,1,4.0
T503871,Transferencia,v1,Lima,7,Normal,381.2,0,4.0
T503872,Transferencia,v2,Lima,10,Pico,210.4,0,4.0
T503873,Pago QR,v2,Trujillo,16,Normal,350.9,0,4.0
T503874,Consulta de saldo,v1,Lima,21,Pico,142.2,0,4.0
T503875,Pago QR,v1,Trujillo,2,Normal,440.7,0,3.0
T503876,Pago QR,v1,Arequipa,10,Pico,259.1,0,3.0
T503877,Pago de servicios,v1,Lima,23,Normal,138.9,0,4.0
T503878,Pago QR,v2,Trujillo,22,Normal,243.2,0,5.0
T503879,Pago QR,v2,Arequipa,14,Normal,117.7,0,4.0
T503880,Pago QR,v2,Trujillo,10,Pico,331.7,0,4.0
T503881,Recarga celular,v2,Lima,1,Normal,176.4,0,4.0
T503882,Consulta de saldo,v1,Lima,15,Normal,75.2,0,5.0
T503883,Transferencia,v2,Trujillo,22,Normal,366.4,0,4.0
T503884,Consulta de saldo,v2,Arequipa,4,Normal,108.2,0,4.0
T503885,Transferencia,v2,Arequipa,7,Normal,592.7,0,3.0
T503886,Transferencia,v1,Arequipa,13,Normal,274.9,0,4.0
T503887,Recarga celular,v1,Lima,9,Pico,271.7,0,4.0
T503888,Pago de servicios,v1,Lima,19,Pico,292.0,0,4.0
T503889,Recarga celular,v2,Arequipa,12,Normal,157.8,0,4.0
T503890,Pago de servicios,v2,Lima,21,Pico,213.9,0,4.0
T503891,Pago QR,v2,Lima,11,Normal,419.0,0,5.0
T503892,Transferencia,v2,Lima,20,Pico,527.2,0,3.0
T503893,Pago QR,v2,Arequipa,6,Normal,251.0,0,5.0
T503894,Consulta de saldo,v2,Lima,19,Pico,89.5,0,3.0
T503895,Transferencia,v1,Lima,13,Normal,1996.8,0,1.0
T503896,Transferencia,v2,Lima,4,Normal,229.1,0,5.0
T503897,Pago QR,v2,Arequipa,15,Normal,205.7,0,3.0
T503898,Consulta de saldo,v2,Lima,16,Normal,95.1,0,4.0
T503899,Transferencia,v1,Lima,10,Pico,289.7,0,4.0
T503900,Consulta de saldo,v2,Lima,7,Normal,79.0,0,4.0
T503901,Pago de servicios,v1,Trujillo,21,Pico,765.1,0,3.0
T503902,Pago QR,v1,Lima,5,Normal,215.7,0,5.0
T503903,Pago QR,v2,Lima,19,Pico,202.9,0,4.0
T503904,Consulta de saldo,v1,Lima,1,Normal,49.8,0,5.0
T503905,Transferencia,v1,Lima,12,Normal,137.9,0,3.0
T503906,Pago QR,v1,Trujillo,8,Pico,376.9,0,3.0
T503907,Transferencia,v2,Trujillo,7,Normal,365.5,0,3.0
T503908,Pago QR,v2,Arequipa,3,Normal,174.6,0,5.0
T503909,Pago QR,v2,Lima,13,Normal,198.7,0,4.0
T503910,Transferencia,v2,Arequipa,23,Normal,280.7,0,5.0
T503911,Transferencia,v1,Trujillo,12,Normal,194.9,0,3.0
T503912,Pago QR,v1,Trujillo,13,Normal,120.0,0,3.0
T503913,Transferencia,v1,Arequipa,23,Normal,482.1,0,4.0
T503914,Recarga celular,v2,Lima,8,Pico,224.9,0,4.0
T503915,Transferencia,v1,Lima,6,Normal,249.5,0,4.0
T503916,Recarga celular,v1,Arequipa,2,Normal,203.4,0,4.0
T503917,Transferencia,v1,Arequipa,20,Pico,2205.4,0,1.0
T503918,Transferencia,v2,Lima,23,Normal,220.1,0,4.0
T503919,Recarga celular,v2,Lima,4,Normal,223.5,0,5.0
T503920,Pago de servicios,v2,Lima,3,Normal,180.5,0,4.0
T503921,Consulta de saldo,v1,Lima,13,Normal,133.1,0,5.0
T503922,Pago QR,v2,Lima,16,Normal,396.3,0,4.0
T503923,Recarga celular,v2,Trujillo,18,Pico,184.4,0,5.0
T503924,Consulta de saldo,v1,Trujillo,23,Normal,89.2,0,5.0
T503925,Pago de servicios,v1,Lima,20,Pico,489.2,0,4.0
T503926,Consulta de saldo,v1,Lima,15,Normal,112.8,0,4.0
T503927,Consulta de saldo,v1,Lima,15,Normal,77.8,0,5.0
T503928,Pago QR,v2,Lima,11,Normal,140.9,0,5.0
T503929,Pago QR,v2,Lima,13,Normal,86.1,0,5.0
T503930,Transferencia,v1,Arequipa,5,Normal,214.2,0,4.0
T503931,Transferencia,v2,Trujillo,1,Normal,87.2,0,4.0
T503932,Consulta de saldo,v1,Trujillo,4,Normal,47.1,0,5.0
T503933,Consulta de saldo,v1,Lima,11,Normal,103.5,0,4.0
T503934,Pago QR,v1,Trujillo,11,Normal,191.7,0,
T503935,Transferencia,v2,Trujillo,20,Pico,339.3,0,
T503936,Transferencia,v2,Lima,4,Normal,258.3,0,3.0
T503937,Pago de servicios,v1,Arequipa,10,Pico,277.8,0,5.0
T503938,Consulta de saldo,v2,Lima,22,Normal,57.2,0,5.0
T503939,Consulta de saldo,v2,Arequipa,22,Normal,41.0,0,5.0
T503940,Pago de servicios,v1,Trujillo,2,Normal,424.5,0,4.0
T503941,Transferencia,v2,Lima,18,Pico,157.4,0,5.0
T503942,Recarga celular,v2,Lima,5,Normal,224.5,0,4.0
T503943,Transferencia,v1,Lima,8,Pico,323.0,0,3.0
T503944,Pago QR,v1,Lima,16,Normal,239.9,0,
T503945,Pago de servicios,v2,Lima,18,Pico,344.0,0,5.0
T503946,Recarga celular,v1,Lima,22,Normal,104.9,0,4.0
T503947,Pago de servicios,v1,Lima,21,Pico,175.4,0,4.0
T503948,Recarga celular,v1,Lima,21,Pico,126.5,0,5.0
T503949,Pago de servicios,v1,Trujillo,5,Normal,550.0,0,3.0
T503950,Pago QR,v2,Lima,16,Normal,265.2,0,5.0
T503951,Consulta de saldo,v2,Arequipa,22,Normal,187.9,0,5.0
T503952,Consulta de saldo,v2,Arequipa,18,Pico,37.3,0,5.0
T503953,Transferencia,v1,Trujillo,17,Normal,437.5,0,4.0
T503954,Pago QR,v1,Arequipa,23,Normal,381.2,0,4.0
T503955,Pago QR,v1,Lima,0,Normal,156.2,0,5.0
T503956,Transferencia,v1,Arequipa,2,Normal,273.1,0,4.0
T503957,Pago de servicios,v2,Lima,10,Pico,513.0,0,4.0
T503958,Pago de servicios,v1,Arequipa,18,Pico,359.5,0,4.0
T503959,Recarga celular,v2,Arequipa,7,Normal,104.1,0,4.0
T503960,Transferencia,v1,Trujillo,3,Normal,149.6,0,4.0
T503961,Pago de servicios,v2,Lima,15,Normal,429.0,0,3.0
T503962,Recarga celular,v1,Lima,5,Normal,121.4,0,5.0
T503963,Pago QR,v1,Lima,19,Pico,568.3,0,5.0
T503964,Pago QR,v1,Lima,5,Normal,113.1,0,5.0
T503965,Consulta de saldo,v1,Arequipa,16,Normal,95.7,0,5.0
T503966,Transferencia,v1,Arequipa,14,Normal,258.9,0,4.0
T503967,Consulta de saldo,v2,Lima,17,Normal,99.6,0,5.0
T503968,Recarga celular,v1,Lima,14,Normal,98.0,0,5.0
T503969,Pago de servicios,v2,Arequipa,3,Normal,176.8,0,5.0
T503970,Pago de servicios,v2,Trujillo,2,Normal,258.5,0,5.0
T503971,Pago de servicios,v2,Lima,4,Normal,548.1,0,4.0
T503972,Transferencia,v1,Trujillo,22,Normal,327.0,0,5.0
T503973,Pago QR,v1,Arequipa,1,Normal,286.0,0,5.0
T503974,Transferencia,v1,Lima,18,Pico,237.0,0,4.0
T503975,Pago de servicios,v2,Arequipa,16,Normal,133.9,0,4.0
T503976,Pago QR,v2,Lima,22,Normal,131.9,0,5.0
T503977,Transferencia,v1,Arequipa,3,Normal,205.5,0,5.0
T503978,Pago QR,v1,Lima,22,Normal,524.8,0,4.0
T503979,Pago de servicios,v2,Lima,16,Normal,279.5,0,4.0
T503980,Transferencia,v1,Arequipa,2,Normal,183.9,0,3.0
T503981,Pago QR,v2,Lima,19,Pico,277.2,0,3.0
T503982,Pago QR,v1,Lima,9,Pico,520.7,0,3.0
T503983,Pago QR,v2,Lima,5,Normal,219.6,0,4.0
T503984,Pago QR,v2,Lima,10,Pico,465.1,0,3.0
T503985,Consulta de saldo,v1,Lima,18,Pico,123.2,0,4.0
T503986,Pago QR,v2,Trujillo,18,Pico,292.5,0,4.0
T503987,Transferencia,v1,Lima,17,Normal,323.3,0,5.0
T503988,Pago QR,v1,Lima,10,Pico,217.9,0,5.0
T503989,Pago QR,v1,Trujillo,16,Normal,128.8,0,3.0
T503990,Pago QR,v1,Arequipa,14,Normal,456.8,0,
T503991,Transferencia,v1,Trujillo,2,Normal,131.2,0,5.0
T503992,Pago QR,v2,Arequipa,10,Pico,69.3,0,5.0
T503993,Pago QR,v1,Arequipa,16,Normal,151.6,0,4.0
T503994,Transferencia,v2,Lima,4,Normal,551.0,0,3.0
T503995,Consulta de saldo,v1,Lima,19,Pico,165.7,0,5.0
T503996,Pago QR,v1,Trujillo,19,Pico,485.1,0,2.0
T503997,Consulta de saldo,v1,Lima,16,Normal,154.5,0,4.0
T503998,Pago QR,v1,Lima,10,Pico,98.9,0,4.0
T503999,Transferencia,v2,Lima,7,Normal,395.3,0,4.0
T504000,Transferencia,v1,Trujillo,1,Normal,507.3,0,3.0
T504001,Pago QR,v2,Arequipa,17,Normal,460.5,0,5.0
T504002,Pago QR,v1,Arequipa,20,Pico,829.9,0,4.0
T504003,Recarga celular,v2,Trujillo,7,Normal,232.3,0,5.0
T504004,Pago de servicios,v2,Arequipa,13,Normal,260.1,0,4.0
T504005,Pago de servicios,v2,Lima,16,Normal,140.1,0,4.0
T504006,Consulta de saldo,v2,Trujillo,20,Pico,149.6,0,4.0
T504007,Consulta de saldo,v1,Lima,7,Normal,42.5,0,4.0
T504008,Transferencia,v2,Lima,12,Normal,233.6,0,4.0
T504009,Consulta de saldo,v2,Lima,12,Normal,75.3,0,5.0
T504010,Pago QR,v1,Lima,3,Normal,190.2,0,5.0
T504011,Recarga celular,v1,Arequipa,9,Pico,452.8,0,3.0
T504012,Transferencia,v2,Arequipa,5,Normal,152.5,0,5.0
T504013,Transferencia,v1,Lima,13,Normal,218.7,0,4.0
T504014,Consulta de saldo,v2,Lima,3,Normal,57.2,0,4.0
T504015,Consulta de saldo,v2,Arequipa,14,Normal,65.3,0,5.0
T504016,Transferencia,v2,Lima,19,Pico,297.0,0,4.0
T504017,Transferencia,v1,Arequipa,20,Pico,436.1,0,4.0
T504018,Transferencia,v2,Lima,19,Pico,389.0,0,4.0
T504019,Consulta de saldo,v1,Arequipa,15,Normal,118.1,0,5.0
T504020,Transferencia,v2,Lima,12,Normal,270.2,0,4.0
T504021,Pago QR,v1,Arequipa,12,Normal,388.3,0,3.0
T504022,Transferencia,v1,Lima,11,Normal,283.8,0,4.0
T504023,Pago QR,v1,Lima,19,Pico,639.9,0,3.0
T504024,Consulta de saldo,v1,Lima,12,Normal,53.8,0,5.0
T504025,Consulta de saldo,v2,Lima,19,Pico,199.7,0,5.0
T504026,Consulta de saldo,v1,Trujillo,8,Pico,155.3,0,4.0
T504027,Pago de servicios,v1,Trujillo,19,Pico,394.4,0,4.0
T504028,Consulta de saldo,v2,Trujillo,7,Normal,69.8,0,5.0
T504029,Pago QR,v2,Trujillo,1,Normal,451.4,0,5.0
T504030,Consulta de saldo,v2,Lima,19,Pico,148.4,0,4.0
T504031,Pago de servicios,v1,Arequipa,22,Normal,262.7,0,4.0
T504032,Pago de servicios,v2,Trujillo,20,Pico,475.4,0,3.0
T504033,Consulta de saldo,v1,Lima,8,Pico,196.4,0,4.0
T504034,Transferencia,v1,Arequipa,0,Normal,246.6,0,5.0
T504035,Pago de servicios,v2,Lima,11,Normal,733.0,0,3.0
T504036,Transferencia,v1,Lima,12,Normal,257.4,0,5.0
T504037,Consulta de saldo,v2,Lima,2,Normal,178.1,0,5.0
T504038,Pago QR,v1,Lima,5,Normal,312.3,0,4.0
T504039,Consulta de saldo,v1,Lima,20,Pico,96.5,0,5.0
T504040,Recarga celular,v1,Arequipa,21,Pico,360.4,0,4.0
T504041,Transferencia,v1,Lima,10,Pico,308.0,0,3.0
T504042,Consulta de saldo,v2,Lima,15,Normal,54.7,0,5.0
T504043,Transferencia,v2,Lima,2,Normal,309.6,0,5.0
T504044,Recarga celular,v2,Arequipa,15,Normal,152.8,0,4.0
T504045,Consulta de saldo,v1,Lima,19,Pico,122.6,0,5.0
T504046,Pago de servicios,v1,Lima,1,Normal,266.8,0,3.0
T504047,Transferencia,v1,Trujillo,0,Normal,317.2,0,5.0
T504048,Pago QR,v1,Lima,14,Normal,203.4,0,5.0
T504049,Transferencia,v2,Lima,21,Pico,888.0,0,2.0
T504050,Recarga celular,v2,Arequipa,11,Normal,187.0,0,5.0
T504051,Consulta de saldo,v1,Arequipa,20,Pico,128.7,0,3.0
T504052,Pago de servicios,v2,Trujillo,5,Normal,688.8,0,4.0
T504053,Consulta de saldo,v1,Lima,13,Normal,75.4,0,4.0
T504054,Transferencia,v1,Trujillo,16,Normal,235.0,0,5.0
T504055,Transferencia,v2,Arequipa,14,Normal,212.5,0,5.0
T504056,Transferencia,v1,Lima,12,Normal,146.7,0,3.0
T504057,Transferencia,v1,Lima,9,Pico,266.3,0,3.0
T504058,Recarga celular,v1,Lima,20,Pico,222.8,0,5.0
T504059,Transferencia,v2,Trujillo,14,Normal,314.7,0,5.0
T504060,Pago de servicios,v2,Lima,19,Pico,237.1,0,3.0
T504061,Pago de servicios,v2,Trujillo,13,Normal,267.1,0,4.0
T504062,Transferencia,v1,Trujillo,22,Normal,111.8,0,4.0
T504063,Consulta de saldo,v2,Lima,18,Pico,114.4,0,4.0
T504064,Pago de servicios,v1,Lima,2,Normal,449.9,0,4.0
T504065,Transferencia,v1,Arequipa,16,Normal,281.5,0,4.0
T504066,Recarga celular,v2,Lima,1,Normal,114.2,0,3.0
T504067,Recarga celular,v1,Lima,23,Normal,76.4,0,5.0
T504068,Transferencia,v1,Lima,13,Normal,184.3,0,5.0
T504069,Transferencia,v2,Arequipa,18,Pico,586.1,0,2.0
T504070,Transferencia,v2,Trujillo,11,Normal,312.8,0,3.0
T504071,Pago QR,v2,Arequipa,16,Normal,283.2,0,3.0
T504072,Transferencia,v1,Lima,20,Pico,311.1,0,3.0
T504073,Consulta de saldo,v2,Arequipa,7,Normal,106.0,0,3.0
T504074,Pago QR,v1,Arequipa,6,Normal,362.8,0,5.0
T504075,Pago de servicios,v1,Trujillo,15,Normal,296.3,0,3.0
T504076,Transferencia,v1,Lima,0,Normal,199.7,0,4.0
T504077,Pago de servicios,v2,Trujillo,15,Normal,362.9,0,2.0
T504078,Recarga celular,v1,Lima,4,Normal,78.8,0,4.0
T504079,Pago QR,v2,Lima,19,Pico,245.9,0,4.0
T504080,Consulta de saldo,v1,Lima,7,Normal,157.7,0,4.0
T504081,Pago QR,v2,Arequipa,18,Pico,202.3,0,5.0
T504082,Transferencia,v1,Arequipa,6,Normal,725.0,0,3.0
T504083,Pago QR,v1,Lima,20,Pico,298.2,0,3.0
T504084,Transferencia,v1,Lima,13,Normal,485.1,1,2.0
T504085,Recarga celular,v1,Arequipa,10,Pico,109.8,0,4.0
T504086,Pago QR,v2,Lima,10,Pico,118.0,0,5.0
T504087,Recarga celular,v1,Lima,20,Pico,237.6,0,5.0
T504088,Transferencia,v1,Lima,7,Normal,371.6,1,3.0
T504089,Recarga celular,v2,Arequipa,8,Pico,168.9,0,5.0
T504090,Consulta de saldo,v1,Arequipa,22,Normal,111.8,0,3.0
T504091,Transferencia,v2,Lima,11,Normal,240.4,0,4.0
T504092,Pago QR,v2,Lima,4,Normal,131.5,0,5.0
T504093,Transferencia,v2,Arequipa,21,Pico,187.2,0,5.0
T504094,Consulta de saldo,v1,Lima,0,Normal,79.0,0,5.0
T504095,Pago QR,v2,Arequipa,5,Normal,310.0,0,5.0
T504096,Consulta de saldo,v2,Trujillo,13,Normal,118.4,0,5.0
T504097,Consulta de saldo,v2,Arequipa,10,Pico,129.6,0,2.0
T504098,Pago de servicios,v2,Arequipa,11,Normal,743.6,0,4.0
T504099,Pago QR,v2,Arequipa,3,Normal,163.5,0,3.0
T504100,Pago de servicios,v2,Lima,6,Normal,806.2,0,4.0
T504101,Pago QR,v2,Lima,0,Normal,419.9,0,4.0
T504102,Pago QR,v1,Lima,20,Pico,208.3,0,3.0
T504103,Transferencia,v1,Lima,14,Normal,221.6,0,4.0
T504104,Transferencia,v1,Lima,3,Normal,424.8,0,4.0
T504105,Consulta de saldo,v2,Trujillo,8,Pico,116.2,0,3.0
T504106,Pago QR,v2,Arequipa,12,Normal,283.7,0,4.0
T504107,Pago QR,v2,Lima,11,Normal,85.2,0,5.0
T504108,Pago de servicios,v1,Trujillo,6,Normal,205.6,0,4.0
T504109,Recarga celular,v2,Arequipa,7,Normal,368.4,1,3.0
T504110,Pago QR,v1,Lima,11,Normal,329.5,0,5.0
T504111,Recarga celular,v1,Arequipa,1,Normal,139.1,0,4.0
T504112,Pago QR,v1,Arequipa,6,Normal,151.6,0,4.0
T504113,Consulta de saldo,v2,Arequipa,19,Pico,228.8,0,4.0
T504114,Pago QR,v2,Trujillo,6,Normal,160.6,0,
T504115,Pago QR,v1,Trujillo,17,Normal,122.8,0,5.0
T504116,Recarga celular,v1,Trujillo,12,Normal,225.3,0,4.0
T504117,Pago QR,v1,Arequipa,13,Normal,213.9,0,4.0
T504118,Pago de servicios,v1,Lima,14,Normal,262.6,0,4.0
T504119,Pago QR,v1,Arequipa,5,Normal,192.9,0,5.0
T504120,Pago QR,v2,Lima,7,Normal,309.1,0,4.0
T504121,Pago QR,v1,Arequipa,23,Normal,403.0,0,3.0
T504122,Transferencia,v1,Lima,11,Normal,313.1,0,4.0
T504123,Pago de servicios,v1,Lima,23,Normal,524.3,0,3.0
T504124,Recarga celular,v2,Lima,15,Normal,154.7,0,5.0
T504125,Transferencia,v2,Trujillo,16,Normal,127.3,0,4.0
T504126,Transferencia,v2,Arequipa,8,Pico,58.2,0,5.0
T504127,Pago de servicios,v2,Trujillo,12,Normal,377.6,0,3.0
T504128,Pago QR,v2,Arequipa,1,Normal,178.6,0,4.0
T504129,Pago de servicios,v2,Trujillo,13,Normal,284.1,0,4.0
T504130,Pago QR,v1,Lima,17,Normal,270.7,0,5.0
T504131,Transferencia,v2,Arequipa,11,Normal,453.6,0,4.0
T504132,Recarga celular,v1,Lima,9,Pico,174.5,0,4.0
T504133,Pago QR,v1,Lima,21,Pico,124.2,0,5.0
T504134,Pago QR,v1,Trujillo,14,Normal,260.2,0,5.0
T504135,Consulta de saldo,v2,Lima,11,Normal,115.3,0,4.0
T504136,Pago QR,v2,Lima,16,Normal,106.8,0,4.0
T504137,Recarga celular,v1,Trujillo,16,Normal,199.2,0,5.0
T504138,Pago QR,v1,Trujillo,8,Pico,228.9,0,4.0
T504139,Pago de servicios,v2,Arequipa,2,Normal,255.0,0,5.0
T504140,Pago QR,v1,Lima,7,Normal,226.7,0,
T504141,Pago QR,v2,Lima,0,Normal,250.4,0,4.0
T504142,Pago QR,v1,Lima,18,Pico,460.0,0,5.0
T504143,Pago QR,v1,Lima,9,Pico,311.2,0,5.0
T504144,Pago QR,v2,Arequipa,1,Normal,242.2,0,4.0
T504145,Pago de servicios,v2,Lima,2,Normal,373.6,0,4.0
T504146,Recarga celular,v2,Lima,15,Normal,142.4,0,5.0
T504147,Consulta de saldo,v2,Arequipa,12,Normal,96.7,0,4.0
T504148,Pago QR,v2,Arequipa,22,Normal,187.1,0,4.0
T504149,Consulta de saldo,v2,Lima,23,Normal,53.0,0,3.0
T504150,Transferencia,v2,Arequipa,12,Normal,358.9,0,5.0
T504151,Pago QR,v2,Trujillo,19,Pico,287.6,0,4.0
T504152,Pago QR,v2,Lima,14,Normal,167.7,0,4.0
T504153,Recarga celular,v1,Trujillo,20,Pico,179.4,0,4.0
T504154,Pago de servicios,v2,Lima,19,Pico,338.3,0,4.0
T504155,Consulta de saldo,v1,Lima,18,Pico,54.3,0,4.0
T504156,Pago de servicios,v1,Arequipa,16,Normal,207.9,0,4.0
T504157,Pago QR,v1,Arequipa,12,Normal,101.6,0,5.0
T504158,Pago QR,v2,Lima,20,Pico,384.8,0,4.0
T504159,Pago de servicios,v1,Lima,6,Normal,337.0,0,3.0
T504160,Consulta de saldo,v2,Lima,15,Normal,72.6,0,5.0
T504161,Consulta de saldo,v2,Trujillo,17,Normal,39.1,0,5.0
T504162,Transferencia,v2,Arequipa,6,Normal,204.7,0,5.0
T504163,Transferencia,v1,Arequipa,3,Normal,237.6,0,4.0
T504164,Pago QR,v2,Arequipa,16,Normal,145.3,0,4.0
T504165,Consulta de saldo,v1,Lima,8,Pico,123.9,0,3.0
T504166,Recarga celular,v1,Trujillo,6,Normal,154.1,0,5.0
T504167,Pago de servicios,v2,Lima,16,Normal,131.3,0,4.0
T504168,Pago de servicios,v2,Lima,7,Normal,258.6,0,5.0
T504169,Pago QR,v1,Lima,3,Normal,155.2,0,4.0
T504170,Transferencia,v2,Lima,1,Normal,1056.7,0,1.0
T504171,Recarga celular,v1,Trujillo,10,Pico,249.4,0,3.0
T504172,Pago QR,v1,Arequipa,10,Pico,141.2,0,5.0
T504173,Transferencia,v2,Arequipa,22,Normal,154.7,0,4.0
T504174,Pago de servicios,v2,Lima,19,Pico,538.8,0,3.0
T504175,Pago QR,v1,Arequipa,7,Normal,390.7,0,4.0
T504176,Recarga celular,v1,Arequipa,6,Normal,109.2,0,5.0
T504177,Pago QR,v1,Arequipa,10,Pico,258.9,0,4.0
T504178,Transferencia,v2,Arequipa,18,Pico,315.7,0,5.0
T504179,Pago QR,v2,Lima,7,Normal,148.6,0,4.0
T504180,Pago QR,v1,Trujillo,4,Normal,378.7,0,4.0
T504181,Pago QR,v1,Lima,19,Pico,153.5,0,4.0
T504182,Transferencia,v2,Trujillo,0,Normal,614.1,0,3.0
T504183,Consulta de saldo,v1,Lima,11,Normal,116.9,0,4.0
T504184,Consulta de saldo,v1,Lima,12,Normal,181.4,0,4.0
T504185,Consulta de saldo,v2,Lima,22,Normal,72.5,1,5.0
T504186,Transferencia,v1,Lima,22,Normal,326.7,0,5.0
T504187,Pago QR,v1,Lima,18,Pico,153.6,0,4.0
T504188,Recarga celular,v1,Trujillo,12,Normal,217.2,0,5.0
T504189,Transferencia,v1,Lima,23,Normal,313.1,0,4.0
T504190,Pago de servicios,v1,Arequipa,23,Normal,161.1,0,4.0
T504191,Transferencia,v2,Lima,12,Normal,80.0,0,5.0
T504192,Transferencia,v1,Lima,15,Normal,235.9,0,3.0
T504193,Transferencia,v1,Trujillo,15,Normal,318.1,0,5.0
T504194,Pago QR,v2,Arequipa,20,Pico,145.4,0,4.0
T504195,Consulta de saldo,v2,Lima,12,Normal,97.1,0,4.0
T504196,Pago de servicios,v2,Lima,12,Normal,164.2,0,5.0
T504197,Transferencia,v2,Trujillo,20,Pico,213.1,0,4.0
T504198,Pago de servicios,v2,Arequipa,3,Normal,336.3,0,4.0
T504199,Transferencia,v2,Lima,16,Normal,344.9,0,5.0
T504200,Recarga celular,v2,Arequipa,14,Normal,244.4,0,4.0
T504201,Transferencia,v1,Arequipa,23,Normal,405.3,0,4.0
T504202,Pago QR,v1,Arequipa,5,Normal,250.5,0,4.0
T504203,Transferencia,v2,Arequipa,1,Normal,149.7,0,4.0
T504204,Consulta de saldo,v2,Lima,20,Pico,54.9,0,4.0
T504205,Pago QR,v1,Lima,21,Pico,237.9,0,5.0
T504206,Transferencia,v1,Trujillo,6,Normal,306.9,0,4.0
T504207,Recarga celular,v2,Lima,16,Normal,202.4,0,5.0
T504208,Consulta de saldo,v2,Trujillo,20,Pico,115.0,0,4.0
T504209,Pago QR,v1,Arequipa,3,Normal,220.8,0,5.0
T504210,Transferencia,v2,Trujillo,22,Normal,412.0,0,4.0
T504211,Recarga celular,v1,Lima,1,Normal,216.3,1,3.0
T504212,Consulta de saldo,v2,Lima,16,Normal,76.9,0,4.0
T504213,Consulta de saldo,v1,Arequipa,22,Normal,68.5,0,5.0
T504214,Transferencia,v2,Lima,18,Pico,280.8,0,4.0
T504215,Pago de servicios,v1,Lima,14,Normal,429.1,1,3.0
T504216,Pago de servicios,v2,Trujillo,13,Normal,313.3,0,5.0
T504217,Transferencia,v2,Lima,18,Pico,517.0,0,4.0
T504218,Transferencia,v1,Arequipa,17,Normal,230.8,0,4.0
T504219,Transferencia,v1,Lima,0,Normal,486.5,0,2.0
T504220,Pago QR,v1,Trujillo,7,Normal,235.3,0,4.0
T504221,Transferencia,v2,Trujillo,13,Normal,192.4,0,3.0
T504222,Consulta de saldo,v2,Trujillo,8,Pico,129.5,0,4.0
T504223,Pago QR,v2,Lima,17,Normal,203.8,0,4.0
T504224,Recarga celular,v1,Lima,23,Normal,72.5,0,5.0
T504225,Transferencia,v1,Trujillo,2,Normal,273.8,0,3.0
T504226,Pago de servicios,v1,Arequipa,6,Normal,468.7,0,4.0
T504227,Pago de servicios,v1,Trujillo,2,Normal,269.8,0,4.0
T504228,Pago de servicios,v2,Arequipa,2,Normal,397.4,0,
T504229,Pago QR,v2,Arequipa,4,Normal,156.9,0,5.0
T504230,Pago QR,v2,Lima,18,Pico,199.8,0,5.0
T504231,Recarga celular,v1,Lima,1,Normal,89.9,0,5.0
T504232,Recarga celular,v1,Lima,1,Normal,435.8,0,3.0
T504233,Transferencia,v1,Lima,12,Normal,434.1,0,3.0
T504234,Pago QR,v1,Trujillo,16,Normal,229.3,0,5.0
T504235,Pago de servicios,v1,Arequipa,5,Normal,316.6,0,4.0
T504236,Pago de servicios,v1,Arequipa,15,Normal,257.3,0,4.0
T504237,Pago de servicios,v1,Lima,0,Normal,191.7,0,5.0
T504238,Transferencia,v2,Arequipa,19,Pico,611.8,0,3.0
T504239,Pago QR,v2,Lima,3,Normal,116.2,0,4.0
T504240,Transferencia,v1,Lima,6,Normal,185.1,0,4.0
T504241,Recarga celular,v1,Lima,13,Normal,125.4,0,4.0
T504242,Pago QR,v2,Lima,22,Normal,57.1,0,4.0
T504243,Consulta de saldo,v2,Lima,20,Pico,137.5,0,3.0
T504244,Recarga celular,v2,Lima,17,Normal,153.9,0,5.0
T504245,Pago QR,v2,Trujillo,8,Pico,237.9,0,3.0
T504246,Transferencia,v2,Trujillo,20,Pico,616.3,0,3.0
T504247,Consulta de saldo,v1,Lima,16,Normal,102.7,0,5.0
T504248,Pago QR,v2,Lima,5,Normal,119.6,0,5.0
T504249,Pago QR,v2,Trujillo,22,Normal,355.3,0,4.0
T504250,Recarga celular,v2,Trujillo,3,Normal,214.8,0,4.0
T504251,Pago de servicios,v2,Trujillo,23,Normal,314.4,0,4.0
T504252,Pago QR,v2,Arequipa,14,Normal,190.4,0,3.0
T504253,Transferencia,v1,Arequipa,8,Pico,542.8,0,2.0
T504254,Consulta de saldo,v1,Lima,13,Normal,181.2,0,4.0
T504255,Pago QR,v2,Trujillo,6,Normal,419.9,0,3.0
T504256,Recarga celular,v2,Lima,5,Normal,311.5,0,4.0
T504257,Pago QR,v1,Trujillo,10,Pico,246.8,0,5.0
T504258,Pago QR,v1,Lima,16,Normal,74.1,0,4.0
T504259,Recarga celular,v1,Lima,12,Normal,77.3,0,5.0
T504260,Pago QR,v1,Trujillo,9,Pico,260.2,0,5.0
T504261,Pago de servicios,v2,Lima,11,Normal,990.3,0,2.0
T504262,Consulta de saldo,v1,Trujillo,23,Normal,158.7,0,5.0
T504263,Transferencia,v1,Lima,10,Pico,386.8,0,5.0
T504264,Pago de servicios,v2,Lima,9,Pico,376.3,0,5.0
T504265,Transferencia,v1,Lima,3,Normal,278.5,0,4.0
T504266,Pago de servicios,v2,Lima,20,Pico,180.1,0,3.0
T504267,Transferencia,v2,Lima,8,Pico,1058.5,0,2.0
T504268,Consulta de saldo,v2,Arequipa,4,Normal,129.9,0,5.0
T504269,Consulta de saldo,v1,Lima,2,Normal,54.3,0,4.0
T504270,Transferencia,v2,Arequipa,15,Normal,147.9,0,4.0
T504271,Consulta de saldo,v2,Lima,19,Pico,135.2,0,4.0
T504272,Consulta de saldo,v1,Trujillo,8,Pico,115.4,0,4.0
T504273,Recarga celular,v2,Lima,8,Pico,162.3,0,4.0
T504274,Pago QR,v2,Lima,2,Normal,131.6,0,
T504275,Recarga celular,v1,Arequipa,6,Normal,146.0,0,4.0
T504276,Transferencia,v1,Trujillo,2,Normal,255.0,0,3.0
T504277,Consulta de saldo,v2,Arequipa,18,Pico,122.5,0,4.0
T504278,Transferencia,v1,Arequipa,3,Normal,406.1,0,4.0
T504279,Pago QR,v2,Lima,23,Normal,135.2,0,5.0
T504280,Pago QR,v1,Trujillo,7,Normal,283.2,0,3.0
T504281,Transferencia,v1,Trujillo,9,Pico,499.2,0,4.0
T504282,Transferencia,v2,Trujillo,11,Normal,221.9,0,4.0
T504283,Recarga celular,v2,Trujillo,7,Normal,149.7,0,4.0
T504284,Recarga celular,v1,Lima,19,Pico,283.2,0,4.0
T504285,Recarga celular,v1,Arequipa,1,Normal,256.4,0,4.0
T504286,Transferencia,v2,Lima,17,Normal,104.9,0,5.0
T504287,Recarga celular,v2,Lima,6,Normal,89.2,0,
T504288,Consulta de saldo,v1,Trujillo,6,Normal,69.7,0,4.0
T504289,Consulta de saldo,v1,Lima,14,Normal,35.0,0,5.0
T504290,Transferencia,v1,Lima,22,Normal,351.0,0,4.0
T504291,Pago QR,v2,Trujillo,11,Normal,155.2,0,5.0
T504292,Transferencia,v1,Arequipa,19,Pico,129.7,0,
T504293,Transferencia,v2,Lima,18,Pico,174.5,0,5.0
T504294,Transferencia,v1,Arequipa,0,Normal,548.8,0,4.0
T504295,Transferencia,v2,Trujillo,8,Pico,411.8,0,4.0
T504296,Pago QR,v1,Trujillo,20,Pico,150.1,0,5.0
T504297,Consulta de saldo,v1,Trujillo,9,Pico,144.7,0,5.0
T504298,Consulta de saldo,v1,Trujillo,19,Pico,125.2,0,4.0
T504299,Pago de servicios,v1,Arequipa,16,Normal,390.4,0,4.0
T504300,Pago QR,v1,Arequipa,14,Normal,320.5,0,4.0
T504301,Pago QR,v2,Arequipa,10,Pico,372.6,0,5.0
T504302,Consulta de saldo,v2,Lima,0,Normal,134.7,0,4.0
T504303,Transferencia,v2,Lima,23,Normal,324.3,0,3.0
T504304,Transferencia,v1,Lima,0,Normal,69.5,0,5.0
T504305,Transferencia,v2,Trujillo,22,Normal,346.7,0,4.0
T504306,Transferencia,v2,Lima,12,Normal,486.0,0,4.0
T504307,Transferencia,v1,Lima,0,Normal,431.3,1,3.0
T504308,Recarga celular,v2,Arequipa,21,Pico,363.3,0,4.0
T504309,Pago QR,v1,Lima,21,Pico,248.0,0,4.0
T504310,Recarga celular,v2,Lima,17,Normal,206.9,0,4.0
T504311,Recarga celular,v2,Lima,5,Normal,122.2,0,5.0
T504312,Recarga celular,v1,Arequipa,22,Normal,208.5,0,4.0
T504313,Recarga celular,v1,Arequipa,18,Pico,210.6,0,4.0
T504314,Pago de servicios,v2,Lima,0,Normal,188.9,0,4.0
T504315,Consulta de saldo,v1,Lima,22,Normal,41.3,0,3.0
T504316,Recarga celular,v2,Lima,1,Normal,116.6,0,5.0
T504317,Consulta de saldo,v2,Lima,15,Normal,97.7,0,4.0
T504318,Consulta de saldo,v2,Trujillo,10,Pico,63.8,0,5.0
T504319,Recarga celular,v2,Arequipa,15,Normal,156.8,0,4.0
T504320,Pago QR,v2,Lima,11,Normal,114.4,0,4.0
T504321,Recarga celular,v2,Arequipa,16,Normal,129.4,0,5.0
T504322,Transferencia,v1,Trujillo,19,Pico,383.3,0,3.0
T504323,Pago QR,v1,Arequipa,1,Normal,132.2,0,5.0
T504324,Transferencia,v1,Trujillo,11,Normal,319.2,0,4.0
T504325,Consulta de saldo,v2,Lima,4,Normal,114.5,0,5.0
T504326,Transferencia,v1,Lima,14,Normal,141.8,0,4.0
T504327,Transferencia,v1,Arequipa,14,Normal,370.5,0,5.0
T504328,Pago de servicios,v2,Arequipa,13,Normal,259.2,0,
T504329,Pago de servicios,v1,Lima,0,Normal,382.3,0,4.0
T504330,Pago de servicios,v1,Arequipa,0,Normal,243.0,0,3.0
T504331,Pago de servicios,v1,Trujillo,11,Normal,373.6,0,4.0
T504332,Pago de servicios,v1,Trujillo,7,Normal,1021.4,0,3.0
T504333,Pago QR,v2,Lima,12,Normal,220.1,0,5.0
T504334,Transferencia,v2,Arequipa,21,Pico,380.2,0,5.0
T504335,Transferencia,v2,Trujillo,11,Normal,119.6,0,4.0
T504336,Consulta de saldo,v2,Arequipa,3,Normal,166.7,0,4.0
T504337,Consulta de saldo,v2,Arequipa,15,Normal,104.8,0,5.0
T504338,Pago QR,v1,Lima,12,Normal,257.6,0,5.0
T504339,Recarga celular,v2,Lima,16,Normal,142.5,0,3.0
T504340,Consulta de saldo,v1,Arequipa,19,Pico,102.0,0,5.0
T504341,Transferencia,v1,Lima,2,Normal,167.0,0,5.0
T504342,Consulta de saldo,v1,Arequipa,17,Normal,161.2,0,3.0
T504343,Recarga celular,v1,Lima,18,Pico,143.4,0,4.0
T504344,Transferencia,v2,Lima,21,Pico,195.3,0,4.0
T504345,Pago QR,v1,Lima,22,Normal,208.2,0,4.0
T504346,Consulta de saldo,v1,Lima,13,Normal,157.9,0,4.0
T504347,Transferencia,v2,Arequipa,7,Normal,250.3,0,4.0
T504348,Transferencia,v2,Trujillo,9,Pico,387.4,0,5.0
T504349,Consulta de saldo,v1,Arequipa,8,Pico,249.3,0,4.0
T504350,Pago de servicios,v2,Lima,15,Normal,256.5,0,4.0
T504351,Consulta de saldo,v2,Arequipa,19,Pico,167.9,0,5.0
T504352,Transferencia,v1,Arequipa,1,Normal,182.7,0,5.0
T504353,Consulta de saldo,v2,Lima,3,Normal,141.4,0,4.0
T504354,Pago QR,v2,Lima,9,Pico,216.7,0,4.0
T504355,Transferencia,v1,Lima,10,Pico,355.6,0,4.0
T504356,Transferencia,v2,Trujillo,2,Normal,623.5,0,3.0
T504357,Consulta de saldo,v2,Lima,19,Pico,226.8,0,3.0
T504358,Pago QR,v1,Trujillo,10,Pico,179.8,0,4.0
T504359,Consulta de saldo,v1,Lima,16,Normal,130.8,0,4.0
T504360,Consulta de saldo,v1,Lima,23,Normal,79.5,0,5.0
T504361,Pago de servicios,v2,Trujillo,18,Pico,382.0,0,4.0
T504362,Consulta de saldo,v1,Lima,21,Pico,144.9,0,4.0
T504363,Transferencia,v1,Lima,23,Normal,300.5,0,5.0
T504364,Recarga celular,v2,Lima,17,Normal,136.5,0,4.0
T504365,Transferencia,v2,Lima,17,Normal,299.9,0,4.0
T504366,Transferencia,v2,Trujillo,5,Normal,180.9,0,3.0
T504367,Pago QR,v1,Lima,22,Normal,402.9,0,4.0
T504368,Transferencia,v2,Trujillo,4,Normal,229.0,0,3.0
T504369,Recarga celular,v1,Lima,10,Pico,83.2,0,3.0
T504370,Pago de servicios,v1,Trujillo,8,Pico,485.3,0,4.0
T504371,Transferencia,v2,Arequipa,12,Normal,208.3,0,4.0
T504372,Pago de servicios,v2,Trujillo,21,Pico,272.6,0,3.0
T504373,Pago de servicios,v2,Lima,14,Normal,174.1,0,5.0
T504374,Recarga celular,v1,Lima,13,Normal,154.5,0,5.0
T504375,Transferencia,v1,Arequipa,23,Normal,146.9,0,4.0
T504376,Transferencia,v1,Trujillo,11,Normal,226.9,0,4.0
T504377,Pago QR,v1,Lima,17,Normal,93.0,0,4.0
T504378,Consulta de saldo,v2,Trujillo,4,Normal,211.2,0,5.0
T504379,Consulta de saldo,v2,Lima,12,Normal,136.1,0,5.0
T504380,Pago QR,v1,Arequipa,21,Pico,140.5,0,4.0
T504381,Transferencia,v1,Trujillo,18,Pico,257.9,0,5.0
T504382,Recarga celular,v1,Trujillo,0,Normal,179.1,0,4.0
T504383,Pago QR,v1,Lima,10,Pico,99.2,0,4.0
T504384,Pago QR,v1,Arequipa,20,Pico,182.9,0,4.0
T504385,Recarga celular,v2,Lima,10,Pico,204.2,0,5.0
T504386,Pago QR,v1,Trujillo,20,Pico,150.8,0,5.0
T504387,Consulta de saldo,v2,Lima,4,Normal,163.4,0,5.0
T504388,Pago QR,v2,Lima,9,Pico,527.2,0,3.0
T504389,Transferencia,v2,Arequipa,22,Normal,224.3,0,5.0
T504390,Transferencia,v1,Trujillo,8,Pico,148.7,0,3.0
T504391,Transferencia,v2,Lima,14,Normal,292.4,0,5.0
T504392,Consulta de saldo,v1,Lima,23,Normal,89.2,0,3.0
T504393,Recarga celular,v1,Lima,9,Pico,456.1,0,4.0
T504394,Pago de servicios,v2,Lima,1,Normal,412.7,0,3.0
T504395,Pago QR,v2,Arequipa,14,Normal,255.1,0,4.0
T504396,Pago de servicios,v2,Arequipa,1,Normal,612.5,0,4.0
T504397,Transferencia,v1,Trujillo,7,Normal,355.8,0,4.0
T504398,Pago QR,v2,Trujillo,6,Normal,206.0,0,5.0
T504399,Transferencia,v1,Trujillo,11,Normal,487.5,0,4.0
T504400,Transferencia,v1,Arequipa,14,Normal,325.3,0,5.0
T504401,Transferencia,v1,Arequipa,21,Pico,422.8,0,4.0
T504402,Transferencia,v2,Arequipa,6,Normal,324.7,0,4.0
T504403,Pago QR,v2,Lima,21,Pico,107.3,0,4.0
T504404,Pago QR,v2,Trujillo,14,Normal,252.3,0,5.0
T504405,Pago QR,v1,Lima,18,Pico,208.5,0,4.0
T504406,Pago QR,v1,Lima,22,Normal,414.5,0,3.0
T504407,Consulta de saldo,v2,Lima,22,Normal,107.3,0,3.0
T504408,Transferencia,v2,Trujillo,14,Normal,194.6,0,4.0
T504409,Pago QR,v1,Lima,1,Normal,327.6,0,3.0
T504410,Recarga celular,v2,Lima,10,Pico,281.0,0,3.0
T504411,Recarga celular,v1,Lima,1,Normal,214.5,0,4.0
T504412,Recarga celular,v1,Lima,8,Pico,269.4,0,4.0
T504413,Pago QR,v2,Lima,2,Normal,127.8,0,5.0
T504414,Transferencia,v2,Lima,14,Normal,282.1,0,5.0
T504415,Pago QR,v1,Lima,7,Normal,137.6,0,4.0
T504416,Pago QR,v2,Lima,10,Pico,182.0,0,5.0
T504417,Recarga celular,v2,Trujillo,5,Normal,95.6,0,5.0
T504418,Transferencia,v2,Arequipa,17,Normal,266.5,0,5.0
T504419,Transferencia,v1,Lima,4,Normal,205.7,0,4.0
T504420,Consulta de saldo,v1,Arequipa,0,Normal,36.1,0,4.0
T504421,Transferencia,v1,Lima,23,Normal,198.1,0,3.0
T504422,Pago QR,v2,Lima,10,Pico,391.9,0,4.0
T504423,Transferencia,v1,Arequipa,10,Pico,169.2,0,5.0
T504424,Consulta de saldo,v2,Lima,11,Normal,182.3,0,
T504425,Transferencia,v2,Lima,16,Normal,134.7,0,5.0
T504426,Consulta de saldo,v1,Trujillo,7,Normal,88.5,0,4.0
T504427,Pago QR,v1,Lima,19,Pico,351.0,0,4.0
T504428,Recarga celular,v1,Trujillo,16,Normal,286.0,0,4.0
T504429,Pago QR,v2,Lima,10,Pico,151.4,0,3.0
T504430,Pago de servicios,v1,Arequipa,20,Pico,439.3,0,5.0
T504431,Pago de servicios,v2,Trujillo,7,Normal,414.0,0,4.0
T504432,Consulta de saldo,v2,Trujillo,7,Normal,150.8,0,3.0
T504433,Consulta de saldo,v2,Trujillo,19,Pico,197.2,1,3.0
T504434,Transferencia,v1,Lima,5,Normal,169.1,0,5.0
T504435,Recarga celular,v1,Trujillo,6,Normal,225.1,0,4.0
T504436,Consulta de saldo,v2,Trujillo,7,Normal,,1,2.0
T504437,Recarga celular,v1,Arequipa,3,Normal,342.0,0,4.0
T504438,Pago QR,v2,Lima,18,Pico,223.6,0,4.0
T504439,Transferencia,v1,Arequipa,8,Pico,486.2,0,3.0
T504440,Pago QR,v1,Lima,14,Normal,168.5,0,4.0
T504441,Transferencia,v1,Arequipa,23,Normal,958.9,0,4.0
T504442,Consulta de saldo,v1,Arequipa,0,Normal,72.7,0,5.0
T504443,Pago QR,v1,Arequipa,16,Normal,195.1,0,4.0
T504444,Recarga celular,v2,Lima,4,Normal,254.7,0,5.0
T504445,Transferencia,v2,Arequipa,14,Normal,209.8,0,3.0
T504446,Pago QR,v2,Arequipa,6,Normal,149.4,0,5.0
T504447,Pago de servicios,v1,Lima,4,Normal,763.9,0,4.0
T504448,Pago QR,v2,Lima,4,Normal,445.0,0,4.0
T504449,Transferencia,v1,Trujillo,8,Pico,342.9,0,5.0
T504450,Pago QR,v2,Arequipa,20,Pico,348.3,0,3.0
T504451,Transferencia,v2,Trujillo,17,Normal,369.4,0,4.0
T504452,Transferencia,v2,Lima,7,Normal,168.8,0,4.0
T504453,Consulta de saldo,v2,Lima,5,Normal,63.1,0,5.0
T504454,Transferencia,v1,Arequipa,19,Pico,359.1,0,4.0
T504455,Transferencia,v2,Lima,4,Normal,286.7,0,5.0
T504456,Pago QR,v2,Trujillo,20,Pico,283.3,0,5.0
T504457,Transferencia,v1,Lima,14,Normal,208.6,0,4.0
T504458,Consulta de saldo,v2,Lima,19,Pico,140.1,0,4.0
T504459,Recarga celular,v2,Arequipa,15,Normal,223.9,0,4.0
T504460,Pago de servicios,v1,Lima,2,Normal,285.2,0,5.0
T504461,Pago de servicios,v1,Lima,10,Pico,349.7,0,3.0
T504462,Transferencia,v2,Lima,19,Pico,390.6,0,3.0
T504463,Pago QR,v2,Lima,13,Normal,151.8,0,5.0
T504464,Consulta de saldo,v1,Lima,7,Normal,169.8,0,3.0
T504465,Pago QR,v1,Trujillo,22,Normal,159.8,0,4.0
T504466,Consulta de saldo,v1,Arequipa,7,Normal,171.3,0,5.0
T504467,Consulta de saldo,v1,Lima,13,Normal,147.2,0,5.0
T504468,Pago de servicios,v2,Arequipa,10,Pico,316.5,0,5.0
T504469,Consulta de saldo,v1,Lima,6,Normal,60.4,0,3.0
T504470,Transferencia,v2,Arequipa,7,Normal,502.0,0,3.0
T504471,Pago QR,v1,Lima,13,Normal,390.7,0,3.0
T504472,Consulta de saldo,v1,Lima,12,Normal,67.4,0,5.0
T504473,Recarga celular,v2,Trujillo,0,Normal,209.3,0,5.0
T504474,Transferencia,v2,Trujillo,9,Pico,206.0,0,
T504475,Transferencia,v1,Lima,18,Pico,689.6,0,4.0
T504476,Transferencia,v2,Lima,3,Normal,217.4,0,4.0
T504477,Transferencia,v1,Lima,17,Normal,323.4,0,5.0
T504478,Pago QR,v2,Trujillo,3,Normal,112.2,0,5.0
T504479,Consulta de saldo,v2,Lima,10,Pico,137.8,0,4.0
T504480,Consulta de saldo,v1,Lima,14,Normal,95.4,0,4.0
T504481,Transferencia,v2,Arequipa,22,Normal,266.1,0,4.0
T504482,Transferencia,v1,Lima,22,Normal,408.5,0,5.0
T504483,Transferencia,v2,Arequipa,7,Normal,473.3,0,3.0
T504484,Transferencia,v2,Lima,11,Normal,180.4,0,4.0
T504485,Pago QR,v2,Trujillo,1,Normal,297.4,0,4.0
T504486,Transferencia,v1,Trujillo,6,Normal,119.8,0,4.0
T504487,Recarga celular,v2,Lima,13,Normal,111.7,0,4.0
T504488,Pago de servicios,v2,Lima,3,Normal,258.3,0,5.0
T504489,Consulta de saldo,v1,Lima,0,Normal,177.3,0,4.0
T504490,Consulta de saldo,v1,Lima,20,Pico,146.8,0,5.0
T504491,Transferencia,v2,Lima,13,Normal,318.6,0,4.0
T504492,Consulta de saldo,v1,Arequipa,23,Normal,61.7,0,4.0
T504493,Pago de servicios,v1,Lima,17,Normal,116.5,0,3.0
T504494,Pago QR,v2,Lima,3,Normal,207.6,0,5.0
T504495,Recarga celular,v2,Lima,2,Normal,123.8,0,4.0
T504496,Consulta de saldo,v2,Lima,22,Normal,133.3,0,5.0
T504497,Transferencia,v2,Lima,3,Normal,123.5,0,5.0
T504498,Consulta de saldo,v1,Lima,5,Normal,156.3,0,3.0
T504499,Transferencia,v2,Trujillo,14,Normal,352.7,0,4.0
T504500,Transferencia,v2,Lima,8,Pico,638.4,0,4.0
T504501,Consulta de saldo,v2,Lima,7,Normal,149.1,0,3.0
T504502,Transferencia,v2,Lima,17,Normal,240.5,0,3.0
T504503,Pago QR,v1,Arequipa,4,Normal,159.5,0,5.0
T504504,Pago QR,v1,Trujillo,4,Normal,284.5,0,3.0
T504505,Recarga celular,v2,Lima,12,Normal,141.2,0,4.0
T504506,Transferencia,v2,Arequipa,8,Pico,451.9,0,3.0
T504507,Recarga celular,v1,Lima,16,Normal,212.3,0,4.0
T504508,Recarga celular,v2,Lima,9,Pico,155.4,0,4.0
T504509,Pago de servicios,v1,Trujillo,16,Normal,469.9,0,3.0
T504510,Consulta de saldo,v1,Lima,10,Pico,62.6,0,4.0
T504511,Consulta de saldo,v1,Lima,6,Normal,159.9,0,5.0
T504512,Consulta de saldo,v1,Lima,20,Pico,185.3,0,5.0
T504513,Pago QR,v2,Lima,16,Normal,172.7,0,5.0
T504514,Transferencia,v2,Trujillo,16,Normal,367.8,0,4.0
T504515,Transferencia,v1,Lima,10,Pico,580.2,0,5.0
T504516,Transferencia,v1,Trujillo,12,Normal,625.4,0,2.0
T504517,Consulta de saldo,v2,Lima,11,Normal,181.6,0,4.0
T504518,Consulta de saldo,v2,Trujillo,20,Pico,154.7,0,5.0
T504519,Recarga celular,v2,Lima,7,Normal,397.2,0,3.0
T504520,Pago de servicios,v1,Lima,16,Normal,224.8,0,4.0
T504521,Transferencia,v2,Arequipa,21,Pico,312.9,0,4.0
T504522,Transferencia,v1,Lima,11,Normal,247.7,0,4.0
T504523,Pago de servicios,v1,Arequipa,15,Normal,347.9,0,3.0
T504524,Transferencia,v1,Lima,10,Pico,450.3,0,4.0
T504525,Consulta de saldo,v2,Arequipa,3,Normal,115.9,0,4.0
T504526,Pago QR,v1,Arequipa,3,Normal,214.3,0,4.0
T504527,Pago de servicios,v1,Arequipa,4,Normal,432.7,0,2.0
T504528,Pago de servicios,v2,Lima,1,Normal,189.2,0,4.0
T504529,Recarga celular,v2,Arequipa,12,Normal,189.7,0,4.0
T504530,Pago QR,v2,Trujillo,19,Pico,502.3,0,3.0
T504531,Transferencia,v2,Lima,5,Normal,77.3,0,5.0
T504532,Transferencia,v2,Lima,10,Pico,159.3,0,3.0
T504533,Consulta de saldo,v2,Lima,2,Normal,99.8,0,5.0
T504534,Pago QR,v2,Trujillo,6,Normal,216.2,1,2.0
T504535,Consulta de saldo,v1,Arequipa,8,Pico,119.9,0,4.0
T504536,Pago QR,v1,Trujillo,17,Normal,163.9,0,3.0
T504537,Transferencia,v2,Lima,1,Normal,378.1,0,5.0
T504538,Consulta de saldo,v2,Arequipa,2,Normal,261.1,0,5.0
T504539,Pago QR,v2,Lima,11,Normal,114.5,0,4.0
T504540,Consulta de saldo,v2,Lima,16,Normal,133.5,0,5.0
T504541,Transferencia,v1,Trujillo,2,Normal,283.8,0,4.0
T504542,Transferencia,v2,Trujillo,2,Normal,272.3,0,4.0
T504543,Recarga celular,v2,Lima,14,Normal,144.7,0,5.0
T504544,Transferencia,v1,Lima,21,Pico,427.8,0,4.0
T504545,Consulta de saldo,v2,Lima,2,Normal,68.3,0,4.0
T504546,Pago QR,v2,Lima,5,Normal,105.2,0,4.0
T504547,Consulta de saldo,v2,Lima,6,Normal,81.2,0,4.0
T504548,Recarga celular,v2,Lima,15,Normal,126.3,0,5.0
T504549,Consulta de saldo,v1,Trujillo,4,Normal,116.3,0,5.0
T504550,Transferencia,v1,Trujillo,1,Normal,232.3,0,3.0
T504551,Transferencia,v2,Lima,17,Normal,298.3,0,5.0
T504552,Pago QR,v2,Lima,3,Normal,190.7,0,4.0
T504553,Transferencia,v2,Arequipa,15,Normal,310.2,0,3.0
T504554,Transferencia,v1,Trujillo,20,Pico,1003.5,0,3.0
T504555,Transferencia,v1,Lima,17,Normal,363.7,0,4.0
T504556,Consulta de saldo,v2,Lima,20,Pico,73.2,0,5.0
T504557,Consulta de saldo,v2,Lima,10,Pico,97.4,0,4.0
T504558,Consulta de saldo,v2,Lima,1,Normal,68.5,0,3.0
T504559,Transferencia,v1,Arequipa,17,Normal,338.5,0,4.0
T504560,Consulta de saldo,v1,Arequipa,10,Pico,123.4,0,5.0
T504561,Pago QR,v2,Lima,1,Normal,156.2,0,4.0
T504562,Pago de servicios,v1,Arequipa,3,Normal,594.5,0,3.0
T504563,Consulta de saldo,v2,Trujillo,0,Normal,61.3,0,5.0
T504564,Consulta de saldo,v1,Lima,20,Pico,110.1,0,4.0
T504565,Transferencia,v2,Trujillo,13,Normal,169.2,0,4.0
T504566,Consulta de saldo,v1,Lima,14,Normal,110.1,0,5.0
T504567,Pago de servicios,v2,Lima,4,Normal,384.3,0,4.0
T504568,Transferencia,v1,Lima,0,Normal,263.6,0,4.0
T504569,Transferencia,v1,Lima,15,Normal,353.6,0,4.0
T504570,Pago QR,v2,Trujillo,2,Normal,287.2,0,4.0
T504571,Pago de servicios,v1,Lima,9,Pico,459.8,1,2.0
T504572,Transferencia,v1,Lima,15,Normal,204.8,0,4.0
T504573,Transferencia,v2,Lima,13,Normal,261.5,0,5.0
T504574,Recarga celular,v2,Trujillo,17,Normal,125.3,0,5.0
T504575,Consulta de saldo,v1,Lima,21,Pico,109.4,0,4.0
T504576,Transferencia,v1,Lima,1,Normal,162.6,0,5.0
T504577,Consulta de saldo,v1,Lima,5,Normal,54.9,0,5.0
T504578,Pago QR,v1,Arequipa,7,Normal,261.6,0,5.0
T504579,Transferencia,v1,Lima,10,Pico,382.5,0,5.0
T504580,Consulta de saldo,v2,Arequipa,16,Normal,62.3,0,4.0
T504581,Pago QR,v1,Lima,0,Normal,269.2,0,3.0
T504582,Recarga celular,v2,Trujillo,23,Normal,719.4,0,4.0
T504583,Recarga celular,v2,Lima,7,Normal,145.0,0,4.0
T504584,Recarga celular,v2,Trujillo,4,Normal,117.0,0,4.0
T504585,Transferencia,v2,Lima,12,Normal,303.9,0,4.0
T504586,Pago QR,v1,Lima,20,Pico,256.5,0,4.0
T504587,Pago QR,v1,Trujillo,22,Normal,166.1,0,4.0
T504588,Recarga celular,v2,Lima,6,Normal,254.9,0,5.0
T504589,Transferencia,v2,Lima,14,Normal,415.5,0,5.0
T504590,Recarga celular,v1,Arequipa,10,Pico,350.0,0,5.0
T504591,Pago QR,v1,Arequipa,11,Normal,449.8,0,4.0
T504592,Recarga celular,v1,Lima,12,Normal,143.4,0,4.0
T504593,Consulta de saldo,v2,Trujillo,1,Normal,165.7,0,4.0
T504594,Pago de servicios,v2,Lima,3,Normal,224.5,0,4.0
T504595,Recarga celular,v2,Arequipa,16,Normal,173.2,0,5.0
T504596,Pago de servicios,v1,Trujillo,6,Normal,623.1,0,4.0
T504597,Pago QR,v2,Arequipa,21,Pico,314.6,0,4.0
T504598,Pago de servicios,v2,Arequipa,5,Normal,680.9,0,4.0
T504599,Transferencia,v2,Arequipa,23,Normal,378.9,0,3.0
T504600,Transferencia,v2,Lima,13,Normal,101.8,0,5.0
T504601,Recarga celular,v1,Arequipa,10,Pico,471.8,0,3.0
T504602,Transferencia,v1,Lima,14,Normal,400.3,0,4.0
T504603,Pago de servicios,v2,Lima,14,Normal,229.7,0,4.0
T504604,Consulta de saldo,v1,Lima,15,Normal,139.1,0,4.0
T504605,Pago de servicios,v2,Lima,9,Pico,317.4,0,4.0
T504606,Consulta de saldo,v2,Trujillo,12,Normal,31.1,0,5.0
T504607,Pago de servicios,v2,Trujillo,19,Pico,595.6,0,3.0
T504608,Transferencia,v1,Arequipa,5,Normal,206.6,0,4.0
T504609,Pago de servicios,v2,Lima,3,Normal,327.5,0,3.0
T504610,Pago QR,v1,Lima,22,Normal,281.5,0,4.0
T504611,Pago QR,v1,Arequipa,21,Pico,341.2,0,4.0
T504612,Pago QR,v2,Lima,1,Normal,170.2,0,5.0
T504613,Pago QR,v1,Lima,18,Pico,185.7,0,4.0
T504614,Consulta de saldo,v1,Lima,13,Normal,75.8,0,5.0
T504615,Pago QR,v2,Arequipa,9,Pico,298.9,0,4.0
T504616,Pago QR,v1,Lima,1,Normal,294.2,0,4.0
T504617,Transferencia,v2,Lima,13,Normal,383.0,0,4.0
T504618,Pago QR,v2,Lima,4,Normal,179.5,0,5.0
T504619,Transferencia,v1,Lima,16,Normal,196.0,0,4.0
T504620,Pago QR,v2,Arequipa,21,Pico,161.4,1,4.0
T504621,Pago QR,v2,Arequipa,20,Pico,107.8,0,4.0
T504622,Recarga celular,v1,Lima,7,Normal,184.0,0,3.0
T504623,Pago de servicios,v1,Trujillo,5,Normal,140.6,0,5.0
T504624,Pago QR,v1,Trujillo,4,Normal,163.7,0,4.0
T504625,Pago de servicios,v1,Trujillo,1,Normal,628.0,0,3.0
T504626,Pago de servicios,v2,Lima,19,Pico,167.9,0,3.0
T504627,Pago QR,v2,Arequipa,16,Normal,177.8,0,4.0
T504628,Pago de servicios,v2,Lima,13,Normal,365.9,0,4.0
T504629,Pago QR,v1,Lima,21,Pico,240.5,0,4.0
T504630,Transferencia,v1,Lima,18,Pico,217.0,0,4.0
T504631,Consulta de saldo,v2,Trujillo,5,Normal,96.4,0,5.0
T504632,Pago de servicios,v1,Arequipa,19,Pico,206.2,0,4.0
T504633,Consulta de saldo,v1,Trujillo,8,Pico,87.0,0,5.0
T504634,Recarga celular,v1,Lima,11,Normal,81.1,0,4.0
T504635,Consulta de saldo,v2,Trujillo,4,Normal,503.7,0,5.0
T504636,Consulta de saldo,v1,Lima,0,Normal,64.1,0,5.0
T504637,Recarga celular,v2,Trujillo,6,Normal,146.0,1,3.0
T504638,Transferencia,v2,Lima,14,Normal,130.2,0,5.0
T504639,Transferencia,v1,Lima,22,Normal,233.8,0,4.0
T504640,Consulta de saldo,v1,Trujillo,4,Normal,102.1,0,5.0
T504641,Pago de servicios,v1,Lima,23,Normal,806.0,0,1.0
T504642,Pago QR,v2,Lima,4,Normal,210.6,0,4.0
T504643,Pago QR,v2,Arequipa,2,Normal,249.8,0,4.0
T504644,Transferencia,v2,Arequipa,15,Normal,127.7,0,4.0
T504645,Transferencia,v2,Lima,23,Normal,137.4,0,4.0
T504646,Recarga celular,v1,Lima,22,Normal,173.5,0,4.0
T504647,Pago de servicios,v1,Lima,17,Normal,186.7,1,4.0
T504648,Recarga celular,v2,Lima,6,Normal,241.3,0,4.0
T504649,Recarga celular,v2,Lima,7,Normal,135.5,0,4.0
T504650,Recarga celular,v2,Trujillo,11,Normal,110.0,0,4.0
T504651,Transferencia,v2,Arequipa,8,Pico,236.3,0,3.0
T504652,Consulta de saldo,v1,Arequipa,12,Normal,84.1,0,5.0
T504653,Pago QR,v2,Arequipa,2,Normal,229.8,0,4.0
T504654,Recarga celular,v1,Trujillo,23,Normal,97.4,0,5.0
T504655,Transferencia,v2,Arequipa,13,Normal,191.3,0,4.0
T504656,Pago QR,v1,Lima,14,Normal,326.2,0,3.0
T504657,Pago QR,v2,Lima,3,Normal,161.3,0,5.0
T504658,Pago QR,v1,Lima,4,Normal,216.7,0,4.0
T504659,Pago de servicios,v1,Arequipa,21,Pico,338.7,0,5.0
T504660,Transferencia,v1,Lima,16,Normal,656.0,0,3.0
T504661,Pago QR,v2,Lima,12,Normal,181.1,0,4.0
T504662,Pago de servicios,v1,Lima,14,Normal,196.5,0,3.0
T504663,Recarga celular,v1,Lima,17,Normal,193.8,0,4.0
T504664,Pago QR,v2,Trujillo,19,Pico,105.1,0,4.0
T504665,Recarga celular,v1,Lima,5,Normal,100.1,0,4.0
T504666,Pago QR,v1,Lima,14,Normal,363.0,0,3.0
T504667,Recarga celular,v2,Arequipa,4,Normal,129.6,0,4.0
T504668,Pago QR,v1,Trujillo,4,Normal,113.8,0,5.0
T504669,Pago de servicios,v2,Lima,11,Normal,341.5,0,5.0
T504670,Transferencia,v2,Trujillo,8,Pico,542.3,0,4.0
T504671,Consulta de saldo,v2,Arequipa,3,Normal,181.0,0,5.0
T504672,Recarga celular,v1,Trujillo,14,Normal,90.9,0,5.0
T504673,Consulta de saldo,v2,Trujillo,7,Normal,192.5,0,4.0
T504674,Pago QR,v2,Trujillo,5,Normal,193.8,0,5.0
T504675,Pago de servicios,v2,Lima,3,Normal,258.5,0,5.0
T504676,Transferencia,v1,Trujillo,2,Normal,179.7,0,3.0
T504677,Pago QR,v1,Trujillo,14,Normal,263.2,0,3.0
T504678,Consulta de saldo,v1,Trujillo,9,Pico,123.0,0,
T504679,Consulta de saldo,v1,Trujillo,19,Pico,274.6,0,4.0
T504680,Recarga celular,v2,Lima,3,Normal,102.0,0,4.0
T504681,Recarga celular,v2,Trujillo,14,Normal,109.0,0,5.0
T504682,Transferencia,v1,Lima,11,Normal,317.2,0,4.0
T504683,Transferencia,v2,Trujillo,0,Normal,223.9,0,5.0
T504684,Pago QR,v2,Lima,7,Normal,150.8,0,4.0
T504685,Transferencia,v1,Arequipa,20,Pico,771.5,0,3.0
T504686,Pago QR,v1,Arequipa,3,Normal,83.3,0,4.0
T504687,Pago QR,v1,Lima,12,Normal,169.1,0,3.0
T504688,Transferencia,v1,Lima,11,Normal,242.3,0,4.0
T504689,Recarga celular,v2,Arequipa,7,Normal,164.9,0,3.0
T504690,Consulta de saldo,v1,Arequipa,4,Normal,143.7,0,5.0
T504691,Pago de servicios,v2,Arequipa,3,Normal,168.6,0,3.0
T504692,Pago QR,v2,Lima,6,Normal,290.9,0,3.0
T504693,Pago QR,v1,Lima,2,Normal,257.6,0,3.0
T504694,Pago QR,v2,Lima,5,Normal,314.4,0,3.0
T504695,Consulta de saldo,v1,Arequipa,15,Normal,136.7,0,3.0
T504696,Pago QR,v2,Lima,23,Normal,266.9,0,4.0
T504697,Pago de servicios,v1,Lima,10,Pico,516.5,0,2.0
T504698,Pago de servicios,v2,Lima,19,Pico,276.1,0,5.0
T504699,Consulta de saldo,v2,Lima,3,Normal,67.7,0,5.0
T504700,Pago de servicios,v1,Trujillo,16,Normal,299.8,0,5.0
T504701,Consulta de saldo,v1,Lima,16,Normal,170.3,0,4.0
T504702,Consulta de saldo,v2,Lima,4,Normal,117.0,0,5.0
T504703,Pago de servicios,v1,Arequipa,14,Normal,180.5,0,4.0
T504704,Transferencia,v2,Arequipa,23,Normal,476.4,0,4.0
T504705,Transferencia,v1,Lima,20,Pico,482.0,0,3.0
T504706,Pago de servicios,v1,Lima,18,Pico,608.9,0,5.0
T504707,Transferencia,v1,Lima,17,Normal,132.6,0,5.0
T504708,Pago QR,v2,Trujillo,18,Pico,92.5,0,5.0
T504709,Pago QR,v1,Arequipa,5,Normal,194.3,0,4.0
T504710,Pago QR,v2,Trujillo,22,Normal,313.4,1,3.0
T504711,Consulta de saldo,v1,Trujillo,12,Normal,83.4,0,4.0
T504712,Recarga celular,v2,Lima,15,Normal,177.0,0,4.0
T504713,Pago de servicios,v1,Trujillo,10,Pico,305.1,0,4.0
T504714,Pago QR,v1,Trujillo,20,Pico,219.4,0,4.0
T504715,Recarga celular,v1,Lima,2,Normal,171.0,0,3.0
T504716,Pago de servicios,v1,Lima,11,Normal,539.0,0,4.0
T504717,Transferencia,v1,Lima,0,Normal,299.9,0,4.0
T504718,Pago QR,v2,Trujillo,4,Normal,350.7,0,4.0
T504719,Pago QR,v2,Arequipa,21,Pico,481.3,0,3.0
T504720,Pago de servicios,v2,Lima,20,Pico,151.5,0,5.0
T504721,Pago QR,v2,Lima,13,Normal,153.8,0,4.0
T504722,Consulta de saldo,v1,Lima,17,Normal,96.6,0,4.0
T504723,Transferencia,v2,Trujillo,5,Normal,721.2,0,2.0
T504724,Transferencia,v2,Lima,7,Normal,249.9,0,
T504725,Pago de servicios,v2,Arequipa,18,Pico,134.1,0,3.0
T504726,Transferencia,v2,Arequipa,9,Pico,218.3,0,4.0
T504727,Recarga celular,v1,Lima,23,Normal,166.9,0,5.0
T504728,Recarga celular,v2,Trujillo,0,Normal,146.7,0,5.0
T504729,Consulta de saldo,v2,Lima,20,Pico,125.2,0,3.0
T504730,Consulta de saldo,v2,Trujillo,20,Pico,124.9,0,5.0
T504731,Pago de servicios,v1,Trujillo,19,Pico,435.2,0,4.0
T504732,Pago QR,v2,Lima,3,Normal,121.3,0,5.0
T504733,Recarga celular,v2,Lima,20,Pico,220.9,0,3.0
T504734,Transferencia,v2,Arequipa,15,Normal,682.3,0,3.0
T504735,Pago de servicios,v1,Arequipa,23,Normal,594.5,0,4.0
T504736,Transferencia,v2,Lima,6,Normal,103.3,0,4.0
T504737,Transferencia,v1,Arequipa,20,Pico,315.9,0,3.0
T504738,Transferencia,v1,Lima,19,Pico,507.4,0,
T504739,Consulta de saldo,v1,Lima,3,Normal,136.9,0,4.0
T504740,Recarga celular,v2,Lima,18,Pico,374.3,0,4.0
T504741,Transferencia,v2,Lima,6,Normal,619.2,0,3.0
T504742,Recarga celular,v2,Lima,16,Normal,227.0,0,4.0
T504743,Pago de servicios,v2,Arequipa,17,Normal,286.3,0,4.0
T504744,Consulta de saldo,v1,Trujillo,14,Normal,258.4,0,4.0
T504745,Recarga celular,v2,Trujillo,9,Pico,285.9,0,5.0
T504746,Recarga celular,v2,Lima,22,Normal,105.9,0,5.0
T504747,Pago QR,v2,Trujillo,12,Normal,73.5,0,5.0
T504748,Consulta de saldo,v1,Lima,18,Pico,76.6,0,5.0
T504749,Transferencia,v2,Arequipa,21,Pico,167.0,0,5.0
T504750,Pago QR,v2,Arequipa,14,Normal,233.1,0,3.0
T504751,Pago QR,v1,Lima,11,Normal,63.3,0,5.0
T504752,Recarga celular,v2,Arequipa,8,Pico,155.4,0,5.0
T504753,Consulta de saldo,v1,Trujillo,2,Normal,259.4,0,4.0
T504754,Pago QR,v1,Lima,21,Pico,108.5,0,4.0
T504755,Transferencia,v1,Lima,4,Normal,234.1,0,4.0
T504756,Recarga celular,v2,Lima,22,Normal,133.2,0,4.0
T504757,Consulta de saldo,v2,Lima,13,Normal,96.2,0,5.0
T504758,Pago de servicios,v1,Lima,5,Normal,374.0,0,5.0
T504759,Transferencia,v1,Arequipa,0,Normal,167.6,0,2.0
T504760,Consulta de saldo,v1,Trujillo,10,Pico,94.3,0,4.0
T504761,Pago de servicios,v2,Lima,5,Normal,118.9,0,4.0
T504762,Transferencia,v1,Arequipa,3,Normal,507.3,0,3.0
T504763,Transferencia,v1,Trujillo,11,Normal,295.7,0,5.0
T504764,Consulta de saldo,v1,Trujillo,19,Pico,125.2,0,4.0
T504765,Pago de servicios,v2,Arequipa,21,Pico,325.4,0,5.0
T504766,Pago QR,v2,Lima,7,Normal,301.6,0,4.0
T504767,Pago de servicios,v1,Lima,16,Normal,303.9,0,3.0
T504768,Transferencia,v1,Arequipa,5,Normal,416.7,0,4.0
T504769,Pago QR,v1,Lima,22,Normal,334.5,0,4.0
T504770,Pago de servicios,v2,Lima,8,Pico,297.3,0,3.0
T504771,Transferencia,v1,Lima,7,Normal,250.5,0,5.0
T504772,Pago de servicios,v2,Lima,15,Normal,233.8,0,5.0
T504773,Recarga celular,v1,Trujillo,19,Pico,309.5,0,4.0
T504774,Transferencia,v2,Lima,22,Normal,431.2,0,4.0
T504775,Pago QR,v1,Arequipa,11,Normal,241.7,0,4.0
T504776,Recarga celular,v2,Lima,4,Normal,139.8,0,4.0
T504777,Pago QR,v2,Lima,21,Pico,121.5,0,5.0
T504778,Consulta de saldo,v2,Lima,3,Normal,94.6,0,5.0
T504779,Consulta de saldo,v2,Lima,18,Pico,119.7,0,3.0
T504780,Recarga celular,v1,Lima,23,Normal,124.8,0,3.0
T504781,Recarga celular,v2,Lima,17,Normal,207.8,0,4.0
T504782,Pago de servicios,v1,Trujillo,16,Normal,229.2,0,4.0
T504783,Consulta de saldo,v1,Trujillo,5,Normal,142.5,0,4.0
T504784,Consulta de saldo,v2,Lima,16,Normal,118.2,0,4.0
T504785,Transferencia,v2,Arequipa,22,Normal,685.8,0,4.0
T504786,Consulta de saldo,v1,Lima,11,Normal,48.1,0,4.0
T504787,Pago QR,v2,Arequipa,21,Pico,169.3,0,4.0
T504788,Recarga celular,v2,Arequipa,2,Normal,131.9,0,5.0
T504789,Consulta de saldo,v2,Trujillo,21,Pico,150.7,0,5.0
T504790,Transferencia,v1,Arequipa,1,Normal,426.0,0,3.0
T504791,Transferencia,v2,Trujillo,23,Normal,365.2,0,4.0
T504792,Transferencia,v2,Lima,10,Pico,176.0,0,4.0
T504793,Recarga celular,v2,Arequipa,7,Normal,186.5,0,5.0
T504794,Consulta de saldo,v2,Trujillo,22,Normal,54.7,0,5.0
T504795,Consulta de saldo,v1,Trujillo,16,Normal,97.8,0,5.0
T504796,Pago QR,v2,Lima,13,Normal,206.8,0,5.0
T504797,Pago QR,v2,Arequipa,3,Normal,240.6,0,5.0
T504798,Pago QR,v1,Arequipa,2,Normal,269.8,0,5.0
T504799,Pago QR,v2,Trujillo,17,Normal,133.6,0,4.0
T504800,Pago QR,v1,Lima,1,Normal,160.1,0,4.0
T504801,Transferencia,v2,Lima,15,Normal,489.3,0,4.0
T504802,Consulta de saldo,v1,Arequipa,21,Pico,67.4,0,4.0
T504803,Transferencia,v2,Lima,12,Normal,203.0,0,4.0
T504804,Consulta de saldo,v1,Trujillo,8,Pico,72.9,0,5.0
T504805,Transferencia,v1,Trujillo,23,Normal,334.7,0,5.0
T504806,Pago QR,v1,Lima,18,Pico,670.9,0,4.0
T504807,Recarga celular,v1,Lima,16,Normal,366.6,0,4.0
T504808,Recarga celular,v2,Lima,10,Pico,192.4,0,4.0
T504809,Recarga celular,v2,Arequipa,18,Pico,140.8,0,4.0
T504810,Pago de servicios,v1,Arequipa,23,Normal,619.9,0,4.0
T504811,Pago QR,v1,Lima,20,Pico,389.1,0,3.0
T504812,Pago QR,v1,Trujillo,1,Normal,315.4,0,4.0
T504813,Recarga celular,v1,Arequipa,21,Pico,295.0,0,3.0
T504814,Consulta de saldo,v1,Lima,12,Normal,74.6,0,3.0
T504815,Consulta de saldo,v1,Lima,11,Normal,67.6,0,5.0
T504816,Pago QR,v1,Lima,0,Normal,330.0,0,3.0
T504817,Consulta de saldo,v1,Lima,0,Normal,126.3,0,5.0
T504818,Consulta de saldo,v2,Arequipa,13,Normal,119.0,0,5.0
T504819,Pago QR,v2,Lima,23,Normal,241.1,0,4.0
T504820,Recarga celular,v2,Lima,4,Normal,210.2,0,4.0
T504821,Pago QR,v1,Lima,9,Pico,234.5,0,3.0
T504822,Transferencia,v2,Lima,21,Pico,212.5,0,4.0
T504823,Pago QR,v1,Arequipa,15,Normal,262.9,0,4.0
T504824,Transferencia,v1,Lima,9,Pico,148.3,0,5.0
T504825,Consulta de saldo,v2,Lima,14,Normal,70.2,0,5.0
T504826,Transferencia,v1,Lima,15,Normal,325.3,0,4.0
T504827,Transferencia,v2,Lima,13,Normal,111.0,0,4.0
T504828,Transferencia,v2,Lima,17,Normal,372.8,0,3.0
T504829,Pago de servicios,v2,Lima,23,Normal,184.5,0,4.0
T504830,Pago QR,v2,Trujillo,22,Normal,151.2,0,5.0
T504831,Pago QR,v2,Trujillo,16,Normal,179.0,0,4.0
T504832,Recarga celular,v1,Arequipa,14,Normal,157.5,0,4.0
T504833,Pago de servicios,v2,Arequipa,6,Normal,136.9,0,4.0
T504834,Pago de servicios,v2,Lima,0,Normal,274.0,0,4.0
T504835,Consulta de saldo,v1,Lima,15,Normal,82.1,0,3.0
T504836,Recarga celular,v2,Arequipa,3,Normal,157.8,0,5.0
T504837,Pago QR,v1,Lima,18,Pico,482.8,0,4.0
T504838,Transferencia,v1,Lima,23,Normal,336.7,1,3.0
T504839,Recarga celular,v2,Lima,9,Pico,386.2,0,3.0
T504840,Transferencia,v2,Lima,20,Pico,319.5,0,3.0
T504841,Transferencia,v1,Lima,16,Normal,134.1,0,5.0
T504842,Pago de servicios,v2,Lima,22,Normal,503.6,0,3.0
T504843,Consulta de saldo,v1,Lima,16,Normal,130.1,0,4.0
T504844,Consulta de saldo,v2,Arequipa,9,Pico,176.1,0,3.0
T504845,Pago QR,v2,Lima,0,Normal,262.2,0,4.0
T504846,Pago QR,v1,Arequipa,17,Normal,220.4,0,5.0
T504847,Consulta de saldo,v2,Trujillo,22,Normal,75.5,0,5.0
T504848,Pago QR,v1,Arequipa,9,Pico,469.2,0,4.0
T504849,Consulta de saldo,v1,Lima,1,Normal,152.9,0,4.0
T504850,Consulta de saldo,v1,Arequipa,3,Normal,226.0,0,4.0
T504851,Transferencia,v2,Lima,5,Normal,127.9,0,4.0
T504852,Recarga celular,v1,Trujillo,19,Pico,204.6,0,5.0
T504853,Transferencia,v1,Arequipa,7,Normal,511.1,1,3.0
T504854,Pago QR,v1,Lima,0,Normal,189.8,0,4.0
T504855,Pago de servicios,v1,Arequipa,13,Normal,658.5,0,3.0
T504856,Consulta de saldo,v2,Lima,0,Normal,840.5,0,4.0
T504857,Transferencia,v1,Trujillo,12,Normal,168.6,0,5.0
T504858,Pago de servicios,v2,Arequipa,18,Pico,704.7,0,3.0
T504859,Pago QR,v1,Arequipa,3,Normal,170.1,0,4.0
T504860,Pago de servicios,v2,Lima,1,Normal,149.4,0,5.0
T504861,Recarga celular,v1,Lima,9,Pico,187.0,0,4.0
T504862,Pago QR,v2,Arequipa,18,Pico,310.2,0,4.0
T504863,Pago de servicios,v1,Arequipa,12,Normal,288.5,0,5.0
T504864,Pago de servicios,v2,Lima,16,Normal,217.8,0,4.0
T504865,Recarga celular,v1,Arequipa,10,Pico,197.7,0,4.0
T504866,Pago de servicios,v2,Lima,0,Normal,482.6,0,5.0
T504867,Consulta de saldo,v2,Lima,2,Normal,72.5,0,5.0
T504868,Recarga celular,v1,Arequipa,11,Normal,182.2,0,4.0
T504869,Transferencia,v2,Lima,0,Normal,196.7,0,4.0
T504870,Pago de servicios,v2,Arequipa,22,Normal,136.9,0,4.0
T504871,Recarga celular,v1,Trujillo,10,Pico,309.7,0,5.0
T504872,Pago QR,v1,Lima,9,Pico,317.1,0,3.0
T504873,Transferencia,v1,Trujillo,1,Normal,184.5,0,4.0
T504874,Pago QR,v1,Arequipa,15,Normal,402.5,0,5.0
T504875,Consulta de saldo,v1,Lima,10,Pico,193.2,0,5.0
T504876,Pago de servicios,v2,Arequipa,2,Normal,181.9,0,5.0
T504877,Pago QR,v1,Lima,1,Normal,178.4,0,3.0
T504878,Pago QR,v1,Lima,2,Normal,201.1,0,4.0
T504879,Consulta de saldo,v2,Arequipa,0,Normal,121.0,0,5.0
T504880,Recarga celular,v2,Trujillo,12,Normal,187.9,0,4.0
T504881,Consulta de saldo,v1,Arequipa,11,Normal,82.1,0,5.0
T504882,Pago QR,v1,Lima,20,Pico,421.4,0,4.0
T504883,Transferencia,v1,Lima,8,Pico,436.8,0,4.0
T504884,Pago de servicios,v1,Trujillo,13,Normal,390.1,0,4.0
T504885,Pago QR,v1,Arequipa,8,Pico,276.2,0,3.0
T504886,Pago de servicios,v2,Trujillo,1,Normal,447.3,0,4.0
T504887,Pago de servicios,v1,Lima,16,Normal,290.0,0,4.0
T504888,Consulta de saldo,v1,Arequipa,15,Normal,66.6,0,5.0
T504889,Pago QR,v1,Lima,18,Pico,189.3,0,4.0
T504890,Consulta de saldo,v2,Trujillo,0,Normal,142.2,0,4.0
T504891,Recarga celular,v1,Lima,21,Pico,74.3,0,5.0
T504892,Pago QR,v2,Lima,11,Normal,105.3,0,3.0
T504893,Pago de servicios,v1,Lima,6,Normal,506.0,0,3.0
T504894,Pago de servicios,v1,Arequipa,11,Normal,288.2,0,3.0
T504895,Pago QR,v2,Lima,19,Pico,207.2,0,5.0
T504896,Pago QR,v1,Trujillo,18,Pico,503.5,0,4.0
T504897,Pago QR,v2,Lima,17,Normal,266.7,0,4.0
T504898,Transferencia,v1,Trujillo,21,Pico,200.9,0,5.0
T504899,Recarga celular,v1,Lima,2,Normal,255.3,0,5.0
T504900,Pago QR,v1,Arequipa,2,Normal,231.0,0,3.0
T504901,Transferencia,v1,Arequipa,12,Normal,187.5,0,5.0
T504902,Consulta de saldo,v1,Lima,7,Normal,70.0,0,5.0
T504903,Transferencia,v2,Lima,14,Normal,235.2,0,5.0
T504904,Transferencia,v1,Lima,0,Normal,123.5,0,4.0
T504905,Recarga celular,v1,Lima,11,Normal,79.3,0,4.0
T504906,Recarga celular,v1,Trujillo,4,Normal,146.8,0,4.0
T504907,Transferencia,v2,Lima,2,Normal,200.6,0,4.0
T504908,Transferencia,v1,Lima,7,Normal,475.9,0,3.0
T504909,Pago de servicios,v2,Lima,0,Normal,177.4,0,4.0
T504910,Recarga celular,v2,Trujillo,15,Normal,319.4,0,5.0
T504911,Pago QR,v2,Lima,12,Normal,123.2,0,5.0
T504912,Pago QR,v2,Arequipa,17,Normal,319.1,0,4.0
T504913,Pago QR,v2,Trujillo,6,Normal,239.3,0,4.0
T504914,Pago QR,v2,Trujillo,7,Normal,277.4,0,4.0
T504915,Transferencia,v1,Trujillo,21,Pico,349.7,0,4.0
T504916,Pago de servicios,v1,Lima,14,Normal,147.2,0,5.0
T504917,Transferencia,v1,Lima,5,Normal,109.9,0,5.0
T504918,Transferencia,v1,Arequipa,19,Pico,241.9,0,4.0
T504919,Pago de servicios,v2,Lima,18,Pico,316.8,0,4.0
T504920,Consulta de saldo,v2,Lima,4,Normal,38.7,0,4.0
T504921,Consulta de saldo,v1,Arequipa,0,Normal,77.5,0,4.0
T504922,Pago QR,v2,Arequipa,5,Normal,235.9,1,3.0
T504923,Pago de servicios,v1,Lima,4,Normal,448.9,0,4.0
T504924,Pago de servicios,v2,Arequipa,2,Normal,284.4,0,5.0
T504925,Pago QR,v2,Arequipa,16,Normal,121.7,0,4.0
T504926,Pago de servicios,v2,Lima,12,Normal,205.7,0,4.0
T504927,Recarga celular,v1,Trujillo,2,Normal,185.4,0,4.0
T504928,Pago QR,v2,Lima,15,Normal,139.6,0,3.0
T504929,Pago QR,v1,Trujillo,22,Normal,381.7,0,4.0
T504930,Pago QR,v1,Trujillo,4,Normal,246.9,0,4.0
T504931,Transferencia,v2,Lima,15,Normal,319.4,0,3.0
T504932,Transferencia,v1,Trujillo,20,Pico,207.4,0,5.0
T504933,Recarga celular,v1,Lima,21,Pico,225.6,0,3.0
T504934,Transferencia,v2,Lima,23,Normal,177.1,0,2.0
T504935,Consulta de saldo,v1,Trujillo,4,Normal,109.3,0,4.0
T504936,Consulta de saldo,v1,Arequipa,17,Normal,92.7,0,5.0
T504937,Recarga celular,v2,Trujillo,5,Normal,231.0,0,4.0
T504938,Consulta de saldo,v1,Lima,7,Normal,112.4,0,4.0
T504939,Consulta de saldo,v1,Lima,4,Normal,149.0,0,4.0
T504940,Pago de servicios,v2,Trujillo,22,Normal,234.3,0,4.0
T504941,Transferencia,v2,Lima,21,Pico,413.3,0,4.0
T504942,Pago QR,v1,Lima,12,Normal,132.0,0,4.0
T504943,Recarga celular,v2,Arequipa,22,Normal,84.5,0,5.0
T504944,Pago QR,v2,Trujillo,19,Pico,252.9,0,5.0
T504945,Pago QR,v2,Lima,4,Normal,420.3,0,3.0
T504946,Recarga celular,v2,Lima,19,Pico,320.3,0,5.0
T504947,Pago de servicios,v1,Arequipa,3,Normal,238.8,0,3.0
T504948,Consulta de saldo,v2,Trujillo,4,Normal,79.0,0,4.0
T504949,Consulta de saldo,v1,Trujillo,20,Pico,152.0,0,
T504950,Consulta de saldo,v1,Arequipa,15,Normal,96.7,0,4.0
T504951,Recarga celular,v1,Lima,0,Normal,262.3,0,4.0
T504952,Transferencia,v1,Lima,20,Pico,643.4,0,3.0
T504953,Recarga celular,v2,Trujillo,10,Pico,138.0,0,5.0
T504954,Pago QR,v1,Lima,9,Pico,151.1,0,5.0
T504955,Transferencia,v2,Arequipa,14,Normal,148.9,0,5.0
T504956,Consulta de saldo,v2,Lima,5,Normal,107.2,0,4.0
T504957,Transferencia,v2,Trujillo,11,Normal,138.4,0,3.0
T504958,Pago QR,v1,Lima,12,Normal,334.2,0,5.0
T504959,Pago de servicios,v1,Lima,12,Normal,215.7,0,4.0
T504960,Recarga celular,v2,Lima,7,Normal,281.8,0,3.0
T504961,Consulta de saldo,v2,Arequipa,10,Pico,60.9,0,4.0
T504962,Recarga celular,v2,Arequipa,8,Pico,137.8,1,4.0
T504963,Recarga celular,v2,Trujillo,9,Pico,156.2,0,3.0
T504964,Consulta de saldo,v2,Lima,17,Normal,154.6,0,5.0
T504965,Pago de servicios,v2,Trujillo,5,Normal,212.3,0,5.0
T504966,Consulta de saldo,v2,Lima,0,Normal,153.3,0,4.0
T504967,Consulta de saldo,v2,Trujillo,5,Normal,63.6,0,5.0
T504968,Pago QR,v2,Arequipa,5,Normal,72.6,0,5.0
T504969,Consulta de saldo,v2,Lima,19,Pico,97.6,0,5.0
T504970,Consulta de saldo,v2,Lima,22,Normal,84.6,0,4.0
T504971,Pago de servicios,v2,Lima,10,Pico,288.1,0,4.0
T504972,Recarga celular,v1,Lima,10,Pico,152.0,0,5.0
T504973,Pago de servicios,v1,Lima,14,Normal,186.1,1,3.0
T504974,Pago de servicios,v2,Lima,11,Normal,914.9,0,3.0
T504975,Recarga celular,v2,Lima,5,Normal,223.5,0,3.0
T504976,Pago QR,v1,Trujillo,2,Normal,251.8,0,4.0
T504977,Pago de servicios,v2,Trujillo,12,Normal,387.7,0,3.0
T504978,Recarga celular,v2,Lima,17,Normal,210.4,0,4.0
T504979,Recarga celular,v2,Arequipa,10,Pico,147.5,0,4.0
T504980,Pago de servicios,v1,Arequipa,23,Normal,275.6,0,4.0
T504981,Transferencia,v2,Arequipa,1,Normal,327.4,0,4.0
T504982,Consulta de saldo,v2,Trujillo,2,Normal,94.9,0,3.0
T504983,Pago QR,v2,Lima,11,Normal,264.7,0,4.0
T504984,Consulta de saldo,v2,Arequipa,10,Pico,73.0,0,5.0
T504985,Recarga celular,v1,Lima,0,Normal,66.1,0,4.0
T504986,Recarga celular,v2,Trujillo,23,Normal,111.1,0,3.0
T504987,Consulta de saldo,v2,Trujillo,16,Normal,72.2,0,4.0
T504988,Transferencia,v1,Trujillo,7,Normal,289.9,0,3.0
T504989,Recarga celular,v2,Lima,23,Normal,47.4,0,4.0
T504990,Pago QR,v2,Lima,17,Normal,259.6,0,4.0
T504991,Pago QR,v1,Lima,17,Normal,138.9,0,4.0
T504992,Consulta de saldo,v2,Lima,5,Normal,130.1,0,4.0
T504993,Pago de servicios,v2,Arequipa,6,Normal,488.1,0,4.0
T504994,Consulta de saldo,v1,Arequipa,13,Normal,145.0,0,5.0
T504995,Pago de servicios,v1,Arequipa,0,Normal,278.5,0,4.0
T504996,Pago de servicios,v2,Lima,12,Normal,236.6,0,5.0
T504997,Pago QR,v2,Arequipa,3,Normal,168.6,0,5.0
T504998,Transferencia,v2,Lima,13,Normal,359.1,0,4.0
T504999,Consulta de saldo,v2,Arequipa,4,Normal,98.7,0,5.0
T505000,Pago de servicios,v1,Arequipa,18,Pico,274.6,0,3.0
T505001,Pago QR,v1,Trujillo,5,Normal,221.6,0,3.0
T505002,Consulta de saldo,v2,Lima,14,Normal,86.9,0,5.0
T505003,Transferencia,v1,Lima,20,Pico,293.8,0,4.0
T505004,Consulta de saldo,v1,Arequipa,7,Normal,60.9,0,5.0
T505005,Recarga celular,v1,Lima,13,Normal,115.1,0,5.0
T505006,Consulta de saldo,v2,Lima,0,Normal,62.1,0,4.0
T505007,Pago de servicios,v1,Lima,5,Normal,133.8,0,4.0
T505008,Recarga celular,v1,Lima,11,Normal,254.7,0,5.0
T505009,Consulta de saldo,v1,Arequipa,20,Pico,126.9,0,5.0
T505010,Pago de servicios,v2,Arequipa,15,Normal,204.4,0,5.0
T505011,Transferencia,v2,Lima,13,Normal,142.2,0,5.0
T505012,Pago QR,v1,Lima,8,Pico,377.4,0,5.0
T505013,Transferencia,v2,Lima,4,Normal,575.7,0,2.0
T505014,Transferencia,v2,Lima,5,Normal,135.3,0,5.0
T505015,Transferencia,v1,Trujillo,12,Normal,359.3,0,4.0
T505016,Consulta de saldo,v1,Lima,10,Pico,89.0,0,5.0
T505017,Consulta de saldo,v2,Trujillo,2,Normal,134.6,0,5.0
T505018,Recarga celular,v2,Lima,4,Normal,393.8,0,4.0
T505019,Pago QR,v2,Arequipa,18,Pico,170.6,0,4.0
T505020,Pago QR,v1,Lima,20,Pico,217.3,0,4.0
T505021,Pago de servicios,v1,Trujillo,12,Normal,310.3,0,5.0
T505022,Pago de servicios,v2,Arequipa,16,Normal,327.8,0,4.0
T505023,Transferencia,v2,Lima,1,Normal,533.8,0,3.0
T505024,Consulta de saldo,v1,Trujillo,0,Normal,127.9,0,5.0
T505025,Transferencia,v2,Lima,2,Normal,143.7,0,5.0
T505026,Transferencia,v1,Trujillo,20,Pico,349.1,0,3.0
T505027,Pago de servicios,v2,Arequipa,14,Normal,182.0,0,5.0
T505028,Pago QR,v2,Trujillo,14,Normal,206.0,0,5.0
T505029,Recarga celular,v2,Arequipa,9,Pico,156.4,0,4.0
T505030,Consulta de saldo,v1,Arequipa,20,Pico,373.3,0,4.0
T505031,Pago QR,v2,Trujillo,5,Normal,299.6,0,5.0
T505032,Transferencia,v1,Trujillo,15,Normal,253.7,0,3.0
T505033,Consulta de saldo,v2,Arequipa,11,Normal,110.6,0,5.0
T505034,Pago de servicios,v1,Trujillo,15,Normal,221.9,0,
T505035,Consulta de saldo,v2,Arequipa,19,Pico,151.0,0,5.0
T505036,Transferencia,v1,Lima,23,Normal,157.7,0,5.0
T505037,Pago QR,v1,Trujillo,12,Normal,168.9,0,5.0
T505038,Transferencia,v2,Arequipa,1,Normal,201.5,0,4.0
T505039,Transferencia,v2,Arequipa,12,Normal,471.8,0,4.0
T505040,Transferencia,v1,Lima,3,Normal,173.9,0,5.0
T505041,Pago QR,v1,Lima,16,Normal,88.4,0,4.0
T505042,Consulta de saldo,v2,Trujillo,2,Normal,111.9,0,5.0
T505043,Consulta de saldo,v1,Trujillo,11,Normal,78.2,0,5.0
T505044,Consulta de saldo,v2,Lima,18,Pico,134.4,0,4.0
T505045,Transferencia,v1,Arequipa,4,Normal,253.2,0,4.0
T505046,Transferencia,v2,Lima,4,Normal,256.2,0,4.0
T505047,Recarga celular,v1,Lima,18,Pico,387.5,0,4.0
T505048,Pago QR,v2,Arequipa,9,Pico,500.1,0,4.0
T505049,Pago QR,v1,Trujillo,11,Normal,136.3,0,3.0
T505050,Pago QR,v1,Lima,3,Normal,291.5,0,3.0
T505051,Recarga celular,v1,Lima,8,Pico,196.6,0,5.0
T505052,Consulta de saldo,v2,Trujillo,23,Normal,111.5,0,5.0
T505053,Pago QR,v1,Arequipa,3,Normal,357.3,0,4.0
T505054,Consulta de saldo,v1,Lima,14,Normal,93.5,0,3.0
T505055,Consulta de saldo,v2,Trujillo,6,Normal,82.7,0,5.0
T505056,Pago de servicios,v2,Lima,15,Normal,168.0,0,5.0
T505057,Consulta de saldo,v2,Trujillo,1,Normal,200.7,0,4.0
T505058,Consulta de saldo,v1,Trujillo,6,Normal,85.0,0,4.0
T505059,Consulta de saldo,v1,Arequipa,16,Normal,239.2,0,4.0
T505060,Recarga celular,v1,Arequipa,0,Normal,143.1,1,3.0
T505061,Pago QR,v1,Trujillo,21,Pico,245.8,0,4.0
T505062,Pago de servicios,v1,Trujillo,19,Pico,338.9,0,4.0
T505063,Recarga celular,v1,Lima,23,Normal,203.6,0,5.0
T505064,Transferencia,v1,Lima,1,Normal,210.2,0,3.0
T505065,Pago QR,v1,Trujillo,14,Normal,275.7,0,4.0
T505066,Consulta de saldo,v1,Lima,19,Pico,160.2,0,4.0
T505067,Consulta de saldo,v1,Trujillo,21,Pico,217.9,0,4.0
T505068,Transferencia,v1,Arequipa,9,Pico,184.8,0,4.0
T505069,Recarga celular,v1,Arequipa,21,Pico,386.1,0,3.0
T505070,Transferencia,v1,Trujillo,10,Pico,242.1,0,4.0
T505071,Pago QR,v1,Lima,10,Pico,253.5,0,5.0
T505072,Consulta de saldo,v1,Lima,5,Normal,118.0,0,5.0
T505073,Recarga celular,v2,Lima,22,Normal,220.3,0,4.0
T505074,Transferencia,v2,Trujillo,2,Normal,100.7,0,5.0
T505075,Pago QR,v1,Lima,8,Pico,190.6,0,5.0
T505076,Consulta de saldo,v2,Lima,1,Normal,56.4,0,4.0
T505077,Recarga celular,v1,Lima,0,Normal,416.5,0,3.0
T505078,Pago QR,v2,Trujillo,16,Normal,283.3,0,4.0
T505079,Pago de servicios,v1,Trujillo,12,Normal,483.4,0,5.0
T505080,Pago QR,v2,Arequipa,3,Normal,202.2,0,4.0
T505081,Pago de servicios,v2,Arequipa,14,Normal,172.9,0,5.0
T505082,Pago QR,v1,Lima,1,Normal,254.9,0,4.0
T505083,Transferencia,v1,Lima,7,Normal,170.7,0,3.0
T505084,Pago de servicios,v2,Trujillo,2,Normal,322.7,0,5.0
T505085,Pago de servicios,v1,Trujillo,22,Normal,553.7,0,4.0
T505086,Pago QR,v1,Arequipa,7,Normal,207.2,0,4.0
T505087,Recarga celular,v1,Lima,0,Normal,133.4,0,5.0
T505088,Transferencia,v1,Trujillo,10,Pico,517.1,0,4.0
T505089,Pago QR,v2,Arequipa,2,Normal,335.4,0,
T505090,Transferencia,v2,Lima,16,Normal,175.0,0,5.0
T505091,Pago de servicios,v1,Trujillo,11,Normal,187.2,0,4.0
T505092,Consulta de saldo,v1,Trujillo,16,Normal,73.0,0,5.0
T505093,Transferencia,v1,Trujillo,14,Normal,437.1,0,5.0
T505094,Transferencia,v1,Trujillo,16,Normal,348.3,0,4.0
T505095,Pago QR,v2,Lima,14,Normal,148.8,0,4.0
T505096,Transferencia,v2,Lima,21,Pico,352.0,0,3.0
T505097,Pago QR,v2,Trujillo,17,Normal,125.7,0,4.0
T505098,Pago QR,v1,Lima,22,Normal,169.4,0,4.0
T505099,Pago QR,v1,Lima,6,Normal,123.4,0,4.0
T505100,Pago QR,v2,Arequipa,13,Normal,241.4,0,5.0
T505101,Pago de servicios,v1,Trujillo,11,Normal,234.7,0,3.0
T505102,Recarga celular,v2,Lima,14,Normal,152.1,0,4.0
T505103,Pago de servicios,v1,Arequipa,7,Normal,293.8,0,4.0
T505104,Transferencia,v2,Arequipa,10,Pico,482.3,1,3.0
T505105,Consulta de saldo,v2,Lima,5,Normal,47.0,0,5.0
T505106,Pago de servicios,v2,Lima,4,Normal,153.5,0,5.0
T505107,Pago de servicios,v2,Trujillo,15,Normal,476.1,0,5.0
T505108,Pago QR,v2,Lima,4,Normal,80.3,0,4.0
T505109,Pago QR,v2,Lima,21,Pico,312.3,0,3.0
T505110,Transferencia,v1,Arequipa,16,Normal,145.4,0,
T505111,Pago QR,v2,Lima,8,Pico,132.1,0,4.0
T505112,Transferencia,v2,Lima,22,Normal,133.2,0,5.0
T505113,Consulta de saldo,v1,Trujillo,1,Normal,160.4,0,5.0
T505114,Transferencia,v2,Lima,15,Normal,190.1,0,3.0
T505115,Consulta de saldo,v2,Lima,3,Normal,77.6,0,4.0
T505116,Transferencia,v2,Lima,23,Normal,173.4,0,4.0
T505117,Consulta de saldo,v1,Lima,17,Normal,204.6,0,5.0
T505118,Pago QR,v2,Arequipa,14,Normal,203.7,0,5.0
T505119,Transferencia,v2,Trujillo,12,Normal,74.5,0,4.0
T505120,Consulta de saldo,v2,Arequipa,3,Normal,114.9,0,5.0
T505121,Transferencia,v1,Lima,4,Normal,300.3,0,4.0
T505122,Transferencia,v2,Lima,15,Normal,238.8,0,4.0
T505123,Consulta de saldo,v1,Arequipa,10,Pico,57.4,0,5.0
T505124,Pago QR,v2,Lima,10,Pico,156.5,0,4.0
T505125,Consulta de saldo,v2,Arequipa,23,Normal,162.0,0,5.0
T505126,Consulta de saldo,v2,Arequipa,4,Normal,188.6,0,3.0
T505127,Consulta de saldo,v2,Trujillo,18,Pico,75.6,0,5.0
T505128,Consulta de saldo,v2,Arequipa,20,Pico,158.9,0,4.0
T505129,Recarga celular,v2,Lima,22,Normal,147.1,0,3.0
T505130,Recarga celular,v2,Lima,11,Normal,121.3,0,4.0
T505131,Consulta de saldo,v2,Arequipa,13,Normal,157.0,0,4.0
T505132,Consulta de saldo,v1,Lima,5,Normal,62.4,0,5.0
T505133,Pago QR,v2,Trujillo,13,Normal,124.5,0,4.0
T505134,Transferencia,v2,Trujillo,5,Normal,210.2,0,5.0
T505135,Pago QR,v2,Arequipa,18,Pico,182.1,0,3.0
T505136,Pago QR,v1,Lima,17,Normal,207.3,0,4.0
T505137,Consulta de saldo,v2,Lima,17,Normal,93.1,0,4.0
T505138,Consulta de saldo,v2,Trujillo,8,Pico,162.0,0,4.0
T505139,Consulta de saldo,v2,Lima,18,Pico,109.9,0,5.0
T505140,Pago QR,v1,Lima,0,Normal,109.8,0,4.0
T505141,Transferencia,v2,Trujillo,12,Normal,165.9,0,5.0
T505142,Pago QR,v1,Trujillo,22,Normal,306.0,0,3.0
T505143,Pago QR,v2,Lima,5,Normal,108.8,0,5.0
T505144,Consulta de saldo,v1,Lima,10,Pico,139.4,0,5.0
T505145,Pago QR,v2,Arequipa,22,Normal,482.6,0,4.0
T505146,Consulta de saldo,v1,Trujillo,21,Pico,128.6,0,3.0
T505147,Recarga celular,v2,Arequipa,2,Normal,86.7,0,5.0
T505148,Transferencia,v2,Lima,2,Normal,161.2,0,5.0
T505149,Transferencia,v1,Lima,3,Normal,337.2,0,3.0
T505150,Pago QR,v1,Arequipa,5,Normal,243.7,0,4.0
T505151,Pago de servicios,v2,Lima,22,Normal,184.5,0,
T505152,Pago QR,v2,Lima,22,Normal,131.3,0,4.0
T505153,Pago QR,v2,Lima,9,Pico,156.2,0,5.0
T505154,Consulta de saldo,v1,Lima,11,Normal,38.5,0,4.0
T505155,Transferencia,v2,Arequipa,1,Normal,402.5,0,4.0
T505156,Recarga celular,v1,Lima,8,Pico,192.3,0,4.0
T505157,Pago de servicios,v1,Arequipa,23,Normal,242.3,0,4.0
T505158,Pago QR,v1,Arequipa,17,Normal,77.9,0,5.0
T505159,Recarga celular,v2,Lima,15,Normal,153.3,0,4.0
T505160,Consulta de saldo,v2,Arequipa,5,Normal,129.2,0,4.0
T505161,Recarga celular,v2,Arequipa,7,Normal,285.8,0,4.0
T505162,Pago QR,v2,Arequipa,1,Normal,220.4,0,4.0
T505163,Pago QR,v2,Trujillo,18,Pico,261.9,0,3.0
T505164,Pago QR,v1,Lima,15,Normal,148.9,0,5.0
T505165,Pago QR,v2,Lima,2,Normal,178.8,0,4.0
T505166,Pago de servicios,v2,Arequipa,13,Normal,320.1,0,4.0
T505167,Pago QR,v1,Lima,0,Normal,206.3,0,5.0
T505168,Pago QR,v1,Lima,6,Normal,333.3,0,4.0
T505169,Pago de servicios,v2,Lima,22,Normal,230.6,0,4.0
T505170,Pago de servicios,v1,Lima,14,Normal,252.8,0,4.0
T505171,Transferencia,v1,Trujillo,22,Normal,385.0,0,4.0
T505172,Pago QR,v2,Lima,7,Normal,533.4,0,3.0
T505173,Pago QR,v1,Lima,20,Pico,183.0,0,5.0
T505174,Pago QR,v1,Arequipa,22,Normal,184.2,0,4.0
T505175,Recarga celular,v1,Trujillo,18,Pico,362.5,0,3.0
T505176,Transferencia,v1,Lima,10,Pico,175.5,0,3.0
T505177,Pago QR,v2,Lima,3,Normal,189.3,0,5.0
T505178,Transferencia,v1,Lima,18,Pico,179.1,0,3.0
T505179,Transferencia,v1,Arequipa,21,Pico,556.7,0,3.0
T505180,Transferencia,v2,Lima,4,Normal,258.2,0,4.0
T505181,Pago QR,v1,Lima,5,Normal,182.6,0,5.0
T505182,Pago QR,v1,Trujillo,15,Normal,120.8,0,4.0
T505183,Pago QR,v1,Lima,18,Pico,239.9,0,4.0
T505184,Pago de servicios,v1,Arequipa,12,Normal,291.9,0,4.0
T505185,Transferencia,v2,Lima,22,Normal,225.7,0,3.0
T505186,Pago QR,v2,Arequipa,4,Normal,214.4,1,3.0
T505187,Pago de servicios,v2,Arequipa,11,Normal,336.8,0,4.0
T505188,Pago de servicios,v2,Lima,22,Normal,91.9,0,5.0
T505189,Consulta de saldo,v2,Arequipa,15,Normal,185.4,0,4.0
T505190,Pago QR,v1,Lima,13,Normal,147.1,0,5.0
T505191,Recarga celular,v1,Arequipa,22,Normal,131.0,0,4.0
T505192,Recarga celular,v1,Lima,22,Normal,154.7,0,5.0
T505193,Transferencia,v2,Lima,12,Normal,240.5,0,4.0
T505194,Recarga celular,v2,Arequipa,17,Normal,128.1,0,4.0
T505195,Transferencia,v2,Arequipa,22,Normal,231.6,0,3.0
T505196,Transferencia,v2,Arequipa,12,Normal,254.1,0,4.0
T505197,Pago de servicios,v1,Arequipa,6,Normal,383.0,0,3.0
T505198,Transferencia,v2,Arequipa,21,Pico,274.4,0,4.0
T505199,Pago de servicios,v1,Trujillo,16,Normal,368.1,0,4.0
T505200,Pago de servicios,v1,Lima,23,Normal,251.8,0,4.0
T505201,Pago QR,v2,Lima,19,Pico,94.8,0,5.0
T505202,Consulta de saldo,v1,Lima,2,Normal,122.2,0,5.0
T505203,Pago QR,v1,Trujillo,10,Pico,287.1,0,5.0
T505204,Consulta de saldo,v1,Lima,20,Pico,41.1,0,3.0
T505205,Transferencia,v2,Lima,2,Normal,387.3,1,2.0
T505206,Consulta de saldo,v1,Lima,4,Normal,245.5,0,5.0
T505207,Pago de servicios,v1,Trujillo,12,Normal,241.6,0,4.0
T505208,Pago de servicios,v2,Trujillo,0,Normal,393.7,0,3.0
T505209,Transferencia,v2,Trujillo,17,Normal,801.7,0,3.0
T505210,Pago QR,v1,Lima,8,Pico,686.1,0,2.0
T505211,Recarga celular,v1,Lima,21,Pico,349.1,0,4.0
T505212,Pago QR,v2,Lima,18,Pico,129.2,0,5.0
T505213,Pago QR,v2,Trujillo,13,Normal,146.8,0,4.0
T505214,Transferencia,v2,Arequipa,5,Normal,471.4,0,4.0
T505215,Pago QR,v2,Trujillo,18,Pico,307.8,0,4.0
T505216,Transferencia,v2,Trujillo,5,Normal,254.5,0,4.0
T505217,Pago QR,v2,Lima,9,Pico,429.6,0,
T505218,Transferencia,v2,Lima,11,Normal,212.4,0,4.0
T505219,Transferencia,v2,Lima,15,Normal,333.6,1,3.0
T505220,Transferencia,v1,Arequipa,23,Normal,481.2,0,5.0
T505221,Pago QR,v2,Arequipa,16,Normal,202.2,0,5.0
T505222,Transferencia,v1,Trujillo,6,Normal,204.0,0,4.0
T505223,Pago de servicios,v1,Arequipa,10,Pico,543.4,0,3.0
T505224,Pago de servicios,v1,Lima,17,Normal,366.4,0,4.0
T505225,Consulta de saldo,v1,Arequipa,4,Normal,230.1,0,3.0
T505226,Pago de servicios,v1,Trujillo,4,Normal,173.0,0,3.0
T505227,Recarga celular,v1,Arequipa,6,Normal,176.0,0,4.0
T505228,Transferencia,v2,Arequipa,5,Normal,568.3,0,3.0
T505229,Transferencia,v2,Arequipa,11,Normal,209.2,0,4.0
T505230,Pago de servicios,v1,Arequipa,23,Normal,369.0,0,4.0
T505231,Pago QR,v1,Arequipa,23,Normal,197.7,0,5.0
T505232,Recarga celular,v1,Lima,0,Normal,131.4,0,5.0
T505233,Consulta de saldo,v1,Lima,19,Pico,103.7,0,5.0
T505234,Pago QR,v1,Trujillo,17,Normal,168.6,0,4.0
T505235,Recarga celular,v2,Lima,3,Normal,180.9,0,5.0
T505236,Pago de servicios,v2,Arequipa,19,Pico,190.6,0,4.0
T505237,Recarga celular,v2,Trujillo,20,Pico,422.2,0,3.0
T505238,Pago QR,v2,Arequipa,11,Normal,228.7,0,
T505239,Pago QR,v1,Trujillo,16,Normal,450.3,0,4.0
T505240,Pago QR,v1,Lima,5,Normal,224.5,0,3.0
T505241,Pago de servicios,v2,Lima,2,Normal,329.3,0,4.0
T505242,Transferencia,v2,Lima,5,Normal,176.0,0,5.0
T505243,Pago QR,v1,Arequipa,16,Normal,116.9,0,4.0
T505244,Pago QR,v1,Arequipa,12,Normal,222.3,0,5.0
T505245,Transferencia,v1,Trujillo,8,Pico,334.3,0,4.0
T505246,Transferencia,v2,Lima,9,Pico,261.0,0,5.0
T505247,Consulta de saldo,v1,Arequipa,6,Normal,292.7,0,4.0
T505248,Recarga celular,v2,Lima,7,Normal,198.0,1,2.0
T505249,Consulta de saldo,v1,Arequipa,20,Pico,171.8,0,3.0
T505250,Pago de servicios,v1,Lima,12,Normal,440.5,0,4.0
T505251,Transferencia,v2,Lima,9,Pico,328.5,0,5.0
T505252,Transferencia,v1,Lima,4,Normal,140.4,0,4.0
T505253,Consulta de saldo,v1,Lima,21,Pico,219.3,0,4.0
T505254,Transferencia,v2,Trujillo,10,Pico,326.8,0,4.0
T505255,Pago de servicios,v1,Arequipa,23,Normal,532.0,0,3.0
T505256,Transferencia,v1,Arequipa,1,Normal,287.3,0,5.0
T505257,Recarga celular,v1,Lima,0,Normal,235.3,0,4.0
T505258,Consulta de saldo,v2,Lima,22,Normal,124.0,0,3.0
T505259,Consulta de saldo,v1,Lima,12,Normal,115.6,0,4.0
T505260,Transferencia,v1,Trujillo,11,Normal,304.3,0,4.0
T505261,Recarga celular,v1,Lima,18,Pico,402.9,0,3.0
T505262,Pago QR,v2,Lima,21,Pico,123.5,0,4.0
T505263,Transferencia,v1,Lima,20,Pico,419.7,0,4.0
T505264,Pago de servicios,v1,Lima,1,Normal,247.8,0,4.0
T505265,Pago QR,v1,Arequipa,14,Normal,310.0,0,4.0
T505266,Pago de servicios,v1,Arequipa,11,Normal,410.9,0,4.0
T505267,Recarga celular,v2,Arequipa,14,Normal,83.7,0,5.0
T505268,Pago QR,v1,Lima,5,Normal,302.7,0,3.0
T505269,Pago QR,v2,Arequipa,5,Normal,140.3,0,5.0
T505270,Consulta de saldo,v2,Lima,23,Normal,145.3,0,4.0
T505271,Pago de servicios,v1,Lima,22,Normal,223.4,0,3.0
T505272,Pago QR,v2,Arequipa,7,Normal,119.0,0,4.0
T505273,Consulta de saldo,v2,Arequipa,12,Normal,129.4,0,5.0
T505274,Recarga celular,v2,Lima,14,Normal,214.4,0,5.0
T505275,Transferencia,v2,Trujillo,7,Normal,476.9,0,4.0
T505276,Pago de servicios,v1,Arequipa,2,Normal,717.0,0,2.0
T505277,Transferencia,v1,Arequipa,22,Normal,337.7,0,4.0
T505278,Recarga celular,v1,Lima,15,Normal,193.3,0,3.0
T505279,Pago QR,v1,Trujillo,3,Normal,292.6,0,5.0
T505280,Recarga celular,v2,Trujillo,14,Normal,182.9,0,5.0
T505281,Transferencia,v2,Lima,14,Normal,233.7,0,5.0
T505282,Pago QR,v1,Lima,8,Pico,277.4,0,3.0
T505283,Recarga celular,v2,Lima,17,Normal,157.5,0,4.0
T505284,Pago de servicios,v1,Trujillo,14,Normal,254.1,0,4.0
T505285,Pago de servicios,v1,Arequipa,19,Pico,386.6,0,4.0
T505286,Transferencia,v1,Arequipa,20,Pico,161.8,0,4.0
T505287,Pago QR,v1,Lima,15,Normal,317.4,0,4.0
T505288,Pago de servicios,v1,Trujillo,0,Normal,170.3,0,4.0
T505289,Consulta de saldo,v1,Arequipa,7,Normal,141.4,0,4.0
T505290,Pago de servicios,v1,Lima,11,Normal,192.6,0,5.0
T505291,Pago QR,v1,Trujillo,0,Normal,191.2,0,4.0
T505292,Transferencia,v2,Trujillo,0,Normal,144.5,0,3.0
T505293,Pago QR,v1,Lima,14,Normal,158.5,0,4.0
T505294,Transferencia,v2,Lima,16,Normal,214.6,0,4.0
T505295,Consulta de saldo,v1,Arequipa,7,Normal,89.5,0,4.0
T505296,Pago QR,v1,Lima,11,Normal,78.1,0,5.0
T505297,Transferencia,v1,Lima,8,Pico,276.2,0,5.0
T505298,Consulta de saldo,v2,Lima,17,Normal,258.5,0,4.0
T505299,Transferencia,v2,Arequipa,22,Normal,250.6,0,4.0
T505300,Transferencia,v1,Lima,17,Normal,395.8,0,4.0
T505301,Consulta de saldo,v2,Arequipa,23,Normal,209.0,0,4.0
T505302,Consulta de saldo,v2,Arequipa,21,Pico,38.1,0,5.0
T505303,Transferencia,v1,Lima,2,Normal,143.2,0,5.0
T505304,Recarga celular,v2,Trujillo,14,Normal,106.9,0,4.0
T505305,Transferencia,v1,Arequipa,22,Normal,241.7,0,3.0
T505306,Pago QR,v1,Lima,18,Pico,216.8,0,5.0
T505307,Transferencia,v2,Lima,5,Normal,374.0,0,3.0
T505308,Pago de servicios,v1,Arequipa,17,Normal,147.0,0,5.0
T505309,Recarga celular,v2,Lima,7,Normal,239.1,0,4.0
T505310,Pago QR,v2,Arequipa,3,Normal,316.4,0,4.0
T505311,Consulta de saldo,v2,Trujillo,15,Normal,71.2,0,5.0
T505312,Recarga celular,v1,Trujillo,20,Pico,415.1,0,5.0
T505313,Pago de servicios,v2,Trujillo,7,Normal,715.7,0,
T505314,Pago QR,v2,Lima,20,Pico,118.8,0,3.0
T505315,Consulta de saldo,v2,Arequipa,21,Pico,229.0,0,5.0
T505316,Pago de servicios,v1,Trujillo,0,Normal,241.5,0,5.0
T505317,Pago de servicios,v2,Trujillo,14,Normal,192.7,0,5.0
T505318,Pago de servicios,v1,Trujillo,0,Normal,126.3,0,5.0
T505319,Consulta de saldo,v1,Lima,1,Normal,92.5,0,4.0
T505320,Pago QR,v1,Trujillo,17,Normal,144.7,0,4.0
T505321,Recarga celular,v2,Lima,2,Normal,194.1,0,4.0
T505322,Pago QR,v1,Lima,17,Normal,83.2,0,4.0
T505323,Pago QR,v1,Lima,20,Pico,324.7,0,4.0
T505324,Pago de servicios,v1,Lima,15,Normal,292.9,0,5.0
T505325,Pago de servicios,v1,Trujillo,4,Normal,304.0,0,4.0
T505326,Transferencia,v1,Lima,7,Normal,202.9,0,3.0
T505327,Pago QR,v2,Trujillo,19,Pico,278.3,0,4.0
T505328,Transferencia,v2,Trujillo,0,Normal,307.6,0,3.0
T505329,Pago QR,v1,Trujillo,22,Normal,537.7,0,3.0
T505330,Pago QR,v2,Arequipa,22,Normal,115.2,0,4.0
T505331,Recarga celular,v1,Arequipa,11,Normal,113.2,0,5.0
T505332,Transferencia,v1,Lima,12,Normal,173.1,0,5.0
T505333,Consulta de saldo,v2,Arequipa,7,Normal,74.9,0,4.0
T505334,Recarga celular,v1,Lima,9,Pico,231.6,0,4.0
T505335,Consulta de saldo,v1,Lima,11,Normal,108.3,0,5.0
T505336,Transferencia,v2,Lima,10,Pico,174.0,0,5.0
T505337,Pago QR,v1,Lima,8,Pico,246.9,0,3.0
T505338,Transferencia,v1,Lima,9,Pico,249.0,1,3.0
T505339,Recarga celular,v1,Lima,22,Normal,149.0,0,5.0
T505340,Consulta de saldo,v2,Arequipa,21,Pico,120.5,0,5.0
T505341,Transferencia,v1,Lima,6,Normal,266.9,0,3.0
T505342,Pago QR,v2,Lima,21,Pico,207.5,0,4.0
T505343,Transferencia,v1,Trujillo,18,Pico,161.1,0,5.0
T505344,Pago QR,v2,Arequipa,16,Normal,164.1,0,4.0
T505345,Transferencia,v2,Lima,21,Pico,506.6,0,4.0
T505346,Pago QR,v1,Lima,5,Normal,73.9,0,5.0
T505347,Consulta de saldo,v1,Lima,9,Pico,139.9,0,5.0
T505348,Consulta de saldo,v2,Lima,22,Normal,210.4,0,4.0
T505349,Consulta de saldo,v1,Lima,13,Normal,137.8,0,4.0
T505350,Pago de servicios,v1,Trujillo,4,Normal,406.7,0,4.0
T505351,Pago QR,v1,Arequipa,13,Normal,250.8,0,4.0
T505352,Transferencia,v2,Lima,20,Pico,690.0,0,2.0
T505353,Consulta de saldo,v2,Arequipa,0,Normal,159.0,0,5.0
T505354,Consulta de saldo,v1,Trujillo,9,Pico,1936.8,0,1.0
T505355,Transferencia,v2,Arequipa,20,Pico,279.8,0,4.0
T505356,Consulta de saldo,v2,Lima,8,Pico,119.9,0,4.0
T505357,Recarga celular,v1,Lima,18,Pico,216.6,0,4.0
T505358,Pago de servicios,v2,Trujillo,10,Pico,340.2,0,4.0
T505359,Recarga celular,v2,Lima,17,Normal,123.3,0,4.0
T505360,Pago de servicios,v1,Trujillo,0,Normal,283.2,0,4.0
T505361,Transferencia,v2,Lima,14,Normal,149.7,0,4.0
T505362,Recarga celular,v1,Trujillo,0,Normal,268.3,0,5.0
T505363,Transferencia,v1,Lima,22,Normal,169.8,0,4.0
T505364,Consulta de saldo,v1,Lima,2,Normal,228.4,0,4.0
T505365,Pago QR,v1,Lima,10,Pico,286.8,0,4.0
T505366,Pago QR,v1,Lima,21,Pico,194.3,0,5.0
T505367,Transferencia,v1,Trujillo,6,Normal,217.3,0,4.0
T505368,Consulta de saldo,v2,Arequipa,14,Normal,177.6,0,5.0
T505369,Recarga celular,v1,Lima,3,Normal,274.2,0,4.0
T505370,Pago de servicios,v1,Lima,5,Normal,528.6,0,3.0
T505371,Pago de servicios,v1,Arequipa,18,Pico,514.1,0,5.0
T505372,Pago QR,v2,Lima,11,Normal,218.8,0,5.0
T505373,Transferencia,v1,Lima,3,Normal,145.6,0,4.0
T505374,Consulta de saldo,v1,Lima,9,Pico,103.9,0,3.0
T505375,Recarga celular,v1,Trujillo,12,Normal,177.5,0,4.0
T505376,Pago QR,v1,Lima,23,Normal,117.8,0,5.0
T505377,Pago QR,v1,Arequipa,4,Normal,343.8,0,3.0
T505378,Pago QR,v1,Trujillo,8,Pico,337.2,0,4.0
T505379,Consulta de saldo,v2,Lima,1,Normal,115.1,1,4.0
T505380,Recarga celular,v2,Trujillo,23,Normal,79.6,0,5.0
T505381,Transferencia,v1,Lima,13,Normal,759.5,0,3.0
T505382,Recarga celular,v2,Arequipa,20,Pico,179.4,1,2.0
T505383,Pago de servicios,v1,Arequipa,12,Normal,472.0,0,2.0
T505384,Pago de servicios,v2,Trujillo,4,Normal,213.3,0,4.0
T505385,Pago QR,v2,Arequipa,22,Normal,170.8,0,4.0
T505386,Pago QR,v2,Lima,13,Normal,110.7,0,5.0
T505387,Pago QR,v2,Lima,5,Normal,275.9,0,4.0
T505388,Transferencia,v2,Lima,21,Pico,287.2,0,4.0
T505389,Pago de servicios,v1,Trujillo,11,Normal,205.6,0,3.0
T505390,Transferencia,v1,Lima,12,Normal,203.8,0,4.0
T505391,Transferencia,v2,Lima,5,Normal,279.7,0,5.0
T505392,Pago QR,v1,Lima,15,Normal,246.3,0,4.0
T505393,Pago QR,v2,Lima,14,Normal,112.6,0,5.0
T505394,Pago de servicios,v1,Lima,6,Normal,230.8,0,4.0
T505395,Transferencia,v1,Lima,14,Normal,327.5,0,4.0
T505396,Transferencia,v2,Lima,21,Pico,304.2,0,4.0
T505397,Pago de servicios,v2,Lima,16,Normal,191.5,0,5.0
T505398,Transferencia,v2,Trujillo,1,Normal,249.2,0,5.0
T505399,Consulta de saldo,v2,Arequipa,22,Normal,27.2,0,5.0
T505400,Pago QR,v2,Lima,4,Normal,422.1,0,3.0
T505401,Recarga celular,v2,Arequipa,9,Pico,210.5,0,5.0
T505402,Consulta de saldo,v1,Trujillo,19,Pico,112.2,0,4.0
T505403,Transferencia,v2,Arequipa,10,Pico,340.4,0,4.0
T505404,Transferencia,v2,Trujillo,21,Pico,330.5,0,4.0
T505405,Consulta de saldo,v2,Lima,1,Normal,166.0,0,4.0
T505406,Pago QR,v2,Trujillo,15,Normal,53.6,0,5.0
T505407,Pago QR,v1,Trujillo,12,Normal,292.0,0,4.0
T505408,Pago de servicios,v1,Arequipa,6,Normal,476.6,0,4.0
T505409,Pago QR,v1,Arequipa,4,Normal,64.1,0,4.0
T505410,Pago de servicios,v1,Trujillo,14,Normal,346.2,0,4.0
T505411,Consulta de saldo,v1,Trujillo,2,Normal,71.1,0,4.0
T505412,Recarga celular,v2,Lima,7,Normal,79.6,0,2.0
T505413,Consulta de saldo,v1,Lima,6,Normal,102.8,0,4.0
T505414,Transferencia,v2,Trujillo,14,Normal,192.0,0,5.0
T505415,Transferencia,v1,Lima,19,Pico,290.3,0,4.0
T505416,Pago QR,v1,Trujillo,3,Normal,201.8,0,5.0
T505417,Recarga celular,v2,Arequipa,6,Normal,173.6,0,4.0
T505418,Consulta de saldo,v1,Lima,0,Normal,134.9,0,4.0
T505419,Consulta de saldo,v1,Lima,15,Normal,49.0,0,4.0
T505420,Pago QR,v2,Trujillo,20,Pico,523.2,0,5.0
T505421,Recarga celular,v1,Lima,6,Normal,100.9,0,4.0
T505422,Transferencia,v2,Lima,15,Normal,130.8,1,3.0
T505423,Consulta de saldo,v1,Lima,11,Normal,151.6,0,5.0
T505424,Pago de servicios,v2,Lima,5,Normal,558.8,0,3.0
T505425,Pago de servicios,v1,Lima,16,Normal,543.9,0,3.0
T505426,Transferencia,v1,Lima,11,Normal,188.9,0,4.0
T505427,Consulta de saldo,v1,Arequipa,20,Pico,210.4,0,5.0
T505428,Pago QR,v2,Trujillo,13,Normal,216.9,0,5.0
T505429,Transferencia,v2,Lima,12,Normal,304.9,0,5.0
T505430,Consulta de saldo,v1,Lima,7,Normal,44.3,0,5.0
T505431,Recarga celular,v1,Arequipa,7,Normal,254.5,0,4.0
T505432,Pago QR,v2,Lima,10,Pico,234.4,0,5.0
T505433,Transferencia,v1,Lima,15,Normal,276.9,0,4.0
T505434,Pago de servicios,v2,Lima,0,Normal,450.2,0,2.0
T505435,Transferencia,v2,Lima,19,Pico,187.1,0,5.0
T505436,Consulta de saldo,v1,Arequipa,7,Normal,45.2,0,5.0
T505437,Recarga celular,v2,Trujillo,15,Normal,415.0,0,3.0
T505438,Transferencia,v2,Lima,8,Pico,423.5,0,3.0
T505439,Consulta de saldo,v1,Trujillo,18,Pico,85.4,1,3.0
T505440,Recarga celular,v2,Lima,6,Normal,126.9,0,4.0
T505441,Consulta de saldo,v2,Lima,1,Normal,918.9,0,3.0
T505442,Recarga celular,v1,Lima,10,Pico,42.8,0,5.0
T505443,Recarga celular,v1,Lima,18,Pico,227.9,0,3.0
T505444,Recarga celular,v1,Arequipa,3,Normal,102.4,0,5.0
T505445,Pago QR,v1,Trujillo,8,Pico,244.4,0,4.0
T505446,Pago de servicios,v2,Lima,14,Normal,154.4,0,5.0
T505447,Transferencia,v1,Trujillo,22,Normal,276.1,0,4.0
T505448,Recarga celular,v1,Lima,11,Normal,468.7,0,3.0
T505449,Pago QR,v2,Arequipa,20,Pico,205.4,0,3.0
T505450,Pago de servicios,v1,Lima,14,Normal,252.2,0,4.0
T505451,Pago de servicios,v1,Lima,21,Pico,300.5,0,4.0
T505452,Pago QR,v2,Lima,1,Normal,205.7,0,4.0
T505453,Transferencia,v1,Trujillo,21,Pico,374.6,0,5.0
T505454,Consulta de saldo,v1,Trujillo,12,Normal,152.0,0,4.0
T505455,Consulta de saldo,v2,Lima,3,Normal,29.0,0,4.0
T505456,Pago de servicios,v2,Lima,13,Normal,272.0,0,4.0
T505457,Pago de servicios,v2,Lima,2,Normal,419.0,0,3.0
T505458,Transferencia,v1,Lima,18,Pico,302.7,0,4.0
T505459,Transferencia,v2,Lima,4,Normal,197.8,0,4.0
T505460,Pago de servicios,v1,Lima,8,Pico,233.5,0,5.0
T505461,Pago QR,v1,Trujillo,4,Normal,306.7,0,4.0
T505462,Recarga celular,v2,Trujillo,18,Pico,195.3,0,5.0
T505463,Consulta de saldo,v1,Lima,7,Normal,46.5,0,4.0
T505464,Pago de servicios,v2,Lima,1,Normal,230.3,0,4.0
T505465,Transferencia,v2,Lima,3,Normal,269.4,0,4.0
T505466,Transferencia,v2,Trujillo,15,Normal,333.0,0,4.0
T505467,Transferencia,v2,Lima,14,Normal,223.1,0,3.0
T505468,Transferencia,v1,Arequipa,22,Normal,158.1,0,5.0
T505469,Pago QR,v1,Trujillo,11,Normal,116.8,0,5.0
T505470,Pago de servicios,v2,Lima,17,Normal,199.3,0,4.0
T505471,Pago QR,v1,Trujillo,17,Normal,171.9,0,5.0
T505472,Recarga celular,v1,Trujillo,0,Normal,104.8,0,5.0
T505473,Recarga celular,v1,Arequipa,7,Normal,244.2,0,4.0
T505474,Pago de servicios,v2,Lima,17,Normal,149.3,0,4.0
T505475,Transferencia,v2,Lima,21,Pico,478.9,0,4.0
T505476,Consulta de saldo,v2,Lima,4,Normal,67.0,0,5.0
T505477,Consulta de saldo,v1,Arequipa,4,Normal,125.2,0,
T505478,Consulta de saldo,v2,Arequipa,23,Normal,471.5,0,2.0
T505479,Transferencia,v1,Trujillo,6,Normal,547.9,0,3.0
T505480,Pago QR,v1,Trujillo,21,Pico,471.0,0,4.0
T505481,Consulta de saldo,v1,Trujillo,13,Normal,89.3,0,5.0
T505482,Transferencia,v1,Lima,0,Normal,390.7,0,4.0
T505483,Consulta de saldo,v1,Trujillo,2,Normal,43.0,1,4.0
T505484,Recarga celular,v1,Lima,10,Pico,254.0,0,5.0
T505485,Pago QR,v2,Lima,9,Pico,188.7,0,4.0
T505486,Consulta de saldo,v1,Lima,5,Normal,57.4,0,5.0
T505487,Pago de servicios,v2,Trujillo,21,Pico,204.6,0,4.0
T505488,Consulta de saldo,v2,Trujillo,20,Pico,67.4,0,5.0
T505489,Transferencia,v1,Lima,11,Normal,318.8,0,4.0
T505490,Pago QR,v2,Lima,13,Normal,229.2,1,3.0
T505491,Recarga celular,v1,Arequipa,11,Normal,259.9,0,4.0
T505492,Consulta de saldo,v2,Trujillo,10,Pico,259.9,0,5.0
T505493,Pago de servicios,v2,Lima,12,Normal,204.2,0,4.0
T505494,Pago QR,v2,Lima,11,Normal,145.9,0,4.0
T505495,Pago QR,v1,Trujillo,22,Normal,235.3,0,4.0
T505496,Pago QR,v2,Trujillo,12,Normal,244.8,1,3.0
T505497,Consulta de saldo,v2,Trujillo,7,Normal,119.4,0,5.0
T505498,Pago QR,v1,Trujillo,8,Pico,414.4,0,4.0
T505499,Transferencia,v2,Lima,1,Normal,303.8,0,5.0
T505500,Consulta de saldo,v1,Trujillo,18,Pico,115.3,0,5.0
T505501,Transferencia,v2,Arequipa,18,Pico,802.5,0,3.0
T505502,Recarga celular,v1,Lima,0,Normal,106.3,0,3.0
T505503,Pago de servicios,v2,Trujillo,8,Pico,323.1,0,4.0
T505504,Pago QR,v1,Trujillo,21,Pico,205.0,0,4.0
T505505,Transferencia,v2,Trujillo,10,Pico,584.8,0,3.0
T505506,Recarga celular,v1,Lima,19,Pico,253.9,0,3.0
T505507,Consulta de saldo,v1,Arequipa,12,Normal,181.0,0,5.0
T505508,Pago de servicios,v1,Arequipa,7,Normal,675.8,0,3.0
T505509,Recarga celular,v2,Lima,10,Pico,159.3,0,5.0
T505510,Consulta de saldo,v2,Lima,4,Normal,109.4,0,4.0
T505511,Recarga celular,v2,Trujillo,16,Normal,60.2,0,4.0
T505512,Transferencia,v2,Lima,6,Normal,280.1,0,4.0
T505513,Pago QR,v1,Lima,8,Pico,556.3,0,4.0
T505514,Pago QR,v2,Lima,1,Normal,108.7,0,4.0
T505515,Pago QR,v2,Lima,15,Normal,398.6,0,4.0
T505516,Consulta de saldo,v1,Arequipa,18,Pico,98.9,0,3.0
T505517,Consulta de saldo,v2,Trujillo,11,Normal,156.6,0,5.0
T505518,Transferencia,v2,Lima,1,Normal,124.0,0,4.0
T505519,Pago QR,v1,Lima,14,Normal,170.6,0,5.0
T505520,Pago de servicios,v1,Arequipa,4,Normal,624.0,0,3.0
T505521,Recarga celular,v1,Lima,5,Normal,289.2,0,5.0
T505522,Transferencia,v1,Lima,15,Normal,388.2,0,4.0
T505523,Transferencia,v2,Lima,15,Normal,202.6,0,4.0
T505524,Transferencia,v2,Trujillo,17,Normal,361.6,0,3.0
T505525,Pago QR,v1,Arequipa,22,Normal,276.5,0,5.0
T505526,Recarga celular,v1,Lima,20,Pico,160.1,0,5.0
T505527,Pago de servicios,v2,Lima,17,Normal,197.2,0,4.0
T505528,Recarga celular,v2,Arequipa,16,Normal,251.1,0,4.0
T505529,Pago QR,v2,Lima,5,Normal,136.5,0,5.0
T505530,Pago QR,v1,Trujillo,13,Normal,265.4,0,5.0
T505531,Pago QR,v2,Arequipa,18,Pico,217.7,0,3.0
T505532,Pago QR,v2,Arequipa,17,Normal,754.1,0,4.0
T505533,Pago QR,v2,Lima,18,Pico,193.3,0,5.0
T505534,Transferencia,v2,Trujillo,9,Pico,156.7,0,4.0
T505535,Pago de servicios,v1,Arequipa,9,Pico,786.3,0,2.0
T505536,Recarga celular,v2,Lima,11,Normal,288.1,0,3.0
T505537,Transferencia,v2,Lima,0,Normal,339.0,0,2.0
T505538,Recarga celular,v1,Lima,18,Pico,287.7,0,5.0
T505539,Pago QR,v2,Lima,13,Normal,205.2,0,4.0
T505540,Consulta de saldo,v1,Trujillo,7,Normal,90.7,0,4.0
T505541,Consulta de saldo,v2,Trujillo,3,Normal,204.9,0,3.0
T505542,Consulta de saldo,v2,Trujillo,22,Normal,1218.1,0,1.0
T505543,Transferencia,v1,Trujillo,17,Normal,155.2,0,2.0
T505544,Pago QR,v2,Arequipa,20,Pico,357.3,0,4.0
T505545,Pago de servicios,v1,Lima,5,Normal,438.2,0,4.0
T505546,Transferencia,v2,Trujillo,1,Normal,146.1,0,5.0
T505547,Pago QR,v1,Lima,10,Pico,571.9,0,4.0
T505548,Pago de servicios,v2,Trujillo,10,Pico,405.4,0,5.0
T505549,Transferencia,v1,Lima,14,Normal,226.2,0,4.0
T505550,Recarga celular,v1,Trujillo,9,Pico,216.1,0,4.0
T505551,Consulta de saldo,v2,Lima,2,Normal,70.7,0,5.0
T505552,Recarga celular,v2,Trujillo,12,Normal,213.0,0,
T505553,Transferencia,v2,Lima,22,Normal,541.2,0,3.0
T505554,Transferencia,v2,Lima,10,Pico,391.8,0,4.0
T505555,Pago de servicios,v2,Trujillo,16,Normal,586.0,0,
T505556,Pago QR,v2,Arequipa,5,Normal,107.5,0,4.0
T505557,Transferencia,v2,Arequipa,11,Normal,247.6,0,4.0
T505558,Pago QR,v1,Trujillo,15,Normal,172.3,0,4.0
T505559,Transferencia,v2,Lima,6,Normal,119.3,0,5.0
T505560,Transferencia,v2,Trujillo,17,Normal,188.0,0,5.0
T505561,Transferencia,v1,Lima,23,Normal,216.9,0,4.0
T505562,Recarga celular,v1,Trujillo,16,Normal,107.8,0,3.0
T505563,Transferencia,v2,Arequipa,15,Normal,229.7,0,4.0
T505564,Consulta de saldo,v2,Lima,16,Normal,85.5,0,4.0
T505565,Transferencia,v1,Arequipa,20,Pico,543.4,0,3.0
T505566,Transferencia,v2,Lima,10,Pico,303.4,0,4.0
T505567,Transferencia,v2,Lima,19,Pico,176.4,0,4.0
T505568,Consulta de saldo,v1,Lima,1,Normal,86.0,0,4.0
T505569,Transferencia,v2,Lima,23,Normal,207.6,0,4.0
T505570,Recarga celular,v1,Arequipa,2,Normal,96.4,0,4.0
T505571,Transferencia,v2,Trujillo,11,Normal,251.2,0,4.0
T505572,Pago QR,v1,Trujillo,15,Normal,202.6,0,3.0
T505573,Transferencia,v1,Lima,21,Pico,402.2,0,4.0
T505574,Transferencia,v2,Arequipa,4,Normal,115.5,0,5.0
T505575,Pago QR,v2,Arequipa,3,Normal,134.3,0,4.0
T505576,Transferencia,v1,Lima,9,Pico,236.9,0,3.0
T505577,Recarga celular,v2,Lima,3,Normal,156.0,0,5.0
T505578,Pago QR,v2,Lima,12,Normal,157.8,0,5.0
T505579,Pago de servicios,v2,Arequipa,12,Normal,306.5,0,4.0
T505580,Pago QR,v1,Arequipa,1,Normal,207.4,0,4.0
T505581,Consulta de saldo,v1,Arequipa,16,Normal,191.5,0,5.0
T505582,Pago de servicios,v2,Trujillo,6,Normal,278.9,0,5.0
T505583,Consulta de saldo,v1,Trujillo,16,Normal,123.1,0,4.0
T505584,Pago QR,v2,Trujillo,22,Normal,175.7,0,4.0
T505585,Recarga celular,v1,Lima,8,Pico,182.3,0,5.0
T505586,Recarga celular,v1,Arequipa,11,Normal,250.9,0,4.0
T505587,Transferencia,v2,Lima,16,Normal,153.3,0,4.0
T505588,Consulta de saldo,v2,Lima,5,Normal,75.6,0,
T505589,Pago QR,v2,Arequipa,9,Pico,285.8,0,5.0
T505590,Pago QR,v2,Arequipa,15,Normal,330.7,0,4.0
T505591,Pago QR,v2,Lima,16,Normal,320.5,0,4.0
T505592,Pago QR,v2,Arequipa,10,Pico,212.3,0,4.0
T505593,Pago de servicios,v2,Lima,3,Normal,357.2,0,4.0
T505594,Recarga celular,v2,Lima,5,Normal,121.9,0,5.0
T505595,Pago de servicios,v2,Lima,13,Normal,219.8,0,4.0
T505596,Pago QR,v2,Trujillo,19,Pico,239.6,0,3.0
T505597,Pago QR,v1,Arequipa,19,Pico,292.1,0,4.0
T505598,Pago QR,v1,Trujillo,8,Pico,207.4,0,5.0
T505599,Consulta de saldo,v2,Lima,1,Normal,85.3,0,4.0
T505600,Recarga celular,v1,Lima,13,Normal,203.9,0,4.0
T505601,Transferencia,v2,Arequipa,10,Pico,188.1,0,5.0
T505602,Consulta de saldo,v2,Trujillo,1,Normal,104.8,0,4.0
T505603,Pago de servicios,v2,Lima,2,Normal,419.7,0,4.0
T505604,Transferencia,v1,Lima,21,Pico,413.8,0,4.0
T505605,Consulta de saldo,v2,Lima,8,Pico,76.2,0,3.0
T505606,Consulta de saldo,v1,Lima,17,Normal,109.6,0,5.0
T505607,Transferencia,v1,Trujillo,18,Pico,384.1,0,3.0
T505608,Transferencia,v1,Arequipa,21,Pico,152.0,0,4.0
T505609,Pago QR,v1,Arequipa,1,Normal,197.7,0,3.0
T505610,Pago de servicios,v1,Arequipa,3,Normal,252.5,0,3.0
T505611,Pago QR,v2,Trujillo,18,Pico,186.4,0,4.0
T505612,Transferencia,v2,Arequipa,20,Pico,287.5,0,4.0
T505613,Consulta de saldo,v2,Lima,15,Normal,75.6,0,5.0
T505614,Transferencia,v2,Lima,10,Pico,333.3,0,4.0
T505615,Transferencia,v1,Lima,22,Normal,351.4,0,4.0
T505616,Consulta de saldo,v1,Trujillo,21,Pico,182.2,0,5.0
T505617,Consulta de saldo,v2,Trujillo,9,Pico,116.9,0,5.0
T505618,Transferencia,v2,Arequipa,12,Normal,334.8,1,3.0
T505619,Transferencia,v1,Arequipa,20,Pico,558.5,0,3.0
T505620,Pago de servicios,v2,Lima,21,Pico,224.6,0,5.0
T505621,Transferencia,v2,Lima,8,Pico,488.2,0,5.0
T505622,Transferencia,v1,Lima,14,Normal,129.0,0,4.0
T505623,Recarga celular,v2,Trujillo,23,Normal,85.4,0,4.0
T505624,Recarga celular,v1,Arequipa,12,Normal,120.2,0,3.0
T505625,Pago de servicios,v1,Lima,11,Normal,273.9,0,4.0
T505626,Consulta de saldo,v1,Arequipa,12,Normal,111.3,0,4.0
T505627,Consulta de saldo,v1,Arequipa,18,Pico,130.7,0,4.0
T505628,Pago QR,v2,Lima,10,Pico,444.7,0,4.0
T505629,Consulta de saldo,v1,Arequipa,6,Normal,117.7,0,4.0
T505630,Pago QR,v1,Lima,21,Pico,494.7,0,4.0
T505631,Consulta de saldo,v1,Trujillo,18,Pico,91.9,0,5.0
T505632,Pago de servicios,v1,Trujillo,7,Normal,375.1,0,4.0
T505633,Transferencia,v2,Trujillo,17,Normal,328.8,0,4.0
T505634,Transferencia,v1,Trujillo,8,Pico,559.9,0,4.0
T505635,Pago de servicios,v2,Lima,23,Normal,281.7,0,5.0
T505636,Recarga celular,v2,Lima,23,Normal,195.2,0,5.0
T505637,Pago QR,v2,Trujillo,3,Normal,129.6,0,4.0
T505638,Transferencia,v2,Trujillo,12,Normal,133.9,0,4.0
T505639,Consulta de saldo,v2,Arequipa,6,Normal,181.9,0,3.0
T505640,Consulta de saldo,v2,Lima,19,Pico,169.0,0,3.0
T505641,Transferencia,v2,Trujillo,4,Normal,319.0,0,4.0
T505642,Recarga celular,v1,Lima,6,Normal,131.1,0,5.0
T505643,Consulta de saldo,v1,Lima,19,Pico,156.3,0,3.0
T505644,Transferencia,v2,Trujillo,19,Pico,147.6,0,5.0
T505645,Recarga celular,v2,Lima,17,Normal,263.9,0,4.0
T505646,Recarga celular,v1,Lima,2,Normal,122.1,0,3.0
T505647,Pago QR,v2,Trujillo,13,Normal,526.9,0,4.0
T505648,Consulta de saldo,v2,Trujillo,14,Normal,66.1,0,5.0
T505649,Pago QR,v2,Trujillo,23,Normal,106.4,0,5.0
T505650,Recarga celular,v1,Arequipa,15,Normal,199.8,0,4.0
T505651,Pago de servicios,v2,Trujillo,12,Normal,126.4,0,5.0
T505652,Recarga celular,v1,Arequipa,3,Normal,226.4,0,3.0
T505653,Pago QR,v2,Trujillo,20,Pico,193.8,0,5.0
T505654,Consulta de saldo,v2,Lima,5,Normal,57.0,0,4.0
T505655,Pago QR,v2,Lima,23,Normal,130.0,0,4.0
T505656,Transferencia,v2,Lima,10,Pico,510.7,0,4.0
T505657,Transferencia,v2,Lima,10,Pico,593.1,0,3.0
T505658,Transferencia,v2,Arequipa,17,Normal,625.7,0,3.0
T505659,Consulta de saldo,v1,Lima,10,Pico,138.5,0,5.0
T505660,Transferencia,v1,Arequipa,8,Pico,610.1,0,4.0
T505661,Pago QR,v2,Lima,6,Normal,181.0,0,5.0
T505662,Consulta de saldo,v1,Lima,20,Pico,90.9,0,3.0
T505663,Pago QR,v1,Lima,16,Normal,188.4,0,5.0
T505664,Pago de servicios,v1,Lima,20,Pico,589.3,0,3.0
T505665,Transferencia,v2,Lima,8,Pico,346.8,0,4.0
T505666,Pago QR,v1,Trujillo,18,Pico,219.8,0,5.0
T505667,Transferencia,v2,Lima,7,Normal,224.3,0,4.0
T505668,Consulta de saldo,v2,Trujillo,21,Pico,49.7,0,4.0
T505669,Consulta de saldo,v1,Lima,6,Normal,96.7,0,5.0
T505670,Transferencia,v1,Lima,16,Normal,433.8,0,4.0
T505671,Pago QR,v1,Lima,6,Normal,124.6,0,5.0
T505672,Pago de servicios,v2,Lima,13,Normal,203.3,0,4.0
T505673,Consulta de saldo,v2,Arequipa,2,Normal,132.8,0,4.0
T505674,Transferencia,v2,Trujillo,2,Normal,127.9,0,5.0
T505675,Transferencia,v2,Arequipa,11,Normal,128.0,0,5.0
T505676,Recarga celular,v1,Lima,6,Normal,136.1,0,5.0
T505677,Pago de servicios,v1,Lima,9,Pico,306.6,0,4.0
T505678,Pago de servicios,v1,Lima,14,Normal,394.1,0,3.0
T505679,Consulta de saldo,v2,Lima,23,Normal,118.9,0,5.0
T505680,Recarga celular,v2,Trujillo,3,Normal,106.0,0,5.0
T505681,Consulta de saldo,v2,Arequipa,22,Normal,107.0,0,4.0
T505682,Pago QR,v1,Arequipa,15,Normal,155.3,0,3.0
T505683,Pago QR,v1,Trujillo,14,Normal,112.5,0,4.0
T505684,Pago de servicios,v1,Lima,17,Normal,337.9,0,4.0
T505685,Pago de servicios,v2,Arequipa,1,Normal,215.9,0,4.0
T505686,Consulta de saldo,v1,Lima,2,Normal,44.4,0,4.0
T505687,Transferencia,v2,Arequipa,5,Normal,397.1,0,5.0
T505688,Transferencia,v2,Arequipa,11,Normal,158.7,0,4.0
T505689,Transferencia,v1,Lima,12,Normal,128.7,0,5.0
T505690,Recarga celular,v1,Trujillo,4,Normal,93.7,0,4.0
T505691,Pago QR,v1,Lima,15,Normal,298.6,0,5.0
T505692,Consulta de saldo,v1,Lima,23,Normal,114.7,0,3.0
T505693,Consulta de saldo,v1,Arequipa,21,Pico,106.7,0,5.0
T505694,Pago QR,v2,Arequipa,14,Normal,344.9,0,3.0
T505695,Pago de servicios,v1,Lima,7,Normal,383.0,0,2.0
T505696,Pago QR,v2,Trujillo,19,Pico,203.6,0,4.0
T505697,Pago QR,v2,Trujillo,22,Normal,163.8,0,5.0
T505698,Pago de servicios,v1,Lima,10,Pico,472.4,0,4.0
T505699,Transferencia,v1,Lima,18,Pico,364.0,0,4.0
T505700,Consulta de saldo,v2,Trujillo,10,Pico,149.0,0,5.0
T505701,Transferencia,v2,Lima,7,Normal,175.8,0,4.0
T505702,Pago de servicios,v1,Lima,14,Normal,374.9,1,3.0
T505703,Consulta de saldo,v2,Trujillo,10,Pico,91.2,0,4.0
T505704,Consulta de saldo,v2,Lima,19,Pico,70.7,0,5.0
T505705,Pago QR,v2,Arequipa,4,Normal,306.1,0,3.0
T505706,Pago de servicios,v1,Arequipa,1,Normal,481.3,0,3.0
T505707,Transferencia,v1,Trujillo,7,Normal,132.9,0,5.0
T505708,Pago de servicios,v2,Lima,23,Normal,202.6,0,3.0
T505709,Pago de servicios,v2,Arequipa,16,Normal,271.7,0,3.0
T505710,Recarga celular,v2,Trujillo,8,Pico,214.1,0,5.0
T505711,Pago QR,v2,Lima,0,Normal,509.9,0,2.0
T505712,Pago QR,v2,Lima,0,Normal,159.7,0,4.0
T505713,Transferencia,v1,Lima,19,Pico,466.7,0,4.0
T505714,Pago QR,v1,Lima,19,Pico,473.4,0,2.0
T505715,Pago de servicios,v1,Lima,19,Pico,251.2,0,4.0
T505716,Consulta de saldo,v1,Trujillo,4,Normal,82.5,0,5.0
T505717,Transferencia,v1,Lima,2,Normal,366.8,0,3.0
T505718,Consulta de saldo,v1,Arequipa,0,Normal,172.4,0,4.0
T505719,Pago de servicios,v2,Trujillo,10,Pico,372.8,0,3.0
T505720,Consulta de saldo,v2,Arequipa,18,Pico,177.8,0,4.0
T505721,Consulta de saldo,v1,Arequipa,15,Normal,146.4,0,4.0
T505722,Transferencia,v2,Arequipa,6,Normal,468.4,0,4.0
T505723,Recarga celular,v2,Trujillo,18,Pico,494.4,0,4.0
T505724,Pago de servicios,v1,Lima,7,Normal,240.9,0,4.0
T505725,Pago QR,v1,Trujillo,5,Normal,379.6,0,3.0
T505726,Consulta de saldo,v2,Arequipa,19,Pico,133.3,0,3.0
T505727,Pago QR,v2,Lima,6,Normal,254.8,0,5.0
T505728,Recarga celular,v1,Arequipa,15,Normal,257.8,0,4.0
T505729,Recarga celular,v1,Trujillo,1,Normal,287.9,0,4.0
T505730,Pago QR,v2,Lima,19,Pico,200.9,0,4.0
T505731,Recarga celular,v1,Lima,21,Pico,157.1,0,5.0
T505732,Recarga celular,v2,Lima,13,Normal,60.2,0,4.0
T505733,Recarga celular,v1,Lima,17,Normal,50.0,0,5.0
T505734,Consulta de saldo,v1,Lima,22,Normal,92.7,0,4.0
T505735,Transferencia,v1,Lima,7,Normal,308.9,0,5.0
T505736,Recarga celular,v2,Trujillo,20,Pico,134.2,0,4.0
T505737,Transferencia,v2,Arequipa,11,Normal,219.7,0,4.0
T505738,Consulta de saldo,v2,Lima,12,Normal,56.1,0,5.0
T505739,Pago de servicios,v2,Lima,21,Pico,308.9,1,3.0
T505740,Transferencia,v1,Lima,15,Normal,385.3,0,2.0
T505741,Transferencia,v1,Trujillo,19,Pico,309.9,0,3.0
T505742,Recarga celular,v1,Lima,15,Normal,349.0,0,2.0
T505743,Pago de servicios,v1,Lima,4,Normal,174.8,0,4.0
T505744,Pago de servicios,v2,Arequipa,11,Normal,413.6,0,4.0
T505745,Recarga celular,v1,Arequipa,21,Pico,242.0,0,5.0
T505746,Pago de servicios,v2,Arequipa,20,Pico,404.3,0,5.0
T505747,Consulta de saldo,v2,Trujillo,10,Pico,132.3,0,3.0
T505748,Transferencia,v2,Lima,17,Normal,345.4,0,4.0
T505749,Consulta de saldo,v2,Arequipa,19,Pico,155.5,0,4.0
T505750,Pago QR,v2,Lima,11,Normal,126.5,0,5.0
T505751,Consulta de saldo,v1,Lima,21,Pico,144.6,0,4.0
T505752,Consulta de saldo,v2,Trujillo,10,Pico,278.8,0,5.0
T505753,Consulta de saldo,v2,Trujillo,4,Normal,196.0,0,5.0
T505754,Transferencia,v1,Trujillo,22,Normal,869.6,0,2.0
T505755,Pago de servicios,v1,Lima,7,Normal,477.4,0,4.0
T505756,Transferencia,v1,Trujillo,21,Pico,295.5,0,3.0
T505757,Transferencia,v1,Lima,5,Normal,307.2,0,4.0
T505758,Consulta de saldo,v2,Arequipa,17,Normal,204.9,0,4.0
T505759,Transferencia,v2,Arequipa,22,Normal,231.0,0,3.0
T505760,Consulta de saldo,v1,Lima,21,Pico,205.5,0,5.0
T505761,Consulta de saldo,v2,Lima,20,Pico,111.4,0,5.0
T505762,Transferencia,v2,Lima,22,Normal,155.9,0,5.0
T505763,Pago de servicios,v2,Trujillo,1,Normal,129.8,0,5.0
T505764,Recarga celular,v2,Lima,20,Pico,187.3,0,5.0
T505765,Consulta de saldo,v2,Lima,17,Normal,44.3,0,4.0
T505766,Pago QR,v2,Lima,14,Normal,245.9,0,4.0
T505767,Pago QR,v1,Arequipa,17,Normal,186.8,0,4.0
T505768,Pago QR,v2,Lima,18,Pico,207.6,0,3.0
T505769,Pago QR,v1,Trujillo,19,Pico,195.9,0,4.0
T505770,Consulta de saldo,v2,Arequipa,18,Pico,92.5,0,3.0
T505771,Transferencia,v1,Lima,20,Pico,410.3,0,4.0
T505772,Transferencia,v2,Lima,11,Normal,167.2,0,5.0
T505773,Pago QR,v1,Lima,0,Normal,289.3,0,3.0
T505774,Consulta de saldo,v2,Trujillo,5,Normal,124.0,0,4.0
T505775,Pago QR,v1,Lima,14,Normal,274.0,0,5.0
T505776,Transferencia,v2,Arequipa,12,Normal,440.7,0,5.0
T505777,Transferencia,v2,Arequipa,0,Normal,547.1,0,2.0
T505778,Pago de servicios,v1,Trujillo,9,Pico,387.8,0,4.0
T505779,Consulta de saldo,v2,Trujillo,12,Normal,119.6,0,5.0
T505780,Recarga celular,v1,Trujillo,10,Pico,164.8,0,5.0
T505781,Transferencia,v2,Lima,6,Normal,283.1,0,3.0
T505782,Consulta de saldo,v2,Trujillo,3,Normal,67.1,0,5.0
T505783,Pago de servicios,v2,Lima,16,Normal,250.2,0,5.0
T505784,Pago QR,v1,Arequipa,9,Pico,380.2,0,4.0
T505785,Recarga celular,v1,Lima,16,Normal,231.0,0,4.0
T505786,Consulta de saldo,v1,Arequipa,4,Normal,64.8,0,5.0
T505787,Pago de servicios,v2,Lima,2,Normal,152.6,0,4.0
T505788,Consulta de saldo,v1,Arequipa,5,Normal,95.2,0,4.0
T505789,Consulta de saldo,v1,Lima,20,Pico,178.7,0,4.0
T505790,Recarga celular,v1,Lima,4,Normal,166.7,0,5.0
T505791,Consulta de saldo,v2,Arequipa,22,Normal,140.1,0,5.0
T505792,Pago de servicios,v2,Lima,0,Normal,292.7,0,4.0
T505793,Transferencia,v2,Lima,23,Normal,255.5,0,4.0
T505794,Pago de servicios,v1,Trujillo,21,Pico,363.6,0,4.0
T505795,Recarga celular,v2,Arequipa,20,Pico,192.3,0,5.0
T505796,Transferencia,v2,Lima,19,Pico,175.1,0,2.0
T505797,Recarga celular,v2,Lima,7,Normal,57.1,0,4.0
T505798,Pago de servicios,v1,Arequipa,6,Normal,528.4,0,3.0
T505799,Recarga celular,v1,Lima,18,Pico,185.5,0,4.0
T505800,Consulta de saldo,v1,Trujillo,8,Pico,92.1,0,4.0
T505801,Pago QR,v2,Arequipa,21,Pico,200.1,0,4.0
T505802,Pago de servicios,v1,Arequipa,21,Pico,463.8,1,3.0
T505803,Transferencia,v1,Lima,10,Pico,203.6,0,4.0
T505804,Consulta de saldo,v1,Lima,13,Normal,134.1,0,4.0
T505805,Recarga celular,v2,Arequipa,10,Pico,84.1,0,5.0
T505806,Transferencia,v2,Trujillo,9,Pico,223.1,0,4.0
T505807,Pago de servicios,v1,Arequipa,15,Normal,121.2,0,4.0
T505808,Pago de servicios,v1,Lima,18,Pico,446.2,0,5.0
T505809,Recarga celular,v2,Lima,19,Pico,111.0,0,4.0
T505810,Pago QR,v1,Lima,19,Pico,216.5,0,5.0
T505811,Transferencia,v2,Lima,7,Normal,247.8,0,4.0
T505812,Pago QR,v1,Trujillo,7,Normal,238.7,0,5.0
T505813,Recarga celular,v1,Trujillo,20,Pico,223.2,0,5.0
T505814,Pago de servicios,v1,Lima,22,Normal,240.4,0,5.0
T505815,Pago QR,v1,Lima,14,Normal,196.9,0,4.0
T505816,Transferencia,v2,Lima,8,Pico,288.2,0,3.0
T505817,Transferencia,v1,Lima,8,Pico,382.3,0,4.0
T505818,Pago de servicios,v1,Arequipa,5,Normal,150.4,0,5.0
T505819,Consulta de saldo,v1,Trujillo,8,Pico,116.1,0,5.0
T505820,Pago de servicios,v1,Trujillo,13,Normal,647.0,0,4.0
T505821,Pago QR,v1,Lima,20,Pico,189.5,0,3.0
T505822,Transferencia,v1,Lima,12,Normal,462.4,0,4.0
T505823,Pago QR,v1,Arequipa,18,Pico,221.7,0,4.0
T505824,Pago QR,v2,Lima,7,Normal,351.4,0,3.0
T505825,Transferencia,v2,Lima,11,Normal,149.5,0,4.0
T505826,Consulta de saldo,v1,Arequipa,3,Normal,108.2,0,5.0
T505827,Pago QR,v1,Arequipa,2,Normal,320.9,0,3.0
T505828,Transferencia,v2,Arequipa,14,Normal,88.4,1,4.0
T505829,Consulta de saldo,v2,Trujillo,14,Normal,80.1,0,5.0
T505830,Recarga celular,v1,Lima,5,Normal,71.8,0,4.0
T505831,Pago de servicios,v1,Lima,13,Normal,209.1,0,4.0
T505832,Transferencia,v2,Trujillo,7,Normal,155.7,0,5.0
T505833,Pago QR,v2,Arequipa,20,Pico,199.4,0,3.0
T505834,Transferencia,v2,Arequipa,17,Normal,627.0,0,3.0
T505835,Pago de servicios,v2,Arequipa,7,Normal,262.0,0,4.0
T505836,Consulta de saldo,v1,Trujillo,13,Normal,102.0,0,5.0
T505837,Pago QR,v2,Lima,9,Pico,248.3,0,4.0
T505838,Transferencia,v1,Lima,19,Pico,534.1,0,4.0
T505839,Transferencia,v2,Arequipa,19,Pico,506.9,0,4.0
T505840,Pago de servicios,v1,Lima,10,Pico,790.1,0,3.0
T505841,Transferencia,v1,Arequipa,10,Pico,436.1,0,4.0
T505842,Recarga celular,v1,Trujillo,18,Pico,491.6,0,3.0
T505843,Transferencia,v2,Lima,20,Pico,274.7,0,4.0
T505844,Recarga celular,v2,Arequipa,15,Normal,78.7,0,4.0
T505845,Pago de servicios,v2,Lima,22,Normal,699.5,0,3.0
T505846,Pago de servicios,v1,Trujillo,17,Normal,186.7,0,5.0
T505847,Transferencia,v2,Arequipa,11,Normal,222.9,0,2.0
T505848,Pago QR,v1,Lima,14,Normal,536.8,0,3.0
T505849,Transferencia,v2,Arequipa,13,Normal,327.7,0,3.0
T505850,Pago de servicios,v1,Trujillo,21,Pico,1075.3,0,3.0
T505851,Recarga celular,v2,Lima,5,Normal,177.7,0,4.0
T505852,Pago QR,v2,Trujillo,6,Normal,147.1,0,4.0
T505853,Recarga celular,v1,Trujillo,15,Normal,136.8,0,4.0
T505854,Transferencia,v2,Arequipa,1,Normal,89.6,0,5.0
T505855,Recarga celular,v2,Arequipa,13,Normal,192.7,0,4.0
T505856,Pago QR,v2,Trujillo,23,Normal,222.3,0,5.0
T505857,Consulta de saldo,v1,Lima,14,Normal,214.1,0,5.0
T505858,Consulta de saldo,v1,Lima,1,Normal,85.0,0,4.0
T505859,Transferencia,v2,Trujillo,9,Pico,175.4,0,5.0
T505860,Recarga celular,v2,Arequipa,15,Normal,137.0,0,4.0
T505861,Pago de servicios,v1,Arequipa,2,Normal,422.6,0,3.0
T505862,Consulta de saldo,v1,Arequipa,22,Normal,69.3,0,4.0
T505863,Consulta de saldo,v1,Trujillo,20,Pico,158.3,0,4.0
T505864,Pago de servicios,v1,Lima,19,Pico,434.3,0,4.0
T505865,Transferencia,v2,Arequipa,20,Pico,321.5,0,4.0
T505866,Pago de servicios,v1,Trujillo,17,Normal,265.0,0,4.0
T505867,Pago QR,v1,Trujillo,11,Normal,283.6,0,4.0
T505868,Transferencia,v1,Lima,12,Normal,205.4,0,4.0
T505869,Recarga celular,v2,Lima,11,Normal,88.2,0,5.0
T505870,Transferencia,v1,Lima,22,Normal,418.9,0,3.0
T505871,Pago QR,v1,Lima,12,Normal,104.1,0,4.0
T505872,Pago de servicios,v1,Lima,14,Normal,162.4,0,4.0
T505873,Pago QR,v2,Lima,15,Normal,126.2,0,5.0
T505874,Transferencia,v2,Arequipa,6,Normal,502.2,0,3.0
T505875,Transferencia,v1,Arequipa,8,Pico,169.3,0,5.0
T505876,Pago QR,v1,Lima,1,Normal,110.1,0,5.0
T505877,Consulta de saldo,v1,Lima,5,Normal,87.5,0,5.0
T505878,Consulta de saldo,v2,Arequipa,14,Normal,109.9,0,3.0
T505879,Transferencia,v2,Lima,21,Pico,313.0,0,4.0
T505880,Pago de servicios,v1,Trujillo,17,Normal,183.1,0,4.0
T505881,Consulta de saldo,v1,Trujillo,6,Normal,112.8,0,4.0
T505882,Pago de servicios,v2,Lima,7,Normal,140.4,0,3.0
T505883,Pago de servicios,v1,Arequipa,15,Normal,652.7,0,4.0
T505884,Recarga celular,v2,Lima,5,Normal,119.0,0,5.0
T505885,Pago de servicios,v1,Lima,2,Normal,146.2,0,4.0
T505886,Recarga celular,v2,Lima,5,Normal,171.8,0,5.0
T505887,Pago QR,v2,Trujillo,8,Pico,245.5,0,3.0
T505888,Consulta de saldo,v1,Trujillo,19,Pico,197.6,0,5.0
T505889,Pago de servicios,v1,Arequipa,3,Normal,274.2,0,4.0
T505890,Consulta de saldo,v2,Lima,23,Normal,102.1,0,5.0
T505891,Pago QR,v1,Trujillo,10,Pico,351.6,0,4.0
T505892,Consulta de saldo,v1,Lima,1,Normal,47.4,0,4.0
T505893,Pago QR,v2,Arequipa,14,Normal,146.9,0,5.0
T505894,Pago de servicios,v2,Trujillo,16,Normal,226.2,0,3.0
T505895,Pago QR,v1,Lima,3,Normal,198.2,0,4.0
T505896,Consulta de saldo,v2,Trujillo,21,Pico,87.2,0,4.0
T505897,Transferencia,v1,Arequipa,9,Pico,440.4,0,4.0
T505898,Consulta de saldo,v2,Arequipa,5,Normal,124.6,0,4.0
T505899,Transferencia,v2,Lima,8,Pico,496.4,0,4.0
T505900,Transferencia,v2,Lima,19,Pico,315.4,0,3.0
T505901,Transferencia,v2,Lima,10,Pico,313.5,0,4.0
T505902,Transferencia,v1,Lima,18,Pico,322.1,0,4.0
T505903,Pago QR,v2,Arequipa,4,Normal,146.5,0,5.0
T505904,Pago QR,v1,Lima,1,Normal,113.8,0,4.0
T505905,Transferencia,v2,Trujillo,20,Pico,520.9,0,2.0
T505906,Pago QR,v1,Trujillo,22,Normal,252.9,0,4.0
T505907,Transferencia,v1,Lima,11,Normal,268.0,0,3.0
T505908,Transferencia,v2,Lima,17,Normal,291.4,0,3.0
T505909,Pago de servicios,v2,Lima,16,Normal,306.8,0,5.0
T505910,Transferencia,v2,Lima,15,Normal,269.0,0,4.0
T505911,Pago QR,v2,Lima,6,Normal,106.8,0,4.0
T505912,Consulta de saldo,v1,Lima,19,Pico,158.1,0,4.0
T505913,Transferencia,v2,Lima,22,Normal,114.7,0,4.0
T505914,Pago de servicios,v2,Trujillo,11,Normal,341.7,0,4.0
T505915,Recarga celular,v2,Arequipa,15,Normal,129.7,0,5.0
T505916,Pago de servicios,v2,Lima,7,Normal,313.2,0,4.0
T505917,Pago QR,v2,Lima,10,Pico,182.2,0,3.0
T505918,Consulta de saldo,v2,Lima,16,Normal,59.1,0,5.0
T505919,Pago QR,v1,Trujillo,16,Normal,232.1,0,3.0
T505920,Consulta de saldo,v2,Lima,7,Normal,113.2,0,4.0
T505921,Pago QR,v2,Trujillo,20,Pico,175.1,0,4.0
T505922,Transferencia,v2,Lima,4,Normal,270.8,0,4.0
T505923,Pago QR,v1,Lima,2,Normal,165.3,0,3.0
T505924,Pago de servicios,v2,Lima,0,Normal,402.6,0,5.0
T505925,Pago QR,v1,Lima,20,Pico,306.9,0,4.0
T505926,Pago QR,v2,Trujillo,21,Pico,364.5,0,5.0
T505927,Transferencia,v2,Lima,20,Pico,468.1,0,3.0
T505928,Pago de servicios,v2,Lima,16,Normal,215.3,0,5.0
T505929,Consulta de saldo,v1,Lima,22,Normal,92.7,0,5.0
T505930,Pago QR,v1,Lima,11,Normal,298.9,0,4.0
T505931,Pago QR,v1,Arequipa,3,Normal,131.7,0,4.0
T505932,Transferencia,v2,Arequipa,6,Normal,142.0,0,4.0
T505933,Pago QR,v2,Lima,8,Pico,193.9,0,5.0
T505934,Recarga celular,v2,Lima,1,Normal,58.8,0,4.0
T505935,Consulta de saldo,v2,Trujillo,1,Normal,161.7,0,5.0
T505936,Pago de servicios,v1,Lima,4,Normal,593.6,0,3.0
T505937,Consulta de saldo,v1,Trujillo,23,Normal,181.2,0,5.0
T505938,Consulta de saldo,v2,Trujillo,2,Normal,54.5,0,4.0
T505939,Consulta de saldo,v2,Lima,4,Normal,100.5,0,4.0
T505940,Pago QR,v2,Arequipa,0,Normal,544.2,0,3.0
T505941,Transferencia,v1,Trujillo,20,Pico,284.5,0,4.0
T505942,Pago QR,v2,Lima,6,Normal,192.6,0,4.0
T505943,Transferencia,v2,Lima,5,Normal,323.4,0,4.0
T505944,Pago QR,v1,Arequipa,12,Normal,261.0,0,4.0
T505945,Recarga celular,v1,Lima,22,Normal,225.1,1,3.0
T505946,Recarga celular,v2,Lima,7,Normal,181.9,0,4.0
T505947,Transferencia,v1,Trujillo,14,Normal,598.3,0,5.0
T505948,Pago de servicios,v1,Lima,15,Normal,241.7,0,4.0
T505949,Recarga celular,v2,Arequipa,8,Pico,329.1,0,2.0
T505950,Consulta de saldo,v1,Trujillo,4,Normal,91.3,0,5.0
T505951,Transferencia,v2,Trujillo,10,Pico,354.1,0,4.0
T505952,Recarga celular,v1,Lima,22,Normal,133.3,0,4.0
T505953,Pago de servicios,v1,Lima,6,Normal,660.8,0,3.0
T505954,Recarga celular,v1,Lima,18,Pico,201.3,0,4.0
T505955,Pago de servicios,v2,Arequipa,1,Normal,316.5,0,5.0
T505956,Recarga celular,v1,Trujillo,9,Pico,287.9,0,4.0
T505957,Pago de servicios,v2,Trujillo,11,Normal,354.3,1,3.0
T505958,Pago QR,v2,Lima,1,Normal,126.2,0,4.0
T505959,Transferencia,v1,Lima,9,Pico,165.4,0,5.0
T505960,Recarga celular,v2,Arequipa,5,Normal,367.1,0,4.0
T505961,Pago de servicios,v2,Lima,16,Normal,453.5,0,4.0
T505962,Transferencia,v2,Lima,11,Normal,354.1,0,4.0
T505963,Pago de servicios,v2,Lima,15,Normal,391.3,0,3.0
T505964,Pago QR,v2,Trujillo,8,Pico,179.5,0,5.0
T505965,Transferencia,v2,Arequipa,14,Normal,207.2,0,3.0
T505966,Transferencia,v1,Lima,11,Normal,494.7,0,4.0
T505967,Transferencia,v1,Arequipa,1,Normal,277.2,0,4.0
T505968,Transferencia,v1,Trujillo,1,Normal,181.1,0,5.0
T505969,Pago de servicios,v1,Lima,2,Normal,259.7,0,4.0
T505970,Recarga celular,v1,Trujillo,11,Normal,177.2,0,3.0
T505971,Pago QR,v1,Trujillo,3,Normal,122.0,0,4.0
T505972,Pago QR,v2,Lima,16,Normal,374.3,0,5.0
T505973,Pago de servicios,v1,Lima,2,Normal,159.0,0,5.0
T505974,Pago QR,v2,Lima,20,Pico,148.9,0,4.0
T505975,Pago QR,v2,Trujillo,9,Pico,302.9,0,4.0
T505976,Pago de servicios,v2,Lima,19,Pico,263.5,0,4.0
T505977,Pago QR,v1,Lima,1,Normal,216.6,0,5.0
T505978,Consulta de saldo,v2,Trujillo,23,Normal,160.8,0,5.0
T505979,Pago QR,v1,Arequipa,22,Normal,110.2,0,5.0
T505980,Pago QR,v2,Lima,9,Pico,250.3,0,3.0
T505981,Transferencia,v2,Trujillo,6,Normal,145.3,0,4.0
T505982,Consulta de saldo,v1,Lima,8,Pico,220.4,0,4.0
T505983,Consulta de saldo,v1,Arequipa,20,Pico,287.5,0,5.0
T505984,Consulta de saldo,v1,Lima,10,Pico,100.9,0,5.0
T505985,Pago QR,v2,Lima,1,Normal,117.6,0,4.0
T505986,Transferencia,v1,Lima,15,Normal,538.3,0,3.0
T505987,Consulta de saldo,v2,Lima,16,Normal,49.2,0,5.0
T505988,Consulta de saldo,v2,Lima,5,Normal,73.8,0,5.0
T505989,Transferencia,v2,Lima,19,Pico,227.1,0,5.0
T505990,Consulta de saldo,v2,Lima,18,Pico,63.2,0,5.0
T505991,Pago de servicios,v2,Lima,16,Normal,147.6,0,4.0
T505992,Consulta de saldo,v1,Trujillo,21,Pico,144.5,0,5.0
T505993,Pago QR,v1,Trujillo,7,Normal,88.5,0,4.0
T505994,Transferencia,v2,Trujillo,11,Normal,321.2,0,4.0
T505995,Transferencia,v2,Trujillo,6,Normal,316.0,0,4.0
T505996,Pago QR,v1,Lima,0,Normal,116.7,0,4.0
T505997,Consulta de saldo,v1,Trujillo,15,Normal,138.3,0,4.0
T505998,Recarga celular,v1,Lima,11,Normal,115.2,0,5.0
T505999,Pago de servicios,v1,Arequipa,13,Normal,303.3,0,3.0
T506000,Consulta de saldo,v1,Arequipa,6,Normal,119.0,0,5.0
T506001,Transferencia,v1,Lima,10,Pico,414.3,0,2.0
T506002,Pago QR,v1,Trujillo,12,Normal,235.7,0,4.0
T506003,Pago QR,v1,Lima,20,Pico,248.2,0,4.0
T506004,Consulta de saldo,v1,Lima,8,Pico,133.8,0,4.0
T506005,Consulta de saldo,v1,Lima,18,Pico,272.0,0,5.0
T506006,Pago QR,v2,Lima,12,Normal,318.9,0,2.0
T506007,Pago QR,v2,Trujillo,22,Normal,187.4,0,4.0
T506008,Consulta de saldo,v1,Lima,7,Normal,176.2,0,4.0
T506009,Recarga celular,v2,Arequipa,15,Normal,143.4,0,4.0
T506010,Transferencia,v1,Lima,19,Pico,594.9,0,3.0
T506011,Pago QR,v1,Lima,20,Pico,380.3,0,4.0
T506012,Recarga celular,v2,Arequipa,22,Normal,154.7,0,4.0
T506013,Pago de servicios,v2,Arequipa,9,Pico,267.2,0,4.0
T506014,Pago de servicios,v2,Lima,18,Pico,231.1,0,4.0
T506015,Transferencia,v2,Trujillo,11,Normal,199.0,0,5.0
T506016,Consulta de saldo,v2,Arequipa,23,Normal,197.4,0,4.0
T506017,Transferencia,v2,Lima,10,Pico,327.1,0,4.0
T506018,Consulta de saldo,v2,Arequipa,9,Pico,93.5,0,4.0
T506019,Pago QR,v1,Lima,12,Normal,71.7,0,4.0
T506020,Pago de servicios,v2,Trujillo,2,Normal,220.8,0,4.0
T506021,Consulta de saldo,v1,Lima,6,Normal,257.2,0,4.0
T506022,Pago de servicios,v1,Arequipa,20,Pico,747.9,0,3.0
T506023,Recarga celular,v1,Trujillo,9,Pico,481.5,0,5.0
T506024,Pago QR,v2,Lima,14,Normal,97.9,0,5.0
T506025,Pago de servicios,v2,Trujillo,4,Normal,201.5,0,4.0
T506026,Transferencia,v2,Trujillo,17,Normal,403.6,0,4.0
T506027,Recarga celular,v2,Lima,1,Normal,197.3,0,3.0
T506028,Consulta de saldo,v1,Lima,10,Pico,278.5,0,4.0
T506029,Pago de servicios,v2,Arequipa,20,Pico,561.9,0,4.0
T506030,Pago de servicios,v1,Trujillo,14,Normal,293.2,0,4.0
T506031,Transferencia,v2,Lima,0,Normal,237.8,0,3.0
T506032,Pago de servicios,v2,Trujillo,22,Normal,305.0,0,4.0
T506033,Pago QR,v1,Lima,11,Normal,278.6,0,4.0
T506034,Consulta de saldo,v1,Arequipa,7,Normal,104.4,0,5.0
T506035,Transferencia,v1,Trujillo,14,Normal,293.0,0,4.0
T506036,Consulta de saldo,v1,Trujillo,4,Normal,92.2,0,5.0
T506037,Consulta de saldo,v1,Lima,20,Pico,67.6,0,5.0
T506038,Transferencia,v2,Lima,14,Normal,319.4,0,4.0
T506039,Pago QR,v2,Lima,16,Normal,157.1,0,5.0
T506040,Consulta de saldo,v1,Lima,6,Normal,92.5,0,4.0
T506041,Consulta de saldo,v2,Lima,20,Pico,123.7,0,5.0
T506042,Transferencia,v2,Trujillo,21,Pico,641.1,0,3.0
T506043,Transferencia,v1,Lima,1,Normal,332.7,0,5.0
T506044,Consulta de saldo,v1,Trujillo,4,Normal,72.2,0,4.0
T506045,Consulta de saldo,v2,Lima,14,Normal,76.5,0,5.0
T506046,Pago QR,v1,Lima,22,Normal,466.4,0,4.0
T506047,Transferencia,v2,Lima,23,Normal,227.9,0,4.0
T506048,Recarga celular,v1,Lima,3,Normal,86.6,0,
T506049,Pago QR,v2,Arequipa,9,Pico,162.8,0,3.0
T506050,Pago QR,v1,Lima,19,Pico,455.7,0,4.0
T506051,Pago QR,v2,Lima,19,Pico,257.7,0,4.0
T506052,Pago QR,v2,Lima,4,Normal,165.4,0,3.0
T506053,Pago de servicios,v1,Arequipa,23,Normal,609.5,1,2.0
T506054,Pago de servicios,v1,Lima,14,Normal,324.5,0,4.0
T506055,Pago QR,v1,Trujillo,21,Pico,339.6,0,4.0
T506056,Pago de servicios,v1,Lima,20,Pico,373.0,0,4.0
T506057,Pago de servicios,v2,Lima,4,Normal,464.2,0,3.0
T506058,Transferencia,v1,Lima,17,Normal,179.7,0,3.0
T506059,Consulta de saldo,v1,Arequipa,20,Pico,149.3,0,5.0
T506060,Consulta de saldo,v1,Lima,21,Pico,176.6,0,4.0
T506061,Transferencia,v1,Trujillo,23,Normal,435.0,0,2.0
T506062,Recarga celular,v2,Arequipa,5,Normal,97.2,0,5.0
T506063,Recarga celular,v2,Lima,21,Pico,220.3,0,4.0
T506064,Transferencia,v2,Lima,7,Normal,96.6,0,4.0
T506065,Pago QR,v1,Lima,17,Normal,97.5,0,4.0
T506066,Pago QR,v2,Trujillo,11,Normal,489.4,0,4.0
T506067,Pago de servicios,v2,Lima,14,Normal,256.2,0,4.0
T506068,Pago QR,v2,Lima,13,Normal,225.2,0,3.0
T506069,Consulta de saldo,v1,Trujillo,20,Pico,73.8,0,5.0
T506070,Transferencia,v1,Arequipa,13,Normal,117.1,0,3.0
T506071,Transferencia,v1,Arequipa,23,Normal,353.8,0,4.0
T506072,Consulta de saldo,v1,Lima,16,Normal,70.6,0,5.0
T506073,Transferencia,v1,Trujillo,3,Normal,357.8,0,4.0
T506074,Recarga celular,v2,Trujillo,13,Normal,270.4,0,4.0
T506075,Pago QR,v1,Arequipa,10,Pico,335.5,0,4.0
T506076,Consulta de saldo,v2,Trujillo,21,Pico,138.8,0,4.0
T506077,Pago de servicios,v1,Arequipa,17,Normal,501.1,0,4.0
T506078,Consulta de saldo,v1,Lima,18,Pico,130.3,0,4.0
T506079,Transferencia,v2,Lima,13,Normal,156.2,1,4.0
T506080,Consulta de saldo,v2,Lima,9,Pico,60.0,0,5.0
T506081,Pago QR,v2,Arequipa,15,Normal,396.7,0,3.0
T506082,Transferencia,v1,Lima,7,Normal,214.6,0,5.0
T506083,Pago de servicios,v2,Lima,18,Pico,331.8,0,4.0
T506084,Pago QR,v2,Lima,15,Normal,302.7,0,4.0
T506085,Transferencia,v2,Lima,21,Pico,372.4,0,4.0
T506086,Transferencia,v2,Arequipa,7,Normal,167.4,0,5.0
T506087,Pago de servicios,v1,Trujillo,11,Normal,587.4,0,3.0
T506088,Recarga celular,v1,Arequipa,12,Normal,170.6,0,4.0
T506089,Consulta de saldo,v1,Lima,2,Normal,143.7,0,5.0
T506090,Consulta de saldo,v2,Lima,23,Normal,86.1,0,4.0
T506091,Consulta de saldo,v1,Lima,12,Normal,108.7,0,5.0
T506092,Pago QR,v2,Arequipa,0,Normal,134.9,0,5.0
T506093,Pago QR,v2,Lima,20,Pico,191.8,0,5.0
T506094,Transferencia,v2,Arequipa,12,Normal,1329.8,0,2.0
T506095,Consulta de saldo,v1,Arequipa,1,Normal,59.2,0,5.0
T506096,Consulta de saldo,v2,Trujillo,5,Normal,67.0,0,5.0
T506097,Pago de servicios,v1,Arequipa,2,Normal,313.7,0,4.0
T506098,Recarga celular,v1,Arequipa,12,Normal,450.5,0,4.0
T506099,Recarga celular,v1,Lima,18,Pico,117.6,0,5.0
T506100,Consulta de saldo,v1,Trujillo,6,Normal,131.2,0,4.0
T506101,Pago QR,v2,Lima,5,Normal,260.4,0,4.0
T506102,Transferencia,v1,Lima,16,Normal,262.0,0,4.0
T506103,Recarga celular,v1,Arequipa,18,Pico,290.9,0,4.0
T506104,Pago QR,v2,Lima,6,Normal,160.6,0,4.0
T506105,Pago de servicios,v2,Trujillo,2,Normal,167.7,1,4.0
T506106,Pago de servicios,v2,Lima,20,Pico,227.2,0,4.0
T506107,Pago QR,v2,Lima,11,Normal,284.0,0,5.0
T506108,Pago QR,v1,Arequipa,14,Normal,182.8,0,4.0
T506109,Consulta de saldo,v1,Trujillo,23,Normal,107.6,0,5.0
T506110,Pago QR,v1,Lima,23,Normal,155.8,0,5.0
T506111,Pago QR,v2,Lima,17,Normal,179.9,0,3.0
T506112,Recarga celular,v1,Trujillo,17,Normal,181.8,0,4.0
T506113,Transferencia,v1,Trujillo,19,Pico,279.6,0,5.0
T506114,Consulta de saldo,v2,Arequipa,5,Normal,79.3,0,5.0
T506115,Recarga celular,v2,Arequipa,13,Normal,132.6,0,5.0
T506116,Pago QR,v1,Lima,7,Normal,186.1,0,4.0
T506117,Pago de servicios,v2,Trujillo,3,Normal,448.1,0,4.0
T506118,Pago de servicios,v2,Arequipa,1,Normal,319.6,0,5.0
T506119,Transferencia,v1,Arequipa,4,Normal,813.4,0,3.0
T506120,Transferencia,v2,Trujillo,4,Normal,523.4,0,3.0
T506121,Pago QR,v1,Trujillo,10,Pico,251.3,0,5.0
T506122,Recarga celular,v1,Arequipa,11,Normal,200.8,0,4.0
T506123,Pago de servicios,v2,Trujillo,17,Normal,257.9,0,4.0
T506124,Transferencia,v2,Lima,0,Normal,256.5,0,4.0
T506125,Consulta de saldo,v1,Lima,16,Normal,33.1,0,5.0
T506126,Pago de servicios,v1,Lima,4,Normal,241.9,0,5.0
T506127,Recarga celular,v2,Arequipa,12,Normal,215.0,0,4.0
T506128,Pago de servicios,v2,Trujillo,3,Normal,232.2,0,3.0
T506129,Consulta de saldo,v2,Lima,8,Pico,159.2,0,5.0
T506130,Pago QR,v1,Lima,1,Normal,403.3,0,3.0
T506131,Pago QR,v1,Lima,8,Pico,210.7,0,4.0
T506132,Pago QR,v2,Arequipa,2,Normal,143.0,0,4.0
T506133,Pago de servicios,v1,Lima,7,Normal,151.1,0,4.0
T506134,Pago de servicios,v1,Trujillo,7,Normal,479.9,0,4.0
T506135,Pago QR,v2,Lima,4,Normal,217.6,1,3.0
T506136,Recarga celular,v2,Lima,9,Pico,212.9,0,3.0
T506137,Consulta de saldo,v2,Lima,12,Normal,89.7,0,3.0
T506138,Transferencia,v2,Lima,17,Normal,277.8,0,4.0
T506139,Transferencia,v2,Arequipa,2,Normal,340.2,0,4.0
T506140,Pago de servicios,v2,Lima,8,Pico,194.7,0,5.0
T506141,Pago de servicios,v2,Lima,0,Normal,264.2,0,4.0
T506142,Transferencia,v1,Lima,22,Normal,160.4,0,4.0
T506143,Consulta de saldo,v2,Trujillo,23,Normal,103.1,0,5.0
T506144,Pago QR,v1,Arequipa,15,Normal,410.2,0,2.0
T506145,Pago QR,v2,Trujillo,19,Pico,136.7,0,3.0
T506146,Pago QR,v1,Trujillo,6,Normal,107.0,0,5.0
T506147,Transferencia,v1,Lima,4,Normal,236.3,0,5.0
T506148,Pago de servicios,v2,Arequipa,9,Pico,284.1,0,4.0
T506149,Recarga celular,v1,Lima,2,Normal,233.4,0,5.0
T506150,Recarga celular,v1,Lima,12,Normal,133.4,0,4.0
T506151,Pago QR,v1,Trujillo,4,Normal,124.1,0,4.0
T506152,Pago QR,v2,Lima,15,Normal,80.9,0,5.0
T506153,Consulta de saldo,v1,Trujillo,17,Normal,50.8,0,4.0
T506154,Consulta de saldo,v2,Arequipa,21,Pico,150.2,0,3.0
T506155,Transferencia,v1,Arequipa,13,Normal,261.7,0,3.0
T506156,Pago QR,v1,Lima,21,Pico,345.9,0,3.0
T506157,Consulta de saldo,v1,Arequipa,14,Normal,123.7,0,5.0
T506158,Pago de servicios,v2,Arequipa,10,Pico,300.8,0,4.0
T506159,Pago de servicios,v1,Lima,1,Normal,528.3,1,1.0
T506160,Transferencia,v1,Trujillo,9,Pico,207.9,0,5.0
T506161,Recarga celular,v1,Trujillo,2,Normal,360.4,0,4.0
T506162,Pago de servicios,v2,Lima,3,Normal,430.1,0,3.0
T506163,Transferencia,v1,Trujillo,15,Normal,1688.8,0,1.0
T506164,Pago QR,v1,Trujillo,19,Pico,424.1,0,4.0
T506165,Transferencia,v1,Lima,9,Pico,257.6,0,4.0
T506166,Recarga celular,v1,Trujillo,22,Normal,112.8,1,5.0
T506167,Recarga celular,v1,Lima,3,Normal,131.4,0,4.0
T506168,Pago QR,v2,Lima,5,Normal,253.2,0,4.0
T506169,Pago de servicios,v2,Trujillo,1,Normal,232.2,0,5.0
T506170,Pago QR,v1,Trujillo,2,Normal,287.8,0,3.0
T506171,Consulta de saldo,v1,Arequipa,2,Normal,149.8,0,5.0
T506172,Recarga celular,v1,Lima,15,Normal,234.6,0,5.0
T506173,Pago QR,v1,Arequipa,19,Pico,349.5,0,3.0
T506174,Recarga celular,v2,Trujillo,3,Normal,113.1,0,5.0
T506175,Pago QR,v2,Arequipa,15,Normal,341.5,0,4.0
T506176,Pago QR,v1,Lima,17,Normal,258.3,0,4.0
T506177,Transferencia,v1,Trujillo,0,Normal,234.6,0,4.0
T506178,Recarga celular,v2,Lima,0,Normal,210.9,0,4.0
T506179,Pago de servicios,v2,Lima,6,Normal,370.9,0,4.0
T506180,Recarga celular,v1,Arequipa,13,Normal,189.3,0,5.0
T506181,Consulta de saldo,v2,Lima,4,Normal,77.0,0,5.0
T506182,Transferencia,v1,Trujillo,14,Normal,156.2,0,5.0
T506183,Pago de servicios,v2,Lima,0,Normal,143.3,0,4.0
T506184,Consulta de saldo,v2,Trujillo,16,Normal,88.2,0,5.0
T506185,Transferencia,v1,Trujillo,0,Normal,167.4,0,5.0
T506186,Pago QR,v1,Lima,22,Normal,265.2,0,3.0
T506187,Transferencia,v1,Lima,12,Normal,375.8,0,3.0
T506188,Transferencia,v1,Lima,23,Normal,499.9,0,3.0
T506189,Transferencia,v2,Lima,18,Pico,206.2,0,5.0
T506190,Consulta de saldo,v1,Lima,7,Normal,115.5,0,5.0
T506191,Consulta de saldo,v2,Lima,12,Normal,48.4,0,4.0
T506192,Consulta de saldo,v2,Lima,21,Pico,206.9,0,5.0
T506193,Consulta de saldo,v2,Lima,12,Normal,107.0,0,5.0
T506194,Transferencia,v2,Trujillo,14,Normal,313.2,0,4.0
T506195,Pago de servicios,v2,Arequipa,11,Normal,554.8,0,3.0
T506196,Consulta de saldo,v1,Arequipa,21,Pico,74.4,0,5.0
T506197,Consulta de saldo,v1,Arequipa,16,Normal,70.7,0,3.0
T506198,Pago de servicios,v2,Trujillo,7,Normal,232.1,0,4.0
T506199,Consulta de saldo,v2,Lima,3,Normal,97.8,0,4.0
T506200,Pago QR,v1,Arequipa,23,Normal,342.2,0,3.0
T506201,Pago de servicios,v1,Lima,6,Normal,353.2,0,4.0
T506202,Pago QR,v2,Lima,10,Pico,211.0,0,3.0
T506203,Recarga celular,v2,Arequipa,3,Normal,570.3,0,3.0
T506204,Transferencia,v2,Lima,9,Pico,316.5,0,4.0
T506205,Pago de servicios,v1,Lima,6,Normal,283.4,0,4.0
T506206,Recarga celular,v2,Trujillo,9,Pico,257.8,0,4.0
T506207,Transferencia,v2,Arequipa,2,Normal,103.3,0,5.0
T506208,Pago QR,v1,Arequipa,23,Normal,192.5,0,5.0
T506209,Recarga celular,v1,Arequipa,23,Normal,205.8,0,4.0
T506210,Consulta de saldo,v2,Lima,11,Normal,136.6,0,5.0
T506211,Consulta de saldo,v2,Lima,14,Normal,150.7,0,5.0
T506212,Consulta de saldo,v2,Arequipa,11,Normal,207.1,0,4.0
T506213,Transferencia,v1,Trujillo,14,Normal,389.3,0,4.0
T506214,Pago QR,v1,Lima,15,Normal,163.0,0,5.0
T506215,Pago QR,v2,Lima,18,Pico,919.3,0,3.0
T506216,Recarga celular,v1,Lima,11,Normal,186.5,0,4.0
T506217,Recarga celular,v2,Arequipa,19,Pico,432.3,0,4.0
T506218,Consulta de saldo,v1,Lima,22,Normal,81.7,0,5.0
T506219,Transferencia,v1,Lima,20,Pico,528.3,0,3.0
T506220,Pago de servicios,v1,Lima,8,Pico,435.0,0,5.0
T506221,Consulta de saldo,v2,Trujillo,0,Normal,114.6,0,4.0
T506222,Consulta de saldo,v1,Trujillo,0,Normal,42.1,0,4.0
T506223,Recarga celular,v1,Lima,18,Pico,216.6,0,5.0
T506224,Transferencia,v2,Lima,7,Normal,226.1,0,4.0
T506225,Recarga celular,v1,Trujillo,7,Normal,139.9,0,4.0
T506226,Pago QR,v2,Trujillo,9,Pico,185.7,0,4.0
T506227,Transferencia,v1,Arequipa,12,Normal,461.4,0,4.0
T506228,Consulta de saldo,v2,Lima,17,Normal,42.5,0,5.0
T506229,Consulta de saldo,v1,Arequipa,8,Pico,104.8,0,5.0
T506230,Pago QR,v2,Arequipa,11,Normal,733.3,0,4.0
T506231,Consulta de saldo,v2,Lima,1,Normal,56.9,0,4.0
T506232,Pago QR,v2,Trujillo,12,Normal,499.8,0,3.0
T506233,Pago QR,v1,Arequipa,15,Normal,95.7,0,5.0
T506234,Consulta de saldo,v1,Arequipa,4,Normal,158.2,0,4.0
T506235,Pago QR,v2,Lima,12,Normal,234.9,0,3.0
T506236,Transferencia,v1,Arequipa,23,Normal,765.7,0,4.0
T506237,Transferencia,v2,Lima,13,Normal,177.5,0,4.0
T506238,Pago de servicios,v1,Lima,2,Normal,295.0,0,4.0
T506239,Pago de servicios,v2,Lima,6,Normal,263.6,0,5.0
T506240,Pago QR,v1,Lima,7,Normal,265.4,0,5.0
T506241,Consulta de saldo,v1,Arequipa,9,Pico,222.9,0,3.0
T506242,Pago de servicios,v1,Trujillo,13,Normal,217.1,0,5.0
T506243,Pago de servicios,v1,Lima,6,Normal,412.8,0,3.0
T506244,Consulta de saldo,v1,Lima,5,Normal,86.7,0,4.0
T506245,Pago QR,v1,Lima,11,Normal,117.4,0,3.0
T506246,Consulta de saldo,v2,Lima,22,Normal,63.7,0,3.0
T506247,Transferencia,v2,Lima,11,Normal,283.0,0,4.0
T506248,Pago QR,v2,Arequipa,21,Pico,357.0,0,4.0
T506249,Pago QR,v1,Lima,11,Normal,446.6,0,4.0
T506250,Pago de servicios,v2,Trujillo,18,Pico,156.9,0,5.0
T506251,Recarga celular,v1,Arequipa,18,Pico,181.8,0,5.0
T506252,Pago QR,v1,Lima,7,Normal,298.6,0,5.0
T506253,Transferencia,v2,Lima,2,Normal,324.2,0,5.0
T506254,Pago QR,v2,Trujillo,12,Normal,74.1,0,4.0
T506255,Pago QR,v1,Lima,11,Normal,159.5,0,5.0
T506256,Consulta de saldo,v2,Lima,15,Normal,73.3,0,5.0
T506257,Consulta de saldo,v1,Lima,4,Normal,102.8,0,4.0
T506258,Pago QR,v1,Lima,19,Pico,252.4,0,5.0
T506259,Consulta de saldo,v1,Lima,21,Pico,151.1,0,4.0
T506260,Pago de servicios,v1,Lima,4,Normal,186.3,0,5.0
T506261,Pago QR,v1,Trujillo,16,Normal,169.0,0,5.0
T506262,Consulta de saldo,v1,Trujillo,12,Normal,88.9,0,4.0
T506263,Pago QR,v2,Arequipa,12,Normal,186.7,0,5.0
T506264,Pago de servicios,v2,Lima,20,Pico,322.3,0,4.0
T506265,Consulta de saldo,v2,Lima,12,Normal,121.6,0,3.0
T506266,Consulta de saldo,v1,Arequipa,11,Normal,89.1,0,5.0
T506267,Transferencia,v2,Lima,16,Normal,258.5,0,4.0
T506268,Consulta de saldo,v1,Trujillo,23,Normal,71.1,1,3.0
T506269,Recarga celular,v2,Trujillo,0,Normal,238.9,0,5.0
T506270,Pago de servicios,v1,Arequipa,19,Pico,554.2,0,3.0
T506271,Transferencia,v1,Trujillo,8,Pico,527.8,0,3.0
T506272,Pago de servicios,v1,Arequipa,22,Normal,373.8,0,4.0
T506273,Pago QR,v1,Arequipa,1,Normal,174.4,1,3.0
T506274,Recarga celular,v1,Trujillo,9,Pico,238.8,0,5.0
T506275,Pago QR,v1,Lima,8,Pico,177.6,0,3.0
T506276,Transferencia,v2,Lima,2,Normal,362.3,0,4.0
T506277,Pago QR,v2,Arequipa,23,Normal,454.1,0,4.0
T506278,Pago de servicios,v1,Trujillo,23,Normal,216.4,0,5.0
T506279,Transferencia,v2,Lima,2,Normal,182.9,0,3.0
T506280,Consulta de saldo,v2,Arequipa,3,Normal,167.1,0,4.0
T506281,Transferencia,v1,Lima,6,Normal,265.5,0,3.0
T506282,Recarga celular,v2,Lima,8,Pico,345.2,0,5.0
T506283,Transferencia,v2,Lima,21,Pico,316.5,0,4.0
T506284,Transferencia,v2,Lima,15,Normal,639.7,0,3.0
T506285,Transferencia,v2,Lima,5,Normal,323.1,0,5.0
T506286,Recarga celular,v1,Lima,4,Normal,496.7,0,3.0
T506287,Pago de servicios,v1,Arequipa,13,Normal,432.8,0,3.0
T506288,Transferencia,v2,Trujillo,9,Pico,395.4,0,4.0
T506289,Pago de servicios,v1,Lima,23,Normal,325.8,0,4.0
T506290,Pago QR,v2,Lima,7,Normal,214.1,0,3.0
T506291,Recarga celular,v2,Trujillo,2,Normal,77.1,0,5.0
T506292,Consulta de saldo,v1,Trujillo,11,Normal,66.0,0,4.0
T506293,Transferencia,v1,Lima,14,Normal,374.9,0,3.0
T506294,Transferencia,v2,Lima,22,Normal,232.4,0,5.0
T506295,Pago QR,v2,Lima,6,Normal,85.5,0,5.0
T506296,Pago de servicios,v2,Lima,9,Pico,530.5,0,4.0
T506297,Pago QR,v2,Trujillo,8,Pico,85.5,0,4.0
T506298,Pago de servicios,v2,Lima,23,Normal,285.6,0,4.0
T506299,Pago QR,v1,Trujillo,22,Normal,121.9,0,4.0
T506300,Transferencia,v2,Lima,21,Pico,264.0,0,5.0
T506301,Recarga celular,v2,Lima,12,Normal,404.7,0,5.0
T506302,Pago QR,v2,Arequipa,10,Pico,131.1,0,4.0
T506303,Pago de servicios,v1,Lima,13,Normal,584.5,0,3.0
T506304,Pago QR,v2,Trujillo,4,Normal,191.6,0,4.0
T506305,Consulta de saldo,v1,Lima,7,Normal,129.9,0,5.0
T506306,Recarga celular,v1,Lima,1,Normal,62.4,0,4.0
T506307,Consulta de saldo,v1,Lima,15,Normal,55.5,0,5.0
T506308,Pago de servicios,v1,Trujillo,4,Normal,309.9,0,5.0
T506309,Consulta de saldo,v2,Arequipa,22,Normal,114.6,0,4.0
T506310,Consulta de saldo,v2,Lima,12,Normal,104.3,0,4.0
T506311,Transferencia,v2,Arequipa,0,Normal,316.2,0,5.0
T506312,Consulta de saldo,v1,Lima,13,Normal,144.2,0,4.0
T506313,Consulta de saldo,v2,Trujillo,6,Normal,46.5,0,5.0
T506314,Pago QR,v1,Lima,23,Normal,397.6,1,2.0
T506315,Pago QR,v2,Lima,5,Normal,243.9,0,4.0
T506316,Recarga celular,v1,Lima,15,Normal,181.5,0,4.0
T506317,Consulta de saldo,v2,Arequipa,15,Normal,162.0,0,4.0
T506318,Transferencia,v2,Trujillo,13,Normal,349.5,0,3.0
T506319,Pago de servicios,v2,Lima,17,Normal,332.2,0,4.0
T506320,Transferencia,v1,Trujillo,6,Normal,488.2,0,4.0
T506321,Pago de servicios,v1,Lima,11,Normal,513.3,0,4.0
T506322,Consulta de saldo,v1,Lima,8,Pico,113.6,0,5.0
T506323,Consulta de saldo,v1,Lima,22,Normal,117.3,0,
T506324,Pago QR,v1,Lima,4,Normal,201.8,0,4.0
T506325,Transferencia,v2,Arequipa,18,Pico,320.8,0,3.0
T506326,Pago QR,v2,Lima,17,Normal,502.1,0,3.0
T506327,Pago de servicios,v1,Trujillo,2,Normal,260.0,0,5.0
T506328,Pago de servicios,v1,Lima,14,Normal,227.4,0,5.0
T506329,Consulta de saldo,v2,Lima,16,Normal,83.2,0,5.0
T506330,Consulta de saldo,v1,Lima,12,Normal,100.6,0,4.0
T506331,Recarga celular,v2,Lima,7,Normal,201.2,0,3.0
T506332,Pago de servicios,v2,Lima,10,Pico,490.8,0,3.0
T506333,Consulta de saldo,v1,Trujillo,15,Normal,116.3,0,5.0
T506334,Pago de servicios,v2,Trujillo,15,Normal,202.6,0,4.0
T506335,Consulta de saldo,v2,Lima,19,Pico,118.4,0,5.0
T506336,Recarga celular,v1,Lima,7,Normal,75.6,0,5.0
T506337,Transferencia,v2,Trujillo,8,Pico,878.0,0,2.0
T506338,Transferencia,v1,Trujillo,11,Normal,134.4,0,5.0
T506339,Consulta de saldo,v2,Arequipa,9,Pico,264.9,0,3.0
T506340,Transferencia,v1,Lima,8,Pico,165.6,0,4.0
T506341,Pago QR,v2,Lima,7,Normal,83.0,0,4.0
T506342,Pago QR,v2,Lima,18,Pico,180.8,0,5.0
T506343,Recarga celular,v1,Trujillo,4,Normal,95.9,0,5.0
T506344,Transferencia,v2,Lima,12,Normal,198.7,0,4.0
T506345,Pago QR,v2,Lima,23,Normal,242.2,0,4.0
T506346,Transferencia,v1,Lima,12,Normal,188.9,0,4.0
T506347,Pago QR,v2,Trujillo,22,Normal,370.9,0,5.0
T506348,Transferencia,v2,Lima,9,Pico,241.0,0,4.0
T506349,Recarga celular,v1,Lima,18,Pico,311.9,0,5.0
T506350,Transferencia,v2,Lima,23,Normal,375.1,0,4.0
T506351,Transferencia,v1,Lima,22,Normal,401.7,0,3.0
T506352,Pago QR,v1,Arequipa,13,Normal,117.8,0,3.0
T506353,Consulta de saldo,v1,Arequipa,9,Pico,110.6,1,4.0
T506354,Transferencia,v2,Lima,14,Normal,370.6,0,4.0
T506355,Pago QR,v1,Arequipa,16,Normal,88.7,0,4.0
T506356,Consulta de saldo,v2,Lima,7,Normal,76.8,0,4.0
T506357,Transferencia,v1,Trujillo,2,Normal,150.9,0,4.0
T506358,Transferencia,v1,Lima,19,Pico,162.1,0,
T506359,Pago QR,v2,Trujillo,22,Normal,213.0,0,2.0
T506360,Recarga celular,v1,Lima,17,Normal,76.3,0,4.0
T506361,Recarga celular,v1,Arequipa,3,Normal,163.4,0,4.0
T506362,Consulta de saldo,v2,Trujillo,7,Normal,56.8,0,4.0
T506363,Pago de servicios,v1,Lima,7,Normal,432.0,0,4.0
T506364,Transferencia,v2,Lima,17,Normal,344.6,0,5.0
T506365,Pago QR,v1,Trujillo,15,Normal,201.5,0,5.0
T506366,Pago de servicios,v1,Lima,9,Pico,553.7,0,4.0
T506367,Pago QR,v2,Lima,4,Normal,231.3,0,5.0
T506368,Pago de servicios,v1,Trujillo,10,Pico,680.6,0,3.0
T506369,Consulta de saldo,v1,Trujillo,14,Normal,106.2,0,4.0
T506370,Pago de servicios,v2,Lima,12,Normal,108.8,0,4.0
T506371,Pago QR,v2,Lima,0,Normal,286.8,0,4.0
T506372,Consulta de saldo,v1,Lima,10,Pico,180.7,0,5.0
T506373,Pago QR,v1,Trujillo,15,Normal,121.4,0,4.0
T506374,Pago QR,v2,Lima,16,Normal,272.9,0,4.0
T506375,Recarga celular,v2,Lima,11,Normal,252.4,0,4.0
T506376,Recarga celular,v2,Lima,5,Normal,61.3,0,5.0
T506377,Transferencia,v1,Arequipa,11,Normal,323.9,0,4.0
T506378,Consulta de saldo,v1,Trujillo,3,Normal,34.7,0,5.0
T506379,Pago de servicios,v1,Arequipa,15,Normal,196.3,0,5.0
T506380,Pago QR,v1,Lima,4,Normal,439.2,0,3.0
T506381,Pago de servicios,v2,Lima,7,Normal,226.9,0,5.0
T506382,Pago de servicios,v2,Trujillo,15,Normal,569.2,0,4.0
T506383,Transferencia,v1,Lima,7,Normal,285.4,0,4.0
T506384,Transferencia,v2,Arequipa,3,Normal,403.4,0,4.0
T506385,Pago de servicios,v1,Trujillo,18,Pico,488.4,0,3.0
T506386,Pago de servicios,v2,Lima,2,Normal,244.1,0,4.0
T506387,Pago QR,v2,Lima,17,Normal,180.4,0,3.0
T506388,Consulta de saldo,v2,Lima,10,Pico,173.6,0,5.0
T506389,Pago QR,v2,Trujillo,16,Normal,225.7,0,5.0
T506390,Transferencia,v2,Arequipa,15,Normal,498.9,0,2.0
T506391,Pago QR,v1,Arequipa,22,Normal,160.5,0,4.0
T506392,Transferencia,v2,Trujillo,11,Normal,173.7,0,5.0
T506393,Pago QR,v2,Lima,0,Normal,579.1,0,3.0
T506394,Pago QR,v2,Trujillo,15,Normal,123.8,0,5.0
T506395,Recarga celular,v2,Trujillo,1,Normal,92.5,0,5.0
T506396,Pago de servicios,v1,Arequipa,15,Normal,299.0,0,4.0
T506397,Transferencia,v2,Trujillo,1,Normal,204.8,0,4.0
T506398,Recarga celular,v2,Lima,1,Normal,212.3,0,4.0
T506399,Pago QR,v1,Arequipa,3,Normal,297.1,0,3.0
T506400,Transferencia,v2,Arequipa,23,Normal,169.6,0,3.0
T506401,Consulta de saldo,v2,Lima,14,Normal,126.0,0,5.0
T506402,Consulta de saldo,v2,Lima,8,Pico,201.7,0,4.0
T506403,Pago QR,v1,Lima,5,Normal,114.7,0,4.0
T506404,Recarga celular,v1,Arequipa,23,Normal,216.1,0,5.0
T506405,Pago QR,v2,Trujillo,11,Normal,189.8,0,5.0
T506406,Pago QR,v1,Lima,15,Normal,208.8,0,4.0
T506407,Recarga celular,v1,Arequipa,0,Normal,102.6,0,3.0
T506408,Pago QR,v1,Arequipa,20,Pico,463.1,0,5.0
T506409,Consulta de saldo,v1,Trujillo,11,Normal,97.7,0,5.0
T506410,Consulta de saldo,v1,Lima,2,Normal,138.4,0,3.0
T506411,Transferencia,v2,Lima,8,Pico,321.8,0,3.0
T506412,Pago de servicios,v2,Lima,11,Normal,213.8,0,4.0
T506413,Transferencia,v2,Lima,10,Pico,335.3,0,3.0
T506414,Pago QR,v2,Lima,6,Normal,756.5,0,4.0
T506415,Pago de servicios,v1,Lima,4,Normal,252.4,0,4.0
T506416,Pago QR,v2,Lima,12,Normal,224.1,0,4.0
T506417,Consulta de saldo,v1,Lima,3,Normal,137.1,0,4.0
T506418,Recarga celular,v2,Lima,17,Normal,119.3,0,4.0
T506419,Recarga celular,v2,Lima,7,Normal,315.1,0,5.0
T506420,Recarga celular,v1,Arequipa,11,Normal,189.9,0,4.0
T506421,Transferencia,v1,Lima,0,Normal,408.0,0,3.0
T506422,Consulta de saldo,v1,Lima,22,Normal,63.6,0,4.0
T506423,Transferencia,v1,Lima,1,Normal,422.2,0,3.0
T506424,Recarga celular,v2,Arequipa,21,Pico,127.6,0,4.0
T506425,Recarga celular,v2,Lima,21,Pico,134.0,0,5.0
T506426,Pago QR,v2,Trujillo,4,Normal,403.0,0,3.0
T506427,Consulta de saldo,v2,Arequipa,17,Normal,66.5,0,4.0
T506428,Pago QR,v2,Arequipa,17,Normal,183.4,0,5.0
T506429,Consulta de saldo,v1,Arequipa,20,Pico,198.3,0,4.0
T506430,Consulta de saldo,v1,Arequipa,14,Normal,202.8,0,4.0
T506431,Pago QR,v2,Arequipa,14,Normal,252.8,0,5.0
T506432,Transferencia,v1,Lima,2,Normal,404.7,0,4.0
T506433,Consulta de saldo,v2,Lima,17,Normal,143.3,0,5.0
T506434,Transferencia,v1,Trujillo,7,Normal,239.8,0,5.0
T506435,Recarga celular,v1,Arequipa,5,Normal,149.0,0,4.0
T506436,Transferencia,v1,Arequipa,3,Normal,336.6,0,5.0
T506437,Pago QR,v2,Arequipa,11,Normal,94.0,0,4.0
T506438,Pago de servicios,v1,Arequipa,8,Pico,244.5,0,3.0
T506439,Pago de servicios,v1,Lima,16,Normal,393.0,0,4.0
T506440,Consulta de saldo,v1,Lima,12,Normal,126.0,0,4.0
T506441,Pago de servicios,v2,Arequipa,4,Normal,437.3,0,5.0
T506442,Pago QR,v2,Lima,14,Normal,304.3,0,4.0
T506443,Pago QR,v1,Lima,1,Normal,123.0,0,5.0
T506444,Pago QR,v2,Arequipa,21,Pico,408.9,0,5.0
T506445,Pago QR,v1,Lima,11,Normal,86.2,0,5.0
T506446,Pago QR,v1,Trujillo,21,Pico,150.5,0,5.0
T506447,Pago QR,v1,Lima,18,Pico,293.1,0,3.0
T506448,Pago QR,v1,Lima,18,Pico,255.2,0,4.0
T506449,Pago de servicios,v2,Arequipa,19,Pico,222.5,0,3.0
T506450,Pago QR,v2,Trujillo,2,Normal,284.6,0,3.0
T506451,Transferencia,v2,Lima,0,Normal,127.7,0,4.0
T506452,Recarga celular,v2,Trujillo,10,Pico,329.2,0,3.0
T506453,Transferencia,v2,Arequipa,9,Pico,417.5,0,3.0
T506454,Pago QR,v2,Arequipa,18,Pico,188.5,0,3.0
T506455,Transferencia,v1,Trujillo,17,Normal,225.5,0,5.0
T506456,Recarga celular,v2,Arequipa,20,Pico,148.6,0,3.0
T506457,Pago de servicios,v1,Trujillo,17,Normal,559.7,0,4.0
T506458,Pago QR,v2,Lima,11,Normal,152.0,0,4.0
T506459,Consulta de saldo,v1,Lima,8,Pico,234.7,0,4.0
T506460,Recarga celular,v2,Trujillo,5,Normal,116.6,0,4.0
T506461,Pago QR,v2,Trujillo,15,Normal,119.2,1,4.0
T506462,Pago de servicios,v1,Lima,13,Normal,345.7,0,4.0
T506463,Transferencia,v1,Arequipa,17,Normal,724.0,0,3.0
T506464,Recarga celular,v2,Lima,0,Normal,162.8,0,5.0
T506465,Consulta de saldo,v2,Lima,4,Normal,110.1,0,5.0
T506466,Pago de servicios,v1,Lima,14,Normal,318.9,0,3.0
T506467,Pago QR,v2,Trujillo,9,Pico,221.4,0,4.0
T506468,Pago QR,v1,Trujillo,3,Normal,92.4,0,3.0
T506469,Transferencia,v1,Lima,3,Normal,416.3,0,3.0
T506470,Pago QR,v1,Lima,1,Normal,1138.1,0,3.0
T506471,Consulta de saldo,v1,Lima,8,Pico,102.7,0,5.0
T506472,Transferencia,v1,Trujillo,13,Normal,212.7,0,5.0
T506473,Recarga celular,v2,Lima,14,Normal,235.8,0,4.0
T506474,Transferencia,v2,Lima,7,Normal,660.2,0,3.0
T506475,Recarga celular,v2,Arequipa,15,Normal,69.9,0,4.0
T506476,Recarga celular,v2,Lima,23,Normal,276.4,0,4.0
T506477,Transferencia,v2,Trujillo,10,Pico,319.1,0,4.0
T506478,Pago QR,v2,Lima,2,Normal,241.3,0,4.0
T506479,Consulta de saldo,v2,Trujillo,15,Normal,143.2,0,5.0
T506480,Recarga celular,v2,Arequipa,12,Normal,399.1,0,5.0
T506481,Pago de servicios,v1,Arequipa,1,Normal,317.7,0,5.0
T506482,Consulta de saldo,v2,Lima,16,Normal,92.2,0,4.0
T506483,Recarga celular,v1,Lima,9,Pico,238.5,0,3.0
T506484,Transferencia,v1,Lima,15,Normal,175.8,0,4.0
T506485,Consulta de saldo,v1,Arequipa,0,Normal,62.9,0,4.0
T506486,Transferencia,v2,Lima,13,Normal,342.2,0,3.0
T506487,Consulta de saldo,v2,Lima,5,Normal,50.5,0,5.0
T506488,Pago QR,v1,Trujillo,19,Pico,163.3,0,4.0
T506489,Pago QR,v1,Lima,0,Normal,402.5,1,2.0
T506490,Pago QR,v2,Lima,19,Pico,352.8,0,4.0
T506491,Transferencia,v1,Trujillo,11,Normal,451.4,0,5.0
T506492,Recarga celular,v1,Lima,14,Normal,91.0,0,4.0
T506493,Pago de servicios,v2,Lima,14,Normal,263.3,0,4.0
T506494,Pago de servicios,v1,Trujillo,20,Pico,452.8,0,4.0
T506495,Recarga celular,v1,Arequipa,12,Normal,338.7,0,4.0
T506496,Consulta de saldo,v2,Lima,5,Normal,136.3,0,5.0
T506497,Pago QR,v1,Lima,1,Normal,254.8,0,5.0
T506498,Transferencia,v2,Trujillo,3,Normal,110.5,0,5.0
T506499,Consulta de saldo,v2,Lima,12,Normal,127.4,0,5.0
T506500,Transferencia,v2,Lima,5,Normal,236.0,0,5.0
T506501,Consulta de saldo,v2,Trujillo,2,Normal,84.1,0,5.0
T506502,Pago de servicios,v1,Trujillo,1,Normal,362.8,0,4.0
T506503,Pago de servicios,v1,Lima,11,Normal,575.3,0,4.0
T506504,Pago de servicios,v2,Lima,0,Normal,313.0,0,4.0
T506505,Transferencia,v2,Lima,8,Pico,246.6,0,4.0
T506506,Pago QR,v2,Lima,12,Normal,143.9,0,4.0
T506507,Recarga celular,v2,Lima,3,Normal,182.8,0,4.0
T506508,Pago de servicios,v1,Lima,23,Normal,267.8,0,3.0
T506509,Transferencia,v1,Arequipa,10,Pico,359.5,0,3.0
T506510,Pago de servicios,v2,Lima,9,Pico,368.9,0,3.0
T506511,Pago QR,v1,Lima,7,Normal,253.2,0,5.0
T506512,Transferencia,v2,Arequipa,23,Normal,142.7,0,3.0
T506513,Consulta de saldo,v2,Arequipa,1,Normal,234.6,0,5.0
T506514,Transferencia,v1,Trujillo,0,Normal,232.7,0,3.0
T506515,Consulta de saldo,v2,Arequipa,19,Pico,80.3,0,4.0
T506516,Pago QR,v2,Trujillo,3,Normal,216.5,0,5.0
T506517,Recarga celular,v2,Arequipa,17,Normal,123.3,0,5.0
T506518,Pago de servicios,v2,Lima,5,Normal,252.4,0,5.0
T506519,Pago QR,v1,Arequipa,8,Pico,578.0,0,2.0
T506520,Transferencia,v1,Trujillo,23,Normal,179.6,0,4.0
T506521,Pago QR,v2,Trujillo,12,Normal,267.3,0,5.0
T506522,Transferencia,v1,Arequipa,10,Pico,425.0,0,4.0
T506523,Transferencia,v1,Trujillo,17,Normal,238.6,0,4.0
T506524,Pago de servicios,v1,Trujillo,12,Normal,214.9,0,4.0
T506525,Recarga celular,v2,Lima,20,Pico,148.1,0,5.0
T506526,Consulta de saldo,v1,Lima,14,Normal,163.1,0,5.0
T506527,Transferencia,v2,Arequipa,18,Pico,344.5,0,5.0
T506528,Transferencia,v2,Arequipa,23,Normal,143.3,0,5.0
T506529,Recarga celular,v2,Lima,21,Pico,224.3,0,4.0
T506530,Pago QR,v2,Arequipa,11,Normal,,0,4.0
T506531,Recarga celular,v1,Arequipa,2,Normal,159.5,0,4.0
T506532,Transferencia,v2,Lima,11,Normal,430.4,0,4.0
T506533,Recarga celular,v2,Arequipa,5,Normal,264.5,0,4.0
T506534,Transferencia,v1,Arequipa,10,Pico,408.5,0,4.0
T506535,Transferencia,v2,Lima,3,Normal,411.4,0,4.0
T506536,Consulta de saldo,v1,Trujillo,20,Pico,144.1,0,5.0
T506537,Transferencia,v1,Arequipa,15,Normal,216.3,0,4.0
T506538,Transferencia,v1,Trujillo,21,Pico,284.4,0,4.0
T506539,Pago de servicios,v1,Arequipa,13,Normal,438.7,0,4.0
T506540,Transferencia,v2,Arequipa,20,Pico,300.0,0,4.0
T506541,Pago QR,v2,Arequipa,8,Pico,143.0,0,3.0
T506542,Pago QR,v2,Lima,14,Normal,222.9,0,4.0
T506543,Consulta de saldo,v1,Arequipa,12,Normal,209.9,0,5.0
T506544,Consulta de saldo,v2,Lima,23,Normal,141.1,0,5.0
T506545,Recarga celular,v1,Trujillo,13,Normal,117.5,0,5.0
T506546,Transferencia,v1,Lima,7,Normal,180.2,0,5.0
T506547,Pago de servicios,v2,Arequipa,4,Normal,97.1,0,4.0
T506548,Consulta de saldo,v1,Lima,4,Normal,121.4,0,4.0
T506549,Consulta de saldo,v1,Lima,3,Normal,76.4,0,5.0
T506550,Consulta de saldo,v2,Lima,10,Pico,202.2,0,4.0
T506551,Recarga celular,v1,Trujillo,21,Pico,234.7,0,5.0
T506552,Recarga celular,v2,Trujillo,15,Normal,217.8,0,4.0
T506553,Transferencia,v1,Lima,4,Normal,191.0,0,4.0
T506554,Transferencia,v1,Arequipa,7,Normal,155.7,0,4.0
T506555,Pago de servicios,v1,Trujillo,22,Normal,390.9,0,4.0
T506556,Consulta de saldo,v1,Lima,9,Pico,406.0,0,4.0
T506557,Recarga celular,v2,Trujillo,15,Normal,113.3,0,5.0
T506558,Consulta de saldo,v1,Lima,7,Normal,202.9,0,3.0
T506559,Pago de servicios,v1,Trujillo,12,Normal,329.5,0,5.0
T506560,Consulta de saldo,v1,Lima,8,Pico,172.9,0,4.0
T506561,Consulta de saldo,v1,Arequipa,14,Normal,118.3,0,5.0
T506562,Recarga celular,v1,Arequipa,15,Normal,142.2,0,4.0
T506563,Consulta de saldo,v2,Arequipa,14,Normal,124.0,0,5.0
T506564,Transferencia,v1,Lima,5,Normal,228.5,0,4.0
T506565,Recarga celular,v1,Arequipa,18,Pico,238.8,0,4.0
T506566,Transferencia,v1,Lima,12,Normal,290.8,0,5.0
T506567,Recarga celular,v2,Lima,12,Normal,298.7,0,3.0
T506568,Pago QR,v2,Lima,6,Normal,192.9,0,5.0
T506569,Pago QR,v1,Lima,7,Normal,567.5,0,3.0
T506570,Consulta de saldo,v1,Trujillo,1,Normal,78.2,0,4.0
T506571,Transferencia,v1,Lima,20,Pico,291.9,0,5.0
T506572,Pago QR,v1,Lima,12,Normal,441.8,0,4.0
T506573,Pago QR,v1,Lima,15,Normal,177.9,0,4.0
T506574,Pago de servicios,v1,Arequipa,0,Normal,384.5,0,4.0
T506575,Transferencia,v2,Lima,22,Normal,145.1,0,5.0
T506576,Pago de servicios,v1,Lima,11,Normal,198.7,0,5.0
T506577,Consulta de saldo,v1,Trujillo,23,Normal,83.9,0,5.0
T506578,Recarga celular,v1,Arequipa,1,Normal,249.7,0,3.0
T506579,Pago QR,v2,Lima,3,Normal,237.6,0,4.0
T506580,Transferencia,v1,Lima,7,Normal,,0,3.0
T506581,Transferencia,v1,Trujillo,7,Normal,151.5,0,5.0
T506582,Pago QR,v2,Lima,9,Pico,251.2,0,5.0
T506583,Pago QR,v2,Lima,8,Pico,194.7,0,5.0
T506584,Pago de servicios,v2,Trujillo,6,Normal,264.1,0,5.0
T506585,Transferencia,v1,Lima,5,Normal,119.9,0,5.0
T506586,Pago de servicios,v1,Arequipa,19,Pico,391.7,0,4.0
T506587,Pago QR,v2,Lima,5,Normal,137.9,0,5.0
T506588,Pago QR,v1,Lima,8,Pico,569.7,0,3.0
T506589,Transferencia,v1,Trujillo,5,Normal,269.7,0,5.0
T506590,Pago de servicios,v1,Lima,0,Normal,385.4,0,5.0
T506591,Recarga celular,v1,Arequipa,8,Pico,147.9,0,5.0
T506592,Recarga celular,v1,Lima,9,Pico,164.1,0,4.0
T506593,Pago QR,v1,Arequipa,13,Normal,291.4,0,4.0
T506594,Transferencia,v2,Lima,21,Pico,379.3,0,3.0
T506595,Consulta de saldo,v2,Arequipa,5,Normal,172.9,0,4.0
T506596,Recarga celular,v2,Arequipa,8,Pico,326.4,0,4.0
T506597,Consulta de saldo,v2,Arequipa,20,Pico,265.9,0,3.0
T506598,Pago QR,v1,Lima,11,Normal,137.3,0,4.0
T506599,Pago QR,v1,Lima,20,Pico,181.6,0,4.0
T506600,Transferencia,v1,Lima,17,Normal,347.2,0,3.0
T506601,Transferencia,v2,Arequipa,9,Pico,181.7,0,5.0
T506602,Pago QR,v2,Lima,5,Normal,120.0,0,4.0
T506603,Consulta de saldo,v2,Lima,22,Normal,63.6,0,5.0
T506604,Consulta de saldo,v2,Arequipa,10,Pico,128.0,0,4.0
T506605,Pago QR,v1,Arequipa,10,Pico,405.2,0,3.0
T506606,Consulta de saldo,v2,Trujillo,7,Normal,82.1,0,4.0
T506607,Pago de servicios,v1,Lima,18,Pico,514.1,0,5.0
T506608,Recarga celular,v1,Lima,17,Normal,458.7,0,5.0
T506609,Consulta de saldo,v1,Trujillo,12,Normal,69.6,0,4.0
T506610,Pago de servicios,v2,Arequipa,7,Normal,408.2,0,3.0
T506611,Recarga celular,v2,Arequipa,18,Pico,246.1,0,5.0
T506612,Consulta de saldo,v2,Arequipa,5,Normal,149.3,0,4.0
T506613,Pago QR,v1,Trujillo,13,Normal,412.7,0,3.0
T506614,Transferencia,v1,Arequipa,12,Normal,623.5,0,4.0
T506615,Recarga celular,v2,Lima,21,Pico,155.2,0,4.0
T506616,Pago de servicios,v1,Lima,10,Pico,1126.9,1,1.0
T506617,Pago de servicios,v2,Trujillo,22,Normal,363.7,0,4.0
T506618,Recarga celular,v1,Arequipa,15,Normal,280.0,0,4.0
T506619,Consulta de saldo,v1,Lima,4,Normal,116.2,0,4.0
T506620,Pago QR,v2,Lima,21,Pico,203.0,0,4.0
T506621,Transferencia,v1,Lima,20,Pico,219.1,0,4.0
T506622,Transferencia,v1,Arequipa,17,Normal,192.4,0,4.0
T506623,Recarga celular,v1,Lima,17,Normal,256.8,0,5.0
T506624,Consulta de saldo,v2,Trujillo,15,Normal,126.0,0,4.0
T506625,Pago de servicios,v1,Lima,8,Pico,439.2,0,5.0
T506626,Consulta de saldo,v2,Lima,19,Pico,214.3,0,4.0
T506627,Transferencia,v1,Lima,11,Normal,248.8,0,5.0
T506628,Recarga celular,v2,Lima,19,Pico,377.2,0,4.0
T506629,Consulta de saldo,v1,Lima,3,Normal,61.9,0,4.0
T506630,Transferencia,v2,Arequipa,14,Normal,242.7,0,4.0
T506631,Transferencia,v1,Trujillo,11,Normal,239.4,0,5.0
T506632,Consulta de saldo,v2,Trujillo,17,Normal,190.2,0,4.0
T506633,Recarga celular,v1,Arequipa,19,Pico,65.7,0,4.0
T506634,Transferencia,v1,Lima,12,Normal,175.9,0,5.0
T506635,Transferencia,v2,Lima,22,Normal,236.0,0,5.0
T506636,Transferencia,v1,Trujillo,2,Normal,300.2,0,3.0
T506637,Recarga celular,v2,Trujillo,4,Normal,244.1,0,3.0
T506638,Consulta de saldo,v2,Lima,13,Normal,69.0,0,3.0
T506639,Consulta de saldo,v2,Trujillo,17,Normal,96.5,0,4.0
T506640,Pago QR,v1,Lima,19,Pico,486.3,0,4.0
T506641,Pago QR,v2,Lima,5,Normal,156.5,0,4.0
T506642,Transferencia,v1,Trujillo,8,Pico,292.9,1,3.0
T506643,Pago de servicios,v2,Arequipa,0,Normal,267.2,0,4.0
T506644,Pago QR,v2,Arequipa,1,Normal,160.8,0,5.0
T506645,Recarga celular,v2,Arequipa,19,Pico,,1,4.0
T506646,Pago de servicios,v2,Arequipa,18,Pico,413.3,0,4.0
T506647,Pago QR,v2,Arequipa,7,Normal,151.7,0,4.0
T506648,Pago de servicios,v1,Lima,9,Pico,625.7,0,4.0
T506649,Recarga celular,v1,Lima,20,Pico,400.8,0,3.0
T506650,Consulta de saldo,v1,Trujillo,23,Normal,128.6,0,4.0
T506651,Recarga celular,v1,Lima,6,Normal,120.6,0,3.0
T506652,Transferencia,v1,Lima,20,Pico,506.5,0,4.0
T506653,Transferencia,v1,Arequipa,3,Normal,451.5,0,4.0
T506654,Transferencia,v2,Lima,14,Normal,136.3,0,4.0
T506655,Recarga celular,v2,Trujillo,3,Normal,183.7,0,3.0
T506656,Pago de servicios,v1,Lima,15,Normal,297.7,0,5.0
T506657,Pago de servicios,v1,Lima,12,Normal,342.6,0,5.0
T506658,Consulta de saldo,v1,Arequipa,18,Pico,122.5,0,4.0
T506659,Consulta de saldo,v2,Lima,4,Normal,103.1,0,5.0
T506660,Transferencia,v1,Trujillo,15,Normal,742.9,0,2.0
T506661,Recarga celular,v2,Lima,2,Normal,305.6,0,4.0
T506662,Pago QR,v2,Trujillo,12,Normal,368.1,0,3.0
T506663,Pago QR,v1,Lima,6,Normal,280.4,0,4.0
T506664,Transferencia,v1,Arequipa,20,Pico,609.1,0,3.0
T506665,Transferencia,v2,Trujillo,14,Normal,316.0,0,2.0
T506666,Pago QR,v1,Trujillo,7,Normal,201.2,0,4.0
T506667,Consulta de saldo,v2,Lima,2,Normal,79.3,0,3.0
T506668,Pago QR,v2,Lima,14,Normal,240.3,0,5.0
T506669,Transferencia,v2,Arequipa,4,Normal,154.6,0,4.0
T506670,Pago de servicios,v2,Trujillo,18,Pico,454.4,0,5.0
T506671,Transferencia,v2,Lima,2,Normal,,0,4.0
T506672,Pago QR,v2,Trujillo,2,Normal,171.8,0,5.0
T506673,Pago QR,v2,Arequipa,12,Normal,169.6,0,4.0
T506674,Pago QR,v2,Lima,13,Normal,73.4,0,5.0
T506675,Pago de servicios,v2,Lima,14,Normal,200.6,0,4.0
T506676,Recarga celular,v1,Arequipa,22,Normal,289.6,0,4.0
T506677,Consulta de saldo,v1,Arequipa,23,Normal,288.2,0,3.0
T506678,Recarga celular,v1,Lima,21,Pico,299.4,0,4.0
T506679,Pago de servicios,v1,Trujillo,7,Normal,600.1,0,3.0
T506680,Pago QR,v2,Trujillo,12,Normal,118.3,0,4.0
T506681,Pago de servicios,v1,Trujillo,14,Normal,242.3,0,5.0
T506682,Recarga celular,v1,Lima,16,Normal,264.8,0,3.0
T506683,Consulta de saldo,v1,Arequipa,1,Normal,62.9,0,3.0
T506684,Pago de servicios,v2,Arequipa,7,Normal,361.6,0,3.0
T506685,Recarga celular,v1,Trujillo,5,Normal,216.2,0,5.0
T506686,Recarga celular,v2,Trujillo,4,Normal,167.3,0,3.0
T506687,Transferencia,v1,Trujillo,11,Normal,,0,4.0
T506688,Consulta de saldo,v2,Arequipa,1,Normal,134.6,0,4.0
T506689,Transferencia,v2,Trujillo,18,Pico,197.2,0,3.0
T506690,Transferencia,v1,Trujillo,18,Pico,488.3,0,4.0
T506691,Transferencia,v1,Trujillo,1,Normal,115.5,0,4.0
T506692,Pago de servicios,v2,Trujillo,13,Normal,128.8,0,4.0
T506693,Pago de servicios,v1,Arequipa,22,Normal,334.2,0,4.0
T506694,Pago QR,v1,Trujillo,10,Pico,674.0,0,4.0
T506695,Transferencia,v1,Lima,6,Normal,253.0,0,
T506696,Transferencia,v2,Lima,1,Normal,209.4,0,5.0
T506697,Pago de servicios,v1,Arequipa,10,Pico,611.7,0,
T506698,Transferencia,v2,Arequipa,14,Normal,254.1,0,4.0
T506699,Pago de servicios,v2,Arequipa,10,Pico,928.6,0,4.0
T506700,Recarga celular,v1,Arequipa,12,Normal,234.1,0,3.0
T506701,Transferencia,v1,Trujillo,9,Pico,327.6,0,5.0
T506702,Pago QR,v2,Lima,2,Normal,246.0,0,5.0
T506703,Transferencia,v2,Arequipa,19,Pico,242.7,0,4.0
T506704,Consulta de saldo,v2,Trujillo,5,Normal,71.7,0,5.0
T506705,Recarga celular,v1,Trujillo,0,Normal,157.8,0,4.0
T506706,Pago QR,v2,Arequipa,6,Normal,233.2,0,4.0
T506707,Pago QR,v1,Trujillo,16,Normal,92.3,0,5.0
T506708,Recarga celular,v2,Lima,9,Pico,155.7,0,5.0
T506709,Transferencia,v2,Trujillo,5,Normal,137.1,0,5.0
T506710,Recarga celular,v2,Lima,14,Normal,138.0,0,5.0
T506711,Consulta de saldo,v2,Lima,23,Normal,262.2,0,5.0
T506712,Pago QR,v2,Lima,2,Normal,248.7,0,4.0
T506713,Transferencia,v2,Arequipa,9,Pico,378.2,0,3.0
T506714,Transferencia,v2,Trujillo,17,Normal,250.6,0,4.0
T506715,Transferencia,v1,Lima,14,Normal,524.9,0,3.0
T506716,Transferencia,v2,Lima,5,Normal,317.5,0,5.0
T506717,Pago QR,v1,Lima,1,Normal,112.1,0,5.0
T506718,Pago de servicios,v2,Lima,11,Normal,260.6,0,3.0
T506719,Consulta de saldo,v2,Trujillo,20,Pico,282.0,0,4.0
T506720,Transferencia,v1,Lima,9,Pico,615.4,0,3.0
T506721,Pago QR,v1,Arequipa,16,Normal,177.2,0,4.0
T506722,Pago QR,v1,Lima,14,Normal,247.7,0,4.0
T506723,Pago QR,v1,Trujillo,0,Normal,434.3,0,4.0
T506724,Pago de servicios,v2,Lima,13,Normal,427.5,1,3.0
T506725,Pago QR,v2,Trujillo,16,Normal,236.5,0,4.0
T506726,Pago QR,v2,Trujillo,21,Pico,356.2,0,3.0
T506727,Transferencia,v1,Lima,8,Pico,550.7,0,4.0
T506728,Consulta de saldo,v2,Arequipa,6,Normal,154.7,0,4.0
T506729,Pago de servicios,v1,Lima,17,Normal,212.7,0,4.0
T506730,Consulta de saldo,v2,Trujillo,4,Normal,113.3,0,3.0
T506731,Pago de servicios,v1,Trujillo,3,Normal,306.8,0,4.0
T506732,Recarga celular,v2,Arequipa,7,Normal,149.5,0,4.0
T506733,Transferencia,v2,Arequipa,16,Normal,584.3,0,4.0
T506734,Transferencia,v1,Lima,22,Normal,317.9,0,4.0
T506735,Pago de servicios,v2,Trujillo,16,Normal,620.1,0,3.0
T506736,Transferencia,v2,Arequipa,20,Pico,402.8,0,4.0
T506737,Transferencia,v1,Lima,20,Pico,168.7,0,5.0
T506738,Pago QR,v1,Lima,2,Normal,217.0,0,5.0
T506739,Recarga celular,v2,Arequipa,14,Normal,108.1,0,5.0
T506740,Consulta de saldo,v1,Arequipa,9,Pico,135.2,0,5.0
T506741,Pago de servicios,v2,Lima,5,Normal,214.1,0,4.0
T506742,Pago QR,v2,Lima,13,Normal,292.0,0,4.0
T506743,Consulta de saldo,v2,Lima,11,Normal,74.1,0,5.0
T506744,Recarga celular,v2,Lima,23,Normal,190.0,0,5.0
T506745,Consulta de saldo,v1,Trujillo,16,Normal,84.1,0,5.0
T506746,Transferencia,v1,Trujillo,16,Normal,556.4,0,3.0
T506747,Consulta de saldo,v2,Trujillo,0,Normal,75.9,0,4.0
T506748,Consulta de saldo,v1,Lima,12,Normal,114.8,0,3.0
T506749,Pago QR,v2,Lima,3,Normal,685.8,0,2.0
T506750,Pago QR,v1,Lima,9,Pico,229.4,0,4.0
T506751,Pago de servicios,v1,Arequipa,23,Normal,399.0,0,3.0
T506752,Transferencia,v1,Arequipa,16,Normal,315.6,0,4.0
T506753,Pago de servicios,v1,Lima,7,Normal,142.9,0,5.0
T506754,Recarga celular,v2,Trujillo,18,Pico,310.2,0,4.0
T506755,Consulta de saldo,v2,Trujillo,6,Normal,137.4,0,4.0
T506756,Transferencia,v1,Lima,17,Normal,445.5,0,4.0
T506757,Transferencia,v2,Trujillo,9,Pico,200.4,0,4.0
T506758,Pago QR,v2,Trujillo,14,Normal,261.1,0,3.0
T506759,Pago de servicios,v2,Trujillo,4,Normal,698.1,0,4.0
T506760,Recarga celular,v2,Trujillo,9,Pico,168.5,0,4.0
T506761,Pago de servicios,v1,Arequipa,22,Normal,548.0,0,3.0
T506762,Consulta de saldo,v1,Arequipa,7,Normal,123.7,0,4.0
T506763,Recarga celular,v1,Trujillo,9,Pico,265.8,0,4.0
T506764,Consulta de saldo,v1,Lima,0,Normal,112.1,0,5.0
T506765,Transferencia,v1,Trujillo,8,Pico,628.9,0,4.0
T506766,Transferencia,v1,Arequipa,2,Normal,349.1,0,4.0
T506767,Recarga celular,v1,Arequipa,1,Normal,103.8,0,4.0
T506768,Pago QR,v1,Lima,15,Normal,157.8,0,5.0
T506769,Recarga celular,v2,Trujillo,23,Normal,81.0,0,4.0
T506770,Recarga celular,v2,Trujillo,0,Normal,206.4,0,3.0
T506771,Consulta de saldo,v1,Arequipa,3,Normal,94.9,0,5.0
T506772,Pago QR,v1,Trujillo,7,Normal,191.2,0,4.0
T506773,Pago QR,v2,Lima,11,Normal,212.0,0,5.0
T506774,Transferencia,v1,Trujillo,2,Normal,159.1,0,4.0
T506775,Consulta de saldo,v1,Trujillo,3,Normal,140.3,0,5.0
T506776,Consulta de saldo,v1,Trujillo,6,Normal,114.2,0,4.0
T506777,Transferencia,v2,Trujillo,20,Pico,161.3,0,5.0
T506778,Consulta de saldo,v1,Lima,4,Normal,96.3,0,5.0
T506779,Consulta de saldo,v1,Lima,21,Pico,74.7,0,5.0
T506780,Pago QR,v1,Lima,21,Pico,177.9,0,4.0
T506781,Pago de servicios,v2,Lima,5,Normal,385.8,0,4.0
T506782,Pago de servicios,v1,Trujillo,23,Normal,225.5,0,4.0
T506783,Pago QR,v1,Trujillo,14,Normal,312.2,0,4.0
T506784,Transferencia,v2,Lima,10,Pico,454.2,0,4.0
T506785,Pago QR,v1,Arequipa,11,Normal,141.1,0,5.0
T506786,Pago QR,v1,Arequipa,6,Normal,223.3,0,4.0
T506787,Consulta de saldo,v2,Trujillo,23,Normal,66.2,0,5.0
T506788,Pago QR,v2,Trujillo,11,Normal,370.1,0,
T506789,Recarga celular,v2,Lima,21,Pico,120.0,0,4.0
T506790,Pago QR,v2,Trujillo,5,Normal,224.8,0,5.0
T506791,Pago de servicios,v1,Lima,7,Normal,222.8,0,4.0
T506792,Pago QR,v1,Lima,8,Pico,268.0,0,5.0
T506793,Transferencia,v1,Lima,5,Normal,204.1,0,3.0
T506794,Pago QR,v2,Lima,5,Normal,87.8,0,4.0
T506795,Pago de servicios,v2,Arequipa,12,Normal,130.7,0,4.0
T506796,Pago de servicios,v1,Lima,19,Pico,361.2,0,4.0
T506797,Pago QR,v1,Arequipa,18,Pico,854.1,0,3.0
T506798,Pago de servicios,v1,Arequipa,20,Pico,610.4,0,5.0
T506799,Consulta de saldo,v1,Lima,4,Normal,71.6,0,5.0
T506800,Transferencia,v2,Trujillo,16,Normal,199.5,0,4.0
T506801,Consulta de saldo,v2,Trujillo,23,Normal,72.2,0,4.0
T506802,Transferencia,v1,Lima,20,Pico,642.7,0,4.0
T506803,Recarga celular,v2,Lima,3,Normal,154.0,0,4.0
T506804,Transferencia,v2,Arequipa,13,Normal,385.3,0,4.0
T506805,Consulta de saldo,v1,Lima,11,Normal,82.2,0,4.0
T506806,Transferencia,v2,Lima,10,Pico,176.3,0,4.0
T506807,Pago QR,v1,Trujillo,5,Normal,166.8,0,5.0
T506808,Consulta de saldo,v1,Arequipa,14,Normal,113.4,0,3.0
T506809,Consulta de saldo,v2,Trujillo,19,Pico,167.8,0,5.0
T506810,Recarga celular,v1,Lima,14,Normal,296.8,0,3.0
T506811,Pago de servicios,v1,Lima,18,Pico,433.2,0,4.0
T506812,Pago QR,v2,Lima,17,Normal,285.6,0,3.0
T506813,Transferencia,v2,Arequipa,7,Normal,220.7,0,5.0
T506814,Transferencia,v1,Lima,17,Normal,306.2,0,5.0
T506815,Recarga celular,v2,Lima,5,Normal,117.6,0,4.0
T506816,Pago de servicios,v1,Arequipa,21,Pico,600.8,0,3.0
T506817,Transferencia,v2,Trujillo,11,Normal,171.5,0,4.0
T506818,Transferencia,v1,Trujillo,17,Normal,253.7,0,4.0
T506819,Transferencia,v2,Arequipa,7,Normal,287.9,0,4.0
T506820,Transferencia,v2,Lima,4,Normal,174.6,0,5.0
T506821,Transferencia,v2,Trujillo,7,Normal,152.6,0,5.0
T506822,Consulta de saldo,v2,Lima,16,Normal,88.6,0,
T506823,Recarga celular,v2,Arequipa,14,Normal,173.0,0,4.0
T506824,Pago QR,v2,Arequipa,7,Normal,274.1,0,5.0
T506825,Consulta de saldo,v1,Lima,13,Normal,92.4,0,5.0
T506826,Pago QR,v1,Lima,13,Normal,460.1,0,3.0
T506827,Consulta de saldo,v2,Lima,19,Pico,138.6,0,4.0
T506828,Recarga celular,v1,Arequipa,4,Normal,169.6,0,4.0
T506829,Pago QR,v1,Lima,2,Normal,154.9,0,4.0
T506830,Recarga celular,v1,Lima,15,Normal,151.3,0,5.0
T506831,Pago QR,v2,Trujillo,23,Normal,420.8,0,5.0
T506832,Recarga celular,v1,Lima,20,Pico,53.9,0,5.0
T506833,Pago QR,v2,Lima,17,Normal,154.6,0,5.0
T506834,Transferencia,v1,Arequipa,12,Normal,388.0,0,4.0
T506835,Transferencia,v2,Lima,5,Normal,224.7,0,3.0
T506836,Consulta de saldo,v1,Arequipa,22,Normal,213.4,0,4.0
T506837,Pago de servicios,v2,Lima,14,Normal,350.1,0,5.0
T506838,Recarga celular,v1,Lima,0,Normal,185.3,0,5.0
T506839,Pago de servicios,v1,Lima,12,Normal,319.5,0,4.0
T506840,Pago QR,v1,Lima,17,Normal,186.6,0,5.0
T506841,Transferencia,v1,Trujillo,9,Pico,419.2,0,4.0
T506842,Pago QR,v1,Trujillo,2,Normal,247.1,0,5.0
T506843,Pago de servicios,v2,Lima,3,Normal,172.6,0,3.0
T506844,Pago QR,v1,Trujillo,20,Pico,242.8,0,4.0
T506845,Transferencia,v2,Lima,19,Pico,640.1,0,4.0
T506846,Transferencia,v2,Lima,15,Normal,239.4,0,4.0
T506847,Recarga celular,v2,Lima,17,Normal,171.5,0,4.0
T506848,Recarga celular,v2,Arequipa,2,Normal,128.4,0,4.0
T506849,Transferencia,v2,Lima,13,Normal,209.4,0,4.0
T506850,Consulta de saldo,v1,Lima,13,Normal,106.0,0,5.0
T506851,Transferencia,v1,Lima,6,Normal,119.9,0,5.0
T506852,Pago QR,v2,Trujillo,14,Normal,175.0,0,4.0
T506853,Transferencia,v2,Lima,14,Normal,323.5,0,4.0
T506854,Consulta de saldo,v1,Lima,10,Pico,116.4,0,5.0
T506855,Consulta de saldo,v1,Trujillo,4,Normal,86.1,0,4.0
T506856,Recarga celular,v1,Lima,17,Normal,117.9,0,3.0
T506857,Consulta de saldo,v2,Lima,6,Normal,101.6,0,5.0
T506858,Transferencia,v2,Trujillo,11,Normal,130.5,0,5.0
T506859,Recarga celular,v1,Trujillo,14,Normal,102.5,0,4.0
T506860,Transferencia,v2,Trujillo,10,Pico,164.1,0,5.0
T506861,Transferencia,v1,Trujillo,12,Normal,2002.5,0,1.0
T506862,Consulta de saldo,v1,Lima,9,Pico,162.7,0,5.0
T506863,Pago de servicios,v1,Arequipa,22,Normal,597.2,0,3.0
T506864,Recarga celular,v2,Lima,4,Normal,596.2,0,4.0
T506865,Consulta de saldo,v1,Arequipa,4,Normal,94.3,0,5.0
T506866,Transferencia,v1,Lima,3,Normal,293.2,0,5.0
T506867,Pago de servicios,v1,Trujillo,4,Normal,816.6,0,3.0
T506868,Consulta de saldo,v1,Arequipa,0,Normal,46.2,0,5.0
T506869,Consulta de saldo,v2,Trujillo,4,Normal,95.6,0,4.0
T506870,Recarga celular,v1,Lima,21,Pico,219.9,0,5.0
T506871,Pago QR,v1,Trujillo,19,Pico,158.9,0,5.0
T506872,Recarga celular,v1,Trujillo,10,Pico,243.7,0,5.0
T506873,Recarga celular,v1,Lima,2,Normal,258.3,0,
T506874,Consulta de saldo,v2,Trujillo,11,Normal,170.0,0,5.0
T506875,Consulta de saldo,v1,Lima,7,Normal,101.9,0,4.0
T506876,Transferencia,v1,Trujillo,17,Normal,285.7,0,4.0
T506877,Transferencia,v1,Lima,11,Normal,199.9,0,5.0
T506878,Consulta de saldo,v2,Trujillo,6,Normal,133.9,0,4.0
T506879,Consulta de saldo,v2,Lima,3,Normal,71.5,0,4.0
T506880,Pago QR,v2,Arequipa,22,Normal,230.4,0,3.0
T506881,Transferencia,v1,Lima,17,Normal,239.8,0,5.0
T506882,Recarga celular,v2,Lima,19,Pico,696.2,0,4.0
T506883,Consulta de saldo,v1,Arequipa,14,Normal,202.1,0,4.0
T506884,Recarga celular,v2,Lima,14,Normal,135.0,0,4.0
T506885,Transferencia,v2,Lima,18,Pico,203.9,0,4.0
T506886,Pago QR,v2,Lima,14,Normal,267.6,0,5.0
T506887,Pago de servicios,v1,Arequipa,16,Normal,6015.0,0,1.0
T506888,Pago QR,v2,Trujillo,6,Normal,226.2,0,4.0
T506889,Recarga celular,v1,Lima,22,Normal,145.9,0,3.0
T506890,Consulta de saldo,v1,Trujillo,5,Normal,99.6,0,3.0
T506891,Pago de servicios,v2,Arequipa,6,Normal,682.5,0,2.0
T506892,Recarga celular,v2,Lima,3,Normal,201.6,0,3.0
T506893,Pago de servicios,v2,Lima,6,Normal,271.0,0,5.0
T506894,Recarga celular,v1,Lima,1,Normal,165.8,0,4.0
T506895,Recarga celular,v2,Lima,11,Normal,220.7,0,5.0
T506896,Pago de servicios,v1,Lima,6,Normal,455.3,0,4.0
T506897,Transferencia,v1,Lima,9,Pico,309.2,0,4.0
T506898,Pago QR,v2,Lima,3,Normal,241.1,0,4.0
T506899,Transferencia,v2,Lima,13,Normal,344.8,0,4.0
T506900,Transferencia,v1,Arequipa,20,Pico,542.3,0,3.0
T506901,Transferencia,v1,Lima,10,Pico,375.4,0,3.0
T506902,Recarga celular,v1,Lima,8,Pico,341.4,0,3.0
T506903,Consulta de saldo,v1,Arequipa,11,Normal,137.8,0,4.0
T506904,Pago QR,v2,Arequipa,0,Normal,142.0,0,5.0
T506905,Recarga celular,v2,Trujillo,7,Normal,179.6,0,4.0
T506906,Pago de servicios,v2,Lima,18,Pico,344.2,0,3.0
T506907,Consulta de saldo,v1,Arequipa,2,Normal,159.6,0,3.0
T506908,Pago de servicios,v2,Lima,20,Pico,614.3,0,3.0
T506909,Pago de servicios,v1,Trujillo,0,Normal,434.2,0,3.0
T506910,Transferencia,v2,Lima,19,Pico,1650.4,0,1.0
T506911,Pago QR,v1,Lima,12,Normal,153.1,0,4.0
T506912,Pago de servicios,v1,Arequipa,6,Normal,297.8,0,4.0
T506913,Recarga celular,v1,Arequipa,13,Normal,165.8,0,
T506914,Consulta de saldo,v2,Lima,20,Pico,151.8,0,4.0
T506915,Consulta de saldo,v2,Trujillo,11,Normal,95.4,0,4.0
T506916,Pago QR,v2,Trujillo,15,Normal,217.5,0,5.0
T506917,Transferencia,v2,Trujillo,6,Normal,229.5,0,4.0
T506918,Pago de servicios,v1,Trujillo,1,Normal,440.6,0,4.0
T506919,Recarga celular,v2,Arequipa,9,Pico,325.6,0,4.0
T506920,Transferencia,v1,Lima,5,Normal,159.9,0,5.0
T506921,Pago QR,v2,Arequipa,21,Pico,649.9,0,4.0
T506922,Transferencia,v1,Lima,2,Normal,604.6,0,4.0
T506923,Consulta de saldo,v2,Lima,6,Normal,93.7,0,4.0
T506924,Pago QR,v1,Lima,8,Pico,487.8,0,4.0
T506925,Consulta de saldo,v1,Lima,5,Normal,188.5,0,4.0
T506926,Consulta de saldo,v2,Trujillo,15,Normal,116.5,0,4.0
T506927,Consulta de saldo,v2,Trujillo,19,Pico,78.5,0,5.0
T506928,Transferencia,v1,Arequipa,2,Normal,369.8,0,5.0
T506929,Pago de servicios,v1,Arequipa,7,Normal,200.0,0,3.0
T506930,Consulta de saldo,v2,Lima,11,Normal,56.5,0,5.0
T506931,Transferencia,v2,Lima,16,Normal,414.7,0,5.0
T506932,Consulta de saldo,v2,Lima,22,Normal,95.9,0,4.0
T506933,Recarga celular,v1,Lima,19,Pico,113.0,0,4.0
T506934,Transferencia,v2,Lima,20,Pico,261.6,0,4.0
T506935,Recarga celular,v2,Lima,3,Normal,361.1,0,4.0
T506936,Transferencia,v2,Lima,13,Normal,424.7,0,3.0
T506937,Pago QR,v1,Lima,20,Pico,301.4,0,4.0
T506938,Consulta de saldo,v1,Lima,9,Pico,83.8,0,4.0
T506939,Pago QR,v1,Lima,9,Pico,206.5,0,5.0
T506940,Pago QR,v1,Lima,14,Normal,280.7,0,4.0
T506941,Pago de servicios,v1,Arequipa,7,Normal,412.4,0,4.0
T506942,Transferencia,v2,Trujillo,6,Normal,331.2,0,4.0
T506943,Pago QR,v2,Lima,12,Normal,270.2,0,5.0
T506944,Transferencia,v1,Lima,2,Normal,352.3,0,5.0
T506945,Pago de servicios,v2,Arequipa,4,Normal,420.2,0,4.0
T506946,Recarga celular,v2,Lima,6,Normal,120.4,0,5.0
T506947,Transferencia,v2,Lima,1,Normal,364.9,0,4.0
T506948,Consulta de saldo,v1,Lima,9,Pico,130.3,0,4.0
T506949,Pago QR,v1,Lima,10,Pico,211.7,0,4.0
T506950,Consulta de saldo,v1,Arequipa,4,Normal,82.7,0,3.0
T506951,Transferencia,v2,Lima,21,Pico,396.1,0,4.0
T506952,Consulta de saldo,v2,Lima,2,Normal,100.2,0,5.0
T506953,Pago de servicios,v1,Lima,15,Normal,368.9,0,3.0
T506954,Pago QR,v1,Lima,23,Normal,169.9,0,3.0
T506955,Pago de servicios,v1,Lima,12,Normal,343.9,0,5.0
T506956,Pago de servicios,v1,Trujillo,19,Pico,890.8,0,4.0
T506957,Transferencia,v1,Trujillo,11,Normal,606.1,1,1.0
T506958,Consulta de saldo,v1,Trujillo,15,Normal,94.7,0,
T506959,Pago de servicios,v2,Lima,15,Normal,233.6,0,4.0
T506960,Recarga celular,v2,Arequipa,23,Normal,225.3,0,5.0
T506961,Pago de servicios,v2,Lima,22,Normal,301.7,0,4.0
T506962,Recarga celular,v2,Lima,19,Pico,241.5,0,4.0
T506963,Pago de servicios,v2,Lima,6,Normal,258.6,0,4.0
T506964,Pago de servicios,v1,Arequipa,4,Normal,341.3,0,4.0
T506965,Pago de servicios,v1,Lima,8,Pico,266.2,0,4.0
T506966,Transferencia,v1,Trujillo,18,Pico,244.5,1,2.0
T506967,Consulta de saldo,v2,Lima,3,Normal,87.6,0,3.0
T506968,Transferencia,v1,Lima,6,Normal,362.8,0,4.0
T506969,Pago QR,v1,Lima,12,Normal,325.3,0,5.0
T506970,Pago QR,v2,Lima,14,Normal,157.7,0,4.0
T506971,Recarga celular,v2,Lima,12,Normal,462.4,0,4.0
T506972,Pago QR,v2,Trujillo,16,Normal,133.9,0,4.0
T506973,Pago QR,v2,Lima,6,Normal,159.1,0,5.0
T506974,Recarga celular,v1,Lima,22,Normal,81.5,0,4.0
T506975,Pago QR,v1,Lima,19,Pico,411.7,0,3.0
T506976,Consulta de saldo,v2,Arequipa,2,Normal,153.6,0,3.0
T506977,Pago QR,v1,Lima,17,Normal,321.6,0,3.0
T506978,Consulta de saldo,v2,Arequipa,18,Pico,76.4,0,4.0
T506979,Pago QR,v2,Trujillo,21,Pico,1198.1,0,2.0
T506980,Consulta de saldo,v2,Arequipa,5,Normal,85.3,0,5.0
T506981,Consulta de saldo,v2,Lima,3,Normal,91.7,0,4.0
T506982,Recarga celular,v1,Arequipa,4,Normal,192.4,0,4.0
T506983,Pago QR,v2,Lima,11,Normal,199.2,0,4.0
T506984,Transferencia,v2,Arequipa,21,Pico,287.8,0,4.0
T506985,Consulta de saldo,v2,Lima,16,Normal,182.8,0,4.0
T506986,Transferencia,v2,Lima,17,Normal,257.3,0,5.0
T506987,Recarga celular,v2,Arequipa,1,Normal,132.8,0,5.0
T506988,Transferencia,v1,Trujillo,5,Normal,250.2,0,3.0
T506989,Pago QR,v2,Trujillo,0,Normal,228.7,0,4.0
T506990,Transferencia,v1,Lima,19,Pico,196.3,0,3.0
T506991,Pago QR,v1,Lima,4,Normal,338.7,0,3.0
T506992,Pago QR,v2,Arequipa,3,Normal,162.3,0,5.0
T506993,Pago de servicios,v2,Arequipa,5,Normal,560.9,0,4.0
T506994,Recarga celular,v1,Lima,10,Pico,282.9,0,4.0
T506995,Pago QR,v1,Lima,19,Pico,455.9,0,3.0
T506996,Transferencia,v1,Lima,1,Normal,235.4,0,4.0
T506997,Pago de servicios,v2,Lima,12,Normal,251.7,0,4.0
T506998,Transferencia,v1,Lima,7,Normal,167.2,0,3.0
T506999,Transferencia,v2,Lima,13,Normal,138.9,0,5.0
T507000,Recarga celular,v1,Lima,23,Normal,162.6,0,4.0
T507001,Consulta de saldo,v2,Arequipa,2,Normal,64.3,0,4.0
T507002,Pago QR,v1,Trujillo,21,Pico,330.6,0,4.0
T507003,Pago de servicios,v2,Lima,11,Normal,455.4,0,3.0
T507004,Transferencia,v2,Lima,11,Normal,174.2,0,5.0
T507005,Transferencia,v1,Trujillo,1,Normal,203.7,0,4.0
T507006,Recarga celular,v2,Arequipa,18,Pico,190.9,0,5.0
T507007,Transferencia,v2,Trujillo,13,Normal,254.0,0,4.0
T507008,Pago QR,v2,Arequipa,7,Normal,232.2,0,4.0
T507009,Transferencia,v1,Arequipa,9,Pico,317.9,0,5.0
T507010,Transferencia,v1,Lima,17,Normal,277.1,0,5.0
T507011,Transferencia,v2,Trujillo,4,Normal,270.4,0,3.0
T507012,Pago QR,v2,Lima,10,Pico,168.1,0,
T507013,Recarga celular,v1,Arequipa,21,Pico,374.2,0,3.0
T507014,Recarga celular,v2,Lima,1,Normal,231.6,0,4.0
T507015,Pago de servicios,v1,Arequipa,8,Pico,393.3,0,3.0
T507016,Recarga celular,v1,Lima,19,Pico,224.6,0,4.0
T507017,Consulta de saldo,v1,Lima,23,Normal,152.4,0,4.0
T507018,Pago QR,v1,Arequipa,13,Normal,437.7,0,4.0
T507019,Pago QR,v1,Arequipa,16,Normal,222.4,1,2.0
T507020,Consulta de saldo,v2,Lima,13,Normal,72.2,0,5.0
T507021,Pago de servicios,v2,Lima,13,Normal,212.9,0,4.0
T507022,Transferencia,v1,Arequipa,22,Normal,168.2,0,5.0
T507023,Recarga celular,v1,Lima,8,Pico,752.3,0,4.0
T507024,Recarga celular,v2,Trujillo,19,Pico,221.9,0,3.0
T507025,Recarga celular,v2,Lima,14,Normal,123.4,0,5.0
T507026,Transferencia,v2,Lima,10,Pico,469.3,0,3.0
T507027,Pago QR,v1,Trujillo,3,Normal,196.7,0,5.0
T507028,Transferencia,v2,Lima,15,Normal,260.4,0,3.0
T507029,Recarga celular,v2,Arequipa,12,Normal,334.8,0,4.0
T507030,Pago QR,v2,Lima,13,Normal,316.1,0,4.0
T507031,Consulta de saldo,v2,Arequipa,10,Pico,161.1,0,4.0
T507032,Transferencia,v1,Trujillo,5,Normal,394.6,0,4.0
T507033,Consulta de saldo,v2,Lima,16,Normal,74.4,0,4.0
T507034,Recarga celular,v2,Arequipa,12,Normal,269.0,0,5.0
T507035,Pago QR,v1,Lima,13,Normal,200.6,0,4.0
T507036,Recarga celular,v2,Arequipa,0,Normal,199.3,0,4.0
T507037,Transferencia,v2,Arequipa,6,Normal,343.6,0,3.0
T507038,Pago de servicios,v2,Lima,4,Normal,141.0,0,4.0
T507039,Pago QR,v2,Trujillo,2,Normal,234.6,0,4.0
T507040,Recarga celular,v1,Arequipa,17,Normal,133.5,0,5.0
T507041,Consulta de saldo,v2,Lima,19,Pico,98.5,0,3.0
T507042,Transferencia,v2,Trujillo,0,Normal,187.0,0,4.0
T507043,Transferencia,v1,Trujillo,23,Normal,247.6,0,4.0
T507044,Pago de servicios,v2,Arequipa,1,Normal,120.1,0,4.0
T507045,Consulta de saldo,v2,Lima,11,Normal,58.7,0,5.0
T507046,Pago QR,v2,Lima,10,Pico,208.9,0,5.0
T507047,Consulta de saldo,v2,Arequipa,9,Pico,182.7,0,4.0
T507048,Transferencia,v1,Lima,0,Normal,305.2,0,4.0
T507049,Recarga celular,v1,Arequipa,16,Normal,138.1,0,4.0
T507050,Transferencia,v2,Lima,3,Normal,,0,4.0
T507051,Pago QR,v2,Arequipa,0,Normal,292.6,0,4.0
T507052,Pago QR,v1,Arequipa,1,Normal,170.2,0,5.0
T507053,Consulta de saldo,v1,Arequipa,14,Normal,68.2,0,4.0
T507054,Consulta de saldo,v2,Lima,14,Normal,142.4,0,4.0
T507055,Transferencia,v1,Trujillo,4,Normal,210.2,1,4.0
T507056,Pago QR,v2,Lima,23,Normal,130.8,0,5.0
T507057,Consulta de saldo,v2,Arequipa,3,Normal,155.5,0,3.0
T507058,Pago QR,v1,Trujillo,22,Normal,237.6,0,4.0
T507059,Transferencia,v2,Lima,1,Normal,356.5,0,3.0
T507060,Recarga celular,v1,Arequipa,1,Normal,192.0,0,5.0
T507061,Transferencia,v1,Lima,2,Normal,154.9,0,5.0
T507062,Pago de servicios,v2,Trujillo,5,Normal,416.5,0,3.0
T507063,Transferencia,v2,Lima,2,Normal,169.5,0,4.0
T507064,Transferencia,v2,Trujillo,7,Normal,153.2,0,5.0
T507065,Recarga celular,v2,Arequipa,18,Pico,236.0,0,4.0
T507066,Recarga celular,v1,Lima,17,Normal,157.7,0,5.0
T507067,Recarga celular,v1,Lima,22,Normal,139.4,0,3.0
T507068,Transferencia,v2,Trujillo,23,Normal,305.4,0,5.0
T507069,Pago de servicios,v1,Trujillo,18,Pico,538.6,0,3.0
T507070,Transferencia,v1,Lima,16,Normal,306.2,0,4.0
T507071,Pago de servicios,v1,Trujillo,5,Normal,429.6,0,4.0
T507072,Consulta de saldo,v1,Trujillo,1,Normal,196.9,0,5.0
T507073,Consulta de saldo,v1,Trujillo,15,Normal,131.5,0,4.0
T507074,Transferencia,v1,Arequipa,22,Normal,272.8,0,4.0
T507075,Recarga celular,v2,Lima,22,Normal,122.8,0,4.0
T507076,Pago QR,v1,Lima,19,Pico,143.1,0,5.0
T507077,Consulta de saldo,v2,Lima,15,Normal,110.3,0,5.0
T507078,Pago QR,v2,Lima,12,Normal,172.3,0,4.0
T507079,Consulta de saldo,v2,Lima,13,Normal,76.1,0,4.0
T507080,Consulta de saldo,v1,Lima,16,Normal,153.2,0,3.0
T507081,Recarga celular,v2,Trujillo,13,Normal,169.2,0,4.0
T507082,Consulta de saldo,v1,Lima,3,Normal,216.4,0,4.0
T507083,Pago de servicios,v2,Trujillo,11,Normal,453.6,0,3.0
T507084,Transferencia,v2,Arequipa,0,Normal,486.0,0,4.0
T507085,Consulta de saldo,v1,Arequipa,19,Pico,259.7,0,5.0
T507086,Consulta de saldo,v1,Arequipa,22,Normal,103.0,0,5.0
T507087,Transferencia,v1,Trujillo,17,Normal,193.7,0,4.0
T507088,Transferencia,v1,Arequipa,21,Pico,1150.7,0,4.0
T507089,Consulta de saldo,v1,Lima,15,Normal,99.5,0,5.0
T507090,Pago de servicios,v2,Trujillo,13,Normal,526.3,0,3.0
T507091,Consulta de saldo,v1,Lima,23,Normal,50.9,0,4.0
T507092,Pago QR,v1,Lima,1,Normal,121.6,0,5.0
T507093,Recarga celular,v2,Trujillo,19,Pico,137.4,0,4.0
T507094,Consulta de saldo,v2,Lima,10,Pico,102.7,0,4.0
T507095,Recarga celular,v1,Lima,9,Pico,410.7,0,5.0
T507096,Recarga celular,v1,Lima,14,Normal,195.3,0,5.0
T507097,Consulta de saldo,v1,Trujillo,6,Normal,108.9,0,4.0
T507098,Consulta de saldo,v2,Arequipa,7,Normal,45.5,0,5.0
T507099,Recarga celular,v1,Lima,21,Pico,108.3,0,4.0
T507100,Consulta de saldo,v2,Lima,2,Normal,134.6,0,3.0
T507101,Pago QR,v2,Arequipa,22,Normal,139.1,0,5.0
T507102,Pago QR,v1,Trujillo,11,Normal,228.8,0,4.0
T507103,Pago de servicios,v2,Trujillo,18,Pico,328.8,0,4.0
T507104,Recarga celular,v2,Arequipa,18,Pico,237.5,0,5.0
T507105,Recarga celular,v2,Arequipa,22,Normal,114.3,0,3.0
T507106,Consulta de saldo,v1,Lima,9,Pico,137.3,0,5.0
T507107,Pago QR,v2,Lima,8,Pico,207.7,0,5.0
T507108,Pago de servicios,v2,Trujillo,1,Normal,316.8,0,5.0
T507109,Pago QR,v1,Trujillo,16,Normal,681.9,0,2.0
T507110,Pago QR,v1,Lima,17,Normal,202.9,0,5.0
T507111,Transferencia,v1,Trujillo,15,Normal,175.1,0,5.0
T507112,Transferencia,v1,Lima,12,Normal,127.5,0,5.0
T507113,Consulta de saldo,v2,Lima,17,Normal,113.7,0,5.0
T507114,Pago de servicios,v2,Arequipa,23,Normal,168.7,0,4.0
T507115,Pago QR,v1,Lima,21,Pico,185.9,0,4.0
T507116,Pago QR,v2,Trujillo,7,Normal,367.5,0,4.0
T507117,Pago QR,v1,Lima,2,Normal,222.8,0,4.0
T507118,Consulta de saldo,v1,Lima,15,Normal,142.1,0,4.0
T507119,Pago QR,v1,Lima,12,Normal,106.6,0,4.0
T507120,Recarga celular,v1,Arequipa,3,Normal,148.7,0,3.0
T507121,Pago QR,v1,Lima,8,Pico,347.4,0,
T507122,Consulta de saldo,v2,Lima,23,Normal,103.8,0,5.0
T507123,Consulta de saldo,v1,Lima,17,Normal,102.2,0,4.0
T507124,Recarga celular,v2,Lima,8,Pico,188.2,0,5.0
T507125,Transferencia,v1,Lima,4,Normal,581.1,0,4.0
T507126,Pago QR,v1,Arequipa,4,Normal,504.9,0,4.0
T507127,Pago QR,v1,Trujillo,5,Normal,400.7,0,4.0
T507128,Pago de servicios,v1,Trujillo,19,Pico,428.8,0,2.0
T507129,Transferencia,v2,Trujillo,6,Normal,380.9,0,3.0
T507130,Consulta de saldo,v1,Trujillo,13,Normal,102.1,0,4.0
T507131,Transferencia,v1,Lima,5,Normal,126.2,0,5.0
T507132,Recarga celular,v2,Arequipa,12,Normal,297.0,0,4.0
T507133,Pago de servicios,v2,Arequipa,9,Pico,504.1,0,3.0
T507134,Transferencia,v1,Trujillo,18,Pico,674.9,0,4.0
T507135,Recarga celular,v2,Lima,19,Pico,150.8,0,5.0
T507136,Consulta de saldo,v1,Arequipa,12,Normal,169.2,0,5.0
T507137,Pago QR,v2,Lima,20,Pico,153.3,0,5.0
T507138,Recarga celular,v1,Trujillo,11,Normal,318.2,0,5.0
T507139,Recarga celular,v1,Lima,13,Normal,381.2,0,3.0
T507140,Pago QR,v1,Lima,17,Normal,182.9,0,4.0
T507141,Consulta de saldo,v2,Lima,19,Pico,220.6,0,5.0
T507142,Consulta de saldo,v1,Lima,19,Pico,64.4,0,5.0
T507143,Pago QR,v2,Lima,7,Normal,181.3,0,3.0
T507144,Consulta de saldo,v2,Arequipa,1,Normal,143.4,0,4.0
T507145,Pago QR,v1,Arequipa,15,Normal,143.0,0,3.0
T507146,Transferencia,v1,Arequipa,5,Normal,310.8,0,3.0
T507147,Consulta de saldo,v1,Lima,10,Pico,162.3,0,3.0
T507148,Recarga celular,v2,Trujillo,18,Pico,256.6,0,4.0
T507149,Pago de servicios,v2,Arequipa,4,Normal,107.5,0,5.0
T507150,Pago de servicios,v1,Arequipa,18,Pico,1002.6,0,2.0
T507151,Pago de servicios,v2,Arequipa,5,Normal,607.9,0,4.0
T507152,Pago QR,v2,Lima,10,Pico,261.9,0,3.0
T507153,Pago de servicios,v2,Arequipa,5,Normal,248.0,0,4.0
T507154,Pago QR,v2,Trujillo,4,Normal,254.3,0,3.0
T507155,Transferencia,v2,Trujillo,22,Normal,234.0,0,2.0
T507156,Recarga celular,v2,Trujillo,7,Normal,314.2,0,4.0
T507157,Pago de servicios,v2,Lima,16,Normal,160.0,0,4.0
T507158,Recarga celular,v1,Trujillo,15,Normal,144.9,0,5.0
T507159,Transferencia,v1,Lima,13,Normal,488.7,0,4.0
T507160,Consulta de saldo,v2,Lima,23,Normal,42.3,0,5.0
T507161,Pago QR,v2,Lima,14,Normal,124.0,0,5.0
T507162,Recarga celular,v1,Arequipa,12,Normal,132.2,0,4.0
T507163,Pago QR,v1,Trujillo,9,Pico,332.1,0,5.0
T507164,Transferencia,v1,Lima,1,Normal,259.0,0,4.0
T507165,Recarga celular,v1,Trujillo,5,Normal,139.0,0,4.0
T507166,Consulta de saldo,v1,Lima,16,Normal,82.9,0,5.0
T507167,Consulta de saldo,v1,Lima,20,Pico,192.7,0,5.0
T507168,Pago de servicios,v1,Lima,10,Pico,483.1,0,4.0
T507169,Consulta de saldo,v2,Trujillo,2,Normal,133.9,0,4.0
T507170,Recarga celular,v2,Lima,18,Pico,476.5,0,3.0
T507171,Transferencia,v2,Arequipa,6,Normal,608.4,0,4.0
T507172,Consulta de saldo,v1,Arequipa,22,Normal,97.5,0,5.0
T507173,Pago de servicios,v2,Arequipa,6,Normal,269.8,0,5.0
T507174,Pago QR,v2,Trujillo,19,Pico,295.1,0,5.0
T507175,Consulta de saldo,v2,Trujillo,14,Normal,45.4,0,5.0
T507176,Transferencia,v1,Lima,11,Normal,402.3,0,5.0
T507177,Pago QR,v2,Trujillo,21,Pico,89.1,0,
T507178,Pago QR,v2,Arequipa,8,Pico,244.9,0,4.0
T507179,Recarga celular,v1,Lima,13,Normal,192.1,0,5.0
T507180,Transferencia,v2,Trujillo,4,Normal,220.3,1,3.0
T507181,Pago QR,v1,Lima,14,Normal,178.4,0,4.0
T507182,Recarga celular,v1,Lima,16,Normal,161.6,0,5.0
T507183,Consulta de saldo,v1,Trujillo,22,Normal,264.6,0,4.0
T507184,Consulta de saldo,v2,Trujillo,8,Pico,105.4,0,4.0
T507185,Recarga celular,v1,Trujillo,2,Normal,154.6,0,4.0
T507186,Pago de servicios,v1,Lima,14,Normal,169.5,0,
T507187,Consulta de saldo,v2,Trujillo,6,Normal,127.8,0,3.0
T507188,Transferencia,v1,Lima,12,Normal,269.5,0,5.0
T507189,Consulta de saldo,v2,Arequipa,8,Pico,107.0,0,5.0
T507190,Transferencia,v2,Arequipa,0,Normal,330.3,0,4.0
T507191,Pago QR,v2,Lima,2,Normal,89.2,0,5.0
T507192,Pago QR,v1,Lima,20,Pico,346.3,0,5.0
T507193,Pago QR,v2,Trujillo,2,Normal,302.7,0,4.0
T507194,Consulta de saldo,v1,Lima,16,Normal,266.5,0,5.0
T507195,Pago de servicios,v2,Lima,9,Pico,188.4,0,3.0
T507196,Pago QR,v1,Arequipa,1,Normal,174.8,0,5.0
T507197,Pago QR,v2,Trujillo,16,Normal,300.7,0,4.0
T507198,Pago de servicios,v2,Lima,19,Pico,538.0,0,3.0
T507199,Consulta de saldo,v1,Trujillo,0,Normal,66.4,0,5.0
T507200,Recarga celular,v1,Trujillo,19,Pico,186.2,0,3.0
T507201,Pago QR,v1,Lima,20,Pico,262.8,0,4.0
T507202,Pago de servicios,v1,Arequipa,1,Normal,313.7,0,4.0
T507203,Consulta de saldo,v2,Trujillo,6,Normal,90.3,0,5.0
T507204,Transferencia,v2,Trujillo,3,Normal,271.8,0,4.0
T507205,Pago de servicios,v2,Lima,2,Normal,297.0,0,
T507206,Transferencia,v2,Lima,17,Normal,239.8,0,4.0
T507207,Recarga celular,v2,Lima,12,Normal,120.7,0,5.0
T507208,Consulta de saldo,v1,Trujillo,10,Pico,172.1,0,3.0
T507209,Transferencia,v1,Lima,5,Normal,251.2,0,4.0
T507210,Pago QR,v1,Lima,22,Normal,153.4,0,4.0
T507211,Consulta de saldo,v2,Lima,2,Normal,83.1,0,4.0
T507212,Recarga celular,v2,Arequipa,13,Normal,108.9,0,3.0
T507213,Recarga celular,v1,Trujillo,9,Pico,308.5,0,4.0
T507214,Pago de servicios,v2,Lima,21,Pico,239.8,0,5.0
T507215,Transferencia,v2,Arequipa,8,Pico,334.4,0,5.0
T507216,Recarga celular,v1,Arequipa,1,Normal,167.0,0,5.0
T507217,Recarga celular,v2,Trujillo,4,Normal,135.5,0,5.0
T507218,Transferencia,v1,Trujillo,3,Normal,236.9,0,3.0
T507219,Consulta de saldo,v2,Trujillo,16,Normal,86.5,0,4.0
T507220,Transferencia,v2,Lima,12,Normal,266.1,0,4.0
T507221,Recarga celular,v1,Arequipa,11,Normal,156.3,0,5.0
T507222,Pago de servicios,v2,Trujillo,0,Normal,128.1,0,4.0
T507223,Transferencia,v2,Arequipa,3,Normal,375.7,0,3.0
T507224,Pago QR,v2,Trujillo,14,Normal,166.0,0,5.0
T507225,Recarga celular,v1,Arequipa,15,Normal,182.1,0,3.0
T507226,Pago QR,v2,Arequipa,13,Normal,187.9,0,4.0
T507227,Pago QR,v1,Trujillo,22,Normal,572.1,0,4.0
T507228,Pago QR,v1,Trujillo,3,Normal,247.1,0,5.0
T507229,Transferencia,v2,Trujillo,9,Pico,301.0,0,4.0
T507230,Transferencia,v1,Lima,18,Pico,190.9,0,4.0
T507231,Pago QR,v1,Lima,20,Pico,277.7,0,3.0
T507232,Recarga celular,v1,Lima,4,Normal,200.8,0,5.0
T507233,Consulta de saldo,v1,Lima,13,Normal,134.3,0,4.0
T507234,Transferencia,v2,Lima,17,Normal,205.4,0,4.0
T507235,Recarga celular,v2,Arequipa,15,Normal,222.1,0,3.0
T507236,Transferencia,v2,Trujillo,16,Normal,306.9,0,4.0
T507237,Transferencia,v2,Lima,15,Normal,164.6,0,4.0
T507238,Pago de servicios,v2,Lima,3,Normal,1085.3,0,1.0
T507239,Consulta de saldo,v2,Lima,17,Normal,60.9,0,4.0
T507240,Pago QR,v2,Arequipa,0,Normal,326.5,0,3.0
T507241,Pago QR,v2,Lima,20,Pico,341.3,0,4.0
T507242,Pago de servicios,v2,Arequipa,9,Pico,223.6,0,5.0
T507243,Pago QR,v1,Lima,12,Normal,53.6,0,4.0
T507244,Pago de servicios,v2,Trujillo,20,Pico,365.6,0,5.0
T507245,Recarga celular,v1,Trujillo,8,Pico,135.3,0,4.0
T507246,Consulta de saldo,v2,Arequipa,15,Normal,82.3,0,4.0
T507247,Pago de servicios,v2,Arequipa,12,Normal,663.0,0,3.0
T507248,Consulta de saldo,v2,Arequipa,9,Pico,184.7,0,4.0
T507249,Consulta de saldo,v1,Arequipa,4,Normal,112.5,0,5.0
T507250,Recarga celular,v1,Trujillo,23,Normal,196.8,0,5.0
T507251,Pago QR,v2,Lima,4,Normal,233.3,0,3.0
T507252,Pago QR,v2,Lima,17,Normal,123.1,0,
T507253,Consulta de saldo,v1,Lima,2,Normal,204.5,0,4.0
T507254,Consulta de saldo,v1,Arequipa,19,Pico,148.0,0,5.0
T507255,Transferencia,v1,Lima,16,Normal,265.5,0,4.0
T507256,Consulta de saldo,v2,Lima,7,Normal,102.5,0,4.0
T507257,Transferencia,v1,Trujillo,8,Pico,303.1,0,4.0
T507258,Transferencia,v2,Lima,5,Normal,428.3,0,4.0
T507259,Pago QR,v1,Trujillo,5,Normal,378.8,0,4.0
T507260,Consulta de saldo,v1,Lima,22,Normal,103.0,0,4.0
T507261,Pago de servicios,v1,Trujillo,12,Normal,345.0,0,3.0
T507262,Pago QR,v2,Arequipa,20,Pico,229.9,0,4.0
T507263,Consulta de saldo,v2,Lima,23,Normal,96.1,0,4.0
T507264,Consulta de saldo,v2,Lima,23,Normal,100.6,0,4.0
T507265,Pago QR,v2,Arequipa,0,Normal,325.4,0,4.0
T507266,Consulta de saldo,v1,Lima,7,Normal,66.7,0,4.0
T507267,Consulta de saldo,v1,Trujillo,19,Pico,78.5,0,5.0
T507268,Pago QR,v1,Trujillo,17,Normal,175.6,0,4.0
T507269,Pago QR,v2,Arequipa,6,Normal,140.5,0,5.0
T507270,Pago QR,v1,Trujillo,14,Normal,127.6,0,5.0
T507271,Transferencia,v1,Arequipa,7,Normal,623.0,0,3.0
T507272,Consulta de saldo,v1,Lima,6,Normal,85.2,0,4.0
T507273,Consulta de saldo,v1,Trujillo,14,Normal,109.7,0,5.0
T507274,Consulta de saldo,v1,Arequipa,19,Pico,325.2,0,
T507275,Consulta de saldo,v2,Lima,4,Normal,63.3,0,3.0
T507276,Pago QR,v1,Lima,13,Normal,136.8,0,5.0
T507277,Consulta de saldo,v2,Lima,7,Normal,129.6,0,4.0
T507278,Pago QR,v2,Lima,15,Normal,247.8,0,5.0
T507279,Transferencia,v2,Lima,17,Normal,166.3,0,3.0
T507280,Pago de servicios,v1,Arequipa,8,Pico,612.3,0,4.0
T507281,Pago QR,v1,Lima,10,Pico,232.4,0,5.0
T507282,Recarga celular,v1,Lima,0,Normal,158.3,0,5.0
T507283,Transferencia,v1,Arequipa,11,Normal,609.0,0,5.0
T507284,Pago QR,v2,Trujillo,6,Normal,93.3,0,4.0
T507285,Transferencia,v1,Trujillo,2,Normal,329.9,0,3.0
T507286,Pago de servicios,v1,Arequipa,23,Normal,250.9,0,5.0
T507287,Transferencia,v2,Lima,6,Normal,300.7,0,4.0
T507288,Transferencia,v2,Lima,16,Normal,348.0,0,3.0
T507289,Consulta de saldo,v2,Arequipa,19,Pico,216.0,0,5.0
T507290,Pago de servicios,v1,Trujillo,6,Normal,245.4,0,3.0
T507291,Recarga celular,v2,Lima,17,Normal,119.5,0,5.0
T507292,Transferencia,v1,Lima,5,Normal,124.4,0,5.0
T507293,Recarga celular,v1,Lima,12,Normal,167.8,0,4.0
T507294,Transferencia,v2,Lima,20,Pico,219.0,0,4.0
T507295,Transferencia,v1,Lima,12,Normal,233.0,0,5.0
T507296,Pago de servicios,v1,Lima,11,Normal,252.5,0,4.0
T507297,Pago QR,v2,Arequipa,17,Normal,157.8,0,4.0
T507298,Consulta de saldo,v1,Lima,14,Normal,76.2,0,5.0
T507299,Consulta de saldo,v1,Lima,13,Normal,86.4,0,4.0
T507300,Pago QR,v1,Lima,6,Normal,332.8,0,4.0
T507301,Pago QR,v1,Lima,1,Normal,63.8,0,5.0
T507302,Pago de servicios,v1,Trujillo,15,Normal,674.3,0,3.0
T507303,Pago QR,v1,Arequipa,17,Normal,135.8,0,4.0
T507304,Pago QR,v1,Lima,19,Pico,207.2,0,5.0
T507305,Transferencia,v1,Lima,4,Normal,455.8,0,4.0
T507306,Pago QR,v1,Lima,14,Normal,105.2,0,5.0
T507307,Recarga celular,v2,Lima,16,Normal,68.4,0,3.0
T507308,Transferencia,v2,Lima,23,Normal,168.3,0,3.0
T507309,Consulta de saldo,v2,Arequipa,4,Normal,85.1,0,5.0
T507310,Pago QR,v2,Arequipa,23,Normal,236.3,0,5.0
T507311,Recarga celular,v2,Arequipa,7,Normal,718.7,0,3.0
T507312,Pago QR,v1,Lima,13,Normal,207.9,1,2.0
T507313,Consulta de saldo,v2,Lima,0,Normal,69.4,0,5.0
T507314,Transferencia,v2,Trujillo,1,Normal,312.0,0,4.0
T507315,Pago QR,v2,Trujillo,12,Normal,205.5,0,4.0
T507316,Consulta de saldo,v1,Lima,10,Pico,273.7,0,4.0
T507317,Transferencia,v1,Lima,0,Normal,211.7,0,5.0
T507318,Transferencia,v2,Lima,8,Pico,499.0,0,3.0
T507319,Consulta de saldo,v2,Lima,19,Pico,69.0,0,5.0
T507320,Transferencia,v1,Lima,14,Normal,98.9,0,4.0
T507321,Transferencia,v2,Lima,8,Pico,338.6,0,5.0
T507322,Transferencia,v1,Arequipa,9,Pico,423.0,0,3.0
T507323,Transferencia,v2,Arequipa,23,Normal,288.3,0,5.0
T507324,Transferencia,v2,Arequipa,11,Normal,226.6,0,4.0
T507325,Transferencia,v2,Arequipa,0,Normal,281.6,0,4.0
T507326,Consulta de saldo,v1,Arequipa,4,Normal,116.0,0,5.0
T507327,Recarga celular,v2,Arequipa,0,Normal,136.2,0,5.0
T507328,Consulta de saldo,v2,Arequipa,10,Pico,148.0,0,5.0
T507329,Consulta de saldo,v1,Lima,17,Normal,134.9,0,5.0
T507330,Transferencia,v2,Lima,5,Normal,332.4,0,5.0
T507331,Pago QR,v2,Lima,11,Normal,202.8,0,4.0
T507332,Consulta de saldo,v1,Lima,21,Pico,227.7,0,4.0
T507333,Pago de servicios,v1,Lima,1,Normal,655.7,0,4.0
T507334,Pago QR,v1,Lima,11,Normal,189.5,0,3.0
T507335,Transferencia,v1,Lima,10,Pico,264.4,0,5.0
T507336,Transferencia,v2,Trujillo,13,Normal,234.8,0,4.0
T507337,Transferencia,v1,Arequipa,0,Normal,169.4,0,5.0
T507338,Recarga celular,v2,Arequipa,22,Normal,94.6,0,4.0
T507339,Transferencia,v1,Arequipa,16,Normal,324.9,0,4.0
T507340,Transferencia,v1,Lima,20,Pico,1031.0,0,4.0
T507341,Pago QR,v2,Lima,13,Normal,165.5,0,5.0
T507342,Pago QR,v2,Trujillo,9,Pico,199.0,0,4.0
T507343,Pago QR,v1,Arequipa,13,Normal,151.6,0,5.0
T507344,Pago QR,v2,Trujillo,7,Normal,144.0,0,
T507345,Transferencia,v1,Lima,15,Normal,142.0,0,5.0
T507346,Consulta de saldo,v2,Lima,7,Normal,107.3,0,5.0
T507347,Transferencia,v1,Arequipa,22,Normal,207.8,0,4.0
T507348,Consulta de saldo,v1,Lima,22,Normal,55.4,0,3.0
T507349,Transferencia,v1,Lima,11,Normal,309.9,0,4.0
T507350,Pago de servicios,v1,Lima,14,Normal,193.3,0,5.0
T507351,Recarga celular,v1,Lima,8,Pico,461.8,0,4.0
T507352,Transferencia,v2,Lima,23,Normal,214.3,0,4.0
T507353,Consulta de saldo,v2,Arequipa,22,Normal,404.5,0,
T507354,Transferencia,v1,Arequipa,1,Normal,229.6,0,4.0
T507355,Consulta de saldo,v1,Lima,13,Normal,149.4,0,3.0
T507356,Transferencia,v1,Arequipa,19,Pico,315.0,0,5.0
T507357,Pago QR,v2,Arequipa,1,Normal,292.4,0,3.0
T507358,Recarga celular,v1,Arequipa,3,Normal,275.1,0,4.0
T507359,Pago de servicios,v2,Lima,12,Normal,185.7,0,3.0
T507360,Pago QR,v2,Lima,16,Normal,138.5,0,4.0
T507361,Consulta de saldo,v1,Arequipa,6,Normal,114.5,0,4.0
T507362,Transferencia,v2,Arequipa,6,Normal,240.3,0,3.0
T507363,Pago QR,v1,Trujillo,17,Normal,351.3,0,4.0
T507364,Pago QR,v1,Lima,7,Normal,209.9,0,4.0
T507365,Transferencia,v1,Lima,18,Pico,237.3,0,5.0
T507366,Recarga celular,v2,Trujillo,11,Normal,222.8,0,4.0
T507367,Pago QR,v1,Lima,1,Normal,241.1,0,5.0
T507368,Consulta de saldo,v1,Lima,20,Pico,87.2,0,3.0
T507369,Pago QR,v2,Lima,8,Pico,260.4,0,4.0
T507370,Pago de servicios,v1,Arequipa,19,Pico,260.6,0,4.0
T507371,Transferencia,v2,Lima,13,Normal,410.0,0,3.0
T507372,Pago QR,v1,Arequipa,22,Normal,113.8,0,4.0
T507373,Pago QR,v2,Lima,14,Normal,149.6,0,4.0
T507374,Transferencia,v2,Lima,2,Normal,111.1,0,5.0
T507375,Consulta de saldo,v2,Arequipa,22,Normal,181.3,0,5.0
T507376,Transferencia,v1,Lima,19,Pico,282.9,0,5.0
T507377,Recarga celular,v1,Lima,1,Normal,177.1,0,5.0
T507378,Pago de servicios,v1,Arequipa,6,Normal,545.1,0,4.0
T507379,Consulta de saldo,v1,Trujillo,6,Normal,90.0,0,5.0
T507380,Recarga celular,v1,Trujillo,15,Normal,131.1,0,5.0
T507381,Transferencia,v1,Lima,13,Normal,297.1,0,5.0
T507382,Pago QR,v2,Trujillo,1,Normal,455.8,0,4.0
T507383,Pago de servicios,v2,Trujillo,18,Pico,435.1,0,2.0
T507384,Recarga celular,v2,Lima,5,Normal,138.3,0,5.0
T507385,Pago QR,v1,Lima,19,Pico,163.8,0,
T507386,Pago QR,v1,Lima,4,Normal,142.2,0,4.0
T507387,Pago de servicios,v2,Lima,19,Pico,529.5,0,5.0
T507388,Recarga celular,v1,Lima,10,Pico,113.5,0,4.0
T507389,Recarga celular,v1,Arequipa,2,Normal,136.9,0,5.0
T507390,Recarga celular,v2,Lima,16,Normal,118.7,0,4.0
T507391,Recarga celular,v2,Arequipa,21,Pico,184.1,0,4.0
T507392,Transferencia,v2,Trujillo,9,Pico,237.4,0,4.0
T507393,Consulta de saldo,v2,Lima,11,Normal,62.6,0,5.0
T507394,Transferencia,v2,Lima,4,Normal,135.6,0,4.0
T507395,Transferencia,v2,Arequipa,20,Pico,877.6,0,2.0
T507396,Pago QR,v2,Lima,3,Normal,207.6,0,5.0
T507397,Transferencia,v1,Trujillo,6,Normal,152.8,0,5.0
T507398,Pago QR,v2,Trujillo,5,Normal,329.8,0,3.0
T507399,Pago de servicios,v2,Arequipa,11,Normal,305.3,0,4.0
T507400,Pago de servicios,v1,Arequipa,20,Pico,1014.2,0,2.0
T507401,Pago de servicios,v2,Lima,23,Normal,355.1,0,4.0
T507402,Transferencia,v2,Lima,17,Normal,516.1,0,4.0
T507403,Pago QR,v2,Arequipa,8,Pico,486.4,0,3.0
T507404,Consulta de saldo,v1,Lima,7,Normal,112.9,0,5.0
T507405,Consulta de saldo,v2,Arequipa,10,Pico,139.3,0,4.0
T507406,Transferencia,v2,Trujillo,11,Normal,100.4,0,5.0
T507407,Transferencia,v1,Lima,0,Normal,232.9,0,4.0
T507408,Consulta de saldo,v1,Lima,16,Normal,67.8,0,5.0
T507409,Pago QR,v2,Trujillo,1,Normal,175.0,0,5.0
T507410,Consulta de saldo,v2,Arequipa,2,Normal,199.0,0,4.0
T507411,Consulta de saldo,v2,Lima,14,Normal,106.3,0,4.0
T507412,Recarga celular,v2,Lima,14,Normal,159.0,0,4.0
T507413,Pago QR,v1,Lima,17,Normal,169.2,0,5.0
T507414,Pago de servicios,v1,Trujillo,11,Normal,414.2,0,3.0
T507415,Pago de servicios,v1,Lima,22,Normal,300.6,0,5.0
T507416,Recarga celular,v2,Arequipa,22,Normal,94.2,0,4.0
T507417,Consulta de saldo,v2,Lima,4,Normal,80.6,0,4.0
T507418,Recarga celular,v2,Trujillo,0,Normal,108.8,0,4.0
T507419,Transferencia,v2,Arequipa,23,Normal,328.4,0,3.0
T507420,Recarga celular,v2,Lima,5,Normal,177.5,0,4.0
T507421,Consulta de saldo,v1,Lima,5,Normal,45.2,0,5.0
T507422,Transferencia,v1,Trujillo,11,Normal,329.6,0,4.0
T507423,Transferencia,v1,Lima,5,Normal,337.4,0,4.0
T507424,Pago de servicios,v1,Trujillo,8,Pico,428.8,0,4.0
T507425,Transferencia,v2,Arequipa,10,Pico,252.5,0,4.0
T507426,Pago de servicios,v1,Lima,0,Normal,221.4,0,4.0
T507427,Recarga celular,v2,Lima,15,Normal,200.7,0,5.0
T507428,Pago de servicios,v2,Trujillo,3,Normal,209.1,0,3.0
T507429,Pago de servicios,v1,Lima,0,Normal,926.1,0,3.0
T507430,Pago de servicios,v2,Lima,18,Pico,392.4,0,4.0
T507431,Transferencia,v1,Lima,12,Normal,492.9,0,4.0
T507432,Recarga celular,v2,Trujillo,10,Pico,284.7,0,4.0
T507433,Pago de servicios,v2,Trujillo,23,Normal,278.1,0,5.0
T507434,Pago QR,v2,Trujillo,3,Normal,310.3,0,4.0
T507435,Recarga celular,v1,Trujillo,9,Pico,507.0,0,3.0
T507436,Transferencia,v2,Trujillo,12,Normal,241.8,0,3.0
T507437,Transferencia,v1,Trujillo,16,Normal,459.6,0,3.0
T507438,Transferencia,v1,Trujillo,12,Normal,330.1,0,4.0
T507439,Consulta de saldo,v2,Trujillo,19,Pico,106.8,0,4.0
T507440,Recarga celular,v1,Arequipa,9,Pico,261.2,0,4.0
T507441,Consulta de saldo,v1,Lima,21,Pico,193.1,0,4.0
T507442,Transferencia,v1,Arequipa,19,Pico,239.0,0,4.0
T507443,Transferencia,v2,Lima,9,Pico,222.9,0,3.0
T507444,Pago QR,v2,Lima,15,Normal,87.2,0,4.0
T507445,Pago QR,v1,Lima,6,Normal,253.1,0,5.0
T507446,Pago QR,v1,Arequipa,18,Pico,298.3,0,4.0
T507447,Pago QR,v2,Arequipa,4,Normal,119.1,0,4.0
T507448,Transferencia,v1,Trujillo,6,Normal,245.8,0,4.0
T507449,Transferencia,v1,Lima,5,Normal,237.3,0,4.0
T507450,Pago QR,v2,Lima,12,Normal,250.4,0,5.0
T507451,Consulta de saldo,v2,Lima,12,Normal,207.9,0,4.0
T507452,Pago QR,v2,Trujillo,23,Normal,169.3,0,4.0
T507453,Transferencia,v2,Lima,7,Normal,217.4,0,4.0
T507454,Pago QR,v1,Arequipa,20,Pico,186.5,0,4.0
T507455,Pago de servicios,v1,Lima,3,Normal,395.0,0,5.0
T507456,Consulta de saldo,v2,Lima,8,Pico,104.3,0,4.0
T507457,Recarga celular,v2,Lima,15,Normal,268.3,0,4.0
T507458,Recarga celular,v1,Trujillo,10,Pico,145.6,0,4.0
T507459,Pago QR,v1,Lima,14,Normal,379.1,0,4.0
T507460,Consulta de saldo,v1,Trujillo,14,Normal,56.9,0,5.0
T507461,Consulta de saldo,v2,Trujillo,16,Normal,92.0,0,4.0
T507462,Consulta de saldo,v1,Arequipa,18,Pico,142.5,0,5.0
T507463,Pago de servicios,v2,Trujillo,18,Pico,163.6,0,4.0
T507464,Recarga celular,v1,Lima,15,Normal,122.0,0,5.0
T507465,Pago de servicios,v2,Arequipa,7,Normal,159.5,0,3.0
T507466,Transferencia,v2,Arequipa,10,Pico,218.9,0,3.0
T507467,Pago QR,v1,Trujillo,4,Normal,129.8,0,3.0
T507468,Pago QR,v1,Arequipa,5,Normal,127.4,0,4.0
T507469,Recarga celular,v2,Lima,18,Pico,158.2,0,5.0
T507470,Consulta de saldo,v2,Trujillo,0,Normal,102.4,0,4.0
T507471,Pago QR,v2,Lima,9,Pico,237.8,0,4.0
T507472,Pago de servicios,v1,Arequipa,5,Normal,377.3,0,5.0
T507473,Pago de servicios,v2,Arequipa,13,Normal,262.4,0,3.0
T507474,Transferencia,v2,Arequipa,2,Normal,344.6,0,2.0
T507475,Pago QR,v2,Lima,2,Normal,256.1,0,4.0
T507476,Consulta de saldo,v1,Trujillo,16,Normal,97.4,0,5.0
T507477,Transferencia,v2,Arequipa,23,Normal,155.6,0,5.0
T507478,Recarga celular,v2,Lima,11,Normal,121.3,0,4.0
T507479,Pago QR,v2,Lima,8,Pico,489.3,0,5.0
T507480,Pago QR,v1,Trujillo,3,Normal,167.6,0,5.0
T507481,Transferencia,v1,Trujillo,11,Normal,180.1,0,4.0
T507482,Pago de servicios,v1,Lima,11,Normal,311.1,0,4.0
T507483,Transferencia,v1,Lima,9,Pico,234.6,0,4.0
T507484,Transferencia,v1,Trujillo,17,Normal,449.0,0,4.0
T507485,Pago de servicios,v2,Arequipa,21,Pico,415.7,0,5.0
T507486,Pago de servicios,v1,Lima,19,Pico,160.7,0,5.0
T507487,Transferencia,v1,Lima,3,Normal,249.3,0,3.0
T507488,Consulta de saldo,v1,Arequipa,12,Normal,143.1,0,5.0
T507489,Pago de servicios,v2,Arequipa,6,Normal,398.3,0,3.0
T507490,Consulta de saldo,v1,Trujillo,12,Normal,93.6,0,5.0
T507491,Pago de servicios,v2,Lima,2,Normal,176.5,0,
T507492,Consulta de saldo,v2,Trujillo,4,Normal,86.3,0,4.0
T507493,Consulta de saldo,v1,Arequipa,0,Normal,170.7,0,5.0
T507494,Consulta de saldo,v2,Lima,16,Normal,111.3,0,5.0
T507495,Pago QR,v2,Lima,22,Normal,545.0,0,3.0
T507496,Transferencia,v1,Lima,11,Normal,308.1,0,4.0
T507497,Pago QR,v2,Lima,19,Pico,567.6,0,4.0
T507498,Consulta de saldo,v2,Lima,5,Normal,104.7,0,4.0
T507499,Pago QR,v2,Arequipa,6,Normal,158.6,0,5.0
T507500,Recarga celular,v2,Arequipa,20,Pico,203.6,0,4.0
T507501,Consulta de saldo,v2,Trujillo,22,Normal,43.7,0,2.0
T507502,Transferencia,v2,Arequipa,3,Normal,709.8,0,3.0
T507503,Pago QR,v1,Trujillo,7,Normal,152.7,0,4.0
T507504,Transferencia,v2,Lima,12,Normal,404.5,0,4.0
T507505,Consulta de saldo,v1,Lima,6,Normal,111.4,0,4.0
T507506,Transferencia,v2,Trujillo,9,Pico,422.3,0,2.0
T507507,Transferencia,v1,Lima,11,Normal,107.6,0,4.0
T507508,Recarga celular,v2,Trujillo,1,Normal,215.2,0,4.0
T507509,Pago QR,v2,Lima,21,Pico,243.7,0,4.0
T507510,Pago de servicios,v1,Lima,13,Normal,141.0,0,5.0
T507511,Consulta de saldo,v2,Lima,8,Pico,154.0,0,5.0
T507512,Recarga celular,v1,Lima,11,Normal,187.4,0,4.0
T507513,Consulta de saldo,v1,Lima,0,Normal,156.7,0,4.0
T507514,Pago QR,v2,Arequipa,22,Normal,150.1,0,
T507515,Pago QR,v1,Trujillo,20,Pico,463.1,0,5.0
T507516,Recarga celular,v2,Trujillo,4,Normal,69.1,0,3.0
T507517,Recarga celular,v1,Arequipa,13,Normal,88.4,0,5.0
T507518,Pago QR,v1,Lima,20,Pico,208.1,0,5.0
T507519,Recarga celular,v1,Lima,22,Normal,135.5,0,4.0
T507520,Pago QR,v2,Lima,5,Normal,150.6,0,4.0
T507521,Recarga celular,v1,Arequipa,4,Normal,376.7,0,5.0
T507522,Transferencia,v2,Trujillo,20,Pico,296.1,0,5.0
T507523,Consulta de saldo,v1,Trujillo,22,Normal,128.8,0,5.0
T507524,Transferencia,v2,Lima,6,Normal,203.6,0,5.0
T507525,Transferencia,v2,Arequipa,4,Normal,939.9,0,2.0
T507526,Pago QR,v2,Lima,9,Pico,193.3,0,3.0
T507527,Pago QR,v1,Arequipa,11,Normal,102.2,0,4.0
T507528,Consulta de saldo,v2,Arequipa,1,Normal,159.6,0,5.0
T507529,Recarga celular,v2,Lima,17,Normal,166.2,0,3.0
T507530,Transferencia,v1,Arequipa,21,Pico,175.7,0,4.0
T507531,Consulta de saldo,v1,Arequipa,6,Normal,123.8,0,5.0
T507532,Pago de servicios,v2,Lima,8,Pico,287.9,0,5.0
T507533,Pago QR,v2,Lima,16,Normal,130.1,0,5.0
T507534,Consulta de saldo,v2,Lima,13,Normal,117.6,0,4.0
T507535,Transferencia,v1,Trujillo,13,Normal,320.5,0,4.0
T507536,Consulta de saldo,v1,Arequipa,2,Normal,170.9,0,4.0
T507537,Transferencia,v2,Lima,0,Normal,78.1,0,4.0
T507538,Recarga celular,v2,Lima,13,Normal,134.5,0,3.0
T507539,Pago QR,v2,Trujillo,3,Normal,213.7,0,5.0
T507540,Pago QR,v2,Lima,5,Normal,158.7,0,5.0
T507541,Recarga celular,v1,Lima,2,Normal,198.5,0,5.0
T507542,Pago de servicios,v2,Lima,0,Normal,476.3,0,4.0
T507543,Pago de servicios,v2,Arequipa,16,Normal,303.7,0,4.0
T507544,Pago de servicios,v2,Trujillo,2,Normal,200.8,0,4.0
T507545,Pago QR,v2,Lima,10,Pico,248.6,0,4.0
T507546,Pago QR,v2,Trujillo,0,Normal,263.5,0,4.0
T507547,Pago QR,v2,Lima,17,Normal,237.1,0,5.0
T507548,Pago QR,v2,Arequipa,5,Normal,492.1,0,3.0
T507549,Recarga celular,v1,Lima,9,Pico,184.6,0,4.0
T507550,Pago QR,v1,Lima,14,Normal,214.5,0,5.0
T507551,Pago QR,v2,Trujillo,16,Normal,204.3,0,3.0
T507552,Recarga celular,v2,Arequipa,3,Normal,239.6,0,3.0
T507553,Consulta de saldo,v2,Trujillo,9,Pico,76.8,0,5.0
T507554,Pago de servicios,v2,Trujillo,3,Normal,244.1,0,3.0
T507555,Pago QR,v1,Trujillo,13,Normal,197.1,0,4.0
T507556,Pago de servicios,v2,Arequipa,21,Pico,174.3,0,4.0
T507557,Recarga celular,v2,Lima,9,Pico,800.6,0,3.0
T507558,Transferencia,v2,Lima,16,Normal,115.6,0,4.0
T507559,Consulta de saldo,v1,Trujillo,18,Pico,125.6,0,5.0
T507560,Pago QR,v2,Arequipa,12,Normal,164.0,0,4.0
T507561,Recarga celular,v2,Trujillo,10,Pico,220.6,0,5.0
T507562,Pago QR,v2,Trujillo,1,Normal,202.9,0,4.0
T507563,Recarga celular,v2,Trujillo,12,Normal,158.5,0,3.0
T507564,Consulta de saldo,v1,Lima,23,Normal,218.4,0,5.0
T507565,Pago QR,v1,Lima,21,Pico,380.5,0,3.0
T507566,Pago QR,v2,Trujillo,18,Pico,292.9,0,5.0
T507567,Consulta de saldo,v1,Lima,10,Pico,50.6,0,5.0
T507568,Recarga celular,v2,Lima,6,Normal,204.3,0,4.0
T507569,Transferencia,v2,Lima,8,Pico,333.8,0,
T507570,Consulta de saldo,v1,Lima,10,Pico,259.5,0,5.0
T507571,Recarga celular,v1,Lima,11,Normal,123.3,0,5.0
T507572,Pago QR,v1,Lima,16,Normal,200.8,0,4.0
T507573,Consulta de saldo,v2,Lima,3,Normal,165.9,0,5.0
T507574,Pago QR,v2,Lima,5,Normal,144.9,0,5.0
T507575,Transferencia,v1,Trujillo,14,Normal,344.4,0,4.0
T507576,Consulta de saldo,v1,Arequipa,12,Normal,65.1,0,5.0
T507577,Transferencia,v1,Lima,5,Normal,259.4,0,3.0
T507578,Consulta de saldo,v2,Arequipa,6,Normal,65.1,0,5.0
T507579,Pago QR,v2,Arequipa,11,Normal,139.5,0,5.0
T507580,Transferencia,v2,Trujillo,3,Normal,287.3,0,5.0
T507581,Pago QR,v2,Lima,0,Normal,233.5,0,4.0
T507582,Pago de servicios,v1,Arequipa,8,Pico,289.8,0,4.0
T507583,Transferencia,v1,Trujillo,1,Normal,238.4,0,5.0
T507584,Consulta de saldo,v1,Lima,16,Normal,77.5,0,5.0
T507585,Consulta de saldo,v2,Lima,6,Normal,142.2,0,5.0
T507586,Pago QR,v2,Arequipa,8,Pico,347.1,0,5.0
T507587,Consulta de saldo,v1,Trujillo,21,Pico,137.2,0,5.0
T507588,Recarga celular,v2,Trujillo,9,Pico,156.2,0,4.0
T507589,Pago de servicios,v1,Lima,13,Normal,850.7,0,3.0
T507590,Transferencia,v2,Lima,8,Pico,489.1,0,5.0
T507591,Consulta de saldo,v2,Lima,13,Normal,91.7,0,4.0
T507592,Recarga celular,v1,Trujillo,11,Normal,391.0,0,4.0
T507593,Pago de servicios,v1,Trujillo,2,Normal,534.7,0,3.0
T507594,Transferencia,v1,Arequipa,14,Normal,304.5,0,5.0
T507595,Pago de servicios,v1,Arequipa,18,Pico,611.1,0,4.0
T507596,Transferencia,v1,Trujillo,7,Normal,264.7,0,4.0
T507597,Pago de servicios,v1,Lima,22,Normal,640.7,0,5.0
T507598,Recarga celular,v1,Trujillo,1,Normal,112.9,0,4.0
T507599,Consulta de saldo,v2,Trujillo,18,Pico,144.3,0,5.0
T507600,Pago QR,v1,Arequipa,13,Normal,253.2,0,5.0
T507601,Pago de servicios,v1,Lima,5,Normal,392.7,0,3.0
T507602,Consulta de saldo,v1,Trujillo,17,Normal,92.4,0,5.0
T507603,Recarga celular,v1,Lima,10,Pico,138.8,0,4.0
T507604,Pago de servicios,v1,Arequipa,10,Pico,489.3,0,3.0
T507605,Recarga celular,v2,Lima,1,Normal,119.1,0,4.0
T507606,Pago QR,v2,Arequipa,6,Normal,385.4,0,5.0
T507607,Transferencia,v1,Lima,17,Normal,244.5,0,5.0
T507608,Transferencia,v2,Arequipa,5,Normal,509.1,0,3.0
T507609,Pago de servicios,v1,Lima,8,Pico,433.7,0,3.0
T507610,Pago QR,v1,Trujillo,11,Normal,417.3,0,3.0
T507611,Pago QR,v2,Arequipa,12,Normal,149.4,0,3.0
T507612,Transferencia,v1,Lima,9,Pico,219.9,0,4.0
T507613,Pago QR,v1,Trujillo,15,Normal,333.0,0,4.0
T507614,Transferencia,v1,Trujillo,21,Pico,222.5,0,4.0
T507615,Consulta de saldo,v2,Arequipa,8,Pico,158.5,0,4.0
T507616,Consulta de saldo,v1,Trujillo,18,Pico,103.4,0,4.0
T507617,Consulta de saldo,v2,Lima,18,Pico,151.5,0,5.0
T507618,Transferencia,v2,Arequipa,20,Pico,213.9,0,4.0
T507619,Transferencia,v1,Lima,2,Normal,210.2,0,5.0
T507620,Pago QR,v2,Lima,16,Normal,349.6,0,5.0
T507621,Pago QR,v2,Lima,1,Normal,269.9,0,5.0
T507622,Transferencia,v2,Trujillo,5,Normal,615.1,0,3.0
T507623,Consulta de saldo,v1,Lima,19,Pico,173.9,0,5.0
T507624,Recarga celular,v1,Arequipa,4,Normal,281.8,0,4.0
T507625,Pago QR,v1,Arequipa,12,Normal,88.1,0,5.0
T507626,Pago de servicios,v1,Trujillo,16,Normal,541.9,0,5.0
T507627,Transferencia,v1,Lima,15,Normal,337.8,0,5.0
T507628,Transferencia,v1,Lima,7,Normal,280.6,0,5.0
T507629,Pago de servicios,v2,Lima,18,Pico,168.1,0,3.0
T507630,Consulta de saldo,v2,Lima,10,Pico,202.8,0,3.0
T507631,Recarga celular,v1,Lima,2,Normal,169.3,0,3.0
T507632,Consulta de saldo,v1,Arequipa,23,Normal,60.2,0,4.0
T507633,Recarga celular,v1,Lima,6,Normal,187.1,0,4.0
T507634,Transferencia,v1,Lima,18,Pico,199.0,0,4.0
T507635,Transferencia,v1,Lima,8,Pico,415.1,0,4.0
T507636,Consulta de saldo,v2,Trujillo,3,Normal,107.9,0,3.0
T507637,Transferencia,v1,Trujillo,5,Normal,592.9,0,4.0
T507638,Consulta de saldo,v1,Lima,19,Pico,58.3,0,4.0
T507639,Pago QR,v2,Arequipa,19,Pico,148.3,0,4.0
T507640,Consulta de saldo,v1,Lima,0,Normal,84.2,0,4.0
T507641,Pago de servicios,v1,Arequipa,15,Normal,381.2,0,4.0
T507642,Consulta de saldo,v2,Lima,3,Normal,147.0,0,5.0
T507643,Pago QR,v2,Lima,14,Normal,176.1,0,5.0
T507644,Transferencia,v2,Arequipa,1,Normal,189.4,0,5.0
T507645,Consulta de saldo,v2,Arequipa,16,Normal,104.9,0,4.0
T507646,Consulta de saldo,v2,Trujillo,5,Normal,51.7,0,5.0
T507647,Transferencia,v1,Trujillo,12,Normal,313.8,0,5.0
T507648,Transferencia,v2,Arequipa,4,Normal,471.4,0,3.0
T507649,Pago de servicios,v1,Lima,8,Pico,1240.9,0,3.0
T507650,Pago QR,v2,Lima,5,Normal,222.6,0,5.0
T507651,Recarga celular,v1,Lima,9,Pico,101.4,0,4.0
T507652,Pago de servicios,v2,Arequipa,18,Pico,463.6,0,3.0
T507653,Pago de servicios,v2,Arequipa,5,Normal,191.7,0,4.0
T507654,Transferencia,v2,Trujillo,3,Normal,150.5,0,4.0
T507655,Consulta de saldo,v1,Lima,22,Normal,194.1,0,4.0
T507656,Pago QR,v2,Lima,6,Normal,1356.5,0,1.0
T507657,Transferencia,v2,Arequipa,3,Normal,201.1,0,4.0
T507658,Pago de servicios,v2,Lima,23,Normal,409.9,0,4.0
T507659,Pago de servicios,v1,Lima,23,Normal,290.0,0,4.0
T507660,Consulta de saldo,v2,Arequipa,10,Pico,133.1,0,4.0
T507661,Consulta de saldo,v2,Lima,0,Normal,172.6,0,3.0
T507662,Pago QR,v1,Trujillo,0,Normal,463.2,0,4.0
T507663,Recarga celular,v2,Lima,10,Pico,165.4,0,
T507664,Transferencia,v1,Lima,5,Normal,354.5,0,3.0
T507665,Transferencia,v2,Trujillo,22,Normal,301.3,0,3.0
T507666,Transferencia,v2,Lima,0,Normal,426.5,0,3.0
T507667,Pago de servicios,v1,Trujillo,23,Normal,416.0,0,5.0
T507668,Pago QR,v1,Trujillo,23,Normal,421.8,0,3.0
T507669,Pago de servicios,v1,Arequipa,13,Normal,353.6,0,4.0
T507670,Transferencia,v1,Arequipa,0,Normal,546.3,0,3.0
T507671,Consulta de saldo,v2,Lima,3,Normal,59.4,0,4.0
T507672,Transferencia,v1,Arequipa,14,Normal,160.7,0,4.0
T507673,Recarga celular,v1,Trujillo,5,Normal,159.2,0,4.0
T507674,Recarga celular,v1,Arequipa,19,Pico,226.2,0,4.0
T507675,Consulta de saldo,v2,Lima,2,Normal,78.1,0,5.0
T507676,Recarga celular,v2,Arequipa,20,Pico,326.3,0,5.0
T507677,Pago QR,v1,Arequipa,3,Normal,216.8,0,5.0
T507678,Pago QR,v1,Lima,3,Normal,180.9,0,5.0
T507679,Transferencia,v1,Lima,1,Normal,246.9,0,4.0
T507680,Consulta de saldo,v2,Trujillo,11,Normal,54.9,0,3.0
T507681,Pago de servicios,v2,Trujillo,0,Normal,185.3,0,4.0
T507682,Pago QR,v2,Lima,6,Normal,217.2,0,4.0
T507683,Transferencia,v1,Lima,11,Normal,229.2,0,5.0
T507684,Pago QR,v2,Lima,22,Normal,199.9,0,4.0
T507685,Recarga celular,v2,Trujillo,13,Normal,327.5,0,5.0
T507686,Pago QR,v1,Trujillo,11,Normal,100.7,0,4.0
T507687,Pago de servicios,v1,Arequipa,21,Pico,344.4,0,3.0
T507688,Transferencia,v2,Lima,21,Pico,650.7,0,3.0
T507689,Pago de servicios,v2,Arequipa,23,Normal,335.8,0,4.0
T507690,Consulta de saldo,v1,Trujillo,5,Normal,321.3,0,5.0
T507691,Recarga celular,v2,Lima,8,Pico,167.5,0,4.0
T507692,Pago QR,v1,Lima,0,Normal,500.9,0,2.0
T507693,Consulta de saldo,v2,Lima,15,Normal,58.8,0,4.0
T507694,Recarga celular,v2,Arequipa,0,Normal,116.5,0,4.0
T507695,Consulta de saldo,v2,Trujillo,22,Normal,105.8,0,3.0
T507696,Consulta de saldo,v2,Lima,22,Normal,118.9,0,4.0
T507697,Pago QR,v1,Lima,18,Pico,219.4,0,3.0
T507698,Transferencia,v2,Lima,5,Normal,257.8,0,5.0
T507699,Transferencia,v1,Arequipa,2,Normal,220.0,0,4.0
T507700,Recarga celular,v1,Lima,23,Normal,169.6,0,4.0
T507701,Pago de servicios,v2,Trujillo,1,Normal,180.3,0,5.0
T507702,Pago QR,v1,Lima,0,Normal,393.7,0,4.0
T507703,Transferencia,v2,Trujillo,19,Pico,412.8,0,3.0
T507704,Recarga celular,v1,Trujillo,12,Normal,93.7,0,4.0
T507705,Recarga celular,v2,Trujillo,2,Normal,321.8,0,4.0
T507706,Pago QR,v1,Lima,23,Normal,359.8,0,4.0
T507707,Pago de servicios,v2,Lima,14,Normal,567.3,0,3.0
T507708,Consulta de saldo,v2,Trujillo,19,Pico,92.0,0,5.0
T507709,Pago QR,v2,Trujillo,0,Normal,396.6,0,5.0
T507710,Recarga celular,v1,Lima,13,Normal,172.3,0,3.0
T507711,Pago QR,v1,Lima,9,Pico,290.9,0,4.0
T507712,Consulta de saldo,v2,Trujillo,6,Normal,81.8,0,5.0
T507713,Consulta de saldo,v1,Trujillo,6,Normal,169.6,0,4.0
T507714,Transferencia,v1,Trujillo,5,Normal,275.4,0,4.0
T507715,Recarga celular,v1,Trujillo,1,Normal,250.0,0,4.0
T507716,Recarga celular,v2,Trujillo,6,Normal,154.5,0,4.0
T507717,Pago de servicios,v1,Trujillo,3,Normal,412.0,0,5.0
T507718,Transferencia,v1,Trujillo,13,Normal,252.8,0,5.0
T507719,Recarga celular,v1,Lima,2,Normal,92.9,0,5.0
T507720,Consulta de saldo,v2,Trujillo,6,Normal,80.4,0,5.0
T507721,Pago de servicios,v1,Trujillo,16,Normal,255.0,0,5.0
T507722,Consulta de saldo,v1,Lima,10,Pico,112.2,0,4.0
T507723,Consulta de saldo,v1,Lima,8,Pico,102.1,0,2.0
T507724,Transferencia,v2,Trujillo,19,Pico,,0,5.0
T507725,Recarga celular,v2,Lima,18,Pico,170.7,0,4.0
T507726,Consulta de saldo,v2,Lima,17,Normal,74.9,0,4.0
T507727,Consulta de saldo,v1,Lima,17,Normal,115.0,0,4.0
T507728,Recarga celular,v1,Trujillo,22,Normal,269.0,0,5.0
T507729,Transferencia,v2,Lima,18,Pico,358.4,0,
T507730,Pago QR,v1,Lima,5,Normal,312.7,0,4.0
T507731,Transferencia,v1,Arequipa,20,Pico,199.2,0,4.0
T507732,Pago de servicios,v1,Lima,9,Pico,381.6,0,4.0
T507733,Recarga celular,v1,Arequipa,0,Normal,179.9,0,4.0
T507734,Transferencia,v1,Lima,10,Pico,247.1,0,4.0
T507735,Pago QR,v1,Arequipa,9,Pico,517.8,0,4.0
T507736,Recarga celular,v1,Lima,9,Pico,160.5,0,5.0
T507737,Pago de servicios,v1,Arequipa,10,Pico,863.1,0,3.0
T507738,Pago de servicios,v1,Trujillo,4,Normal,370.6,0,3.0
T507739,Transferencia,v1,Lima,18,Pico,337.7,0,4.0
T507740,Transferencia,v1,Lima,13,Normal,565.2,0,3.0
T507741,Pago QR,v2,Trujillo,10,Pico,319.7,0,5.0
T507742,Transferencia,v1,Trujillo,12,Normal,592.8,0,4.0
T507743,Consulta de saldo,v2,Arequipa,4,Normal,165.3,0,5.0
T507744,Pago QR,v1,Trujillo,15,Normal,240.4,0,5.0
T507745,Consulta de saldo,v2,Lima,4,Normal,95.0,0,5.0
T507746,Consulta de saldo,v1,Lima,18,Pico,99.5,0,4.0
T507747,Pago QR,v1,Lima,21,Pico,241.0,0,3.0
T507748,Consulta de saldo,v1,Lima,10,Pico,76.4,0,5.0
T507749,Consulta de saldo,v2,Arequipa,0,Normal,82.6,0,5.0
T507750,Transferencia,v1,Arequipa,22,Normal,316.7,0,5.0
T507751,Pago QR,v2,Lima,0,Normal,147.9,0,5.0
T507752,Pago QR,v2,Trujillo,3,Normal,233.0,0,4.0
T507753,Transferencia,v1,Lima,1,Normal,165.9,0,4.0
T507754,Transferencia,v1,Lima,8,Pico,240.5,0,4.0
T507755,Transferencia,v2,Lima,17,Normal,218.5,0,5.0
T507756,Pago QR,v2,Lima,16,Normal,160.3,0,4.0
T507757,Consulta de saldo,v1,Trujillo,23,Normal,95.5,0,3.0
T507758,Transferencia,v1,Arequipa,0,Normal,331.5,0,4.0
T507759,Consulta de saldo,v1,Lima,18,Pico,307.8,0,5.0
T507760,Recarga celular,v1,Arequipa,9,Pico,333.8,1,3.0
T507761,Consulta de saldo,v2,Lima,3,Normal,93.5,0,4.0
T507762,Consulta de saldo,v2,Lima,22,Normal,82.5,0,5.0
T507763,Pago QR,v1,Arequipa,22,Normal,416.8,0,2.0
T507764,Consulta de saldo,v1,Arequipa,4,Normal,54.2,0,5.0
T507765,Consulta de saldo,v1,Lima,17,Normal,48.6,0,4.0
T507766,Pago QR,v1,Lima,15,Normal,359.3,0,4.0
T507767,Consulta de saldo,v1,Lima,9,Pico,402.9,0,2.0
T507768,Transferencia,v1,Arequipa,12,Normal,428.0,0,3.0
T507769,Pago de servicios,v2,Lima,3,Normal,348.7,1,2.0
T507770,Pago QR,v2,Lima,18,Pico,143.5,0,3.0
T507771,Recarga celular,v2,Lima,11,Normal,158.0,0,5.0
T507772,Pago QR,v2,Arequipa,16,Normal,284.2,0,4.0
T507773,Transferencia,v1,Lima,5,Normal,143.7,0,4.0
T507774,Transferencia,v2,Lima,6,Normal,269.9,0,5.0
T507775,Pago QR,v2,Lima,17,Normal,100.9,0,4.0
T507776,Pago QR,v2,Lima,19,Pico,239.2,0,3.0
T507777,Consulta de saldo,v2,Lima,8,Pico,132.4,0,4.0
T507778,Recarga celular,v2,Arequipa,13,Normal,105.7,0,5.0
T507779,Pago de servicios,v2,Lima,11,Normal,125.8,0,5.0
T507780,Pago QR,v2,Trujillo,13,Normal,382.2,0,5.0
T507781,Recarga celular,v2,Lima,19,Pico,265.5,0,
T507782,Recarga celular,v1,Trujillo,15,Normal,389.6,0,3.0
T507783,Consulta de saldo,v2,Lima,21,Pico,61.9,0,5.0
T507784,Recarga celular,v2,Lima,10,Pico,98.6,0,5.0
T507785,Pago QR,v2,Trujillo,2,Normal,494.9,0,3.0
T507786,Pago QR,v2,Arequipa,0,Normal,162.1,0,5.0
T507787,Pago QR,v2,Arequipa,13,Normal,131.5,0,5.0
T507788,Pago de servicios,v2,Trujillo,12,Normal,235.0,0,5.0
T507789,Recarga celular,v2,Lima,19,Pico,312.9,0,4.0
T507790,Consulta de saldo,v2,Trujillo,15,Normal,41.0,0,5.0
T507791,Recarga celular,v1,Arequipa,23,Normal,121.0,0,4.0
T507792,Pago QR,v1,Trujillo,20,Pico,126.8,0,4.0
T507793,Transferencia,v2,Lima,18,Pico,366.2,0,3.0
T507794,Pago QR,v1,Arequipa,11,Normal,169.6,0,3.0
T507795,Transferencia,v2,Trujillo,6,Normal,200.7,0,5.0
T507796,Pago QR,v2,Arequipa,12,Normal,248.9,0,5.0
T507797,Pago de servicios,v1,Trujillo,11,Normal,424.1,0,2.0
T507798,Pago de servicios,v2,Arequipa,23,Normal,245.7,0,4.0
T507799,Pago QR,v2,Lima,4,Normal,182.2,0,4.0
T507800,Consulta de saldo,v1,Trujillo,6,Normal,172.1,0,5.0
T507801,Consulta de saldo,v1,Trujillo,23,Normal,110.3,0,4.0
T507802,Pago QR,v2,Lima,23,Normal,162.6,0,2.0
T507803,Recarga celular,v2,Lima,11,Normal,202.4,0,4.0
T507804,Transferencia,v1,Lima,12,Normal,126.2,0,4.0
T507805,Pago de servicios,v1,Arequipa,15,Normal,699.2,0,3.0
T507806,Pago QR,v1,Lima,0,Normal,158.6,1,4.0
T507807,Pago de servicios,v2,Arequipa,8,Pico,340.8,0,5.0
T507808,Pago de servicios,v1,Lima,21,Pico,821.8,0,5.0
T507809,Transferencia,v1,Arequipa,14,Normal,345.3,0,4.0
T507810,Recarga celular,v2,Lima,7,Normal,251.6,0,5.0
T507811,Consulta de saldo,v2,Lima,15,Normal,88.5,1,2.0
T507812,Pago QR,v2,Lima,0,Normal,271.1,0,4.0
T507813,Consulta de saldo,v2,Lima,2,Normal,181.5,0,4.0
T507814,Transferencia,v1,Trujillo,12,Normal,169.6,0,3.0
T507815,Recarga celular,v2,Lima,3,Normal,274.9,0,5.0
T507816,Transferencia,v2,Trujillo,6,Normal,215.4,0,5.0
T507817,Pago QR,v1,Lima,1,Normal,266.3,0,4.0
T507818,Pago de servicios,v2,Trujillo,17,Normal,575.0,0,2.0
T507819,Consulta de saldo,v2,Lima,14,Normal,259.3,0,4.0
T507820,Recarga celular,v2,Trujillo,8,Pico,131.1,0,5.0
T507821,Pago QR,v1,Trujillo,0,Normal,104.8,0,4.0
T507822,Pago QR,v2,Lima,3,Normal,317.8,0,4.0
T507823,Recarga celular,v1,Lima,12,Normal,84.2,0,4.0
T507824,Consulta de saldo,v1,Lima,21,Pico,114.9,0,3.0
T507825,Consulta de saldo,v2,Lima,18,Pico,141.4,0,4.0
T507826,Consulta de saldo,v1,Arequipa,6,Normal,88.9,0,5.0
T507827,Pago de servicios,v1,Arequipa,21,Pico,301.4,0,5.0
T507828,Recarga celular,v2,Lima,18,Pico,324.6,0,3.0
T507829,Consulta de saldo,v1,Trujillo,8,Pico,227.2,0,4.0
T507830,Pago QR,v2,Lima,17,Normal,123.7,0,5.0
T507831,Recarga celular,v1,Arequipa,1,Normal,247.8,0,4.0
T507832,Transferencia,v2,Arequipa,22,Normal,163.3,0,4.0
T507833,Consulta de saldo,v2,Arequipa,9,Pico,58.1,0,5.0
T507834,Consulta de saldo,v2,Trujillo,14,Normal,205.9,0,3.0
T507835,Pago QR,v2,Lima,15,Normal,,0,5.0
T507836,Pago de servicios,v2,Lima,10,Pico,796.7,0,2.0
T507837,Transferencia,v2,Trujillo,13,Normal,394.2,0,4.0
T507838,Pago QR,v2,Lima,20,Pico,157.3,0,4.0
T507839,Transferencia,v1,Lima,19,Pico,533.6,0,4.0
T507840,Transferencia,v1,Trujillo,1,Normal,224.0,0,5.0
T507841,Recarga celular,v1,Lima,15,Normal,183.8,0,5.0
T507842,Pago QR,v2,Lima,7,Normal,384.7,0,4.0
T507843,Consulta de saldo,v1,Lima,4,Normal,51.8,0,5.0
T507844,Consulta de saldo,v1,Lima,1,Normal,90.6,0,4.0
T507845,Consulta de saldo,v1,Lima,8,Pico,104.0,0,
T507846,Consulta de saldo,v1,Lima,23,Normal,75.7,0,5.0
T507847,Recarga celular,v1,Trujillo,5,Normal,254.5,0,4.0
T507848,Recarga celular,v2,Trujillo,15,Normal,96.7,0,5.0
T507849,Consulta de saldo,v2,Lima,15,Normal,161.6,0,4.0
T507850,Transferencia,v1,Arequipa,22,Normal,964.8,0,2.0
T507851,Pago de servicios,v2,Arequipa,4,Normal,442.5,0,5.0
T507852,Pago de servicios,v2,Arequipa,8,Pico,397.0,0,4.0
T507853,Pago QR,v1,Trujillo,19,Pico,163.1,0,5.0
T507854,Transferencia,v1,Lima,15,Normal,98.0,0,5.0
T507855,Recarga celular,v2,Arequipa,1,Normal,341.4,0,4.0
T507856,Consulta de saldo,v2,Trujillo,9,Pico,85.2,0,5.0
T507857,Transferencia,v2,Lima,14,Normal,349.6,0,4.0
T507858,Transferencia,v2,Arequipa,2,Normal,241.0,0,5.0
T507859,Consulta de saldo,v1,Trujillo,0,Normal,87.6,0,5.0
T507860,Recarga celular,v2,Lima,21,Pico,100.5,0,5.0
T507861,Transferencia,v2,Trujillo,8,Pico,293.8,0,3.0
T507862,Consulta de saldo,v2,Lima,7,Normal,93.7,0,4.0
T507863,Consulta de saldo,v2,Lima,7,Normal,96.7,0,5.0
T507864,Consulta de saldo,v1,Trujillo,10,Pico,90.1,0,
T507865,Pago QR,v1,Arequipa,3,Normal,353.5,0,3.0
T507866,Pago QR,v1,Trujillo,20,Pico,401.2,0,4.0
T507867,Transferencia,v1,Lima,15,Normal,115.6,0,5.0
T507868,Pago QR,v1,Lima,6,Normal,237.0,0,3.0
T507869,Transferencia,v2,Trujillo,23,Normal,207.5,0,4.0
T507870,Recarga celular,v2,Lima,15,Normal,235.9,0,4.0
T507871,Transferencia,v1,Trujillo,5,Normal,383.9,0,4.0
T507872,Pago QR,v2,Arequipa,10,Pico,327.3,0,3.0
T507873,Pago de servicios,v1,Lima,17,Normal,585.1,0,4.0
T507874,Pago QR,v2,Arequipa,12,Normal,332.2,0,3.0
T507875,Transferencia,v2,Lima,14,Normal,150.7,0,5.0
T507876,Pago de servicios,v1,Lima,22,Normal,587.0,0,3.0
T507877,Transferencia,v2,Lima,4,Normal,169.2,0,5.0
T507878,Pago de servicios,v1,Lima,11,Normal,533.5,0,4.0
T507879,Consulta de saldo,v2,Lima,0,Normal,122.1,0,5.0
T507880,Recarga celular,v2,Trujillo,6,Normal,188.1,0,5.0
T507881,Transferencia,v1,Trujillo,9,Pico,406.1,0,3.0
T507882,Pago QR,v1,Lima,18,Pico,555.2,0,3.0
T507883,Pago QR,v1,Lima,17,Normal,81.2,0,5.0
T507884,Recarga celular,v1,Lima,7,Normal,233.2,0,4.0
T507885,Pago QR,v1,Trujillo,11,Normal,130.5,0,4.0
T507886,Pago de servicios,v2,Lima,3,Normal,297.0,0,4.0
T507887,Transferencia,v1,Lima,19,Pico,589.8,0,4.0
T507888,Pago QR,v1,Trujillo,19,Pico,574.1,0,4.0
T507889,Recarga celular,v1,Arequipa,20,Pico,218.2,0,3.0
T507890,Pago de servicios,v1,Lima,8,Pico,230.2,0,5.0
T507891,Pago de servicios,v2,Lima,19,Pico,276.1,0,5.0
T507892,Transferencia,v2,Trujillo,6,Normal,143.5,0,5.0
T507893,Recarga celular,v2,Lima,13,Normal,257.7,0,5.0
T507894,Transferencia,v2,Lima,20,Pico,248.0,0,5.0
T507895,Transferencia,v1,Trujillo,5,Normal,214.2,0,4.0
T507896,Transferencia,v2,Arequipa,10,Pico,219.0,0,3.0
T507897,Pago QR,v1,Arequipa,21,Pico,106.0,0,5.0
T507898,Pago QR,v1,Trujillo,20,Pico,191.8,0,4.0
T507899,Pago QR,v2,Lima,11,Normal,217.3,0,5.0
T507900,Pago QR,v1,Trujillo,19,Pico,100.6,0,5.0
T507901,Consulta de saldo,v1,Trujillo,11,Normal,39.2,0,5.0
T507902,Pago QR,v1,Lima,8,Pico,215.4,0,3.0
T507903,Consulta de saldo,v2,Arequipa,22,Normal,86.5,0,5.0
T507904,Pago de servicios,v2,Lima,0,Normal,397.2,0,4.0
T507905,Transferencia,v1,Trujillo,14,Normal,284.8,0,4.0
T507906,Transferencia,v2,Arequipa,13,Normal,132.3,0,3.0
T507907,Transferencia,v2,Lima,3,Normal,374.1,0,3.0
T507908,Transferencia,v2,Lima,4,Normal,248.8,0,4.0
T507909,Pago de servicios,v2,Arequipa,8,Pico,147.1,0,4.0
T507910,Pago QR,v1,Arequipa,19,Pico,287.0,0,5.0
T507911,Pago de servicios,v2,Trujillo,3,Normal,537.0,0,3.0
T507912,Consulta de saldo,v2,Lima,14,Normal,99.6,0,5.0
T507913,Recarga celular,v2,Lima,21,Pico,146.7,1,4.0
T507914,Pago de servicios,v2,Trujillo,22,Normal,432.5,0,3.0
T507915,Consulta de saldo,v1,Lima,20,Pico,71.6,0,5.0
T507916,Pago de servicios,v2,Arequipa,2,Normal,418.3,0,3.0
T507917,Transferencia,v2,Arequipa,0,Normal,188.7,0,5.0
T507918,Consulta de saldo,v2,Lima,3,Normal,110.1,0,5.0
T507919,Pago QR,v1,Trujillo,4,Normal,127.6,0,5.0
T507920,Transferencia,v2,Lima,16,Normal,218.1,0,3.0
T507921,Transferencia,v2,Arequipa,2,Normal,180.0,0,5.0
T507922,Recarga celular,v2,Arequipa,13,Normal,281.3,0,4.0
T507923,Consulta de saldo,v2,Lima,20,Pico,207.7,0,4.0
T507924,Pago de servicios,v2,Lima,4,Normal,835.9,0,2.0
T507925,Pago QR,v2,Lima,3,Normal,204.4,0,5.0
T507926,Pago de servicios,v2,Arequipa,8,Pico,400.4,0,2.0
T507927,Consulta de saldo,v2,Trujillo,18,Pico,73.2,0,5.0
T507928,Transferencia,v2,Trujillo,15,Normal,295.1,0,5.0
T507929,Transferencia,v1,Arequipa,17,Normal,148.4,0,5.0
T507930,Consulta de saldo,v2,Lima,9,Pico,121.3,0,5.0
T507931,Pago de servicios,v1,Arequipa,7,Normal,307.7,0,4.0
T507932,Pago QR,v2,Arequipa,2,Normal,278.0,0,
T507933,Pago de servicios,v2,Arequipa,9,Pico,602.2,0,4.0
T507934,Pago de servicios,v1,Trujillo,21,Pico,581.5,0,4.0
T507935,Pago QR,v2,Trujillo,10,Pico,213.7,0,4.0
T507936,Transferencia,v2,Trujillo,13,Normal,214.7,0,4.0
T507937,Recarga celular,v2,Arequipa,22,Normal,149.8,0,5.0
T507938,Pago de servicios,v1,Trujillo,8,Pico,1254.8,0,2.0
T507939,Recarga celular,v2,Trujillo,22,Normal,100.5,0,4.0
T507940,Recarga celular,v2,Arequipa,0,Normal,108.4,0,4.0
T507941,Transferencia,v1,Lima,20,Pico,258.8,0,4.0
T507942,Transferencia,v2,Lima,7,Normal,162.5,0,5.0
T507943,Transferencia,v1,Trujillo,1,Normal,331.4,0,3.0
T507944,Consulta de saldo,v2,Arequipa,10,Pico,98.5,0,3.0
T507945,Transferencia,v2,Arequipa,16,Normal,111.0,0,5.0
T507946,Transferencia,v2,Trujillo,13,Normal,473.7,0,2.0
T507947,Consulta de saldo,v2,Trujillo,20,Pico,119.0,0,5.0
T507948,Consulta de saldo,v2,Trujillo,3,Normal,90.9,0,4.0
T507949,Pago QR,v2,Lima,23,Normal,184.0,0,5.0
T507950,Transferencia,v2,Arequipa,14,Normal,285.7,0,4.0
T507951,Recarga celular,v2,Trujillo,12,Normal,109.9,0,4.0
T507952,Transferencia,v1,Arequipa,0,Normal,308.8,0,4.0
T507953,Pago de servicios,v1,Trujillo,14,Normal,141.4,0,5.0
T507954,Recarga celular,v1,Lima,17,Normal,178.5,0,5.0
T507955,Consulta de saldo,v1,Arequipa,12,Normal,89.4,0,3.0
T507956,Recarga celular,v2,Arequipa,7,Normal,212.6,0,4.0
T507957,Pago QR,v1,Arequipa,2,Normal,370.8,0,5.0
T507958,Recarga celular,v2,Trujillo,13,Normal,108.3,0,5.0
T507959,Pago de servicios,v1,Lima,17,Normal,285.2,0,4.0
T507960,Consulta de saldo,v1,Lima,21,Pico,71.8,0,5.0
T507961,Transferencia,v2,Arequipa,14,Normal,251.4,1,3.0
T507962,Pago QR,v2,Arequipa,23,Normal,309.2,0,3.0
T507963,Consulta de saldo,v1,Arequipa,15,Normal,92.1,0,5.0
T507964,Pago QR,v1,Lima,5,Normal,282.7,0,5.0
T507965,Pago QR,v1,Trujillo,16,Normal,502.8,0,4.0
T507966,Pago de servicios,v1,Lima,8,Pico,1045.2,0,1.0
T507967,Transferencia,v2,Lima,13,Normal,254.3,0,3.0
T507968,Pago QR,v2,Trujillo,10,Pico,147.1,0,4.0
T507969,Transferencia,v2,Lima,18,Pico,370.1,0,4.0
T507970,Pago QR,v2,Trujillo,14,Normal,124.8,0,5.0
T507971,Pago de servicios,v1,Lima,16,Normal,309.6,0,4.0
T507972,Pago QR,v1,Lima,12,Normal,224.6,0,5.0
T507973,Pago QR,v1,Trujillo,1,Normal,286.4,0,5.0
T507974,Pago QR,v2,Trujillo,6,Normal,131.6,0,4.0
T507975,Pago QR,v2,Trujillo,21,Pico,296.5,0,4.0
T507976,Consulta de saldo,v1,Arequipa,9,Pico,170.4,0,4.0
T507977,Transferencia,v2,Lima,3,Normal,343.7,1,2.0
T507978,Pago de servicios,v2,Lima,5,Normal,180.8,0,4.0
T507979,Recarga celular,v1,Trujillo,1,Normal,123.6,0,5.0
T507980,Pago QR,v2,Arequipa,12,Normal,260.8,0,5.0
T507981,Pago de servicios,v1,Arequipa,15,Normal,662.4,0,3.0
T507982,Pago QR,v2,Lima,18,Pico,313.7,0,5.0
T507983,Pago QR,v2,Lima,2,Normal,181.4,0,5.0
T507984,Consulta de saldo,v2,Trujillo,22,Normal,98.8,0,4.0
T507985,Consulta de saldo,v2,Lima,9,Pico,126.7,0,3.0
T507986,Pago de servicios,v2,Arequipa,13,Normal,339.6,0,4.0
T507987,Transferencia,v2,Arequipa,18,Pico,365.1,0,3.0
T507988,Transferencia,v2,Trujillo,16,Normal,640.5,0,3.0
T507989,Transferencia,v2,Arequipa,13,Normal,354.7,0,4.0
T507990,Recarga celular,v1,Lima,2,Normal,191.3,0,4.0
T507991,Pago de servicios,v1,Lima,11,Normal,229.7,0,5.0
T507992,Recarga celular,v1,Arequipa,4,Normal,290.2,0,3.0
T507993,Pago de servicios,v2,Lima,15,Normal,119.5,0,4.0
T507994,Consulta de saldo,v1,Lima,14,Normal,47.7,0,5.0
T507995,Transferencia,v1,Lima,4,Normal,511.1,0,3.0
T507996,Pago QR,v2,Arequipa,20,Pico,223.6,1,2.0
T507997,Pago QR,v2,Arequipa,14,Normal,286.8,0,3.0
T507998,Pago QR,v2,Trujillo,1,Normal,174.9,0,5.0
T507999,Pago de servicios,v1,Lima,17,Normal,593.1,0,4.0
T508000,Transferencia,v2,Lima,7,Normal,2689.4,0,1.0
T508001,Consulta de saldo,v1,Arequipa,4,Normal,105.6,0,5.0
T508002,Recarga celular,v1,Lima,6,Normal,74.6,0,3.0
T508003,Transferencia,v1,Arequipa,19,Pico,159.4,0,5.0
T508004,Consulta de saldo,v2,Trujillo,14,Normal,206.5,0,4.0
T508005,Recarga celular,v2,Arequipa,4,Normal,258.4,0,3.0
T508006,Pago QR,v1,Arequipa,20,Pico,233.6,0,4.0
T508007,Pago QR,v2,Arequipa,22,Normal,76.7,0,5.0
T508008,Pago QR,v1,Lima,13,Normal,305.8,0,4.0
T508009,Consulta de saldo,v2,Arequipa,11,Normal,101.3,0,3.0
T508010,Recarga celular,v1,Lima,21,Pico,261.0,0,3.0
T508011,Pago QR,v1,Arequipa,10,Pico,492.5,0,4.0
T508012,Consulta de saldo,v2,Arequipa,21,Pico,66.6,0,4.0
T508013,Pago QR,v2,Lima,8,Pico,153.3,0,4.0
T508014,Pago QR,v2,Lima,13,Normal,139.0,0,5.0
T508015,Consulta de saldo,v2,Trujillo,15,Normal,87.3,0,4.0
T508016,Consulta de saldo,v1,Lima,18,Pico,151.5,0,4.0
T508017,Transferencia,v1,Lima,5,Normal,240.4,0,3.0
T508018,Pago QR,v1,Lima,7,Normal,268.8,0,5.0
T508019,Consulta de saldo,v2,Arequipa,21,Pico,149.3,0,4.0
T508020,Pago QR,v2,Lima,11,Normal,143.2,0,4.0
T508021,Transferencia,v1,Lima,7,Normal,204.8,0,5.0
T508022,Pago de servicios,v2,Arequipa,3,Normal,386.7,0,3.0
T508023,Pago de servicios,v1,Trujillo,12,Normal,512.5,0,3.0
T508024,Recarga celular,v1,Lima,13,Normal,192.2,0,5.0
T508025,Transferencia,v1,Arequipa,11,Normal,573.7,0,3.0
T508026,Consulta de saldo,v2,Lima,6,Normal,126.0,0,4.0
T508027,Transferencia,v1,Lima,5,Normal,250.3,0,5.0
T508028,Consulta de saldo,v2,Arequipa,3,Normal,103.4,0,5.0
T508029,Transferencia,v1,Trujillo,21,Pico,236.3,0,4.0
T508030,Transferencia,v2,Trujillo,16,Normal,445.5,0,4.0
T508031,Pago QR,v1,Lima,18,Pico,321.9,0,5.0
T508032,Consulta de saldo,v1,Lima,21,Pico,91.0,0,4.0
T508033,Transferencia,v1,Trujillo,21,Pico,317.2,0,4.0
T508034,Transferencia,v1,Lima,17,Normal,216.2,0,4.0
T508035,Consulta de saldo,v2,Lima,4,Normal,65.5,0,3.0
T508036,Pago QR,v2,Trujillo,15,Normal,77.0,0,4.0
T508037,Consulta de saldo,v1,Trujillo,10,Pico,95.6,0,5.0
T508038,Recarga celular,v2,Lima,10,Pico,343.6,0,5.0
T508039,Pago de servicios,v1,Lima,8,Pico,363.1,0,3.0
T508040,Transferencia,v2,Arequipa,5,Normal,494.3,0,4.0
T508041,Pago QR,v2,Arequipa,1,Normal,247.4,0,5.0
T508042,Pago de servicios,v2,Trujillo,7,Normal,328.7,0,4.0
T508043,Consulta de saldo,v2,Lima,6,Normal,104.2,0,4.0
T508044,Transferencia,v2,Trujillo,16,Normal,350.7,0,4.0
T508045,Pago de servicios,v1,Arequipa,2,Normal,704.0,0,3.0
T508046,Consulta de saldo,v2,Arequipa,5,Normal,166.2,0,5.0
T508047,Transferencia,v1,Trujillo,22,Normal,361.3,0,4.0
T508048,Pago de servicios,v2,Lima,0,Normal,178.5,0,5.0
T508049,Recarga celular,v2,Arequipa,12,Normal,125.2,0,5.0
T508050,Pago de servicios,v2,Lima,7,Normal,212.5,0,5.0
T508051,Pago de servicios,v2,Lima,16,Normal,209.8,0,5.0
T508052,Consulta de saldo,v2,Trujillo,2,Normal,110.1,0,4.0
T508053,Pago QR,v2,Lima,23,Normal,98.0,0,4.0
T508054,Recarga celular,v1,Arequipa,2,Normal,191.7,0,5.0
T508055,Consulta de saldo,v1,Trujillo,7,Normal,64.7,0,5.0
T508056,Transferencia,v2,Trujillo,10,Pico,386.3,0,4.0
T508057,Transferencia,v1,Trujillo,12,Normal,347.5,0,5.0
T508058,Pago QR,v2,Trujillo,9,Pico,192.9,0,5.0
T508059,Pago de servicios,v2,Trujillo,2,Normal,307.8,0,4.0
T508060,Pago QR,v1,Lima,0,Normal,201.8,0,5.0
T508061,Transferencia,v1,Trujillo,19,Pico,450.8,0,3.0
T508062,Pago QR,v2,Lima,0,Normal,191.8,0,4.0
T508063,Pago de servicios,v1,Lima,7,Normal,261.2,0,4.0
T508064,Pago QR,v1,Lima,21,Pico,183.7,0,4.0
T508065,Transferencia,v1,Trujillo,15,Normal,186.1,0,4.0
T508066,Transferencia,v1,Lima,21,Pico,100.4,1,4.0
T508067,Transferencia,v1,Lima,22,Normal,2150.7,0,1.0
T508068,Consulta de saldo,v1,Trujillo,3,Normal,66.4,0,5.0
T508069,Pago QR,v1,Lima,15,Normal,133.4,0,5.0
T508070,Pago QR,v1,Lima,23,Normal,149.6,0,3.0
T508071,Consulta de saldo,v2,Lima,12,Normal,29.5,0,5.0
T508072,Transferencia,v2,Lima,11,Normal,225.6,0,4.0
T508073,Pago QR,v2,Arequipa,14,Normal,236.4,0,5.0
T508074,Pago QR,v1,Arequipa,18,Pico,190.0,0,4.0
T508075,Pago QR,v2,Lima,17,Normal,399.1,0,4.0
T508076,Transferencia,v1,Arequipa,22,Normal,518.0,0,4.0
T508077,Pago QR,v2,Lima,14,Normal,126.6,0,4.0
T508078,Recarga celular,v1,Trujillo,11,Normal,151.7,0,4.0
T508079,Transferencia,v1,Arequipa,1,Normal,248.9,0,5.0
T508080,Pago QR,v1,Trujillo,11,Normal,127.4,0,4.0
T508081,Pago de servicios,v2,Arequipa,17,Normal,405.6,0,3.0
T508082,Consulta de saldo,v2,Trujillo,2,Normal,68.1,0,4.0
T508083,Pago de servicios,v1,Arequipa,20,Pico,311.8,0,4.0
T508084,Consulta de saldo,v1,Trujillo,21,Pico,227.4,0,3.0
T508085,Consulta de saldo,v2,Lima,3,Normal,138.9,0,5.0
T508086,Recarga celular,v1,Arequipa,22,Normal,216.3,1,2.0
T508087,Transferencia,v2,Arequipa,0,Normal,271.0,0,5.0
T508088,Consulta de saldo,v1,Lima,6,Normal,153.9,0,4.0
T508089,Transferencia,v1,Arequipa,11,Normal,148.1,0,4.0
T508090,Pago de servicios,v1,Lima,17,Normal,222.7,0,4.0
T508091,Pago QR,v2,Lima,3,Normal,207.7,0,5.0
T508092,Transferencia,v1,Arequipa,4,Normal,785.8,0,2.0
T508093,Pago QR,v1,Lima,4,Normal,327.4,0,3.0
T508094,Recarga celular,v2,Lima,14,Normal,330.8,0,4.0
T508095,Transferencia,v2,Trujillo,1,Normal,240.7,0,4.0
T508096,Pago QR,v2,Arequipa,5,Normal,188.8,0,5.0
T508097,Transferencia,v1,Lima,16,Normal,271.0,0,5.0
T508098,Consulta de saldo,v1,Trujillo,21,Pico,93.2,0,5.0
T508099,Pago QR,v2,Lima,12,Normal,471.6,0,3.0
T508100,Recarga celular,v1,Trujillo,5,Normal,238.7,0,3.0
T508101,Pago QR,v2,Trujillo,9,Pico,220.2,0,4.0
T508102,Consulta de saldo,v2,Lima,6,Normal,48.4,0,5.0
T508103,Transferencia,v2,Trujillo,12,Normal,234.0,0,4.0
T508104,Consulta de saldo,v2,Trujillo,19,Pico,93.8,0,4.0
T508105,Pago de servicios,v2,Trujillo,1,Normal,274.9,0,5.0
T508106,Transferencia,v1,Arequipa,8,Pico,719.2,0,3.0
T508107,Recarga celular,v1,Trujillo,9,Pico,156.8,0,5.0
T508108,Pago QR,v1,Lima,3,Normal,165.7,0,4.0
T508109,Pago de servicios,v1,Lima,4,Normal,668.4,0,3.0
T508110,Consulta de saldo,v1,Lima,6,Normal,94.8,0,5.0
T508111,Recarga celular,v2,Lima,4,Normal,106.0,0,5.0
T508112,Transferencia,v1,Arequipa,11,Normal,298.8,0,4.0
T508113,Recarga celular,v1,Lima,15,Normal,145.0,0,5.0
T508114,Consulta de saldo,v2,Arequipa,15,Normal,88.1,0,4.0
T508115,Pago de servicios,v1,Lima,7,Normal,340.7,0,4.0
T508116,Consulta de saldo,v2,Trujillo,12,Normal,176.2,0,4.0
T508117,Pago de servicios,v1,Lima,0,Normal,210.6,0,4.0
T508118,Pago de servicios,v1,Lima,9,Pico,202.2,0,4.0
T508119,Pago QR,v1,Lima,19,Pico,78.3,0,4.0
T508120,Pago de servicios,v1,Lima,14,Normal,352.3,0,3.0
T508121,Transferencia,v2,Lima,19,Pico,356.1,0,4.0
T508122,Pago de servicios,v2,Arequipa,12,Normal,401.6,0,4.0
T508123,Pago de servicios,v2,Lima,4,Normal,332.5,0,4.0
T508124,Pago de servicios,v1,Trujillo,3,Normal,108.4,0,4.0
T508125,Consulta de saldo,v2,Lima,7,Normal,100.9,0,5.0
T508126,Consulta de saldo,v1,Trujillo,1,Normal,129.5,0,4.0
T508127,Pago de servicios,v2,Trujillo,22,Normal,388.7,0,3.0
T508128,Pago de servicios,v1,Arequipa,7,Normal,210.1,0,3.0
T508129,Recarga celular,v1,Arequipa,22,Normal,103.1,0,4.0
T508130,Transferencia,v1,Lima,20,Pico,331.9,0,3.0
T508131,Consulta de saldo,v2,Lima,10,Pico,76.1,0,4.0
T508132,Recarga celular,v2,Lima,12,Normal,107.3,0,5.0
T508133,Recarga celular,v2,Trujillo,15,Normal,146.8,0,4.0
T508134,Transferencia,v2,Arequipa,1,Normal,145.9,0,4.0
T508135,Transferencia,v1,Trujillo,7,Normal,284.0,0,3.0
T508136,Recarga celular,v2,Arequipa,20,Pico,185.3,0,4.0
T508137,Recarga celular,v1,Trujillo,21,Pico,370.3,0,4.0
T508138,Consulta de saldo,v1,Lima,15,Normal,65.5,0,4.0
T508139,Transferencia,v1,Arequipa,22,Normal,627.8,0,3.0
T508140,Transferencia,v1,Lima,19,Pico,744.3,0,3.0
T508141,Pago QR,v2,Arequipa,10,Pico,171.3,0,4.0
T508142,Pago QR,v2,Lima,15,Normal,231.8,0,5.0
T508143,Consulta de saldo,v2,Arequipa,15,Normal,165.2,0,3.0
T508144,Recarga celular,v2,Trujillo,9,Pico,137.9,0,5.0
T508145,Pago QR,v1,Lima,2,Normal,87.2,0,5.0
T508146,Pago QR,v1,Trujillo,5,Normal,161.5,0,5.0
T508147,Recarga celular,v2,Lima,6,Normal,375.1,0,4.0
T508148,Pago QR,v1,Lima,7,Normal,165.3,0,4.0
T508149,Pago QR,v1,Lima,22,Normal,106.2,0,4.0
T508150,Transferencia,v2,Lima,7,Normal,157.4,0,3.0
T508151,Consulta de saldo,v1,Lima,3,Normal,86.0,0,5.0
T508152,Pago QR,v1,Arequipa,5,Normal,110.2,0,5.0
T508153,Consulta de saldo,v2,Trujillo,8,Pico,115.1,0,5.0
T508154,Transferencia,v1,Lima,21,Pico,295.8,0,4.0
T508155,Pago de servicios,v2,Arequipa,21,Pico,530.1,0,4.0
T508156,Pago QR,v2,Lima,17,Normal,157.1,0,5.0
T508157,Recarga celular,v2,Lima,15,Normal,74.6,0,5.0
T508158,Transferencia,v2,Lima,22,Normal,221.4,0,
T508159,Recarga celular,v1,Lima,14,Normal,156.5,0,5.0
T508160,Transferencia,v2,Lima,14,Normal,297.9,0,4.0
T508161,Transferencia,v1,Lima,20,Pico,616.3,0,4.0
T508162,Transferencia,v1,Lima,17,Normal,439.2,0,3.0
T508163,Transferencia,v2,Arequipa,3,Normal,147.6,0,4.0
T508164,Recarga celular,v1,Lima,7,Normal,128.5,0,4.0
T508165,Transferencia,v1,Lima,6,Normal,294.2,0,5.0
T508166,Pago QR,v2,Trujillo,12,Normal,161.0,0,4.0
T508167,Transferencia,v2,Trujillo,0,Normal,125.8,0,4.0
T508168,Pago de servicios,v2,Arequipa,14,Normal,193.3,0,5.0
T508169,Pago QR,v2,Trujillo,7,Normal,211.8,0,5.0
T508170,Transferencia,v1,Trujillo,14,Normal,432.4,0,3.0
T508171,Recarga celular,v1,Lima,8,Pico,104.8,0,5.0
T508172,Consulta de saldo,v2,Lima,21,Pico,129.8,0,4.0
T508173,Transferencia,v1,Lima,9,Pico,316.8,0,4.0
T508174,Recarga celular,v2,Arequipa,20,Pico,127.1,1,3.0
T508175,Transferencia,v2,Trujillo,23,Normal,,0,4.0
T508176,Pago QR,v1,Trujillo,5,Normal,122.2,0,4.0
T508177,Pago QR,v1,Arequipa,3,Normal,269.8,0,4.0
T508178,Consulta de saldo,v2,Trujillo,11,Normal,78.6,0,4.0
T508179,Transferencia,v1,Trujillo,0,Normal,471.9,0,5.0
T508180,Pago de servicios,v2,Trujillo,4,Normal,294.9,0,4.0
T508181,Recarga celular,v1,Lima,20,Pico,492.2,0,4.0
T508182,Transferencia,v2,Trujillo,22,Normal,95.2,0,3.0
T508183,Transferencia,v1,Lima,3,Normal,251.6,0,5.0
T508184,Pago de servicios,v1,Trujillo,17,Normal,261.1,0,4.0
T508185,Transferencia,v2,Lima,13,Normal,156.4,0,4.0
T508186,Recarga celular,v2,Lima,21,Pico,158.8,0,5.0
T508187,Consulta de saldo,v2,Arequipa,6,Normal,98.2,0,4.0
T508188,Consulta de saldo,v2,Lima,4,Normal,182.7,0,5.0
T508189,Consulta de saldo,v2,Trujillo,17,Normal,50.6,0,4.0
T508190,Transferencia,v1,Arequipa,6,Normal,575.9,0,4.0
T508191,Pago QR,v1,Trujillo,11,Normal,228.6,0,4.0
T508192,Consulta de saldo,v2,Lima,22,Normal,182.9,0,5.0
T508193,Consulta de saldo,v2,Lima,11,Normal,79.3,0,5.0
T508194,Pago de servicios,v1,Trujillo,22,Normal,282.4,0,4.0
T508195,Transferencia,v1,Lima,22,Normal,191.4,0,5.0
T508196,Pago QR,v2,Arequipa,8,Pico,256.8,0,4.0
T508197,Pago de servicios,v2,Lima,15,Normal,169.1,0,4.0
T508198,Pago QR,v2,Lima,4,Normal,346.6,0,4.0
T508199,Transferencia,v2,Lima,9,Pico,272.2,0,4.0
T508200,Consulta de saldo,v1,Lima,13,Normal,82.6,0,4.0
T508201,Transferencia,v1,Arequipa,10,Pico,646.0,0,3.0
T508202,Pago de servicios,v1,Trujillo,13,Normal,389.4,0,3.0
T508203,Transferencia,v2,Arequipa,9,Pico,474.6,0,3.0
T508204,Transferencia,v1,Trujillo,2,Normal,302.5,0,4.0
T508205,Recarga celular,v2,Arequipa,7,Normal,100.1,0,4.0
T508206,Transferencia,v1,Arequipa,2,Normal,355.8,0,3.0
T508207,Pago QR,v2,Trujillo,23,Normal,134.0,0,5.0
T508208,Consulta de saldo,v2,Trujillo,18,Pico,122.6,0,4.0
T508209,Transferencia,v1,Lima,19,Pico,378.4,0,3.0
T508210,Pago de servicios,v2,Arequipa,18,Pico,372.3,0,4.0
T508211,Transferencia,v2,Arequipa,1,Normal,88.6,0,5.0
T508212,Transferencia,v1,Arequipa,16,Normal,272.0,0,3.0
T508213,Consulta de saldo,v2,Lima,15,Normal,167.1,0,4.0
T508214,Pago de servicios,v1,Lima,10,Pico,263.3,0,4.0
T508215,Recarga celular,v2,Lima,19,Pico,216.7,0,4.0
T508216,Pago QR,v1,Lima,21,Pico,193.3,0,5.0
T508217,Pago de servicios,v1,Lima,15,Normal,473.8,0,3.0
T508218,Consulta de saldo,v2,Lima,6,Normal,191.5,0,4.0
T508219,Pago de servicios,v2,Lima,18,Pico,276.2,0,3.0
T508220,Consulta de saldo,v1,Lima,22,Normal,116.1,0,5.0
T508221,Pago QR,v2,Arequipa,12,Normal,168.8,0,3.0
T508222,Recarga celular,v1,Lima,20,Pico,385.7,0,4.0
T508223,Transferencia,v1,Lima,23,Normal,125.1,0,5.0
T508224,Pago QR,v2,Arequipa,8,Pico,205.3,0,4.0
T508225,Pago de servicios,v2,Arequipa,9,Pico,196.1,0,3.0
T508226,Transferencia,v1,Arequipa,23,Normal,780.7,0,3.0
T508227,Transferencia,v2,Lima,10,Pico,207.4,0,4.0
T508228,Recarga celular,v2,Trujillo,7,Normal,466.9,0,4.0
T508229,Pago QR,v2,Arequipa,16,Normal,342.5,0,3.0
T508230,Pago QR,v2,Lima,7,Normal,142.0,0,4.0
T508231,Recarga celular,v1,Lima,18,Pico,214.9,0,4.0
T508232,Recarga celular,v2,Trujillo,1,Normal,621.5,0,4.0
T508233,Transferencia,v1,Trujillo,2,Normal,143.7,0,5.0
T508234,Transferencia,v2,Lima,7,Normal,383.2,0,4.0
T508235,Pago de servicios,v2,Arequipa,15,Normal,479.0,0,4.0
T508236,Transferencia,v2,Trujillo,20,Pico,533.5,0,4.0
T508237,Transferencia,v2,Lima,10,Pico,404.2,0,3.0
T508238,Pago QR,v1,Lima,10,Pico,114.7,0,5.0
T508239,Transferencia,v1,Trujillo,22,Normal,255.1,0,4.0
T508240,Pago de servicios,v1,Lima,23,Normal,1050.3,0,4.0
T508241,Transferencia,v1,Arequipa,7,Normal,165.7,0,5.0
T508242,Pago de servicios,v1,Lima,21,Pico,284.6,0,4.0
T508243,Transferencia,v2,Arequipa,13,Normal,354.7,0,4.0
T508244,Pago QR,v1,Arequipa,19,Pico,187.6,0,5.0
T508245,Pago de servicios,v2,Trujillo,7,Normal,200.9,0,5.0
T508246,Transferencia,v2,Lima,20,Pico,100.2,0,4.0
T508247,Pago de servicios,v2,Lima,6,Normal,623.5,0,4.0
T508248,Pago de servicios,v1,Lima,8,Pico,645.1,0,3.0
T508249,Recarga celular,v2,Lima,16,Normal,179.2,0,5.0
T508250,Pago de servicios,v2,Lima,11,Normal,241.3,0,3.0
T508251,Pago QR,v1,Arequipa,19,Pico,134.4,0,5.0
T508252,Pago QR,v2,Lima,11,Normal,160.4,0,4.0
T508253,Pago de servicios,v1,Trujillo,8,Pico,313.2,0,4.0
T508254,Pago de servicios,v2,Lima,10,Pico,299.8,0,3.0
T508255,Transferencia,v2,Lima,12,Normal,228.4,0,3.0
T508256,Transferencia,v1,Lima,10,Pico,731.2,0,3.0
T508257,Pago QR,v1,Trujillo,21,Pico,364.8,0,4.0
T508258,Recarga celular,v2,Arequipa,20,Pico,296.0,0,4.0
T508259,Recarga celular,v2,Lima,18,Pico,227.2,0,4.0
T508260,Recarga celular,v1,Lima,9,Pico,309.1,0,4.0
T508261,Pago QR,v2,Arequipa,19,Pico,238.3,0,
T508262,Pago QR,v2,Lima,22,Normal,232.4,0,4.0
T508263,Recarga celular,v1,Trujillo,23,Normal,169.7,0,4.0
T508264,Pago QR,v2,Arequipa,0,Normal,504.1,0,4.0
T508265,Pago de servicios,v2,Lima,3,Normal,,0,4.0
T508266,Pago de servicios,v2,Trujillo,14,Normal,633.4,0,3.0
T508267,Pago de servicios,v2,Lima,21,Pico,903.2,0,2.0
T508268,Pago de servicios,v2,Lima,7,Normal,147.8,0,5.0
T508269,Consulta de saldo,v2,Lima,19,Pico,213.2,0,4.0
T508270,Pago de servicios,v2,Lima,17,Normal,168.5,0,4.0
T508271,Pago QR,v1,Lima,10,Pico,198.6,0,4.0
T508272,Pago de servicios,v1,Arequipa,8,Pico,493.4,0,5.0
T508273,Pago de servicios,v1,Arequipa,19,Pico,573.5,0,3.0
T508274,Consulta de saldo,v1,Lima,22,Normal,144.9,0,4.0
T508275,Transferencia,v2,Lima,16,Normal,131.7,0,4.0
T508276,Transferencia,v2,Arequipa,17,Normal,264.4,0,
T508277,Pago QR,v1,Lima,7,Normal,150.6,0,5.0
T508278,Pago QR,v2,Trujillo,5,Normal,161.0,0,5.0
T508279,Transferencia,v1,Lima,3,Normal,426.1,0,3.0
T508280,Pago de servicios,v2,Lima,9,Pico,424.6,0,4.0
T508281,Transferencia,v2,Lima,22,Normal,670.0,0,3.0
T508282,Pago QR,v1,Trujillo,22,Normal,140.3,0,5.0
T508283,Pago de servicios,v2,Trujillo,12,Normal,382.2,0,4.0
T508284,Pago de servicios,v2,Arequipa,17,Normal,259.9,0,4.0
T508285,Pago de servicios,v2,Lima,11,Normal,157.7,0,5.0
T508286,Pago QR,v1,Lima,7,Normal,157.9,0,4.0
T508287,Transferencia,v1,Lima,2,Normal,267.0,0,4.0
T508288,Consulta de saldo,v1,Arequipa,2,Normal,83.0,0,4.0
T508289,Pago QR,v1,Lima,22,Normal,254.7,0,4.0
T508290,Consulta de saldo,v1,Lima,8,Pico,66.7,0,3.0
T508291,Transferencia,v1,Arequipa,15,Normal,417.0,0,4.0
T508292,Pago de servicios,v1,Lima,12,Normal,288.2,0,3.0
T508293,Transferencia,v1,Lima,16,Normal,280.7,0,4.0
T508294,Consulta de saldo,v2,Lima,3,Normal,109.3,0,5.0
T508295,Transferencia,v1,Trujillo,18,Pico,457.5,0,3.0
T508296,Pago de servicios,v2,Arequipa,7,Normal,560.0,0,5.0
T508297,Pago QR,v1,Trujillo,8,Pico,419.2,0,3.0
T508298,Consulta de saldo,v1,Lima,18,Pico,100.6,0,5.0
T508299,Consulta de saldo,v1,Lima,18,Pico,139.3,0,5.0
T508300,Transferencia,v1,Lima,10,Pico,315.5,0,4.0
T508301,Pago QR,v1,Arequipa,9,Pico,255.1,0,3.0
T508302,Transferencia,v2,Arequipa,4,Normal,277.7,0,4.0
T508303,Pago QR,v2,Lima,22,Normal,257.4,0,4.0
T508304,Recarga celular,v2,Lima,18,Pico,243.2,0,4.0
T508305,Recarga celular,v2,Trujillo,4,Normal,171.3,0,5.0
T508306,Pago de servicios,v1,Trujillo,0,Normal,883.9,0,4.0
T508307,Transferencia,v2,Lima,21,Pico,387.1,0,4.0
T508308,Transferencia,v2,Lima,14,Normal,224.6,0,5.0
T508309,Pago de servicios,v2,Lima,3,Normal,289.6,0,5.0
T508310,Transferencia,v1,Trujillo,23,Normal,484.5,0,3.0
T508311,Pago QR,v2,Lima,2,Normal,115.9,0,5.0
T508312,Transferencia,v1,Lima,18,Pico,635.6,0,3.0
T508313,Transferencia,v2,Lima,4,Normal,194.0,0,4.0
T508314,Consulta de saldo,v2,Lima,17,Normal,176.7,0,5.0
T508315,Transferencia,v1,Lima,21,Pico,245.7,0,5.0
T508316,Recarga celular,v2,Trujillo,20,Pico,190.2,0,5.0
T508317,Pago QR,v1,Arequipa,10,Pico,347.3,0,5.0
T508318,Transferencia,v2,Trujillo,21,Pico,148.6,0,5.0
T508319,Consulta de saldo,v2,Lima,2,Normal,152.9,0,4.0
T508320,Pago de servicios,v1,Lima,7,Normal,428.5,0,5.0
T508321,Consulta de saldo,v2,Trujillo,15,Normal,63.4,0,3.0
T508322,Recarga celular,v1,Lima,5,Normal,130.8,0,5.0
T508323,Consulta de saldo,v1,Lima,10,Pico,75.6,0,4.0
T508324,Recarga celular,v1,Trujillo,5,Normal,148.2,0,4.0
T508325,Pago QR,v1,Arequipa,14,Normal,348.8,0,4.0
T508326,Recarga celular,v2,Lima,16,Normal,131.3,0,4.0
T508327,Pago de servicios,v2,Lima,20,Pico,393.1,0,4.0
T508328,Transferencia,v1,Lima,7,Normal,194.9,0,5.0
T508329,Transferencia,v1,Trujillo,5,Normal,361.8,0,4.0
T508330,Pago de servicios,v1,Lima,15,Normal,609.4,0,3.0
T508331,Consulta de saldo,v2,Arequipa,6,Normal,163.1,0,4.0
T508332,Pago QR,v2,Arequipa,23,Normal,407.4,0,3.0
T508333,Transferencia,v2,Lima,10,Pico,206.9,0,4.0
T508334,Consulta de saldo,v1,Arequipa,15,Normal,71.9,0,4.0
T508335,Recarga celular,v1,Trujillo,15,Normal,209.9,0,3.0
T508336,Transferencia,v2,Lima,11,Normal,189.2,0,
T508337,Transferencia,v1,Lima,15,Normal,566.9,0,4.0
T508338,Pago QR,v1,Lima,13,Normal,411.2,0,4.0
T508339,Transferencia,v1,Lima,5,Normal,461.2,0,3.0
T508340,Pago QR,v2,Lima,3,Normal,147.2,0,4.0
T508341,Pago QR,v2,Lima,10,Pico,502.9,0,4.0
T508342,Recarga celular,v2,Arequipa,1,Normal,217.8,0,4.0
T508343,Pago QR,v2,Lima,9,Pico,125.5,0,5.0
T508344,Transferencia,v2,Lima,23,Normal,315.0,0,5.0
T508345,Consulta de saldo,v2,Arequipa,22,Normal,,0,5.0
T508346,Pago QR,v2,Trujillo,8,Pico,189.3,0,4.0
T508347,Transferencia,v2,Lima,9,Pico,259.0,0,5.0
T508348,Recarga celular,v1,Lima,23,Normal,181.2,0,4.0
T508349,Transferencia,v1,Lima,16,Normal,473.3,0,4.0
T508350,Recarga celular,v1,Lima,9,Pico,199.7,0,5.0
T508351,Pago de servicios,v1,Lima,12,Normal,422.9,0,3.0
T508352,Transferencia,v2,Arequipa,21,Pico,402.9,0,3.0
T508353,Transferencia,v1,Arequipa,12,Normal,201.5,0,4.0
T508354,Pago QR,v2,Trujillo,0,Normal,136.6,0,5.0
T508355,Pago QR,v1,Lima,12,Normal,244.7,0,5.0
T508356,Consulta de saldo,v1,Lima,11,Normal,,0,5.0
T508357,Pago QR,v1,Lima,0,Normal,134.2,0,5.0
T508358,Pago de servicios,v1,Arequipa,5,Normal,575.7,0,4.0
T508359,Pago QR,v2,Arequipa,0,Normal,262.8,0,5.0
T508360,Recarga celular,v2,Arequipa,19,Pico,283.7,0,5.0
T508361,Recarga celular,v2,Arequipa,17,Normal,107.6,0,4.0
T508362,Recarga celular,v1,Trujillo,21,Pico,181.2,0,3.0
T508363,Pago de servicios,v1,Lima,7,Normal,251.7,0,4.0
T508364,Consulta de saldo,v1,Lima,2,Normal,96.1,0,5.0
T508365,Pago de servicios,v1,Lima,23,Normal,255.7,0,4.0
T508366,Recarga celular,v1,Lima,15,Normal,224.7,0,3.0
T508367,Transferencia,v1,Lima,20,Pico,633.6,0,3.0
T508368,Consulta de saldo,v1,Arequipa,7,Normal,196.9,0,5.0
T508369,Consulta de saldo,v2,Lima,5,Normal,118.6,0,4.0
T508370,Recarga celular,v2,Lima,19,Pico,,0,5.0
T508371,Pago QR,v2,Arequipa,14,Normal,178.6,0,4.0
T508372,Transferencia,v2,Arequipa,19,Pico,224.1,0,3.0
T508373,Pago QR,v1,Trujillo,0,Normal,140.6,0,4.0
T508374,Recarga celular,v2,Trujillo,2,Normal,106.0,0,4.0
T508375,Consulta de saldo,v1,Trujillo,21,Pico,229.9,0,3.0
T508376,Pago de servicios,v2,Arequipa,16,Normal,343.5,0,5.0
T508377,Pago QR,v2,Arequipa,14,Normal,244.5,0,5.0
T508378,Recarga celular,v2,Arequipa,12,Normal,145.6,0,4.0
T508379,Pago QR,v1,Arequipa,8,Pico,232.1,0,5.0
T508380,Pago QR,v2,Lima,23,Normal,251.5,0,4.0
T508381,Recarga celular,v2,Lima,13,Normal,201.0,0,5.0
T508382,Pago QR,v1,Arequipa,8,Pico,193.8,0,3.0
T508383,Pago de servicios,v1,Arequipa,8,Pico,239.8,0,3.0
T508384,Pago QR,v2,Lima,9,Pico,172.0,0,4.0
T508385,Pago QR,v1,Trujillo,11,Normal,323.9,0,3.0
T508386,Transferencia,v1,Lima,5,Normal,975.8,0,3.0
T508387,Recarga celular,v1,Lima,1,Normal,356.6,0,4.0
T508388,Consulta de saldo,v1,Lima,19,Pico,59.1,0,4.0
T508389,Consulta de saldo,v1,Lima,16,Normal,67.5,0,5.0
T508390,Pago QR,v1,Arequipa,8,Pico,420.6,0,3.0
T508391,Recarga celular,v2,Arequipa,20,Pico,219.8,0,4.0
T508392,Consulta de saldo,v2,Trujillo,18,Pico,162.4,0,5.0
T508393,Pago de servicios,v2,Arequipa,22,Normal,439.5,0,3.0
T508394,Pago QR,v1,Lima,14,Normal,88.7,0,4.0
T508395,Transferencia,v2,Lima,20,Pico,147.3,0,4.0
T508396,Recarga celular,v1,Lima,22,Normal,79.4,0,5.0
T508397,Transferencia,v2,Arequipa,17,Normal,230.7,0,4.0
T508398,Pago de servicios,v2,Trujillo,23,Normal,236.3,0,2.0
T508399,Pago QR,v1,Trujillo,23,Normal,237.5,0,4.0
T508400,Pago de servicios,v1,Lima,19,Pico,453.0,0,4.0
T508401,Pago QR,v2,Arequipa,21,Pico,205.4,0,5.0
T508402,Consulta de saldo,v2,Trujillo,8,Pico,127.5,0,4.0
T508403,Recarga celular,v1,Lima,12,Normal,76.8,0,5.0
T508404,Consulta de saldo,v1,Lima,15,Normal,44.4,1,3.0
T508405,Pago QR,v1,Lima,1,Normal,252.1,0,5.0
T508406,Transferencia,v1,Lima,16,Normal,104.9,0,5.0
T508407,Pago QR,v1,Arequipa,18,Pico,294.9,0,3.0
T508408,Pago QR,v2,Arequipa,20,Pico,201.4,0,5.0
T508409,Recarga celular,v2,Trujillo,5,Normal,83.0,0,4.0
T508410,Consulta de saldo,v2,Lima,13,Normal,105.8,0,5.0
T508411,Transferencia,v1,Arequipa,6,Normal,159.5,0,4.0
T508412,Recarga celular,v2,Lima,14,Normal,142.6,0,3.0
T508413,Transferencia,v1,Arequipa,14,Normal,332.8,0,4.0
T508414,Pago QR,v2,Trujillo,12,Normal,146.1,0,5.0
T508415,Transferencia,v1,Lima,20,Pico,301.9,0,4.0
T508416,Pago de servicios,v1,Lima,19,Pico,533.0,0,5.0
T508417,Pago QR,v1,Arequipa,10,Pico,305.8,0,4.0
T508418,Transferencia,v1,Trujillo,22,Normal,136.1,0,5.0
T508419,Consulta de saldo,v2,Lima,12,Normal,63.2,0,4.0
T508420,Transferencia,v2,Lima,11,Normal,284.8,0,3.0
T508421,Pago QR,v1,Lima,13,Normal,394.9,0,5.0
T508422,Transferencia,v1,Lima,9,Pico,535.2,0,3.0
T508423,Transferencia,v2,Lima,23,Normal,376.8,0,4.0
T508424,Pago QR,v1,Lima,20,Pico,251.7,0,4.0
T508425,Pago QR,v2,Lima,10,Pico,260.2,0,4.0
T508426,Pago QR,v2,Lima,18,Pico,212.0,0,5.0
T508427,Transferencia,v1,Trujillo,7,Normal,97.0,0,5.0
T508428,Transferencia,v1,Lima,1,Normal,417.3,0,3.0
T508429,Recarga celular,v2,Trujillo,19,Pico,106.5,1,3.0
T508430,Consulta de saldo,v1,Lima,15,Normal,177.4,0,5.0
T508431,Consulta de saldo,v1,Arequipa,22,Normal,233.9,0,4.0
T508432,Transferencia,v1,Arequipa,3,Normal,396.1,0,3.0
T508433,Consulta de saldo,v1,Lima,4,Normal,81.5,0,4.0
T508434,Transferencia,v1,Lima,16,Normal,315.2,0,5.0
T508435,Consulta de saldo,v1,Arequipa,6,Normal,55.3,0,3.0
T508436,Consulta de saldo,v1,Trujillo,1,Normal,166.7,1,3.0
T508437,Consulta de saldo,v2,Lima,12,Normal,64.5,0,4.0
T508438,Transferencia,v2,Lima,19,Pico,202.8,0,4.0
T508439,Recarga celular,v2,Lima,13,Normal,89.8,0,3.0
T508440,Pago QR,v2,Lima,1,Normal,209.8,0,4.0
T508441,Pago QR,v2,Trujillo,0,Normal,130.6,0,5.0
T508442,Pago QR,v1,Lima,12,Normal,225.0,0,4.0
T508443,Transferencia,v1,Trujillo,22,Normal,207.9,0,5.0
T508444,Transferencia,v2,Arequipa,7,Normal,579.9,0,4.0
T508445,Transferencia,v2,Lima,5,Normal,194.6,0,4.0
T508446,Consulta de saldo,v2,Arequipa,23,Normal,195.4,0,4.0
T508447,Transferencia,v1,Arequipa,8,Pico,512.9,0,3.0
T508448,Consulta de saldo,v1,Lima,5,Normal,93.8,0,5.0
T508449,Transferencia,v1,Arequipa,2,Normal,666.4,0,4.0
T508450,Transferencia,v2,Trujillo,6,Normal,276.7,0,4.0
T508451,Transferencia,v1,Arequipa,3,Normal,321.7,0,5.0
T508452,Pago QR,v2,Arequipa,12,Normal,172.0,0,3.0
T508453,Pago QR,v2,Lima,15,Normal,272.4,0,4.0
T508454,Recarga celular,v1,Trujillo,23,Normal,240.4,0,5.0
T508455,Transferencia,v1,Lima,11,Normal,735.5,0,3.0
T508456,Pago QR,v2,Lima,21,Pico,190.1,0,3.0
T508457,Pago QR,v2,Lima,0,Normal,249.5,0,4.0
T508458,Recarga celular,v2,Lima,11,Normal,202.8,0,4.0
T508459,Pago QR,v1,Lima,5,Normal,280.1,0,4.0
T508460,Recarga celular,v2,Lima,4,Normal,161.0,0,4.0
T508461,Recarga celular,v2,Lima,8,Pico,229.3,0,3.0
T508462,Consulta de saldo,v2,Trujillo,11,Normal,40.5,0,5.0
T508463,Pago de servicios,v1,Arequipa,18,Pico,352.3,0,3.0
T508464,Consulta de saldo,v1,Trujillo,20,Pico,117.0,0,5.0
T508465,Pago QR,v2,Arequipa,13,Normal,326.7,0,3.0
T508466,Transferencia,v1,Trujillo,10,Pico,127.4,0,3.0
T508467,Pago QR,v2,Arequipa,17,Normal,184.2,0,2.0
T508468,Recarga celular,v2,Lima,20,Pico,121.3,0,5.0
T508469,Pago de servicios,v2,Lima,0,Normal,165.3,0,3.0
T508470,Transferencia,v1,Arequipa,13,Normal,245.3,0,5.0
T508471,Recarga celular,v1,Lima,11,Normal,133.8,0,3.0
T508472,Pago QR,v1,Trujillo,10,Pico,312.8,0,3.0
T508473,Transferencia,v1,Lima,14,Normal,232.6,0,3.0
T508474,Recarga celular,v1,Lima,20,Pico,329.5,0,4.0
T508475,Pago QR,v1,Trujillo,14,Normal,231.6,0,3.0
T508476,Recarga celular,v1,Lima,4,Normal,143.1,0,3.0
T508477,Pago de servicios,v2,Lima,10,Pico,362.9,0,4.0
T508478,Pago de servicios,v2,Trujillo,22,Normal,345.5,0,5.0
T508479,Pago QR,v1,Lima,8,Pico,316.5,0,5.0
T508480,Consulta de saldo,v2,Lima,11,Normal,145.5,0,5.0
T508481,Pago QR,v2,Lima,12,Normal,119.2,0,
T508482,Recarga celular,v1,Arequipa,5,Normal,233.8,0,4.0
T508483,Consulta de saldo,v2,Lima,12,Normal,89.1,0,5.0
T508484,Transferencia,v2,Trujillo,5,Normal,179.1,0,5.0
T508485,Pago QR,v2,Lima,22,Normal,167.9,0,4.0
T508486,Transferencia,v2,Arequipa,8,Pico,390.8,0,5.0
T508487,Pago QR,v2,Trujillo,18,Pico,230.3,0,4.0
T508488,Pago QR,v2,Lima,18,Pico,173.5,0,4.0
T508489,Recarga celular,v1,Arequipa,3,Normal,127.7,0,5.0
T508490,Consulta de saldo,v2,Trujillo,16,Normal,117.7,0,5.0
T508491,Transferencia,v2,Trujillo,10,Pico,459.5,0,3.0
T508492,Consulta de saldo,v2,Trujillo,9,Pico,168.9,0,5.0
T508493,Pago QR,v2,Trujillo,13,Normal,294.0,0,4.0
T508494,Consulta de saldo,v2,Trujillo,3,Normal,52.9,0,5.0
T508495,Consulta de saldo,v1,Lima,17,Normal,116.9,0,4.0
T508496,Consulta de saldo,v1,Lima,11,Normal,80.7,0,5.0
T508497,Pago QR,v1,Lima,20,Pico,267.7,0,5.0
T508498,Transferencia,v1,Lima,21,Pico,173.8,0,5.0
T508499,Pago de servicios,v2,Lima,16,Normal,354.5,0,4.0
T508500,Transferencia,v1,Lima,9,Pico,133.8,0,5.0
T508501,Transferencia,v1,Trujillo,18,Pico,383.5,0,3.0
T508502,Transferencia,v2,Lima,13,Normal,176.0,0,4.0
T508503,Transferencia,v2,Trujillo,12,Normal,135.1,0,5.0
T508504,Pago QR,v1,Lima,15,Normal,239.9,0,5.0
T508505,Pago QR,v1,Lima,23,Normal,154.8,0,4.0
T508506,Pago QR,v1,Arequipa,5,Normal,457.0,0,3.0
T508507,Transferencia,v2,Lima,15,Normal,340.3,0,4.0
T508508,Consulta de saldo,v2,Trujillo,14,Normal,93.1,0,5.0
T508509,Pago de servicios,v1,Lima,21,Pico,468.0,0,5.0
T508510,Transferencia,v1,Arequipa,1,Normal,238.8,0,4.0
T508511,Transferencia,v2,Lima,13,Normal,156.3,1,5.0
T508512,Transferencia,v2,Lima,1,Normal,134.0,0,4.0
T508513,Pago de servicios,v2,Lima,20,Pico,161.5,0,5.0
T508514,Pago de servicios,v2,Lima,9,Pico,252.6,0,3.0
T508515,Pago QR,v1,Trujillo,10,Pico,148.6,0,5.0
T508516,Pago QR,v1,Trujillo,22,Normal,244.6,0,
T508517,Pago de servicios,v1,Lima,2,Normal,408.5,0,4.0
T508518,Consulta de saldo,v2,Lima,19,Pico,102.5,0,3.0
T508519,Recarga celular,v2,Trujillo,9,Pico,187.8,0,4.0
T508520,Recarga celular,v2,Lima,17,Normal,188.8,0,5.0
T508521,Pago QR,v1,Trujillo,14,Normal,375.6,0,5.0
T508522,Consulta de saldo,v1,Lima,2,Normal,143.5,0,4.0
T508523,Transferencia,v2,Trujillo,16,Normal,194.0,0,4.0
T508524,Pago QR,v2,Arequipa,19,Pico,265.7,0,4.0
T508525,Pago QR,v1,Trujillo,17,Normal,421.8,0,5.0
T508526,Transferencia,v2,Lima,17,Normal,320.4,0,3.0
T508527,Transferencia,v2,Arequipa,4,Normal,322.8,0,3.0
T508528,Transferencia,v2,Trujillo,2,Normal,299.6,0,4.0
T508529,Transferencia,v1,Arequipa,4,Normal,336.0,0,5.0
T508530,Pago QR,v1,Arequipa,7,Normal,78.0,0,4.0
T508531,Pago de servicios,v1,Trujillo,6,Normal,256.0,0,5.0
T508532,Pago QR,v1,Arequipa,18,Pico,530.5,0,3.0
T508533,Recarga celular,v1,Arequipa,0,Normal,292.3,0,5.0
T508534,Recarga celular,v2,Lima,20,Pico,161.9,0,3.0
T508535,Consulta de saldo,v1,Lima,11,Normal,57.5,0,5.0
T508536,Pago QR,v1,Lima,11,Normal,268.4,0,5.0
T508537,Recarga celular,v1,Lima,1,Normal,148.7,0,4.0
T508538,Consulta de saldo,v1,Trujillo,7,Normal,226.0,0,4.0
T508539,Transferencia,v1,Trujillo,6,Normal,285.7,0,4.0
T508540,Transferencia,v1,Arequipa,12,Normal,58.7,0,4.0
T508541,Pago QR,v1,Arequipa,3,Normal,302.6,0,4.0
T508542,Consulta de saldo,v1,Lima,7,Normal,217.7,0,5.0
T508543,Recarga celular,v2,Lima,13,Normal,228.1,0,5.0
T508544,Recarga celular,v2,Lima,17,Normal,335.1,0,4.0
T508545,Recarga celular,v1,Arequipa,1,Normal,249.1,0,4.0
T508546,Recarga celular,v2,Lima,10,Pico,221.4,0,4.0
T508547,Transferencia,v2,Trujillo,5,Normal,223.8,0,3.0
T508548,Consulta de saldo,v1,Lima,18,Pico,139.1,0,5.0
T508549,Recarga celular,v2,Arequipa,3,Normal,207.2,0,3.0
T508550,Pago QR,v2,Lima,3,Normal,290.6,0,5.0
T508551,Consulta de saldo,v1,Lima,16,Normal,173.0,0,5.0
T508552,Pago de servicios,v2,Lima,16,Normal,1029.6,0,3.0
T508553,Transferencia,v1,Arequipa,22,Normal,246.2,0,
T508554,Transferencia,v1,Lima,0,Normal,106.6,0,4.0
T508555,Transferencia,v1,Lima,16,Normal,186.8,0,4.0
T508556,Pago de servicios,v2,Lima,4,Normal,157.8,0,5.0
T508557,Transferencia,v2,Lima,11,Normal,148.6,0,4.0
T508558,Consulta de saldo,v2,Trujillo,2,Normal,75.7,0,4.0
T508559,Consulta de saldo,v1,Lima,3,Normal,47.7,0,4.0
T508560,Consulta de saldo,v1,Arequipa,17,Normal,107.7,0,4.0
T508561,Pago QR,v2,Trujillo,16,Normal,249.3,0,3.0
T508562,Consulta de saldo,v1,Lima,7,Normal,124.0,0,3.0
T508563,Pago QR,v2,Lima,13,Normal,218.1,0,3.0
T508564,Recarga celular,v1,Trujillo,13,Normal,256.7,0,3.0
T508565,Transferencia,v1,Lima,16,Normal,194.8,0,5.0
T508566,Recarga celular,v2,Lima,22,Normal,98.5,0,5.0
T508567,Pago QR,v1,Lima,16,Normal,83.0,1,3.0
T508568,Consulta de saldo,v1,Arequipa,4,Normal,93.6,0,5.0
T508569,Recarga celular,v1,Lima,17,Normal,114.9,0,5.0
T508570,Transferencia,v1,Lima,17,Normal,260.7,0,3.0
T508571,Pago QR,v1,Lima,8,Pico,304.6,0,4.0
T508572,Recarga celular,v2,Trujillo,21,Pico,243.8,0,4.0
T508573,Consulta de saldo,v1,Trujillo,22,Normal,83.1,0,4.0
T508574,Pago QR,v1,Lima,18,Pico,178.1,0,5.0
T508575,Pago de servicios,v2,Trujillo,18,Pico,351.3,0,
T508576,Pago QR,v2,Lima,8,Pico,367.9,0,3.0
T508577,Pago de servicios,v2,Lima,12,Normal,185.6,0,5.0
T508578,Transferencia,v1,Arequipa,7,Normal,347.7,1,3.0
T508579,Pago de servicios,v2,Trujillo,19,Pico,136.9,1,4.0
T508580,Recarga celular,v2,Lima,7,Normal,167.4,0,3.0
T508581,Pago QR,v2,Arequipa,11,Normal,161.2,0,5.0
T508582,Recarga celular,v2,Arequipa,15,Normal,312.9,0,4.0
T508583,Consulta de saldo,v1,Lima,7,Normal,226.6,0,4.0
T508584,Pago QR,v2,Lima,10,Pico,318.3,0,3.0
T508585,Pago QR,v2,Lima,10,Pico,144.8,0,4.0
T508586,Transferencia,v1,Trujillo,3,Normal,374.8,0,3.0
T508587,Recarga celular,v1,Lima,6,Normal,250.7,0,3.0
T508588,Transferencia,v2,Lima,19,Pico,193.2,0,3.0
T508589,Transferencia,v1,Arequipa,21,Pico,258.1,1,3.0
T508590,Pago QR,v2,Arequipa,4,Normal,74.8,0,3.0
T508591,Transferencia,v1,Trujillo,13,Normal,256.0,0,4.0
T508592,Transferencia,v1,Lima,8,Pico,658.0,0,4.0
T508593,Pago de servicios,v2,Trujillo,15,Normal,621.1,0,3.0
T508594,Consulta de saldo,v1,Lima,14,Normal,68.8,0,5.0
T508595,Recarga celular,v1,Arequipa,15,Normal,177.0,0,4.0
T508596,Pago QR,v2,Lima,23,Normal,88.1,0,5.0
T508597,Transferencia,v2,Trujillo,19,Pico,306.8,0,3.0
T508598,Pago QR,v1,Lima,22,Normal,186.0,0,4.0
T508599,Transferencia,v1,Lima,3,Normal,437.5,0,3.0
T508600,Transferencia,v2,Trujillo,21,Pico,368.9,0,4.0
T508601,Pago QR,v1,Trujillo,1,Normal,286.4,0,5.0
T508602,Pago de servicios,v2,Lima,4,Normal,240.5,0,5.0
T508603,Consulta de saldo,v1,Lima,2,Normal,119.4,0,4.0
T508604,Pago de servicios,v1,Lima,0,Normal,183.6,0,4.0
T508605,Recarga celular,v2,Arequipa,22,Normal,122.6,0,4.0
T508606,Transferencia,v1,Lima,23,Normal,220.2,0,5.0
T508607,Pago QR,v1,Lima,7,Normal,107.5,0,5.0
T508608,Consulta de saldo,v2,Arequipa,14,Normal,94.7,0,5.0
T508609,Pago QR,v2,Arequipa,2,Normal,165.5,0,5.0
T508610,Recarga celular,v2,Arequipa,11,Normal,158.7,0,5.0
T508611,Pago de servicios,v2,Lima,21,Pico,909.4,0,2.0
T508612,Pago de servicios,v1,Trujillo,21,Pico,622.6,0,5.0
T508613,Recarga celular,v2,Lima,3,Normal,146.6,0,5.0
T508614,Consulta de saldo,v1,Arequipa,4,Normal,197.5,0,3.0
T508615,Pago QR,v2,Lima,0,Normal,161.8,0,3.0
T508616,Transferencia,v1,Arequipa,17,Normal,210.9,0,4.0
T508617,Transferencia,v2,Lima,23,Normal,125.1,0,4.0
T508618,Pago QR,v2,Trujillo,21,Pico,351.0,0,4.0
T508619,Pago QR,v1,Trujillo,0,Normal,80.3,0,4.0
T508620,Consulta de saldo,v1,Lima,17,Normal,91.4,0,3.0
T508621,Transferencia,v1,Arequipa,9,Pico,689.7,0,3.0
T508622,Transferencia,v2,Trujillo,22,Normal,353.3,0,5.0
T508623,Recarga celular,v2,Lima,14,Normal,174.4,0,5.0
T508624,Transferencia,v2,Lima,9,Pico,234.0,0,4.0
T508625,Consulta de saldo,v1,Lima,16,Normal,102.0,0,4.0
T508626,Consulta de saldo,v2,Trujillo,13,Normal,138.0,0,4.0
T508627,Transferencia,v1,Lima,22,Normal,267.4,0,4.0
T508628,Pago QR,v1,Lima,13,Normal,164.6,0,5.0
T508629,Consulta de saldo,v2,Trujillo,23,Normal,75.3,0,4.0
T508630,Transferencia,v2,Lima,22,Normal,249.4,0,2.0
T508631,Pago QR,v1,Lima,15,Normal,176.3,0,5.0
T508632,Consulta de saldo,v2,Lima,4,Normal,123.1,0,5.0
T508633,Consulta de saldo,v1,Trujillo,22,Normal,54.9,0,4.0
T508634,Pago de servicios,v1,Lima,15,Normal,365.7,0,4.0
T508635,Transferencia,v1,Lima,8,Pico,321.1,0,4.0
T508636,Transferencia,v1,Trujillo,17,Normal,211.6,0,5.0
T508637,Transferencia,v1,Arequipa,16,Normal,537.9,0,4.0
T508638,Pago de servicios,v1,Arequipa,5,Normal,274.3,0,4.0
T508639,Transferencia,v1,Lima,23,Normal,444.1,0,3.0
T508640,Pago QR,v2,Arequipa,20,Pico,302.7,0,4.0
T508641,Pago QR,v1,Trujillo,7,Normal,128.0,0,5.0
T508642,Transferencia,v2,Lima,19,Pico,269.3,0,5.0
T508643,Consulta de saldo,v1,Lima,10,Pico,84.2,0,5.0
T508644,Pago de servicios,v1,Lima,16,Normal,236.1,0,5.0
T508645,Pago QR,v1,Lima,19,Pico,258.4,0,5.0
T508646,Recarga celular,v2,Trujillo,5,Normal,87.1,0,5.0
T508647,Transferencia,v2,Trujillo,0,Normal,233.6,0,5.0
T508648,Pago de servicios,v1,Arequipa,1,Normal,223.2,1,4.0
T508649,Recarga celular,v1,Trujillo,0,Normal,230.3,0,
T508650,Recarga celular,v1,Lima,1,Normal,402.4,0,4.0
T508651,Transferencia,v2,Lima,3,Normal,266.8,0,5.0
T508652,Consulta de saldo,v1,Trujillo,18,Pico,115.3,0,5.0
T508653,Consulta de saldo,v1,Trujillo,7,Normal,156.9,0,4.0
T508654,Transferencia,v2,Lima,11,Normal,210.1,0,4.0
T508655,Pago QR,v2,Lima,3,Normal,152.7,0,4.0
T508656,Pago QR,v1,Lima,9,Pico,392.3,0,4.0
T508657,Consulta de saldo,v2,Arequipa,2,Normal,159.8,0,5.0
T508658,Pago de servicios,v1,Lima,12,Normal,187.5,0,4.0
T508659,Recarga celular,v2,Arequipa,16,Normal,142.2,0,4.0
T508660,Recarga celular,v1,Arequipa,3,Normal,229.4,0,4.0
T508661,Pago de servicios,v2,Trujillo,22,Normal,145.5,0,4.0
T508662,Pago QR,v2,Lima,1,Normal,312.5,0,
T508663,Transferencia,v1,Lima,18,Pico,202.5,0,5.0
T508664,Pago de servicios,v2,Arequipa,19,Pico,700.6,0,3.0
T508665,Pago QR,v2,Trujillo,17,Normal,232.9,0,5.0
T508666,Pago QR,v2,Trujillo,19,Pico,216.5,0,4.0
T508667,Pago QR,v1,Trujillo,13,Normal,363.9,0,4.0
T508668,Transferencia,v1,Trujillo,22,Normal,185.5,0,5.0
T508669,Pago QR,v1,Trujillo,9,Pico,221.5,0,5.0
T508670,Recarga celular,v1,Arequipa,7,Normal,174.0,0,5.0
T508671,Pago de servicios,v1,Arequipa,21,Pico,837.6,0,3.0
T508672,Transferencia,v2,Lima,13,Normal,319.2,0,4.0
T508673,Recarga celular,v2,Trujillo,18,Pico,187.0,0,5.0
T508674,Recarga celular,v1,Lima,10,Pico,263.2,0,4.0
T508675,Pago QR,v2,Arequipa,22,Normal,197.9,0,5.0
T508676,Pago QR,v1,Lima,7,Normal,130.5,0,5.0
T508677,Consulta de saldo,v1,Arequipa,23,Normal,95.2,0,5.0
T508678,Pago QR,v1,Lima,16,Normal,258.1,0,3.0
T508679,Pago QR,v2,Lima,8,Pico,161.2,0,4.0
T508680,Consulta de saldo,v2,Arequipa,13,Normal,67.5,0,4.0
T508681,Consulta de saldo,v1,Trujillo,17,Normal,153.6,0,5.0
T508682,Pago de servicios,v2,Arequipa,4,Normal,229.0,0,4.0
T508683,Pago QR,v2,Trujillo,17,Normal,321.3,0,4.0
T508684,Transferencia,v2,Arequipa,9,Pico,229.9,0,5.0
T508685,Pago de servicios,v2,Trujillo,6,Normal,242.0,0,2.0
T508686,Pago QR,v1,Arequipa,8,Pico,86.6,0,5.0
T508687,Transferencia,v2,Trujillo,21,Pico,585.5,0,4.0
T508688,Pago QR,v2,Trujillo,0,Normal,200.2,0,4.0
T508689,Recarga celular,v1,Lima,7,Normal,446.5,0,4.0
T508690,Pago QR,v2,Lima,12,Normal,312.4,0,2.0
T508691,Pago de servicios,v2,Lima,3,Normal,182.4,0,3.0
T508692,Pago de servicios,v1,Lima,11,Normal,298.8,0,3.0
T508693,Recarga celular,v2,Lima,10,Pico,216.9,0,5.0
T508694,Consulta de saldo,v1,Arequipa,5,Normal,109.4,0,5.0
T508695,Pago QR,v2,Lima,21,Pico,347.3,0,5.0
T508696,Pago QR,v2,Trujillo,13,Normal,196.9,0,4.0
T508697,Transferencia,v2,Lima,18,Pico,325.5,0,5.0
T508698,Recarga celular,v2,Arequipa,4,Normal,106.2,0,4.0
T508699,Pago QR,v1,Arequipa,21,Pico,186.7,0,5.0
T508700,Transferencia,v2,Trujillo,0,Normal,242.7,0,5.0
T508701,Pago QR,v1,Lima,2,Normal,184.1,0,4.0
T508702,Recarga celular,v1,Arequipa,6,Normal,248.1,1,3.0
T508703,Pago QR,v2,Lima,7,Normal,195.3,0,4.0
T508704,Transferencia,v1,Arequipa,19,Pico,321.9,0,3.0
T508705,Consulta de saldo,v2,Arequipa,6,Normal,126.2,0,5.0
T508706,Recarga celular,v2,Lima,22,Normal,260.6,0,5.0
T508707,Pago de servicios,v1,Lima,0,Normal,251.2,0,4.0
T508708,Pago de servicios,v1,Lima,3,Normal,205.5,0,4.0
T508709,Pago QR,v1,Arequipa,20,Pico,155.9,0,5.0
T508710,Transferencia,v2,Lima,17,Normal,215.4,0,5.0
T508711,Consulta de saldo,v1,Trujillo,22,Normal,47.3,0,4.0
T508712,Pago de servicios,v1,Lima,5,Normal,751.7,0,4.0
T508713,Consulta de saldo,v1,Arequipa,2,Normal,81.3,0,4.0
T508714,Consulta de saldo,v2,Trujillo,7,Normal,236.1,0,4.0
T508715,Transferencia,v1,Lima,11,Normal,383.6,0,4.0
T508716,Pago de servicios,v1,Arequipa,15,Normal,411.5,0,3.0
T508717,Recarga celular,v1,Lima,13,Normal,298.4,0,3.0
T508718,Recarga celular,v1,Lima,7,Normal,261.6,0,4.0
T508719,Transferencia,v1,Lima,4,Normal,261.3,0,4.0
T508720,Pago QR,v1,Trujillo,4,Normal,79.5,0,4.0
T508721,Consulta de saldo,v1,Lima,12,Normal,82.8,0,5.0
T508722,Pago de servicios,v2,Lima,6,Normal,229.6,0,4.0
T508723,Recarga celular,v2,Trujillo,7,Normal,119.5,0,5.0
T508724,Transferencia,v1,Lima,5,Normal,299.9,0,4.0
T508725,Pago de servicios,v2,Lima,9,Pico,579.4,0,3.0
T508726,Recarga celular,v2,Lima,13,Normal,114.3,0,5.0
T508727,Transferencia,v1,Trujillo,11,Normal,534.1,0,4.0
T508728,Pago QR,v1,Lima,2,Normal,312.5,0,4.0
T508729,Transferencia,v2,Trujillo,23,Normal,1652.2,0,1.0
T508730,Consulta de saldo,v2,Trujillo,3,Normal,100.5,0,4.0
T508731,Consulta de saldo,v1,Lima,10,Pico,206.3,0,3.0
T508732,Recarga celular,v1,Lima,2,Normal,93.3,0,4.0
T508733,Consulta de saldo,v2,Trujillo,12,Normal,106.4,0,4.0
T508734,Transferencia,v2,Lima,11,Normal,175.5,0,3.0
T508735,Transferencia,v1,Lima,1,Normal,297.3,0,4.0
T508736,Pago de servicios,v2,Lima,2,Normal,99.0,0,4.0
T508737,Pago de servicios,v1,Lima,17,Normal,350.9,0,4.0
T508738,Recarga celular,v1,Arequipa,7,Normal,247.9,0,4.0
T508739,Consulta de saldo,v1,Trujillo,10,Pico,100.2,0,4.0
T508740,Transferencia,v1,Lima,7,Normal,139.5,0,4.0
T508741,Consulta de saldo,v2,Trujillo,8,Pico,37.2,0,3.0
T508742,Consulta de saldo,v1,Lima,6,Normal,121.2,0,4.0
T508743,Pago QR,v2,Trujillo,2,Normal,122.1,0,4.0
T508744,Pago de servicios,v1,Arequipa,9,Pico,618.1,0,
T508745,Consulta de saldo,v2,Arequipa,11,Normal,65.3,0,5.0
T508746,Transferencia,v2,Lima,1,Normal,111.9,0,4.0
T508747,Pago QR,v1,Lima,14,Normal,227.3,0,4.0
T508748,Transferencia,v1,Arequipa,9,Pico,292.8,0,3.0
T508749,Transferencia,v2,Arequipa,7,Normal,348.5,0,4.0
T508750,Transferencia,v2,Arequipa,23,Normal,196.3,0,4.0
T508751,Pago QR,v1,Lima,7,Normal,217.1,0,5.0
T508752,Recarga celular,v2,Lima,16,Normal,231.7,0,5.0
T508753,Pago de servicios,v1,Lima,12,Normal,124.6,0,5.0
T508754,Transferencia,v1,Lima,0,Normal,133.7,0,5.0
T508755,Transferencia,v2,Arequipa,8,Pico,300.2,0,4.0
T508756,Pago QR,v2,Lima,11,Normal,114.7,0,3.0
T508757,Pago de servicios,v2,Arequipa,3,Normal,674.3,0,4.0
T508758,Pago QR,v2,Arequipa,12,Normal,315.9,0,3.0
T508759,Pago QR,v2,Lima,8,Pico,213.6,0,4.0
T508760,Transferencia,v2,Arequipa,20,Pico,406.5,0,3.0
T508761,Transferencia,v2,Arequipa,11,Normal,259.0,0,4.0
T508762,Consulta de saldo,v2,Lima,23,Normal,45.2,0,4.0
T508763,Transferencia,v1,Trujillo,3,Normal,590.9,0,3.0
T508764,Pago QR,v2,Arequipa,3,Normal,278.0,0,3.0
T508765,Pago de servicios,v2,Arequipa,0,Normal,453.5,0,4.0
T508766,Pago QR,v1,Lima,1,Normal,168.3,0,4.0
T508767,Consulta de saldo,v1,Lima,16,Normal,141.9,0,4.0
T508768,Transferencia,v1,Lima,3,Normal,327.8,0,4.0
T508769,Transferencia,v1,Lima,14,Normal,115.3,0,4.0
T508770,Consulta de saldo,v1,Arequipa,8,Pico,72.3,0,5.0
T508771,Transferencia,v2,Lima,5,Normal,213.2,0,4.0
T508772,Pago de servicios,v1,Arequipa,16,Normal,618.9,0,4.0
T508773,Pago QR,v2,Trujillo,18,Pico,138.7,0,4.0
T508774,Pago de servicios,v1,Trujillo,17,Normal,193.2,0,4.0
T508775,Pago de servicios,v2,Lima,18,Pico,516.6,0,3.0
T508776,Consulta de saldo,v2,Lima,5,Normal,105.6,0,5.0
T508777,Pago QR,v1,Lima,1,Normal,176.9,0,4.0
T508778,Consulta de saldo,v2,Lima,6,Normal,52.7,0,4.0
T508779,Pago de servicios,v1,Trujillo,19,Pico,648.3,0,3.0
T508780,Transferencia,v2,Trujillo,0,Normal,178.8,0,4.0
T508781,Transferencia,v2,Trujillo,19,Pico,266.2,0,4.0
T508782,Transferencia,v2,Arequipa,22,Normal,373.2,0,3.0
T508783,Recarga celular,v1,Lima,19,Pico,161.6,0,5.0
T508784,Pago QR,v2,Lima,10,Pico,368.8,0,4.0
T508785,Consulta de saldo,v2,Lima,11,Normal,82.0,0,4.0
T508786,Recarga celular,v1,Lima,2,Normal,84.4,0,5.0
T508787,Pago de servicios,v1,Lima,10,Pico,285.3,0,3.0
T508788,Pago QR,v2,Arequipa,3,Normal,177.5,0,3.0
T508789,Pago QR,v1,Arequipa,12,Normal,244.1,0,4.0
T508790,Transferencia,v1,Trujillo,19,Pico,285.9,0,4.0
T508791,Transferencia,v1,Arequipa,12,Normal,322.2,0,3.0
T508792,Pago QR,v2,Trujillo,3,Normal,292.2,0,4.0
T508793,Pago de servicios,v1,Trujillo,22,Normal,462.2,0,4.0
T508794,Pago de servicios,v2,Trujillo,21,Pico,383.6,0,4.0
T508795,Pago QR,v1,Lima,23,Normal,116.6,0,4.0
T508796,Recarga celular,v2,Trujillo,14,Normal,71.7,0,5.0
T508797,Transferencia,v2,Lima,20,Pico,143.7,0,4.0
T508798,Transferencia,v2,Trujillo,19,Pico,326.0,0,5.0
T508799,Pago QR,v1,Arequipa,19,Pico,213.5,0,4.0
T508800,Consulta de saldo,v1,Trujillo,20,Pico,144.0,0,5.0
T508801,Transferencia,v1,Lima,10,Pico,162.5,0,5.0
T508802,Pago de servicios,v2,Lima,16,Normal,345.0,0,4.0
T508803,Consulta de saldo,v1,Arequipa,5,Normal,129.2,0,3.0
T508804,Recarga celular,v1,Arequipa,10,Pico,148.7,0,5.0
T508805,Transferencia,v1,Arequipa,7,Normal,348.2,0,4.0
T508806,Consulta de saldo,v2,Lima,9,Pico,86.5,0,4.0
T508807,Pago QR,v1,Lima,12,Normal,149.3,0,4.0
T508808,Consulta de saldo,v2,Lima,11,Normal,88.3,0,3.0
T508809,Recarga celular,v1,Arequipa,11,Normal,176.7,0,4.0
T508810,Consulta de saldo,v2,Lima,3,Normal,37.3,0,5.0
T508811,Recarga celular,v2,Lima,12,Normal,116.5,0,4.0
T508812,Transferencia,v2,Trujillo,12,Normal,391.2,0,4.0
T508813,Pago QR,v2,Lima,19,Pico,220.5,0,4.0
T508814,Pago QR,v2,Lima,17,Normal,155.8,0,4.0
T508815,Transferencia,v2,Lima,21,Pico,288.8,0,4.0
T508816,Transferencia,v2,Lima,11,Normal,442.5,0,5.0
T508817,Transferencia,v2,Arequipa,23,Normal,311.8,0,4.0
T508818,Pago QR,v1,Lima,7,Normal,196.4,0,5.0
T508819,Consulta de saldo,v2,Arequipa,15,Normal,127.8,0,5.0
T508820,Consulta de saldo,v2,Lima,19,Pico,127.4,0,5.0
T508821,Pago de servicios,v1,Arequipa,15,Normal,337.2,0,4.0
T508822,Pago QR,v1,Lima,23,Normal,133.9,0,4.0
T508823,Transferencia,v2,Arequipa,22,Normal,675.7,0,4.0
T508824,Pago de servicios,v1,Lima,0,Normal,123.5,0,5.0
T508825,Pago QR,v2,Lima,17,Normal,181.4,0,4.0
T508826,Transferencia,v1,Lima,0,Normal,381.8,0,4.0
T508827,Pago de servicios,v1,Arequipa,22,Normal,497.2,0,3.0
T508828,Transferencia,v2,Lima,21,Pico,225.4,0,4.0
T508829,Recarga celular,v1,Trujillo,16,Normal,95.5,0,
T508830,Recarga celular,v2,Lima,8,Pico,175.0,0,4.0
T508831,Pago QR,v1,Arequipa,12,Normal,246.7,0,4.0
T508832,Consulta de saldo,v1,Trujillo,10,Pico,149.7,0,5.0
T508833,Transferencia,v1,Trujillo,4,Normal,163.3,0,5.0
T508834,Transferencia,v1,Lima,14,Normal,266.7,0,4.0
T508835,Pago QR,v2,Trujillo,7,Normal,88.3,0,4.0
T508836,Consulta de saldo,v1,Arequipa,8,Pico,255.1,0,5.0
T508837,Pago QR,v2,Lima,19,Pico,323.8,0,4.0
T508838,Consulta de saldo,v1,Lima,20,Pico,183.0,0,4.0
T508839,Transferencia,v1,Trujillo,15,Normal,189.6,0,4.0
T508840,Consulta de saldo,v1,Trujillo,21,Pico,99.1,0,4.0
T508841,Recarga celular,v2,Lima,3,Normal,167.9,0,3.0
T508842,Consulta de saldo,v2,Trujillo,12,Normal,76.3,0,5.0
T508843,Pago de servicios,v2,Trujillo,6,Normal,306.0,0,4.0
T508844,Transferencia,v1,Arequipa,3,Normal,194.0,0,4.0
T508845,Pago QR,v1,Lima,8,Pico,189.1,0,3.0
T508846,Transferencia,v1,Arequipa,15,Normal,97.9,0,5.0
T508847,Pago de servicios,v2,Lima,4,Normal,327.7,0,4.0
T508848,Pago de servicios,v1,Lima,17,Normal,213.7,0,5.0
T508849,Pago QR,v1,Lima,12,Normal,280.0,0,4.0
T508850,Pago QR,v2,Trujillo,18,Pico,280.9,0,3.0
T508851,Pago QR,v2,Arequipa,19,Pico,177.4,0,4.0
T508852,Transferencia,v1,Lima,3,Normal,204.2,0,4.0
T508853,Transferencia,v2,Trujillo,3,Normal,327.0,0,3.0
T508854,Pago QR,v1,Arequipa,22,Normal,146.4,0,4.0
T508855,Pago QR,v1,Lima,20,Pico,153.3,0,5.0
T508856,Pago QR,v2,Trujillo,11,Normal,207.7,0,4.0
T508857,Recarga celular,v1,Trujillo,6,Normal,264.5,0,4.0
T508858,Consulta de saldo,v2,Lima,5,Normal,111.4,0,5.0
T508859,Consulta de saldo,v2,Trujillo,16,Normal,68.2,0,3.0
T508860,Consulta de saldo,v1,Trujillo,17,Normal,127.8,0,4.0
T508861,Pago de servicios,v2,Lima,12,Normal,365.3,0,4.0
T508862,Recarga celular,v1,Trujillo,14,Normal,258.4,0,5.0
T508863,Transferencia,v2,Lima,5,Normal,210.6,0,4.0
T508864,Transferencia,v2,Lima,16,Normal,283.5,0,3.0
T508865,Recarga celular,v2,Lima,17,Normal,176.5,0,5.0
T508866,Consulta de saldo,v2,Lima,15,Normal,135.9,0,3.0
T508867,Pago de servicios,v1,Lima,11,Normal,266.8,0,4.0
T508868,Transferencia,v2,Trujillo,14,Normal,183.5,0,5.0
T508869,Transferencia,v1,Lima,1,Normal,278.7,0,4.0
T508870,Consulta de saldo,v1,Lima,9,Pico,204.1,0,4.0
T508871,Recarga celular,v1,Arequipa,21,Pico,227.1,0,4.0
T508872,Transferencia,v2,Lima,11,Normal,200.5,0,4.0
T508873,Consulta de saldo,v1,Lima,21,Pico,140.4,0,5.0
T508874,Pago de servicios,v1,Lima,5,Normal,227.7,0,4.0
T508875,Consulta de saldo,v1,Lima,19,Pico,155.4,0,5.0
T508876,Recarga celular,v2,Lima,22,Normal,101.3,0,5.0
T508877,Pago de servicios,v1,Lima,15,Normal,327.9,0,4.0
T508878,Recarga celular,v1,Lima,10,Pico,214.7,0,5.0
T508879,Consulta de saldo,v2,Trujillo,13,Normal,113.5,0,5.0
T508880,Pago de servicios,v1,Lima,0,Normal,303.1,0,4.0
T508881,Pago QR,v1,Lima,1,Normal,182.8,0,4.0
T508882,Pago QR,v1,Trujillo,21,Pico,262.8,0,4.0
T508883,Pago QR,v1,Lima,9,Pico,587.4,0,4.0
T508884,Recarga celular,v2,Trujillo,17,Normal,171.2,0,5.0
T508885,Transferencia,v2,Arequipa,21,Pico,340.3,0,4.0
T508886,Pago QR,v1,Trujillo,14,Normal,273.3,0,3.0
T508887,Recarga celular,v2,Lima,5,Normal,373.0,0,5.0
T508888,Pago QR,v2,Trujillo,18,Pico,199.3,0,5.0
T508889,Pago de servicios,v1,Trujillo,1,Normal,554.3,0,3.0
T508890,Recarga celular,v2,Lima,15,Normal,211.5,0,4.0
T508891,Consulta de saldo,v2,Trujillo,11,Normal,138.8,0,4.0
T508892,Consulta de saldo,v1,Lima,4,Normal,80.1,0,3.0
T508893,Recarga celular,v2,Arequipa,8,Pico,153.1,0,5.0
T508894,Recarga celular,v1,Lima,19,Pico,182.0,0,5.0
T508895,Pago de servicios,v2,Lima,13,Normal,279.1,0,5.0
T508896,Pago de servicios,v1,Lima,7,Normal,274.2,0,5.0
T508897,Transferencia,v2,Arequipa,17,Normal,702.7,0,4.0
T508898,Consulta de saldo,v2,Trujillo,3,Normal,146.7,0,5.0
T508899,Consulta de saldo,v1,Trujillo,15,Normal,106.7,0,5.0
T508900,Transferencia,v1,Trujillo,15,Normal,263.2,0,5.0
T508901,Consulta de saldo,v1,Trujillo,22,Normal,85.3,0,5.0
T508902,Consulta de saldo,v1,Trujillo,19,Pico,63.2,0,5.0
T508903,Pago de servicios,v2,Lima,20,Pico,293.8,0,3.0
T508904,Pago QR,v1,Lima,22,Normal,546.0,0,2.0
T508905,Recarga celular,v2,Lima,7,Normal,138.9,0,4.0
T508906,Transferencia,v1,Lima,1,Normal,234.6,0,2.0
T508907,Transferencia,v2,Trujillo,5,Normal,298.6,0,4.0
T508908,Recarga celular,v1,Arequipa,15,Normal,502.0,0,3.0
T508909,Pago QR,v1,Lima,1,Normal,367.0,0,5.0
T508910,Transferencia,v1,Lima,18,Pico,184.7,0,5.0
T508911,Transferencia,v1,Lima,15,Normal,318.7,0,3.0
T508912,Pago QR,v1,Trujillo,17,Normal,417.4,0,4.0
T508913,Consulta de saldo,v1,Lima,14,Normal,38.6,0,5.0
T508914,Pago de servicios,v1,Arequipa,19,Pico,339.7,0,3.0
T508915,Pago QR,v2,Lima,13,Normal,192.7,0,4.0
T508916,Pago QR,v1,Trujillo,17,Normal,138.9,0,4.0
T508917,Recarga celular,v1,Lima,14,Normal,122.4,0,4.0
T508918,Pago de servicios,v2,Trujillo,14,Normal,246.8,0,4.0
T508919,Pago de servicios,v1,Lima,7,Normal,314.3,0,4.0
T508920,Recarga celular,v1,Trujillo,11,Normal,192.9,0,5.0
T508921,Consulta de saldo,v2,Arequipa,4,Normal,80.0,0,5.0
T508922,Recarga celular,v2,Lima,13,Normal,116.9,0,5.0
T508923,Pago QR,v2,Trujillo,16,Normal,199.7,0,5.0
T508924,Transferencia,v1,Arequipa,20,Pico,213.0,0,5.0
T508925,Pago QR,v2,Arequipa,5,Normal,111.5,0,3.0
T508926,Pago QR,v1,Arequipa,4,Normal,132.2,0,5.0
T508927,Pago QR,v2,Lima,23,Normal,278.9,0,3.0
T508928,Transferencia,v2,Trujillo,12,Normal,399.0,0,3.0
T508929,Recarga celular,v1,Arequipa,1,Normal,691.4,0,3.0
T508930,Pago de servicios,v2,Trujillo,18,Pico,460.8,0,3.0
T508931,Consulta de saldo,v2,Lima,0,Normal,118.3,0,5.0
T508932,Transferencia,v1,Lima,4,Normal,294.1,0,3.0
T508933,Consulta de saldo,v2,Arequipa,23,Normal,75.5,0,5.0
T508934,Consulta de saldo,v1,Lima,9,Pico,135.0,0,5.0
T508935,Recarga celular,v2,Lima,5,Normal,118.6,0,5.0
T508936,Pago QR,v2,Arequipa,23,Normal,207.8,0,4.0
T508937,Pago QR,v2,Lima,18,Pico,118.6,0,4.0
T508938,Pago QR,v2,Lima,6,Normal,226.3,0,4.0
T508939,Transferencia,v1,Lima,22,Normal,370.0,0,3.0
T508940,Transferencia,v2,Trujillo,23,Normal,293.5,0,5.0
T508941,Pago QR,v1,Trujillo,18,Pico,211.6,0,4.0
T508942,Consulta de saldo,v2,Lima,8,Pico,48.2,0,4.0
T508943,Pago QR,v1,Arequipa,15,Normal,132.4,0,3.0
T508944,Pago QR,v2,Trujillo,6,Normal,114.9,0,5.0
T508945,Recarga celular,v1,Lima,12,Normal,182.6,0,5.0
T508946,Consulta de saldo,v2,Lima,12,Normal,78.7,0,4.0
T508947,Transferencia,v2,Lima,21,Pico,403.1,0,5.0
T508948,Pago QR,v2,Lima,8,Pico,156.6,0,5.0
T508949,Transferencia,v2,Lima,6,Normal,202.3,0,3.0
T508950,Consulta de saldo,v1,Lima,1,Normal,149.1,0,4.0
T508951,Consulta de saldo,v1,Lima,4,Normal,116.7,0,4.0
T508952,Transferencia,v1,Lima,0,Normal,298.7,0,4.0
T508953,Pago QR,v1,Lima,1,Normal,250.8,0,4.0
T508954,Transferencia,v1,Arequipa,14,Normal,310.6,0,3.0
T508955,Recarga celular,v2,Lima,10,Pico,202.9,0,4.0
T508956,Consulta de saldo,v1,Trujillo,11,Normal,76.2,0,5.0
T508957,Consulta de saldo,v1,Trujillo,0,Normal,88.3,0,5.0
T508958,Pago QR,v2,Trujillo,19,Pico,409.4,0,4.0
T508959,Pago de servicios,v1,Arequipa,17,Normal,219.8,0,4.0
T508960,Pago de servicios,v1,Arequipa,9,Pico,245.0,0,3.0
T508961,Pago QR,v1,Arequipa,0,Normal,197.6,0,4.0
T508962,Transferencia,v2,Trujillo,23,Normal,441.1,0,4.0
T508963,Consulta de saldo,v1,Lima,1,Normal,66.0,0,4.0
T508964,Transferencia,v2,Lima,19,Pico,243.8,0,4.0
T508965,Recarga celular,v1,Arequipa,0,Normal,111.6,0,4.0
T508966,Pago de servicios,v2,Arequipa,5,Normal,286.8,0,3.0
T508967,Transferencia,v1,Lima,18,Pico,239.0,0,4.0
T508968,Recarga celular,v1,Trujillo,12,Normal,135.2,0,4.0
T508969,Pago QR,v1,Lima,10,Pico,279.0,0,4.0
T508970,Pago QR,v2,Lima,5,Normal,167.6,0,4.0
T508971,Pago QR,v2,Lima,22,Normal,125.8,0,5.0
T508972,Pago QR,v1,Trujillo,6,Normal,235.3,0,5.0
T508973,Pago QR,v1,Lima,15,Normal,245.3,0,4.0
T508974,Transferencia,v1,Lima,18,Pico,355.0,0,4.0
T508975,Transferencia,v2,Arequipa,22,Normal,110.2,0,4.0
T508976,Consulta de saldo,v1,Lima,16,Normal,99.2,0,4.0
T508977,Recarga celular,v1,Lima,13,Normal,,0,5.0
T508978,Pago QR,v2,Arequipa,5,Normal,141.1,0,4.0
T508979,Pago de servicios,v1,Lima,3,Normal,365.6,0,
T508980,Recarga celular,v2,Arequipa,19,Pico,146.6,0,5.0
T508981,Transferencia,v1,Trujillo,9,Pico,172.9,0,4.0
T508982,Pago QR,v1,Lima,17,Normal,224.8,0,5.0
T508983,Consulta de saldo,v2,Lima,18,Pico,124.0,0,5.0
T508984,Pago de servicios,v1,Lima,13,Normal,334.2,0,3.0
T508985,Consulta de saldo,v2,Arequipa,23,Normal,147.9,0,4.0
T508986,Recarga celular,v2,Trujillo,13,Normal,285.1,0,3.0
T508987,Transferencia,v2,Lima,14,Normal,385.8,0,5.0
T508988,Pago de servicios,v2,Arequipa,8,Pico,413.1,0,5.0
T508989,Recarga celular,v1,Arequipa,1,Normal,331.6,1,3.0
T508990,Pago QR,v2,Arequipa,22,Normal,130.4,0,4.0
T508991,Recarga celular,v2,Arequipa,4,Normal,329.3,0,5.0
T508992,Recarga celular,v2,Lima,19,Pico,200.5,0,4.0
T508993,Pago QR,v1,Lima,6,Normal,207.0,0,5.0
T508994,Consulta de saldo,v2,Lima,8,Pico,149.3,0,4.0
T508995,Consulta de saldo,v2,Lima,0,Normal,168.0,0,5.0
T508996,Consulta de saldo,v1,Lima,10,Pico,178.7,0,5.0
T508997,Transferencia,v1,Lima,16,Normal,367.5,0,4.0
T508998,Recarga celular,v1,Arequipa,13,Normal,165.5,0,4.0
T508999,Recarga celular,v1,Trujillo,16,Normal,210.6,0,4.0
T509000,Transferencia,v1,Arequipa,16,Normal,469.7,0,3.0
T509001,Transferencia,v2,Trujillo,5,Normal,203.2,0,4.0
T509002,Transferencia,v1,Lima,0,Normal,311.3,0,3.0
T509003,Consulta de saldo,v1,Arequipa,19,Pico,113.4,0,5.0
T509004,Transferencia,v2,Lima,13,Normal,129.4,0,4.0
T509005,Transferencia,v1,Trujillo,17,Normal,438.6,0,3.0
T509006,Recarga celular,v2,Trujillo,8,Pico,248.3,0,5.0
T509007,Transferencia,v2,Lima,13,Normal,319.7,0,5.0
T509008,Pago QR,v2,Trujillo,22,Normal,145.0,0,4.0
T509009,Pago de servicios,v2,Lima,2,Normal,226.5,0,5.0
T509010,Recarga celular,v2,Trujillo,19,Pico,486.5,0,4.0
T509011,Pago de servicios,v2,Trujillo,22,Normal,311.2,0,5.0
T509012,Transferencia,v2,Arequipa,3,Normal,264.2,0,3.0
T509013,Pago QR,v1,Trujillo,10,Pico,264.4,0,4.0
T509014,Consulta de saldo,v2,Lima,8,Pico,59.8,0,4.0
T509015,Pago QR,v2,Trujillo,9,Pico,249.8,0,4.0
T509016,Consulta de saldo,v1,Arequipa,11,Normal,112.0,0,4.0
T509017,Transferencia,v1,Lima,4,Normal,369.4,0,4.0
T509018,Recarga celular,v2,Trujillo,13,Normal,158.9,0,4.0
T509019,Pago QR,v2,Trujillo,7,Normal,105.9,0,5.0
T509020,Consulta de saldo,v1,Lima,18,Pico,70.4,1,4.0
T509021,Pago de servicios,v1,Lima,8,Pico,391.1,0,5.0
T509022,Pago QR,v1,Arequipa,17,Normal,233.8,0,4.0
T509023,Pago QR,v2,Lima,8,Pico,206.9,0,5.0
T509024,Transferencia,v2,Trujillo,23,Normal,389.4,0,4.0
T509025,Recarga celular,v1,Lima,22,Normal,111.6,0,4.0
T509026,Recarga celular,v2,Trujillo,9,Pico,363.9,0,4.0
T509027,Recarga celular,v1,Lima,19,Pico,181.4,0,4.0
T509028,Recarga celular,v1,Lima,23,Normal,177.1,0,3.0
T509029,Transferencia,v1,Lima,10,Pico,713.8,0,3.0
T509030,Consulta de saldo,v2,Arequipa,22,Normal,107.1,0,5.0
T509031,Consulta de saldo,v1,Lima,5,Normal,93.3,0,4.0
T509032,Consulta de saldo,v2,Lima,20,Pico,297.6,0,4.0
T509033,Transferencia,v1,Lima,17,Normal,192.3,0,3.0
T509034,Pago de servicios,v1,Trujillo,10,Pico,157.5,0,5.0
T509035,Pago de servicios,v1,Arequipa,5,Normal,259.1,0,4.0
T509036,Consulta de saldo,v1,Trujillo,17,Normal,167.8,0,4.0
T509037,Consulta de saldo,v2,Lima,15,Normal,146.1,0,4.0
T509038,Pago de servicios,v1,Arequipa,19,Pico,384.4,0,4.0
T509039,Recarga celular,v2,Trujillo,21,Pico,113.7,0,4.0
T509040,Transferencia,v1,Arequipa,14,Normal,330.3,0,4.0
T509041,Pago de servicios,v1,Arequipa,4,Normal,773.9,0,2.0
T509042,Transferencia,v1,Trujillo,20,Pico,336.5,0,4.0
T509043,Transferencia,v1,Arequipa,15,Normal,234.9,0,5.0
T509044,Pago de servicios,v2,Arequipa,9,Pico,478.6,0,4.0
T509045,Consulta de saldo,v2,Arequipa,22,Normal,106.4,0,4.0
T509046,Pago de servicios,v2,Lima,5,Normal,328.8,0,3.0
T509047,Consulta de saldo,v2,Lima,14,Normal,52.7,0,5.0
T509048,Consulta de saldo,v2,Lima,11,Normal,193.5,0,4.0
T509049,Pago QR,v1,Lima,7,Normal,175.2,0,5.0
T509050,Transferencia,v2,Trujillo,22,Normal,113.0,0,5.0
T509051,Transferencia,v1,Arequipa,4,Normal,191.2,0,3.0
T509052,Pago de servicios,v2,Trujillo,3,Normal,343.6,0,4.0
T509053,Recarga celular,v1,Lima,17,Normal,146.1,0,5.0
T509054,Pago de servicios,v2,Lima,12,Normal,294.5,0,3.0
T509055,Consulta de saldo,v1,Arequipa,23,Normal,179.1,0,4.0
T509056,Consulta de saldo,v1,Arequipa,8,Pico,88.0,0,5.0
T509057,Transferencia,v1,Lima,8,Pico,192.3,0,2.0
T509058,Transferencia,v2,Lima,10,Pico,184.8,0,4.0
T509059,Recarga celular,v1,Trujillo,16,Normal,90.4,0,4.0
T509060,Pago QR,v2,Trujillo,6,Normal,160.9,0,5.0
T509061,Pago de servicios,v2,Arequipa,21,Pico,402.3,0,3.0
T509062,Recarga celular,v1,Trujillo,18,Pico,338.8,0,4.0
T509063,Transferencia,v1,Arequipa,18,Pico,583.6,0,4.0
T509064,Transferencia,v2,Lima,23,Normal,278.7,0,5.0
T509065,Pago QR,v1,Trujillo,10,Pico,497.7,0,3.0
T509066,Pago QR,v2,Arequipa,19,Pico,452.4,0,5.0
T509067,Pago QR,v2,Lima,13,Normal,133.0,0,4.0
T509068,Recarga celular,v2,Lima,18,Pico,246.3,0,4.0
T509069,Consulta de saldo,v2,Trujillo,21,Pico,365.6,0,3.0
T509070,Pago QR,v2,Lima,22,Normal,232.3,0,4.0
T509071,Pago QR,v2,Lima,8,Pico,244.0,0,5.0
T509072,Pago QR,v1,Arequipa,21,Pico,89.1,0,5.0
T509073,Pago QR,v1,Lima,14,Normal,167.3,0,3.0
T509074,Pago de servicios,v1,Arequipa,6,Normal,272.8,0,4.0
T509075,Pago QR,v1,Lima,18,Pico,193.9,0,5.0
T509076,Pago QR,v2,Arequipa,22,Normal,113.2,0,3.0
T509077,Recarga celular,v2,Arequipa,21,Pico,240.2,0,3.0
T509078,Transferencia,v2,Trujillo,22,Normal,187.7,0,4.0
T509079,Transferencia,v1,Lima,14,Normal,284.7,0,4.0
T509080,Transferencia,v1,Arequipa,11,Normal,457.4,0,3.0
T509081,Consulta de saldo,v1,Lima,5,Normal,61.8,0,5.0
T509082,Consulta de saldo,v1,Lima,18,Pico,138.8,0,4.0
T509083,Pago QR,v2,Lima,6,Normal,232.1,0,4.0
T509084,Recarga celular,v1,Arequipa,1,Normal,118.4,0,5.0
T509085,Recarga celular,v1,Arequipa,19,Pico,471.0,0,3.0
T509086,Recarga celular,v2,Arequipa,17,Normal,111.7,0,4.0
T509087,Pago QR,v1,Arequipa,12,Normal,176.1,0,4.0
T509088,Pago QR,v2,Lima,22,Normal,214.6,0,5.0
T509089,Consulta de saldo,v2,Lima,9,Pico,48.9,0,5.0
T509090,Pago QR,v2,Lima,18,Pico,182.6,0,4.0
T509091,Transferencia,v2,Arequipa,16,Normal,500.0,0,4.0
T509092,Pago QR,v2,Lima,4,Normal,154.0,0,4.0
T509093,Transferencia,v1,Lima,9,Pico,239.5,0,5.0
T509094,Transferencia,v2,Arequipa,6,Normal,626.8,0,3.0
T509095,Consulta de saldo,v2,Arequipa,9,Pico,110.1,0,5.0
T509096,Pago QR,v2,Lima,4,Normal,232.1,0,4.0
T509097,Transferencia,v2,Trujillo,23,Normal,166.2,0,3.0
T509098,Pago de servicios,v2,Arequipa,7,Normal,476.2,0,3.0
T509099,Transferencia,v2,Arequipa,8,Pico,615.2,0,4.0
T509100,Consulta de saldo,v1,Arequipa,2,Normal,103.8,0,4.0
T509101,Consulta de saldo,v1,Lima,14,Normal,124.8,1,4.0
T509102,Consulta de saldo,v1,Lima,8,Pico,104.5,0,5.0
T509103,Pago QR,v1,Lima,15,Normal,127.7,0,4.0
T509104,Consulta de saldo,v2,Arequipa,22,Normal,132.9,0,5.0
T509105,Pago QR,v2,Arequipa,1,Normal,397.9,0,4.0
T509106,Pago de servicios,v2,Trujillo,22,Normal,725.2,0,2.0
T509107,Recarga celular,v2,Lima,21,Pico,124.1,0,5.0
T509108,Pago QR,v2,Lima,20,Pico,164.1,0,4.0
T509109,Transferencia,v2,Lima,16,Normal,346.5,0,3.0
T509110,Pago QR,v1,Trujillo,7,Normal,267.6,0,4.0
T509111,Pago QR,v1,Lima,15,Normal,152.9,0,4.0
T509112,Pago QR,v1,Lima,6,Normal,195.5,0,4.0
T509113,Pago de servicios,v1,Arequipa,7,Normal,105.8,0,5.0
T509114,Pago QR,v1,Lima,7,Normal,130.8,0,4.0
T509115,Pago de servicios,v2,Arequipa,20,Pico,422.0,0,4.0
T509116,Pago de servicios,v1,Arequipa,5,Normal,374.9,0,3.0
T509117,Pago QR,v1,Trujillo,5,Normal,260.2,1,3.0
T509118,Pago QR,v1,Trujillo,23,Normal,357.4,0,3.0
T509119,Transferencia,v2,Trujillo,3,Normal,347.0,0,5.0
T509120,Recarga celular,v2,Arequipa,6,Normal,163.8,0,4.0
T509121,Pago de servicios,v1,Trujillo,5,Normal,361.9,0,4.0
T509122,Transferencia,v1,Lima,6,Normal,779.2,0,3.0
T509123,Pago QR,v1,Arequipa,23,Normal,225.6,0,3.0
T509124,Pago de servicios,v1,Lima,0,Normal,222.7,0,4.0
T509125,Transferencia,v2,Trujillo,2,Normal,422.1,0,4.0
T509126,Consulta de saldo,v2,Lima,10,Pico,199.7,0,4.0
T509127,Pago QR,v1,Arequipa,4,Normal,202.8,0,4.0
T509128,Transferencia,v1,Lima,19,Pico,577.4,0,3.0
T509129,Recarga celular,v2,Lima,2,Normal,119.9,0,4.0
T509130,Transferencia,v1,Lima,6,Normal,435.5,0,3.0
T509131,Transferencia,v1,Trujillo,11,Normal,389.2,0,4.0
T509132,Transferencia,v1,Trujillo,18,Pico,428.0,0,4.0
T509133,Consulta de saldo,v1,Lima,22,Normal,120.2,0,5.0
T509134,Transferencia,v1,Arequipa,6,Normal,422.9,0,4.0
T509135,Consulta de saldo,v2,Arequipa,13,Normal,80.9,0,5.0
T509136,Recarga celular,v2,Lima,23,Normal,125.0,0,3.0
T509137,Transferencia,v1,Arequipa,19,Pico,795.3,0,1.0
T509138,Pago QR,v1,Trujillo,10,Pico,300.8,0,4.0
T509139,Recarga celular,v1,Lima,17,Normal,258.3,0,5.0
T509140,Pago de servicios,v2,Lima,12,Normal,157.4,0,5.0
T509141,Pago QR,v2,Arequipa,5,Normal,221.6,0,5.0
T509142,Consulta de saldo,v1,Trujillo,1,Normal,163.6,0,5.0
T509143,Transferencia,v2,Lima,10,Pico,341.9,0,4.0
T509144,Transferencia,v1,Lima,17,Normal,195.1,0,
T509145,Recarga celular,v1,Arequipa,8,Pico,196.0,0,4.0
T509146,Transferencia,v2,Lima,0,Normal,164.3,0,5.0
T509147,Recarga celular,v1,Lima,23,Normal,115.3,0,4.0
T509148,Recarga celular,v1,Lima,18,Pico,428.9,0,4.0
T509149,Pago QR,v2,Lima,10,Pico,232.5,0,5.0
T509150,Pago QR,v1,Lima,19,Pico,400.6,0,3.0
T509151,Consulta de saldo,v1,Trujillo,11,Normal,181.3,0,5.0
T509152,Consulta de saldo,v1,Arequipa,9,Pico,373.2,0,4.0
T509153,Transferencia,v1,Arequipa,13,Normal,265.0,0,5.0
T509154,Pago de servicios,v2,Lima,18,Pico,442.4,0,5.0
T509155,Consulta de saldo,v2,Lima,12,Normal,72.6,0,4.0
T509156,Transferencia,v1,Arequipa,6,Normal,120.5,0,3.0
T509157,Pago de servicios,v1,Arequipa,6,Normal,161.3,0,4.0
T509158,Pago de servicios,v2,Lima,17,Normal,262.7,0,4.0
T509159,Pago QR,v2,Trujillo,10,Pico,433.6,0,
T509160,Transferencia,v1,Lima,1,Normal,379.7,0,
T509161,Recarga celular,v1,Arequipa,11,Normal,137.3,0,5.0
T509162,Recarga celular,v1,Lima,0,Normal,142.3,0,5.0
T509163,Pago QR,v2,Lima,6,Normal,92.5,0,5.0
T509164,Pago QR,v2,Lima,6,Normal,196.8,1,3.0
T509165,Transferencia,v2,Lima,22,Normal,178.6,0,4.0
T509166,Recarga celular,v2,Arequipa,23,Normal,166.9,0,3.0
T509167,Consulta de saldo,v2,Lima,13,Normal,41.5,0,5.0
T509168,Consulta de saldo,v1,Lima,15,Normal,82.1,0,4.0
T509169,Transferencia,v1,Lima,17,Normal,126.9,0,5.0
T509170,Consulta de saldo,v1,Arequipa,10,Pico,178.1,0,4.0
T509171,Consulta de saldo,v1,Trujillo,1,Normal,160.0,0,3.0
T509172,Transferencia,v2,Trujillo,3,Normal,209.3,0,4.0
T509173,Recarga celular,v1,Lima,15,Normal,148.1,0,4.0
T509174,Pago de servicios,v2,Lima,6,Normal,459.1,0,4.0
T509175,Recarga celular,v2,Trujillo,23,Normal,73.8,0,4.0
T509176,Pago QR,v1,Lima,3,Normal,228.2,0,4.0
T509177,Transferencia,v1,Lima,18,Pico,328.9,0,4.0
T509178,Pago QR,v1,Lima,12,Normal,198.9,0,4.0
T509179,Pago QR,v2,Arequipa,20,Pico,234.5,0,4.0
T509180,Pago de servicios,v1,Arequipa,23,Normal,830.3,0,3.0
T509181,Pago QR,v1,Arequipa,17,Normal,254.9,0,4.0
T509182,Consulta de saldo,v2,Lima,12,Normal,61.5,0,5.0
T509183,Consulta de saldo,v2,Trujillo,14,Normal,139.3,0,5.0
T509184,Recarga celular,v1,Lima,17,Normal,80.8,0,4.0
T509185,Consulta de saldo,v2,Arequipa,1,Normal,142.4,0,4.0
T509186,Transferencia,v1,Lima,8,Pico,191.3,0,4.0
T509187,Pago QR,v1,Lima,6,Normal,100.6,0,5.0
T509188,Pago QR,v2,Arequipa,19,Pico,191.5,0,5.0
T509189,Pago QR,v1,Trujillo,18,Pico,98.8,0,5.0
T509190,Recarga celular,v2,Arequipa,9,Pico,348.9,0,5.0
T509191,Pago de servicios,v1,Arequipa,10,Pico,268.7,0,2.0
T509192,Recarga celular,v1,Lima,18,Pico,343.6,0,4.0
T509193,Consulta de saldo,v2,Trujillo,7,Normal,152.1,0,4.0
T509194,Transferencia,v2,Trujillo,12,Normal,264.6,0,4.0
T509195,Consulta de saldo,v1,Arequipa,8,Pico,308.0,0,5.0
T509196,Pago QR,v1,Lima,21,Pico,316.5,0,4.0
T509197,Consulta de saldo,v1,Lima,16,Normal,111.4,0,5.0
T509198,Pago QR,v2,Trujillo,20,Pico,271.2,0,4.0
T509199,Consulta de saldo,v1,Lima,14,Normal,107.9,0,5.0
T509200,Pago de servicios,v2,Arequipa,2,Normal,211.6,0,4.0
T509201,Consulta de saldo,v1,Lima,22,Normal,98.0,0,5.0
T509202,Transferencia,v1,Arequipa,17,Normal,325.0,0,3.0
T509203,Pago QR,v1,Trujillo,3,Normal,130.6,0,3.0
T509204,Transferencia,v1,Trujillo,13,Normal,190.5,0,3.0
T509205,Pago QR,v1,Lima,12,Normal,194.5,0,5.0
T509206,Consulta de saldo,v2,Lima,8,Pico,74.8,0,5.0
T509207,Transferencia,v2,Lima,15,Normal,332.8,0,4.0
T509208,Recarga celular,v1,Lima,15,Normal,191.7,0,5.0
T509209,Transferencia,v2,Arequipa,1,Normal,156.8,0,4.0
T509210,Transferencia,v1,Lima,8,Pico,167.3,0,5.0
T509211,Consulta de saldo,v1,Lima,1,Normal,120.6,0,4.0
T509212,Transferencia,v1,Trujillo,5,Normal,306.6,0,4.0
T509213,Transferencia,v2,Lima,6,Normal,269.2,0,4.0
T509214,Consulta de saldo,v1,Lima,23,Normal,52.7,0,5.0
T509215,Pago de servicios,v2,Lima,7,Normal,492.7,0,4.0
T509216,Transferencia,v1,Arequipa,18,Pico,551.5,0,3.0
T509217,Transferencia,v2,Trujillo,6,Normal,512.3,0,3.0
T509218,Transferencia,v2,Arequipa,6,Normal,157.3,0,
T509219,Pago QR,v1,Lima,7,Normal,219.6,0,5.0
T509220,Consulta de saldo,v2,Trujillo,17,Normal,76.5,0,5.0
T509221,Consulta de saldo,v1,Lima,18,Pico,94.5,0,4.0
T509222,Recarga celular,v1,Lima,12,Normal,168.9,0,4.0
T509223,Recarga celular,v1,Arequipa,2,Normal,100.4,0,4.0
T509224,Pago de servicios,v1,Arequipa,22,Normal,407.9,0,3.0
T509225,Pago QR,v1,Arequipa,15,Normal,237.5,0,4.0
T509226,Transferencia,v2,Arequipa,3,Normal,250.8,0,4.0
T509227,Consulta de saldo,v1,Lima,20,Pico,84.7,0,4.0
T509228,Pago de servicios,v2,Trujillo,16,Normal,356.7,0,4.0
T509229,Transferencia,v1,Trujillo,18,Pico,159.7,0,5.0
T509230,Consulta de saldo,v2,Lima,0,Normal,66.5,0,5.0
T509231,Consulta de saldo,v2,Arequipa,22,Normal,160.5,0,5.0
T509232,Pago de servicios,v1,Lima,14,Normal,391.1,0,4.0
T509233,Transferencia,v2,Trujillo,10,Pico,419.6,0,3.0
T509234,Consulta de saldo,v2,Trujillo,8,Pico,173.2,0,4.0
T509235,Pago de servicios,v1,Arequipa,15,Normal,537.3,0,2.0
T509236,Recarga celular,v1,Arequipa,1,Normal,198.1,0,4.0
T509237,Recarga celular,v1,Arequipa,15,Normal,91.8,0,4.0
T509238,Pago QR,v2,Trujillo,10,Pico,173.0,0,5.0
T509239,Recarga celular,v1,Trujillo,18,Pico,186.5,0,4.0
T509240,Pago QR,v1,Lima,8,Pico,294.0,0,4.0
T509241,Pago QR,v2,Arequipa,21,Pico,199.0,0,4.0
T509242,Consulta de saldo,v1,Lima,1,Normal,75.0,0,4.0
T509243,Consulta de saldo,v1,Lima,8,Pico,71.4,0,4.0
T509244,Consulta de saldo,v2,Trujillo,6,Normal,146.8,0,5.0
T509245,Transferencia,v1,Trujillo,2,Normal,245.1,0,3.0
T509246,Recarga celular,v2,Lima,13,Normal,253.9,0,4.0
T509247,Recarga celular,v1,Arequipa,21,Pico,170.7,0,4.0
T509248,Consulta de saldo,v1,Arequipa,18,Pico,113.8,0,4.0
T509249,Pago de servicios,v1,Arequipa,10,Pico,1048.9,0,3.0
T509250,Pago QR,v1,Arequipa,4,Normal,332.0,0,4.0
T509251,Pago de servicios,v1,Arequipa,17,Normal,331.3,0,4.0
T509252,Pago QR,v1,Trujillo,10,Pico,165.6,0,4.0
T509253,Consulta de saldo,v1,Trujillo,5,Normal,113.1,0,4.0
T509254,Pago QR,v2,Trujillo,22,Normal,124.4,0,4.0
T509255,Transferencia,v2,Trujillo,4,Normal,195.4,0,5.0
T509256,Pago QR,v2,Lima,20,Pico,194.6,0,3.0
T509257,Pago QR,v1,Lima,4,Normal,146.7,0,5.0
T509258,Transferencia,v1,Lima,16,Normal,290.6,0,5.0
T509259,Consulta de saldo,v2,Lima,2,Normal,88.9,0,3.0
T509260,Pago de servicios,v1,Lima,17,Normal,403.4,0,3.0
T509261,Pago de servicios,v2,Lima,2,Normal,271.0,0,4.0
T509262,Consulta de saldo,v1,Lima,18,Pico,82.4,0,5.0
T509263,Pago de servicios,v1,Lima,10,Pico,329.3,0,3.0
T509264,Pago QR,v2,Lima,1,Normal,143.2,0,5.0
T509265,Consulta de saldo,v2,Arequipa,9,Pico,89.3,0,4.0
T509266,Pago QR,v1,Lima,23,Normal,211.9,0,4.0
T509267,Pago de servicios,v1,Lima,19,Pico,280.6,0,4.0
T509268,Recarga celular,v2,Arequipa,16,Normal,319.4,0,4.0
T509269,Transferencia,v1,Lima,16,Normal,185.1,0,5.0
T509270,Recarga celular,v2,Arequipa,1,Normal,191.9,0,5.0
T509271,Transferencia,v2,Trujillo,13,Normal,142.6,0,3.0
T509272,Pago de servicios,v1,Arequipa,10,Pico,206.5,0,4.0
T509273,Consulta de saldo,v1,Trujillo,22,Normal,89.7,0,5.0
T509274,Transferencia,v1,Trujillo,10,Pico,290.6,0,3.0
T509275,Transferencia,v1,Trujillo,23,Normal,299.1,0,4.0
T509276,Pago de servicios,v1,Arequipa,23,Normal,298.7,0,4.0
T509277,Pago QR,v1,Arequipa,3,Normal,383.2,0,3.0
T509278,Pago de servicios,v1,Trujillo,22,Normal,422.0,0,4.0
T509279,Transferencia,v2,Trujillo,14,Normal,,0,5.0
T509280,Transferencia,v1,Arequipa,16,Normal,125.8,0,4.0
T509281,Transferencia,v2,Trujillo,19,Pico,353.0,0,3.0
T509282,Consulta de saldo,v2,Arequipa,10,Pico,46.9,0,4.0
T509283,Recarga celular,v2,Arequipa,1,Normal,443.8,0,5.0
T509284,Pago de servicios,v1,Trujillo,3,Normal,255.7,0,3.0
T509285,Transferencia,v2,Trujillo,22,Normal,225.7,0,5.0
T509286,Recarga celular,v2,Arequipa,15,Normal,247.5,0,4.0
T509287,Pago QR,v2,Lima,23,Normal,147.8,0,5.0
T509288,Transferencia,v2,Arequipa,13,Normal,362.1,0,4.0
T509289,Recarga celular,v2,Lima,9,Pico,243.5,0,3.0
T509290,Recarga celular,v2,Arequipa,8,Pico,121.1,0,5.0
T509291,Consulta de saldo,v2,Lima,5,Normal,176.8,1,4.0
T509292,Pago QR,v2,Trujillo,6,Normal,146.8,0,4.0
T509293,Pago QR,v2,Trujillo,10,Pico,2231.1,0,1.0
T509294,Recarga celular,v1,Arequipa,7,Normal,124.9,0,5.0
T509295,Transferencia,v2,Arequipa,10,Pico,426.5,0,3.0
T509296,Recarga celular,v2,Lima,2,Normal,188.3,0,4.0
T509297,Recarga celular,v2,Arequipa,3,Normal,160.0,0,3.0
T509298,Pago QR,v1,Trujillo,17,Normal,144.4,0,4.0
T509299,Transferencia,v1,Arequipa,19,Pico,131.9,0,5.0
T509300,Transferencia,v2,Lima,19,Pico,175.0,0,5.0
T509301,Transferencia,v1,Arequipa,12,Normal,177.9,0,4.0
T509302,Consulta de saldo,v1,Lima,0,Normal,63.8,0,5.0
T509303,Pago QR,v1,Lima,22,Normal,221.4,0,3.0
T509304,Pago de servicios,v2,Trujillo,3,Normal,175.8,0,5.0
T509305,Consulta de saldo,v2,Arequipa,9,Pico,160.0,0,4.0
T509306,Pago QR,v1,Lima,8,Pico,276.0,0,3.0
T509307,Pago QR,v2,Trujillo,1,Normal,246.0,0,5.0
T509308,Consulta de saldo,v1,Lima,16,Normal,96.6,0,4.0
T509309,Pago QR,v2,Lima,21,Pico,311.6,0,4.0
T509310,Recarga celular,v2,Trujillo,0,Normal,207.3,0,4.0
T509311,Consulta de saldo,v2,Trujillo,11,Normal,72.3,0,4.0
T509312,Transferencia,v1,Trujillo,12,Normal,230.8,0,5.0
T509313,Recarga celular,v1,Trujillo,20,Pico,267.8,0,4.0
T509314,Transferencia,v1,Lima,15,Normal,209.2,0,4.0
T509315,Pago de servicios,v2,Lima,4,Normal,251.5,0,4.0
T509316,Transferencia,v1,Arequipa,0,Normal,178.3,0,3.0
T509317,Transferencia,v1,Arequipa,23,Normal,199.3,0,5.0
T509318,Pago QR,v1,Arequipa,6,Normal,262.3,0,5.0
T509319,Recarga celular,v1,Arequipa,7,Normal,156.0,0,3.0
T509320,Consulta de saldo,v2,Lima,10,Pico,55.2,0,5.0
T509321,Transferencia,v1,Trujillo,16,Normal,530.7,0,3.0
T509322,Recarga celular,v1,Trujillo,2,Normal,134.4,0,5.0
T509323,Pago QR,v2,Lima,13,Normal,346.0,0,3.0
T509324,Recarga celular,v1,Arequipa,0,Normal,187.3,0,4.0
T509325,Transferencia,v2,Trujillo,14,Normal,444.2,0,4.0
T509326,Recarga celular,v1,Arequipa,5,Normal,192.5,0,5.0
T509327,Recarga celular,v2,Arequipa,19,Pico,113.1,0,5.0
T509328,Transferencia,v2,Lima,16,Normal,357.1,0,4.0
T509329,Pago de servicios,v2,Arequipa,23,Normal,376.9,0,4.0
T509330,Consulta de saldo,v2,Arequipa,0,Normal,78.2,0,5.0
T509331,Recarga celular,v1,Trujillo,20,Pico,203.6,0,5.0
T509332,Transferencia,v2,Lima,22,Normal,319.2,0,4.0
T509333,Consulta de saldo,v1,Lima,4,Normal,157.5,0,4.0
T509334,Transferencia,v2,Lima,17,Normal,219.4,0,3.0
T509335,Pago de servicios,v2,Lima,8,Pico,301.5,0,5.0
T509336,Pago QR,v2,Lima,1,Normal,259.7,0,3.0
T509337,Pago QR,v1,Trujillo,16,Normal,351.2,0,5.0
T509338,Consulta de saldo,v1,Arequipa,4,Normal,44.4,0,5.0
T509339,Pago QR,v1,Lima,19,Pico,174.7,0,4.0
T509340,Transferencia,v2,Arequipa,9,Pico,113.9,0,5.0
T509341,Recarga celular,v2,Trujillo,11,Normal,154.5,0,4.0
T509342,Pago de servicios,v1,Arequipa,7,Normal,276.9,0,5.0
T509343,Consulta de saldo,v1,Lima,16,Normal,72.8,0,4.0
T509344,Transferencia,v2,Arequipa,12,Normal,240.0,0,4.0
T509345,Pago QR,v2,Lima,9,Pico,459.5,0,3.0
T509346,Pago QR,v2,Lima,16,Normal,480.9,0,
T509347,Pago de servicios,v2,Lima,13,Normal,394.6,0,4.0
T509348,Pago de servicios,v2,Lima,17,Normal,376.0,0,4.0
T509349,Pago QR,v1,Lima,21,Pico,174.1,0,4.0
T509350,Pago de servicios,v2,Trujillo,16,Normal,218.6,0,4.0
T509351,Consulta de saldo,v1,Arequipa,4,Normal,93.6,0,5.0
T509352,Consulta de saldo,v1,Arequipa,2,Normal,144.8,0,3.0
T509353,Pago de servicios,v1,Lima,17,Normal,116.9,0,5.0
T509354,Pago de servicios,v1,Trujillo,16,Normal,848.2,0,4.0
T509355,Pago QR,v2,Lima,2,Normal,214.1,0,4.0
T509356,Pago de servicios,v1,Lima,20,Pico,653.8,0,4.0
T509357,Transferencia,v1,Lima,7,Normal,451.2,0,4.0
T509358,Pago QR,v1,Trujillo,22,Normal,220.3,0,4.0
T509359,Transferencia,v1,Arequipa,13,Normal,217.9,0,5.0
T509360,Consulta de saldo,v2,Lima,20,Pico,72.4,0,4.0
T509361,Consulta de saldo,v2,Trujillo,8,Pico,130.9,0,5.0
T509362,Recarga celular,v2,Arequipa,5,Normal,227.5,0,5.0
T509363,Recarga celular,v2,Lima,13,Normal,155.7,0,4.0
T509364,Transferencia,v2,Trujillo,20,Pico,407.5,0,2.0
T509365,Consulta de saldo,v1,Trujillo,17,Normal,198.9,0,4.0
T509366,Pago QR,v1,Trujillo,15,Normal,184.5,0,5.0
T509367,Pago de servicios,v1,Trujillo,12,Normal,375.6,0,4.0
T509368,Pago de servicios,v1,Trujillo,16,Normal,451.2,0,3.0
T509369,Pago QR,v1,Arequipa,23,Normal,133.8,0,4.0
T509370,Consulta de saldo,v2,Lima,9,Pico,256.9,0,2.0
T509371,Transferencia,v1,Arequipa,6,Normal,557.4,0,4.0
T509372,Transferencia,v1,Arequipa,7,Normal,827.7,0,3.0
T509373,Pago QR,v2,Trujillo,9,Pico,82.3,0,4.0
T509374,Transferencia,v1,Lima,0,Normal,268.5,0,4.0
T509375,Transferencia,v1,Lima,3,Normal,477.8,0,3.0
T509376,Pago QR,v2,Lima,23,Normal,173.1,0,4.0
T509377,Consulta de saldo,v2,Arequipa,12,Normal,,0,5.0
T509378,Pago QR,v2,Lima,11,Normal,178.1,0,4.0
T509379,Pago QR,v1,Arequipa,17,Normal,424.6,0,3.0
T509380,Transferencia,v2,Lima,19,Pico,224.8,0,4.0
T509381,Recarga celular,v2,Lima,3,Normal,267.5,0,4.0
T509382,Transferencia,v1,Lima,12,Normal,182.5,0,4.0
T509383,Transferencia,v1,Trujillo,6,Normal,109.7,0,5.0
T509384,Transferencia,v2,Arequipa,16,Normal,232.4,0,5.0
T509385,Pago de servicios,v2,Lima,12,Normal,225.9,0,4.0
T509386,Pago QR,v2,Arequipa,1,Normal,110.3,0,5.0
T509387,Recarga celular,v2,Arequipa,18,Pico,257.4,0,4.0
T509388,Pago QR,v1,Trujillo,22,Normal,168.0,0,4.0
T509389,Consulta de saldo,v2,Arequipa,5,Normal,183.1,0,4.0
T509390,Pago QR,v2,Lima,20,Pico,280.3,0,5.0
T509391,Pago de servicios,v2,Lima,21,Pico,304.0,0,4.0
T509392,Pago de servicios,v2,Trujillo,22,Normal,258.7,0,4.0
T509393,Pago de servicios,v2,Lima,16,Normal,487.8,0,3.0
T509394,Transferencia,v1,Lima,7,Normal,668.6,0,4.0
T509395,Transferencia,v1,Lima,12,Normal,324.2,0,4.0
T509396,Pago de servicios,v2,Arequipa,13,Normal,193.2,0,3.0
T509397,Transferencia,v2,Lima,23,Normal,247.0,0,4.0
T509398,Consulta de saldo,v2,Lima,3,Normal,51.8,0,5.0
T509399,Transferencia,v2,Arequipa,11,Normal,161.6,0,4.0
T509400,Recarga celular,v2,Lima,22,Normal,118.8,0,5.0
T509401,Pago QR,v1,Trujillo,3,Normal,132.0,0,5.0
T509402,Transferencia,v1,Trujillo,14,Normal,621.2,0,2.0
T509403,Consulta de saldo,v1,Trujillo,17,Normal,101.7,0,3.0
T509404,Pago QR,v2,Lima,10,Pico,212.4,0,4.0
T509405,Consulta de saldo,v2,Arequipa,0,Normal,71.9,0,5.0
T509406,Recarga celular,v2,Lima,18,Pico,187.3,0,3.0
T509407,Consulta de saldo,v1,Lima,14,Normal,73.1,0,5.0
T509408,Transferencia,v1,Trujillo,12,Normal,265.6,0,3.0
T509409,Pago de servicios,v1,Trujillo,9,Pico,381.6,0,4.0
T509410,Transferencia,v1,Trujillo,16,Normal,235.9,0,3.0
T509411,Consulta de saldo,v1,Lima,16,Normal,194.6,0,4.0
T509412,Transferencia,v2,Lima,12,Normal,250.9,0,4.0
T509413,Recarga celular,v1,Lima,22,Normal,114.5,0,4.0
T509414,Pago de servicios,v1,Trujillo,3,Normal,423.2,0,5.0
T509415,Consulta de saldo,v2,Lima,0,Normal,62.9,0,4.0
T509416,Pago QR,v1,Trujillo,5,Normal,120.5,0,5.0
T509417,Recarga celular,v2,Lima,22,Normal,165.7,0,4.0
T509418,Pago QR,v2,Trujillo,5,Normal,286.2,1,2.0
T509419,Recarga celular,v2,Lima,9,Pico,277.5,0,4.0
T509420,Pago de servicios,v1,Lima,18,Pico,,0,3.0
T509421,Consulta de saldo,v1,Lima,21,Pico,77.7,0,4.0
T509422,Transferencia,v2,Lima,20,Pico,95.6,0,5.0
T509423,Pago QR,v2,Lima,3,Normal,99.0,0,5.0
T509424,Pago QR,v1,Arequipa,22,Normal,120.5,0,5.0
T509425,Pago QR,v1,Lima,17,Normal,103.7,0,4.0
T509426,Pago QR,v2,Trujillo,14,Normal,183.8,0,
T509427,Transferencia,v1,Trujillo,18,Pico,631.2,0,2.0
T509428,Transferencia,v1,Lima,1,Normal,582.1,0,4.0
T509429,Pago QR,v2,Lima,1,Normal,297.9,0,5.0
T509430,Transferencia,v2,Lima,22,Normal,373.9,0,5.0
T509431,Transferencia,v2,Arequipa,20,Pico,376.6,0,4.0
T509432,Recarga celular,v2,Lima,5,Normal,218.1,0,5.0
T509433,Pago QR,v2,Lima,4,Normal,248.1,0,4.0
T509434,Pago QR,v2,Trujillo,18,Pico,246.7,0,4.0
T509435,Consulta de saldo,v1,Arequipa,9,Pico,48.6,0,4.0
T509436,Consulta de saldo,v1,Arequipa,22,Normal,112.7,0,5.0
T509437,Transferencia,v1,Lima,2,Normal,114.8,0,3.0
T509438,Transferencia,v2,Arequipa,10,Pico,192.1,0,5.0
T509439,Pago QR,v1,Lima,13,Normal,243.7,0,4.0
T509440,Recarga celular,v2,Trujillo,4,Normal,86.2,0,3.0
T509441,Recarga celular,v2,Lima,16,Normal,149.6,0,4.0
T509442,Recarga celular,v2,Trujillo,9,Pico,161.7,0,4.0
T509443,Transferencia,v1,Lima,8,Pico,441.7,0,4.0
T509444,Transferencia,v1,Trujillo,5,Normal,397.6,0,5.0
T509445,Recarga celular,v1,Trujillo,11,Normal,59.2,0,5.0
T509446,Pago QR,v1,Lima,1,Normal,102.5,0,4.0
T509447,Transferencia,v2,Trujillo,8,Pico,133.7,0,4.0
T509448,Transferencia,v1,Lima,5,Normal,147.2,0,3.0
T509449,Consulta de saldo,v2,Lima,23,Normal,380.7,1,3.0
T509450,Pago de servicios,v2,Trujillo,12,Normal,205.8,0,4.0
T509451,Pago QR,v1,Arequipa,18,Pico,158.0,0,4.0
T509452,Recarga celular,v2,Lima,1,Normal,193.6,0,4.0
T509453,Transferencia,v2,Arequipa,15,Normal,247.4,0,3.0
T509454,Recarga celular,v1,Trujillo,6,Normal,263.9,0,5.0
T509455,Recarga celular,v1,Lima,13,Normal,303.9,0,5.0
T509456,Pago de servicios,v2,Arequipa,15,Normal,202.2,0,5.0
T509457,Consulta de saldo,v2,Trujillo,6,Normal,96.9,0,5.0
T509458,Consulta de saldo,v1,Arequipa,9,Pico,53.6,0,5.0
T509459,Recarga celular,v1,Arequipa,0,Normal,131.7,0,5.0
T509460,Recarga celular,v1,Lima,16,Normal,164.5,0,5.0
T509461,Pago QR,v1,Lima,3,Normal,206.3,0,4.0
T509462,Transferencia,v1,Lima,7,Normal,158.7,0,4.0
T509463,Recarga celular,v1,Arequipa,22,Normal,108.9,0,4.0
T509464,Consulta de saldo,v1,Trujillo,1,Normal,96.8,0,5.0
T509465,Transferencia,v2,Trujillo,8,Pico,171.0,0,4.0
T509466,Pago QR,v1,Arequipa,22,Normal,172.3,0,
T509467,Recarga celular,v2,Arequipa,16,Normal,236.8,0,4.0
T509468,Recarga celular,v1,Trujillo,5,Normal,86.7,0,4.0
T509469,Transferencia,v1,Lima,2,Normal,405.1,0,4.0
T509470,Pago QR,v2,Lima,17,Normal,133.2,0,5.0
T509471,Transferencia,v1,Trujillo,6,Normal,317.4,0,4.0
T509472,Consulta de saldo,v1,Trujillo,16,Normal,224.0,0,4.0
T509473,Consulta de saldo,v2,Trujillo,13,Normal,131.9,0,4.0
T509474,Consulta de saldo,v1,Lima,5,Normal,74.8,0,4.0
T509475,Pago de servicios,v2,Trujillo,6,Normal,427.7,0,5.0
T509476,Transferencia,v1,Lima,1,Normal,338.5,0,4.0
T509477,Pago de servicios,v2,Lima,0,Normal,187.3,0,5.0
T509478,Pago de servicios,v2,Lima,4,Normal,186.7,0,5.0
T509479,Consulta de saldo,v2,Lima,2,Normal,111.5,0,5.0
T509480,Pago de servicios,v2,Lima,6,Normal,337.3,0,5.0
T509481,Transferencia,v1,Trujillo,12,Normal,233.3,1,2.0
T509482,Consulta de saldo,v2,Trujillo,20,Pico,91.3,0,5.0
T509483,Recarga celular,v2,Arequipa,15,Normal,251.7,0,4.0
T509484,Recarga celular,v1,Arequipa,19,Pico,260.6,0,3.0
T509485,Consulta de saldo,v2,Lima,2,Normal,42.4,0,5.0
T509486,Pago de servicios,v1,Lima,13,Normal,426.7,0,4.0
T509487,Transferencia,v2,Lima,21,Pico,700.3,0,4.0
T509488,Consulta de saldo,v2,Lima,21,Pico,192.4,0,5.0
T509489,Pago QR,v1,Lima,6,Normal,160.7,0,4.0
T509490,Pago QR,v1,Trujillo,3,Normal,314.4,0,4.0
T509491,Pago de servicios,v2,Lima,8,Pico,303.0,0,4.0
T509492,Transferencia,v2,Trujillo,12,Normal,354.8,0,3.0
T509493,Transferencia,v2,Trujillo,6,Normal,184.4,0,5.0
T509494,Pago de servicios,v1,Arequipa,3,Normal,234.5,0,4.0
T509495,Pago de servicios,v1,Lima,9,Pico,531.6,0,
T509496,Recarga celular,v2,Lima,3,Normal,172.7,0,3.0
T509497,Transferencia,v1,Arequipa,11,Normal,334.2,0,4.0
T509498,Pago de servicios,v2,Lima,9,Pico,327.9,0,5.0
T509499,Transferencia,v1,Trujillo,14,Normal,390.0,0,4.0
T509500,Recarga celular,v2,Arequipa,13,Normal,78.9,0,5.0
T509501,Recarga celular,v1,Arequipa,17,Normal,121.6,0,4.0
T509502,Pago QR,v2,Arequipa,10,Pico,305.6,0,4.0
T509503,Transferencia,v2,Lima,1,Normal,223.5,0,5.0
T509504,Transferencia,v2,Lima,7,Normal,216.8,0,5.0
T509505,Pago QR,v2,Lima,19,Pico,311.6,0,3.0
T509506,Transferencia,v2,Trujillo,5,Normal,261.0,0,4.0
T509507,Transferencia,v2,Lima,18,Pico,204.1,0,5.0
T509508,Pago QR,v2,Lima,7,Normal,198.8,1,3.0
T509509,Transferencia,v1,Arequipa,17,Normal,192.9,0,4.0
T509510,Consulta de saldo,v2,Trujillo,8,Pico,90.7,0,4.0
T509511,Pago de servicios,v2,Lima,4,Normal,323.9,0,4.0
T509512,Recarga celular,v1,Trujillo,9,Pico,117.0,0,5.0
T509513,Transferencia,v1,Trujillo,22,Normal,254.5,0,5.0
T509514,Consulta de saldo,v2,Lima,3,Normal,114.7,0,4.0
T509515,Pago QR,v1,Lima,22,Normal,200.7,0,4.0
T509516,Pago QR,v2,Arequipa,11,Normal,271.6,0,5.0
T509517,Pago QR,v1,Trujillo,6,Normal,185.6,0,5.0
T509518,Pago de servicios,v2,Arequipa,1,Normal,433.9,0,4.0
T509519,Transferencia,v2,Trujillo,3,Normal,150.4,0,5.0
T509520,Pago QR,v2,Lima,16,Normal,285.8,1,3.0
T509521,Pago QR,v2,Lima,23,Normal,135.6,0,5.0
T509522,Pago QR,v2,Arequipa,21,Pico,210.0,0,4.0
T509523,Pago QR,v2,Trujillo,15,Normal,215.0,0,5.0
T509524,Transferencia,v2,Trujillo,18,Pico,302.3,0,5.0
T509525,Pago de servicios,v2,Lima,10,Pico,462.1,0,4.0
T509526,Recarga celular,v2,Arequipa,7,Normal,198.0,0,4.0
T509527,Consulta de saldo,v2,Lima,20,Pico,171.5,0,5.0
T509528,Consulta de saldo,v1,Trujillo,2,Normal,74.2,0,4.0
T509529,Pago QR,v2,Arequipa,21,Pico,219.9,0,4.0
T509530,Recarga celular,v1,Lima,17,Normal,217.0,0,4.0
T509531,Consulta de saldo,v2,Lima,10,Pico,223.6,0,
T509532,Transferencia,v2,Arequipa,19,Pico,305.8,0,4.0
T509533,Transferencia,v1,Lima,15,Normal,217.6,0,4.0
T509534,Transferencia,v2,Lima,14,Normal,372.3,0,3.0
T509535,Consulta de saldo,v1,Arequipa,7,Normal,199.4,0,5.0
T509536,Transferencia,v1,Lima,20,Pico,242.1,0,4.0
T509537,Pago QR,v1,Lima,19,Pico,246.6,0,5.0
T509538,Pago QR,v1,Lima,6,Normal,146.2,0,4.0
T509539,Pago QR,v1,Trujillo,12,Normal,200.0,1,3.0
T509540,Pago QR,v1,Trujillo,15,Normal,278.7,0,3.0
T509541,Consulta de saldo,v1,Lima,5,Normal,63.4,0,4.0
T509542,Recarga celular,v1,Arequipa,21,Pico,157.9,0,4.0
T509543,Transferencia,v2,Arequipa,20,Pico,664.3,0,2.0
T509544,Pago de servicios,v2,Lima,13,Normal,896.3,0,4.0
T509545,Pago QR,v1,Trujillo,9,Pico,258.9,0,2.0
T509546,Pago de servicios,v2,Lima,18,Pico,392.3,0,4.0
T509547,Pago QR,v1,Arequipa,21,Pico,225.7,0,3.0
T509548,Pago de servicios,v2,Lima,2,Normal,608.8,0,3.0
T509549,Transferencia,v1,Trujillo,4,Normal,376.5,0,2.0
T509550,Transferencia,v1,Lima,12,Normal,132.3,0,4.0
T509551,Pago de servicios,v1,Lima,12,Normal,217.9,0,4.0
T509552,Transferencia,v2,Trujillo,18,Pico,378.5,0,4.0
T509553,Pago QR,v2,Trujillo,22,Normal,276.6,0,4.0
T509554,Transferencia,v1,Lima,10,Pico,257.0,0,4.0
T509555,Recarga celular,v2,Arequipa,0,Normal,163.0,0,5.0
T509556,Pago QR,v1,Arequipa,6,Normal,279.1,0,3.0
T509557,Pago de servicios,v1,Arequipa,14,Normal,657.7,0,4.0
T509558,Consulta de saldo,v1,Arequipa,19,Pico,139.1,0,4.0
T509559,Transferencia,v2,Trujillo,0,Normal,274.9,0,3.0
T509560,Pago de servicios,v1,Trujillo,0,Normal,520.1,0,2.0
T509561,Pago QR,v2,Trujillo,4,Normal,102.6,0,5.0
T509562,Pago de servicios,v2,Trujillo,4,Normal,242.8,0,4.0
T509563,Pago de servicios,v1,Arequipa,7,Normal,335.3,0,5.0
T509564,Pago QR,v2,Lima,3,Normal,285.5,0,3.0
T509565,Transferencia,v2,Lima,8,Pico,426.6,0,2.0
T509566,Pago QR,v2,Lima,18,Pico,147.6,0,4.0
T509567,Recarga celular,v1,Lima,22,Normal,255.1,0,4.0
T509568,Pago QR,v1,Trujillo,20,Pico,219.2,0,4.0
T509569,Transferencia,v1,Lima,9,Pico,361.9,0,4.0
T509570,Pago QR,v1,Trujillo,8,Pico,200.6,0,5.0
T509571,Recarga celular,v1,Lima,15,Normal,88.2,0,5.0
T509572,Recarga celular,v2,Trujillo,2,Normal,193.5,0,4.0
T509573,Pago de servicios,v1,Trujillo,13,Normal,212.1,0,5.0
T509574,Recarga celular,v2,Arequipa,15,Normal,161.0,0,4.0
T509575,Recarga celular,v2,Trujillo,6,Normal,60.9,0,5.0
T509576,Recarga celular,v2,Lima,1,Normal,177.6,0,4.0
T509577,Transferencia,v1,Arequipa,20,Pico,294.3,0,4.0
T509578,Transferencia,v2,Trujillo,17,Normal,110.1,0,4.0
T509579,Recarga celular,v2,Trujillo,10,Pico,125.1,0,5.0
T509580,Transferencia,v2,Trujillo,7,Normal,282.9,0,2.0
T509581,Pago QR,v1,Lima,23,Normal,225.2,0,3.0
T509582,Transferencia,v1,Lima,10,Pico,335.8,0,4.0
T509583,Recarga celular,v1,Trujillo,2,Normal,316.9,0,4.0
T509584,Consulta de saldo,v2,Lima,16,Normal,163.3,0,5.0
T509585,Recarga celular,v1,Lima,14,Normal,205.2,0,4.0
T509586,Pago QR,v1,Lima,5,Normal,328.5,0,5.0
T509587,Recarga celular,v2,Lima,8,Pico,267.4,0,4.0
T509588,Recarga celular,v1,Lima,18,Pico,219.3,0,4.0
T509589,Pago de servicios,v1,Trujillo,4,Normal,422.4,0,4.0
T509590,Consulta de saldo,v2,Lima,13,Normal,91.7,0,5.0
T509591,Consulta de saldo,v2,Trujillo,19,Pico,116.4,0,5.0
T509592,Pago QR,v1,Lima,19,Pico,206.7,0,3.0
T509593,Recarga celular,v2,Lima,20,Pico,284.3,0,4.0
T509594,Recarga celular,v2,Arequipa,17,Normal,111.4,0,4.0
T509595,Pago QR,v1,Arequipa,2,Normal,107.2,0,4.0
T509596,Recarga celular,v2,Lima,19,Pico,376.9,0,3.0
T509597,Pago QR,v1,Lima,11,Normal,86.2,0,5.0
T509598,Pago de servicios,v1,Trujillo,21,Pico,370.3,0,4.0
T509599,Consulta de saldo,v2,Lima,21,Pico,198.1,0,5.0
T509600,Transferencia,v1,Arequipa,23,Normal,411.0,0,4.0
T509601,Pago de servicios,v1,Arequipa,19,Pico,303.4,0,5.0
T509602,Pago QR,v1,Lima,22,Normal,182.7,0,5.0
T509603,Consulta de saldo,v2,Lima,14,Normal,81.9,0,4.0
T509604,Pago QR,v2,Lima,1,Normal,113.5,0,5.0
T509605,Consulta de saldo,v2,Lima,0,Normal,111.4,0,5.0
T509606,Recarga celular,v1,Arequipa,1,Normal,124.8,0,4.0
T509607,Pago QR,v2,Trujillo,8,Pico,575.0,0,3.0
T509608,Pago QR,v1,Arequipa,22,Normal,179.2,0,4.0
T509609,Pago de servicios,v1,Lima,1,Normal,417.3,0,3.0
T509610,Pago de servicios,v1,Lima,18,Pico,459.8,0,4.0
T509611,Pago de servicios,v1,Lima,21,Pico,293.8,0,3.0
T509612,Consulta de saldo,v2,Arequipa,18,Pico,227.4,0,3.0
T509613,Transferencia,v2,Lima,20,Pico,424.5,0,3.0
T509614,Transferencia,v1,Lima,9,Pico,389.5,0,3.0
T509615,Transferencia,v2,Arequipa,22,Normal,508.4,0,3.0
T509616,Transferencia,v2,Trujillo,12,Normal,362.1,0,5.0
T509617,Pago QR,v1,Arequipa,13,Normal,138.4,0,3.0
T509618,Transferencia,v1,Lima,5,Normal,221.3,0,5.0
T509619,Pago de servicios,v1,Arequipa,18,Pico,388.7,0,5.0
T509620,Pago QR,v1,Lima,0,Normal,259.3,0,4.0
T509621,Pago QR,v1,Lima,23,Normal,141.5,0,5.0
T509622,Pago de servicios,v2,Lima,18,Pico,141.2,1,3.0
T509623,Consulta de saldo,v2,Lima,18,Pico,134.6,0,4.0
T509624,Recarga celular,v1,Lima,7,Normal,93.8,0,4.0
T509625,Pago de servicios,v2,Arequipa,4,Normal,519.7,0,4.0
T509626,Recarga celular,v1,Trujillo,20,Pico,124.1,0,5.0
T509627,Pago QR,v2,Arequipa,10,Pico,259.2,0,3.0
T509628,Recarga celular,v2,Lima,14,Normal,152.9,0,5.0
T509629,Pago QR,v2,Lima,22,Normal,213.3,0,5.0
T509630,Consulta de saldo,v1,Lima,15,Normal,106.3,0,
T509631,Transferencia,v1,Lima,19,Pico,319.6,0,4.0
T509632,Pago QR,v2,Arequipa,22,Normal,310.4,0,4.0
T509633,Consulta de saldo,v2,Lima,13,Normal,133.8,0,4.0
T509634,Recarga celular,v1,Trujillo,12,Normal,79.1,0,5.0
T509635,Pago QR,v2,Lima,1,Normal,148.3,0,5.0
T509636,Recarga celular,v2,Arequipa,10,Pico,3009.3,0,1.0
T509637,Consulta de saldo,v2,Lima,9,Pico,163.6,0,4.0
T509638,Pago QR,v2,Lima,6,Normal,164.0,0,4.0
T509639,Pago QR,v2,Lima,6,Normal,156.7,0,5.0
T509640,Consulta de saldo,v1,Lima,12,Normal,55.2,0,5.0
T509641,Recarga celular,v2,Trujillo,11,Normal,218.5,0,3.0
T509642,Pago de servicios,v1,Trujillo,0,Normal,161.8,0,5.0
T509643,Transferencia,v1,Lima,0,Normal,374.1,0,4.0
T509644,Transferencia,v2,Lima,23,Normal,286.8,1,4.0
T509645,Pago QR,v2,Arequipa,2,Normal,449.7,0,3.0
T509646,Pago QR,v2,Lima,10,Pico,147.9,0,4.0
T509647,Transferencia,v2,Lima,22,Normal,613.6,0,4.0
T509648,Recarga celular,v2,Trujillo,6,Normal,136.2,0,5.0
T509649,Pago QR,v2,Arequipa,12,Normal,310.4,0,3.0
T509650,Recarga celular,v2,Arequipa,15,Normal,187.5,0,3.0
T509651,Consulta de saldo,v2,Lima,11,Normal,69.6,0,5.0
T509652,Consulta de saldo,v1,Arequipa,9,Pico,49.7,0,
T509653,Pago de servicios,v1,Arequipa,16,Normal,406.5,0,4.0
T509654,Transferencia,v2,Lima,9,Pico,339.8,0,4.0
T509655,Consulta de saldo,v2,Trujillo,22,Normal,66.7,0,4.0
T509656,Pago QR,v2,Lima,12,Normal,189.9,0,5.0
T509657,Consulta de saldo,v1,Lima,0,Normal,187.7,0,5.0
T509658,Consulta de saldo,v1,Arequipa,23,Normal,154.4,0,4.0
T509659,Pago QR,v2,Lima,7,Normal,254.9,0,4.0
T509660,Transferencia,v1,Trujillo,2,Normal,319.3,0,3.0
T509661,Transferencia,v2,Lima,8,Pico,126.6,0,4.0
T509662,Transferencia,v2,Lima,6,Normal,384.5,0,3.0
T509663,Recarga celular,v1,Lima,12,Normal,139.7,0,5.0
T509664,Consulta de saldo,v2,Trujillo,16,Normal,134.0,0,5.0
T509665,Recarga celular,v2,Lima,22,Normal,194.3,0,4.0
T509666,Pago QR,v1,Lima,4,Normal,427.3,0,5.0
T509667,Recarga celular,v2,Lima,18,Pico,150.2,0,4.0
T509668,Transferencia,v1,Lima,21,Pico,104.2,0,4.0
T509669,Pago de servicios,v1,Lima,4,Normal,282.6,0,5.0
T509670,Consulta de saldo,v1,Arequipa,5,Normal,69.1,0,5.0
T509671,Pago de servicios,v2,Trujillo,14,Normal,470.7,0,4.0
T509672,Pago de servicios,v2,Trujillo,3,Normal,295.1,0,4.0
T509673,Transferencia,v2,Arequipa,8,Pico,144.3,0,5.0
T509674,Pago QR,v1,Lima,0,Normal,194.5,0,4.0
T509675,Pago de servicios,v1,Trujillo,6,Normal,576.6,0,3.0
T509676,Recarga celular,v2,Arequipa,12,Normal,201.0,0,4.0
T509677,Pago QR,v2,Trujillo,10,Pico,219.7,0,4.0
T509678,Transferencia,v1,Lima,11,Normal,221.6,0,4.0
T509679,Pago de servicios,v2,Lima,2,Normal,316.2,0,5.0
T509680,Pago QR,v1,Lima,12,Normal,171.7,0,5.0
T509681,Transferencia,v1,Lima,5,Normal,297.1,0,5.0
T509682,Transferencia,v1,Lima,23,Normal,328.2,0,4.0
T509683,Transferencia,v1,Lima,9,Pico,422.6,0,4.0
T509684,Transferencia,v2,Lima,2,Normal,264.2,0,4.0
T509685,Pago de servicios,v2,Arequipa,18,Pico,697.9,0,3.0
T509686,Pago de servicios,v2,Lima,12,Normal,109.0,0,3.0
T509687,Transferencia,v1,Trujillo,0,Normal,261.5,0,3.0
T509688,Recarga celular,v2,Lima,1,Normal,140.1,0,4.0
T509689,Consulta de saldo,v2,Trujillo,20,Pico,46.2,0,4.0
T509690,Transferencia,v1,Arequipa,4,Normal,395.6,0,3.0
T509691,Consulta de saldo,v2,Lima,16,Normal,36.3,0,4.0
T509692,Consulta de saldo,v1,Trujillo,2,Normal,74.5,0,5.0
T509693,Consulta de saldo,v1,Arequipa,9,Pico,156.6,0,4.0
T509694,Transferencia,v1,Lima,3,Normal,279.0,0,3.0
T509695,Pago QR,v2,Trujillo,19,Pico,185.4,0,4.0
T509696,Recarga celular,v2,Lima,3,Normal,152.7,0,4.0
T509697,Consulta de saldo,v1,Arequipa,12,Normal,128.2,0,5.0
T509698,Transferencia,v2,Trujillo,13,Normal,154.3,0,5.0
T509699,Transferencia,v2,Trujillo,15,Normal,355.9,0,4.0
T509700,Recarga celular,v2,Lima,13,Normal,248.0,0,5.0
T509701,Recarga celular,v1,Lima,16,Normal,146.5,0,4.0
T509702,Transferencia,v1,Trujillo,4,Normal,97.2,0,5.0
T509703,Transferencia,v2,Trujillo,15,Normal,457.5,0,4.0
T509704,Transferencia,v1,Arequipa,7,Normal,350.4,0,4.0
T509705,Recarga celular,v2,Lima,3,Normal,68.6,0,4.0
T509706,Transferencia,v2,Arequipa,7,Normal,340.0,0,4.0
T509707,Recarga celular,v1,Arequipa,22,Normal,131.7,0,4.0
T509708,Pago QR,v2,Lima,21,Pico,238.0,0,4.0
T509709,Transferencia,v1,Lima,17,Normal,408.3,0,4.0
T509710,Transferencia,v2,Lima,5,Normal,230.6,0,3.0
T509711,Recarga celular,v1,Lima,4,Normal,94.5,0,4.0
T509712,Recarga celular,v2,Lima,9,Pico,411.8,0,4.0
T509713,Pago de servicios,v2,Arequipa,5,Normal,340.9,0,4.0
T509714,Transferencia,v2,Lima,12,Normal,199.6,0,5.0
T509715,Pago QR,v2,Lima,2,Normal,201.2,0,5.0
T509716,Consulta de saldo,v1,Trujillo,1,Normal,84.4,0,4.0
T509717,Pago QR,v1,Trujillo,3,Normal,279.4,0,3.0
T509718,Pago de servicios,v2,Lima,6,Normal,446.3,0,3.0
T509719,Consulta de saldo,v2,Trujillo,9,Pico,238.9,0,5.0
T509720,Consulta de saldo,v1,Lima,21,Pico,91.0,0,5.0
T509721,Consulta de saldo,v1,Lima,12,Normal,78.5,0,5.0
T509722,Consulta de saldo,v1,Arequipa,13,Normal,145.6,0,5.0
T509723,Transferencia,v2,Arequipa,23,Normal,301.2,0,4.0
T509724,Consulta de saldo,v1,Lima,22,Normal,48.2,0,3.0
T509725,Pago QR,v1,Lima,9,Pico,217.0,0,5.0
T509726,Recarga celular,v1,Lima,21,Pico,151.2,0,5.0
T509727,Pago QR,v1,Trujillo,22,Normal,217.8,0,5.0
T509728,Consulta de saldo,v2,Lima,0,Normal,49.7,0,5.0
T509729,Consulta de saldo,v2,Lima,3,Normal,107.1,0,4.0
T509730,Transferencia,v1,Trujillo,17,Normal,240.7,0,5.0
T509731,Pago de servicios,v1,Lima,17,Normal,297.4,0,4.0
T509732,Transferencia,v2,Trujillo,21,Pico,227.8,0,3.0
T509733,Transferencia,v1,Trujillo,21,Pico,348.4,0,4.0
T509734,Transferencia,v1,Lima,17,Normal,183.2,0,5.0
T509735,Recarga celular,v2,Lima,7,Normal,196.5,0,4.0
T509736,Transferencia,v2,Lima,15,Normal,316.3,0,5.0
T509737,Pago QR,v2,Arequipa,11,Normal,224.2,0,5.0
T509738,Pago QR,v1,Trujillo,10,Pico,527.7,0,4.0
T509739,Transferencia,v1,Arequipa,1,Normal,257.9,0,4.0
T509740,Transferencia,v1,Lima,22,Normal,356.3,0,4.0
T509741,Transferencia,v1,Arequipa,8,Pico,168.5,0,5.0
T509742,Transferencia,v2,Lima,4,Normal,187.5,0,5.0
T509743,Transferencia,v2,Trujillo,6,Normal,300.8,0,3.0
T509744,Transferencia,v2,Lima,12,Normal,431.1,0,4.0
T509745,Pago QR,v1,Lima,8,Pico,355.4,0,4.0
T509746,Pago QR,v2,Trujillo,7,Normal,108.4,0,4.0
T509747,Consulta de saldo,v2,Lima,19,Pico,66.3,0,4.0
T509748,Pago QR,v1,Trujillo,14,Normal,182.0,0,4.0
T509749,Transferencia,v1,Lima,9,Pico,359.7,0,3.0
T509750,Pago de servicios,v2,Lima,2,Normal,357.0,0,3.0
T509751,Transferencia,v2,Arequipa,13,Normal,360.6,0,4.0
T509752,Transferencia,v2,Lima,2,Normal,126.4,0,5.0
T509753,Consulta de saldo,v2,Trujillo,7,Normal,76.0,0,5.0
T509754,Recarga celular,v1,Lima,14,Normal,111.6,0,5.0
T509755,Recarga celular,v2,Trujillo,15,Normal,203.9,0,4.0
T509756,Recarga celular,v2,Lima,8,Pico,271.9,0,3.0
T509757,Pago QR,v1,Lima,18,Pico,372.1,0,
T509758,Transferencia,v1,Arequipa,15,Normal,170.1,0,5.0
T509759,Transferencia,v2,Lima,0,Normal,299.1,1,3.0
T509760,Transferencia,v2,Lima,12,Normal,337.7,0,4.0
T509761,Recarga celular,v1,Arequipa,11,Normal,186.9,0,5.0
T509762,Consulta de saldo,v1,Lima,17,Normal,214.1,0,4.0
T509763,Pago de servicios,v1,Trujillo,4,Normal,460.9,0,4.0
T509764,Recarga celular,v2,Lima,7,Normal,258.4,0,5.0
T509765,Pago de servicios,v1,Trujillo,21,Pico,926.0,0,3.0
T509766,Transferencia,v1,Lima,12,Normal,231.3,0,4.0
T509767,Transferencia,v2,Trujillo,14,Normal,138.7,0,
T509768,Transferencia,v1,Lima,7,Normal,498.0,0,3.0
T509769,Transferencia,v2,Lima,13,Normal,311.3,0,4.0
T509770,Consulta de saldo,v1,Lima,2,Normal,68.9,0,4.0
T509771,Pago de servicios,v2,Lima,15,Normal,271.8,0,5.0
T509772,Consulta de saldo,v2,Lima,7,Normal,77.7,0,5.0
T509773,Consulta de saldo,v2,Trujillo,15,Normal,113.9,0,3.0
T509774,Transferencia,v1,Lima,16,Normal,731.9,0,4.0
T509775,Pago QR,v2,Trujillo,6,Normal,115.2,0,3.0
T509776,Consulta de saldo,v2,Lima,22,Normal,74.0,0,4.0
T509777,Consulta de saldo,v1,Arequipa,1,Normal,150.6,0,4.0
T509778,Pago QR,v1,Arequipa,13,Normal,441.6,0,4.0
T509779,Pago QR,v1,Trujillo,5,Normal,168.5,0,4.0
T509780,Transferencia,v1,Arequipa,20,Pico,391.6,0,3.0
T509781,Transferencia,v1,Arequipa,15,Normal,207.3,0,5.0
T509782,Transferencia,v1,Lima,12,Normal,163.3,0,4.0
T509783,Recarga celular,v2,Arequipa,12,Normal,134.7,0,4.0
T509784,Transferencia,v1,Trujillo,21,Pico,489.1,0,4.0
T509785,Pago QR,v2,Lima,20,Pico,199.9,0,5.0
T509786,Pago QR,v2,Lima,2,Normal,205.5,0,5.0
T509787,Transferencia,v1,Trujillo,17,Normal,408.6,0,4.0
T509788,Pago de servicios,v1,Arequipa,23,Normal,517.6,0,3.0
T509789,Transferencia,v2,Lima,8,Pico,342.9,0,3.0
T509790,Pago QR,v1,Trujillo,8,Pico,127.8,0,5.0
T509791,Pago QR,v2,Arequipa,4,Normal,112.4,0,4.0
T509792,Pago QR,v2,Lima,14,Normal,61.2,0,5.0
T509793,Consulta de saldo,v1,Arequipa,8,Pico,54.6,0,5.0
T509794,Consulta de saldo,v2,Lima,10,Pico,120.0,0,5.0
T509795,Pago QR,v2,Lima,22,Normal,198.9,0,4.0
T509796,Recarga celular,v2,Arequipa,2,Normal,390.3,0,5.0
T509797,Pago de servicios,v1,Trujillo,6,Normal,508.0,0,3.0
T509798,Consulta de saldo,v2,Arequipa,22,Normal,71.3,0,5.0
T509799,Transferencia,v1,Arequipa,15,Normal,230.6,0,5.0
T509800,Pago QR,v1,Arequipa,3,Normal,218.9,0,5.0
T509801,Transferencia,v1,Lima,23,Normal,300.6,0,
T509802,Recarga celular,v2,Trujillo,15,Normal,85.1,0,3.0
T509803,Transferencia,v2,Lima,5,Normal,118.1,0,5.0
T509804,Pago de servicios,v2,Trujillo,13,Normal,268.2,0,4.0
T509805,Recarga celular,v1,Arequipa,2,Normal,154.0,0,4.0
T509806,Pago de servicios,v2,Lima,4,Normal,399.4,0,3.0
T509807,Recarga celular,v2,Lima,16,Normal,211.7,0,3.0
T509808,Pago de servicios,v1,Lima,13,Normal,310.2,0,5.0
T509809,Transferencia,v2,Trujillo,17,Normal,116.2,0,4.0
T509810,Pago QR,v1,Lima,16,Normal,160.8,0,4.0
T509811,Transferencia,v2,Arequipa,0,Normal,257.2,0,3.0
T509812,Transferencia,v1,Arequipa,0,Normal,263.9,0,4.0
T509813,Transferencia,v2,Trujillo,10,Pico,284.0,0,5.0
T509814,Pago de servicios,v1,Trujillo,4,Normal,826.6,0,2.0
T509815,Pago de servicios,v2,Trujillo,17,Normal,180.8,0,4.0
T509816,Consulta de saldo,v2,Lima,1,Normal,103.1,0,5.0
T509817,Consulta de saldo,v1,Trujillo,8,Pico,187.1,0,5.0
T509818,Pago QR,v2,Arequipa,17,Normal,107.5,0,4.0
T509819,Recarga celular,v1,Lima,15,Normal,318.6,0,4.0
T509820,Transferencia,v1,Lima,21,Pico,184.4,0,2.0
T509821,Recarga celular,v1,Lima,14,Normal,152.5,0,4.0
T509822,Transferencia,v1,Lima,9,Pico,461.6,0,4.0
T509823,Transferencia,v2,Lima,23,Normal,154.0,0,4.0
T509824,Pago de servicios,v2,Arequipa,1,Normal,425.5,0,4.0
T509825,Consulta de saldo,v2,Trujillo,0,Normal,57.5,0,5.0
T509826,Transferencia,v1,Trujillo,2,Normal,249.4,0,4.0
T509827,Pago de servicios,v1,Arequipa,8,Pico,816.0,0,3.0
T509828,Pago QR,v1,Trujillo,7,Normal,214.6,0,3.0
T509829,Transferencia,v1,Lima,13,Normal,146.5,0,4.0
T509830,Recarga celular,v1,Arequipa,8,Pico,150.6,0,5.0
T509831,Pago de servicios,v1,Lima,4,Normal,456.4,0,3.0
T509832,Transferencia,v1,Lima,14,Normal,237.5,0,4.0
T509833,Recarga celular,v2,Trujillo,6,Normal,167.8,0,4.0
T509834,Pago de servicios,v2,Lima,16,Normal,375.8,0,3.0
T509835,Recarga celular,v1,Lima,14,Normal,90.4,0,3.0
T509836,Consulta de saldo,v1,Lima,12,Normal,155.2,0,5.0
T509837,Pago QR,v1,Trujillo,14,Normal,148.9,0,5.0
T509838,Transferencia,v1,Lima,17,Normal,376.7,0,4.0
T509839,Transferencia,v2,Lima,3,Normal,96.6,0,4.0
T509840,Transferencia,v2,Trujillo,9,Pico,498.0,0,4.0
T509841,Pago de servicios,v2,Trujillo,5,Normal,151.2,0,5.0
T509842,Pago de servicios,v2,Trujillo,6,Normal,340.5,0,5.0
T509843,Pago QR,v1,Trujillo,17,Normal,143.6,0,4.0
T509844,Consulta de saldo,v1,Arequipa,7,Normal,121.9,0,5.0
T509845,Transferencia,v1,Lima,6,Normal,254.5,0,4.0
T509846,Pago QR,v1,Trujillo,10,Pico,283.8,0,5.0
T509847,Recarga celular,v2,Trujillo,23,Normal,66.1,0,5.0
T509848,Pago de servicios,v1,Lima,22,Normal,161.5,0,5.0
T509849,Pago de servicios,v1,Trujillo,3,Normal,400.2,0,4.0
T509850,Recarga celular,v1,Trujillo,15,Normal,212.1,0,4.0
T509851,Pago QR,v2,Lima,13,Normal,220.5,0,5.0
T509852,Pago de servicios,v1,Lima,11,Normal,237.6,0,5.0
T509853,Pago de servicios,v1,Lima,6,Normal,652.7,0,4.0
T509854,Consulta de saldo,v1,Arequipa,10,Pico,166.9,0,4.0
T509855,Pago de servicios,v1,Arequipa,5,Normal,249.5,0,4.0
T509856,Recarga celular,v1,Lima,3,Normal,101.6,0,4.0
T509857,Transferencia,v2,Trujillo,22,Normal,186.1,0,5.0
T509858,Pago de servicios,v2,Lima,14,Normal,187.0,0,5.0
T509859,Pago QR,v1,Lima,0,Normal,353.1,0,3.0
T509860,Pago de servicios,v1,Lima,10,Pico,299.3,0,4.0
T509861,Pago de servicios,v1,Trujillo,3,Normal,397.0,0,5.0
T509862,Pago QR,v1,Trujillo,0,Normal,159.3,0,4.0
T509863,Recarga celular,v1,Lima,22,Normal,169.2,0,5.0
T509864,Pago QR,v2,Trujillo,17,Normal,193.6,0,3.0
T509865,Pago de servicios,v2,Arequipa,9,Pico,561.2,0,3.0
T509866,Consulta de saldo,v1,Lima,8,Pico,97.7,0,5.0
T509867,Pago QR,v1,Arequipa,14,Normal,177.8,0,4.0
T509868,Pago QR,v2,Lima,10,Pico,465.5,0,5.0
T509869,Pago de servicios,v2,Trujillo,1,Normal,385.8,0,5.0
T509870,Pago de servicios,v2,Arequipa,15,Normal,,0,5.0
T509871,Recarga celular,v2,Lima,4,Normal,96.5,0,5.0
T509872,Transferencia,v2,Lima,9,Pico,500.0,0,5.0
T509873,Pago de servicios,v2,Lima,13,Normal,171.3,0,5.0
T509874,Pago QR,v2,Lima,11,Normal,180.1,0,3.0
T509875,Transferencia,v2,Lima,20,Pico,692.9,0,3.0
T509876,Pago de servicios,v1,Lima,18,Pico,485.8,0,3.0
T509877,Recarga celular,v2,Lima,11,Normal,163.9,0,5.0
T509878,Pago QR,v2,Lima,4,Normal,203.7,0,4.0
T509879,Pago QR,v1,Lima,9,Pico,235.8,0,4.0
T509880,Transferencia,v2,Lima,21,Pico,143.3,0,4.0
T509881,Recarga celular,v2,Trujillo,3,Normal,348.6,0,4.0
T509882,Consulta de saldo,v2,Lima,18,Pico,92.5,0,4.0
T509883,Pago QR,v2,Lima,19,Pico,227.6,0,3.0
T509884,Transferencia,v1,Trujillo,9,Pico,833.6,0,3.0
T509885,Consulta de saldo,v2,Lima,7,Normal,89.8,0,4.0
T509886,Pago QR,v1,Arequipa,9,Pico,279.5,0,5.0
T509887,Pago de servicios,v1,Lima,11,Normal,241.2,0,3.0
T509888,Transferencia,v2,Lima,2,Normal,228.9,0,4.0
T509889,Pago QR,v1,Lima,11,Normal,240.8,0,5.0
T509890,Consulta de saldo,v1,Lima,19,Pico,197.4,0,5.0
T509891,Consulta de saldo,v2,Trujillo,3,Normal,112.4,0,5.0
T509892,Recarga celular,v1,Arequipa,4,Normal,171.2,0,4.0
T509893,Recarga celular,v2,Trujillo,2,Normal,97.8,0,5.0
T509894,Pago QR,v2,Trujillo,13,Normal,345.0,0,4.0
T509895,Pago QR,v1,Arequipa,23,Normal,198.4,0,5.0
T509896,Transferencia,v1,Lima,16,Normal,180.3,0,5.0
T509897,Transferencia,v2,Trujillo,0,Normal,347.7,0,3.0
T509898,Pago QR,v1,Trujillo,18,Pico,162.8,0,4.0
T509899,Pago de servicios,v1,Lima,20,Pico,351.5,0,4.0
T509900,Pago QR,v1,Trujillo,17,Normal,67.9,0,4.0
T509901,Pago QR,v1,Arequipa,1,Normal,210.4,0,5.0
T509902,Pago QR,v1,Lima,10,Pico,284.0,0,3.0
T509903,Consulta de saldo,v1,Lima,23,Normal,88.2,0,3.0
T509904,Consulta de saldo,v2,Arequipa,0,Normal,122.8,0,5.0
T509905,Pago QR,v2,Trujillo,22,Normal,116.3,0,4.0
T509906,Pago QR,v2,Arequipa,18,Pico,268.5,0,3.0
T509907,Pago QR,v1,Lima,15,Normal,216.8,0,4.0
T509908,Transferencia,v2,Trujillo,8,Pico,295.5,0,5.0
T509909,Pago QR,v1,Trujillo,22,Normal,160.8,0,4.0
T509910,Pago QR,v1,Arequipa,7,Normal,119.6,0,4.0
T509911,Transferencia,v1,Trujillo,7,Normal,402.7,0,5.0
T509912,Transferencia,v1,Trujillo,13,Normal,344.2,0,4.0
T509913,Transferencia,v1,Lima,17,Normal,444.9,0,3.0
T509914,Consulta de saldo,v2,Arequipa,13,Normal,87.9,0,5.0
T509915,Recarga celular,v2,Lima,17,Normal,142.1,0,3.0
T509916,Transferencia,v2,Trujillo,8,Pico,312.7,0,4.0
T509917,Transferencia,v2,Trujillo,13,Normal,88.1,0,
T509918,Consulta de saldo,v1,Lima,13,Normal,112.7,1,2.0
T509919,Transferencia,v2,Lima,15,Normal,186.6,0,5.0
T509920,Transferencia,v1,Arequipa,19,Pico,344.2,0,5.0
T509921,Consulta de saldo,v1,Lima,20,Pico,81.1,0,4.0
T509922,Recarga celular,v1,Lima,18,Pico,329.7,0,3.0
T509923,Transferencia,v2,Lima,23,Normal,258.0,0,3.0
T509924,Recarga celular,v2,Trujillo,2,Normal,192.6,0,5.0
T509925,Recarga celular,v1,Trujillo,22,Normal,150.4,1,3.0
T509926,Transferencia,v1,Arequipa,17,Normal,447.0,0,4.0
T509927,Pago QR,v1,Lima,12,Normal,217.6,0,3.0
T509928,Recarga celular,v2,Trujillo,22,Normal,146.7,0,
T509929,Pago QR,v2,Lima,19,Pico,253.9,0,4.0
T509930,Consulta de saldo,v1,Lima,14,Normal,83.4,0,4.0
T509931,Consulta de saldo,v2,Lima,18,Pico,100.5,0,5.0
T509932,Pago QR,v2,Lima,11,Normal,214.2,0,4.0
T509933,Pago QR,v2,Lima,19,Pico,114.1,0,4.0
T509934,Transferencia,v2,Lima,14,Normal,108.6,0,5.0
T509935,Transferencia,v2,Arequipa,11,Normal,342.3,0,4.0
T509936,Transferencia,v2,Arequipa,10,Pico,159.1,0,5.0
T509937,Transferencia,v2,Trujillo,18,Pico,218.6,0,4.0
T509938,Pago QR,v2,Trujillo,20,Pico,265.3,0,4.0
T509939,Consulta de saldo,v1,Lima,17,Normal,139.2,0,4.0
T509940,Transferencia,v1,Lima,11,Normal,507.3,0,4.0
T509941,Pago de servicios,v1,Arequipa,23,Normal,460.5,0,4.0
T509942,Consulta de saldo,v1,Trujillo,22,Normal,205.7,0,5.0
T509943,Consulta de saldo,v1,Lima,8,Pico,102.4,0,4.0
T509944,Pago de servicios,v1,Lima,14,Normal,318.0,0,4.0
T509945,Consulta de saldo,v2,Lima,16,Normal,146.9,0,5.0
T509946,Pago QR,v1,Arequipa,5,Normal,143.5,0,5.0
T509947,Transferencia,v2,Lima,13,Normal,312.3,0,4.0
T509948,Pago QR,v2,Lima,7,Normal,73.4,0,5.0
T509949,Consulta de saldo,v1,Lima,18,Pico,126.4,0,5.0
T509950,Pago de servicios,v2,Trujillo,5,Normal,125.6,0,4.0
T509951,Pago de servicios,v1,Arequipa,5,Normal,348.1,0,5.0
T509952,Pago QR,v1,Lima,17,Normal,306.3,0,5.0
T509953,Pago QR,v2,Lima,8,Pico,493.4,0,4.0
T509954,Pago de servicios,v2,Arequipa,13,Normal,222.9,0,3.0
T509955,Transferencia,v1,Trujillo,19,Pico,988.5,0,3.0
T509956,Pago QR,v1,Trujillo,8,Pico,178.7,0,5.0
T509957,Pago QR,v1,Lima,0,Normal,351.8,0,3.0
T509958,Recarga celular,v2,Trujillo,15,Normal,379.1,0,4.0
T509959,Recarga celular,v2,Arequipa,11,Normal,187.9,0,4.0
T509960,Recarga celular,v1,Lima,18,Pico,61.8,0,5.0
T509961,Recarga celular,v2,Arequipa,11,Normal,323.0,0,4.0
T509962,Recarga celular,v2,Trujillo,21,Pico,298.4,0,5.0
T509963,Recarga celular,v2,Trujillo,23,Normal,426.9,0,3.0
T509964,Transferencia,v1,Lima,9,Pico,311.5,0,5.0
T509965,Pago QR,v2,Trujillo,22,Normal,176.9,0,5.0
T509966,Transferencia,v2,Trujillo,7,Normal,131.0,0,5.0
T509967,Recarga celular,v2,Lima,0,Normal,145.0,0,5.0
T509968,Transferencia,v2,Lima,11,Normal,146.1,0,4.0
T509969,Transferencia,v1,Arequipa,19,Pico,321.4,0,5.0
T509970,Consulta de saldo,v2,Trujillo,12,Normal,62.0,0,4.0
T509971,Recarga celular,v2,Arequipa,5,Normal,138.7,0,4.0
T509972,Transferencia,v2,Lima,20,Pico,173.7,0,4.0
T509973,Transferencia,v2,Lima,4,Normal,208.7,0,5.0
T509974,Pago de servicios,v2,Lima,9,Pico,425.3,0,3.0
T509975,Pago QR,v1,Lima,10,Pico,272.4,0,3.0
T509976,Consulta de saldo,v2,Arequipa,18,Pico,126.9,0,4.0
T509977,Transferencia,v2,Arequipa,18,Pico,280.0,0,5.0
T509978,Transferencia,v2,Trujillo,14,Normal,312.5,0,4.0
T509979,Pago QR,v1,Lima,15,Normal,253.1,0,4.0
T509980,Consulta de saldo,v1,Arequipa,8,Pico,195.5,0,4.0
T509981,Pago de servicios,v2,Trujillo,15,Normal,327.3,0,4.0
T509982,Pago QR,v1,Arequipa,23,Normal,128.0,0,4.0
T509983,Transferencia,v2,Lima,22,Normal,508.9,0,2.0
T509984,Consulta de saldo,v1,Arequipa,13,Normal,174.2,0,5.0
T509985,Recarga celular,v2,Trujillo,2,Normal,97.0,0,5.0
T509986,Pago QR,v2,Lima,6,Normal,164.8,0,5.0
T509987,Transferencia,v1,Arequipa,12,Normal,338.0,0,4.0
T509988,Consulta de saldo,v2,Trujillo,19,Pico,126.2,0,4.0
T509989,Pago QR,v2,Lima,2,Normal,172.3,0,4.0
T509990,Transferencia,v2,Lima,0,Normal,503.0,0,3.0
T509991,Transferencia,v2,Lima,0,Normal,490.2,0,
T509992,Consulta de saldo,v2,Lima,17,Normal,153.5,0,3.0
T509993,Pago QR,v2,Lima,2,Normal,155.9,0,5.0
T509994,Transferencia,v1,Arequipa,11,Normal,231.3,0,3.0
T509995,Transferencia,v2,Lima,2,Normal,287.9,1,2.0
T509996,Transferencia,v2,Lima,16,Normal,217.6,0,3.0
T509997,Transferencia,v2,Lima,6,Normal,472.0,0,4.0
T509998,Recarga celular,v2,Lima,13,Normal,194.2,0,4.0
T509999,Transferencia,v2,Lima,2,Normal,215.6,0,4.0
T510000,Consulta de saldo,v1,Lima,16,Normal,94.6,0,5.0
T510001,Transferencia,v1,Lima,14,Normal,329.7,0,3.0
T510002,Transferencia,v1,Arequipa,13,Normal,380.0,0,4.0
T510003,Transferencia,v2,Lima,23,Normal,216.0,0,4.0
T510004,Consulta de saldo,v1,Trujillo,9,Pico,141.7,0,4.0
T510005,Consulta de saldo,v2,Arequipa,4,Normal,187.1,0,4.0
T510006,Transferencia,v2,Trujillo,10,Pico,222.5,0,4.0
T510007,Recarga celular,v1,Trujillo,20,Pico,493.9,0,4.0
T510008,Transferencia,v2,Trujillo,16,Normal,468.5,0,4.0
T510009,Pago de servicios,v1,Arequipa,10,Pico,349.3,0,4.0
T510010,Transferencia,v1,Arequipa,22,Normal,142.7,0,4.0
T510011,Pago QR,v1,Trujillo,23,Normal,503.5,0,4.0
T510012,Pago de servicios,v1,Trujillo,12,Normal,295.7,0,4.0
T510013,Recarga celular,v2,Arequipa,12,Normal,173.6,0,5.0
T510014,Transferencia,v1,Trujillo,1,Normal,223.6,0,
T510015,Pago QR,v2,Lima,18,Pico,133.9,1,2.0
T510016,Transferencia,v1,Lima,1,Normal,326.2,0,3.0
T510017,Transferencia,v2,Lima,4,Normal,200.5,0,4.0
T510018,Pago de servicios,v2,Trujillo,2,Normal,331.0,0,3.0
T510019,Recarga celular,v1,Trujillo,0,Normal,202.6,0,5.0
T510020,Pago QR,v1,Lima,15,Normal,178.7,1,2.0
T510021,Transferencia,v2,Arequipa,9,Pico,443.5,0,5.0
T510022,Consulta de saldo,v2,Lima,9,Pico,171.4,0,3.0
T510023,Transferencia,v1,Lima,18,Pico,635.1,0,
T510024,Transferencia,v1,Trujillo,6,Normal,135.9,0,4.0
T510025,Pago QR,v2,Arequipa,11,Normal,208.5,0,4.0
T510026,Transferencia,v1,Lima,22,Normal,384.9,0,4.0
T510027,Pago QR,v2,Trujillo,7,Normal,238.2,0,5.0
T510028,Recarga celular,v1,Arequipa,5,Normal,283.7,0,5.0
T510029,Pago de servicios,v2,Lima,10,Pico,625.1,0,3.0
T510030,Pago QR,v2,Arequipa,7,Normal,70.5,0,5.0
T510031,Pago de servicios,v1,Lima,13,Normal,155.6,0,4.0
T510032,Transferencia,v2,Lima,13,Normal,256.8,0,4.0
T510033,Pago QR,v2,Arequipa,21,Pico,184.5,0,4.0
T510034,Pago QR,v1,Trujillo,11,Normal,184.8,0,4.0
T510035,Transferencia,v2,Lima,22,Normal,242.3,0,4.0
T510036,Pago QR,v2,Lima,11,Normal,410.2,0,3.0
T510037,Pago QR,v2,Trujillo,4,Normal,193.3,0,5.0
T510038,Pago QR,v2,Lima,6,Normal,113.2,0,3.0
T510039,Pago QR,v2,Trujillo,18,Pico,226.3,0,4.0
T510040,Recarga celular,v2,Trujillo,0,Normal,213.8,0,5.0
T510041,Pago QR,v1,Lima,15,Normal,117.2,0,4.0
T510042,Consulta de saldo,v1,Arequipa,19,Pico,119.3,0,5.0
T510043,Pago QR,v1,Arequipa,9,Pico,230.6,0,3.0
T510044,Consulta de saldo,v2,Arequipa,20,Pico,164.9,0,5.0
T510045,Pago QR,v1,Trujillo,20,Pico,187.1,0,5.0
T510046,Consulta de saldo,v1,Lima,13,Normal,113.7,0,5.0
T510047,Consulta de saldo,v1,Lima,11,Normal,77.9,0,4.0
T510048,Pago de servicios,v1,Lima,17,Normal,410.8,0,5.0
T510049,Recarga celular,v2,Lima,5,Normal,239.3,0,5.0
T510050,Pago de servicios,v1,Lima,21,Pico,550.4,0,4.0
T510051,Pago QR,v2,Lima,13,Normal,220.0,0,5.0
T510052,Recarga celular,v1,Lima,8,Pico,392.0,0,4.0
T510053,Recarga celular,v2,Lima,23,Normal,99.6,0,4.0
T510054,Transferencia,v1,Lima,2,Normal,811.4,0,2.0
T510055,Pago QR,v1,Lima,7,Normal,163.9,0,5.0
T510056,Pago de servicios,v2,Lima,15,Normal,238.7,0,5.0
T510057,Transferencia,v1,Lima,6,Normal,223.0,0,3.0
T510058,Pago de servicios,v2,Lima,10,Pico,516.2,0,4.0
T510059,Pago de servicios,v1,Trujillo,19,Pico,473.4,0,4.0
T510060,Pago de servicios,v1,Lima,3,Normal,220.5,0,4.0
T510061,Recarga celular,v1,Lima,14,Normal,178.1,0,3.0
T510062,Transferencia,v1,Lima,9,Pico,322.3,0,4.0
T510063,Consulta de saldo,v2,Lima,15,Normal,67.3,0,5.0
T510064,Recarga celular,v2,Lima,2,Normal,299.0,0,2.0
T510065,Pago QR,v2,Trujillo,13,Normal,74.3,0,4.0
T510066,Pago QR,v1,Trujillo,11,Normal,160.7,0,5.0
T510067,Transferencia,v2,Arequipa,14,Normal,251.6,0,5.0
T510068,Pago QR,v2,Trujillo,3,Normal,173.6,1,3.0
T510069,Pago de servicios,v2,Trujillo,10,Pico,316.4,0,4.0
T510070,Pago QR,v2,Trujillo,15,Normal,145.4,0,5.0
T510071,Consulta de saldo,v2,Lima,22,Normal,61.7,0,5.0
T510072,Transferencia,v2,Trujillo,9,Pico,198.2,0,5.0
T510073,Transferencia,v1,Arequipa,2,Normal,515.6,0,4.0
T510074,Recarga celular,v1,Trujillo,12,Normal,68.2,0,4.0
T510075,Consulta de saldo,v2,Lima,2,Normal,61.8,0,4.0
T510076,Transferencia,v1,Lima,12,Normal,261.4,0,4.0
T510077,Consulta de saldo,v2,Trujillo,22,Normal,139.2,0,5.0
T510078,Transferencia,v1,Arequipa,4,Normal,408.2,0,4.0
T510079,Consulta de saldo,v1,Trujillo,22,Normal,90.2,0,5.0
T510080,Transferencia,v1,Arequipa,23,Normal,204.2,0,3.0
T510081,Recarga celular,v1,Trujillo,3,Normal,98.7,0,5.0
T510082,Pago de servicios,v2,Trujillo,15,Normal,144.7,0,5.0
T510083,Consulta de saldo,v2,Lima,15,Normal,84.3,0,4.0
T510084,Transferencia,v1,Arequipa,6,Normal,234.4,0,3.0
T510085,Pago QR,v1,Arequipa,8,Pico,266.1,0,4.0
T510086,Pago QR,v2,Lima,21,Pico,95.9,0,4.0
T510087,Pago de servicios,v1,Lima,8,Pico,445.2,0,3.0
T510088,Transferencia,v2,Lima,1,Normal,93.0,0,4.0
T510089,Consulta de saldo,v2,Arequipa,19,Pico,138.7,0,4.0
T510090,Recarga celular,v1,Lima,2,Normal,195.1,0,5.0
T510091,Pago de servicios,v1,Lima,4,Normal,390.7,0,5.0
T510092,Transferencia,v2,Arequipa,14,Normal,162.3,0,5.0
T510093,Pago de servicios,v2,Lima,22,Normal,292.0,0,5.0
T510094,Pago QR,v1,Arequipa,10,Pico,215.3,0,5.0
T510095,Pago QR,v1,Trujillo,6,Normal,343.4,0,4.0
T510096,Transferencia,v2,Lima,4,Normal,244.7,0,4.0
T510097,Pago QR,v1,Arequipa,12,Normal,374.0,0,3.0
T510098,Pago QR,v1,Trujillo,19,Pico,176.9,0,5.0
T510099,Transferencia,v2,Arequipa,16,Normal,405.8,0,4.0
T510100,Consulta de saldo,v2,Lima,2,Normal,120.6,0,5.0
T510101,Pago QR,v2,Lima,23,Normal,465.7,0,3.0
T510102,Transferencia,v1,Trujillo,5,Normal,265.8,0,5.0
T510103,Pago de servicios,v2,Arequipa,13,Normal,187.2,0,3.0
T510104,Pago de servicios,v1,Trujillo,18,Pico,249.2,0,5.0
T510105,Transferencia,v2,Trujillo,18,Pico,525.9,0,3.0
T510106,Transferencia,v2,Lima,22,Normal,194.5,0,3.0
T510107,Transferencia,v2,Lima,16,Normal,291.6,0,4.0
T510108,Pago QR,v1,Arequipa,15,Normal,313.9,0,4.0
T510109,Transferencia,v2,Lima,13,Normal,107.1,0,4.0
T510110,Pago QR,v2,Lima,13,Normal,151.8,0,4.0
T510111,Transferencia,v2,Arequipa,1,Normal,649.6,0,2.0
T510112,Consulta de saldo,v1,Trujillo,13,Normal,44.2,0,4.0
T510113,Transferencia,v1,Lima,6,Normal,577.6,0,3.0
T510114,Recarga celular,v2,Trujillo,15,Normal,219.4,0,5.0
T510115,Pago QR,v2,Arequipa,15,Normal,280.1,0,3.0
T510116,Transferencia,v2,Trujillo,8,Pico,292.3,0,4.0
T510117,Transferencia,v1,Lima,22,Normal,131.7,0,5.0
T510118,Recarga celular,v2,Lima,18,Pico,202.0,0,5.0
T510119,Consulta de saldo,v1,Trujillo,20,Pico,187.3,0,5.0
T510120,Pago de servicios,v2,Lima,6,Normal,188.4,0,3.0
T510121,Transferencia,v1,Arequipa,6,Normal,338.3,0,4.0
T510122,Consulta de saldo,v1,Lima,3,Normal,57.7,0,5.0
T510123,Pago de servicios,v2,Trujillo,22,Normal,173.0,0,5.0
T510124,Pago QR,v2,Lima,15,Normal,117.2,0,5.0
T510125,Pago QR,v2,Trujillo,8,Pico,260.8,0,4.0
T510126,Pago QR,v2,Lima,20,Pico,174.1,0,4.0
T510127,Consulta de saldo,v1,Lima,23,Normal,92.8,0,5.0
T510128,Recarga celular,v1,Lima,17,Normal,237.5,0,5.0
T510129,Pago QR,v1,Trujillo,6,Normal,336.4,0,4.0
T510130,Recarga celular,v1,Arequipa,1,Normal,232.0,0,5.0
T510131,Pago QR,v1,Lima,6,Normal,152.3,0,5.0
T510132,Pago QR,v2,Arequipa,13,Normal,166.5,0,3.0
T510133,Pago de servicios,v1,Arequipa,12,Normal,324.0,0,5.0
T510134,Pago QR,v1,Trujillo,3,Normal,238.4,0,5.0
T510135,Recarga celular,v2,Lima,9,Pico,256.3,0,4.0
T510136,Consulta de saldo,v1,Trujillo,21,Pico,107.4,0,4.0
T510137,Consulta de saldo,v1,Lima,9,Pico,105.2,0,3.0
T510138,Transferencia,v1,Lima,15,Normal,,0,5.0
T510139,Recarga celular,v1,Lima,17,Normal,225.1,0,4.0
T510140,Pago de servicios,v2,Trujillo,19,Pico,349.2,0,4.0
T510141,Pago de servicios,v1,Lima,19,Pico,365.5,0,4.0
T510142,Pago de servicios,v1,Lima,13,Normal,409.6,0,3.0
T510143,Transferencia,v1,Trujillo,8,Pico,279.6,0,5.0
T510144,Consulta de saldo,v2,Lima,21,Pico,173.9,0,3.0
T510145,Pago de servicios,v2,Trujillo,6,Normal,412.7,0,4.0
T510146,Pago QR,v1,Lima,0,Normal,177.2,0,4.0
T510147,Pago de servicios,v2,Trujillo,15,Normal,317.6,0,3.0
T510148,Pago de servicios,v1,Trujillo,4,Normal,363.0,0,5.0
T510149,Transferencia,v2,Lima,19,Pico,544.9,0,4.0
T510150,Recarga celular,v2,Trujillo,11,Normal,138.1,0,5.0
T510151,Pago QR,v1,Trujillo,2,Normal,255.7,0,4.0
T510152,Pago QR,v1,Lima,3,Normal,142.3,0,4.0
T510153,Pago QR,v1,Lima,8,Pico,165.9,0,3.0
T510154,Pago de servicios,v2,Lima,15,Normal,180.8,0,4.0
T510155,Transferencia,v2,Lima,17,Normal,196.3,0,4.0
T510156,Recarga celular,v1,Lima,9,Pico,92.6,0,4.0
T510157,Transferencia,v1,Arequipa,0,Normal,279.2,0,3.0
T510158,Transferencia,v2,Arequipa,13,Normal,103.4,0,5.0
T510159,Transferencia,v2,Lima,3,Normal,290.3,0,4.0
T510160,Recarga celular,v1,Lima,18,Pico,203.8,0,3.0
T510161,Pago QR,v1,Lima,1,Normal,412.8,0,3.0
T510162,Consulta de saldo,v2,Lima,0,Normal,76.9,0,4.0
T510163,Pago QR,v1,Trujillo,19,Pico,301.0,0,5.0
T510164,Pago QR,v1,Lima,23,Normal,59.9,0,4.0
T510165,Transferencia,v2,Arequipa,20,Pico,176.0,0,5.0
T510166,Pago de servicios,v2,Lima,1,Normal,457.3,0,5.0
T510167,Consulta de saldo,v2,Lima,0,Normal,67.2,0,4.0
T510168,Pago QR,v2,Trujillo,15,Normal,124.5,0,4.0
T510169,Pago de servicios,v2,Lima,10,Pico,453.6,0,4.0
T510170,Consulta de saldo,v2,Lima,14,Normal,88.2,0,3.0
T510171,Recarga celular,v2,Trujillo,7,Normal,213.8,0,4.0
T510172,Pago QR,v2,Lima,21,Pico,101.1,0,5.0
T510173,Recarga celular,v1,Arequipa,4,Normal,200.7,0,2.0
T510174,Transferencia,v2,Lima,16,Normal,154.6,0,5.0
T510175,Pago de servicios,v2,Lima,12,Normal,249.3,0,5.0
T510176,Transferencia,v2,Lima,5,Normal,268.9,0,4.0
T510177,Transferencia,v2,Lima,2,Normal,151.5,0,4.0
T510178,Consulta de saldo,v2,Arequipa,23,Normal,124.4,0,3.0
T510179,Pago de servicios,v1,Trujillo,5,Normal,214.5,0,4.0
T510180,Consulta de saldo,v2,Lima,11,Normal,157.6,0,5.0
T510181,Transferencia,v2,Arequipa,10,Pico,652.5,0,3.0
T510182,Pago QR,v1,Trujillo,22,Normal,335.0,0,4.0
T510183,Pago QR,v1,Lima,2,Normal,239.7,0,3.0
T510184,Consulta de saldo,v2,Trujillo,21,Pico,127.4,0,3.0
T510185,Pago QR,v2,Lima,10,Pico,252.0,0,4.0
T510186,Transferencia,v1,Trujillo,7,Normal,354.3,0,4.0
T510187,Consulta de saldo,v2,Lima,9,Pico,138.6,0,5.0
T510188,Pago QR,v2,Lima,1,Normal,294.6,0,5.0
T510189,Pago QR,v1,Trujillo,17,Normal,246.0,0,3.0
T510190,Consulta de saldo,v1,Trujillo,6,Normal,56.6,0,4.0
T510191,Consulta de saldo,v1,Trujillo,9,Pico,195.7,0,5.0
T510192,Pago QR,v2,Lima,13,Normal,397.5,0,4.0
T510193,Recarga celular,v1,Lima,0,Normal,95.8,0,5.0
T510194,Transferencia,v2,Trujillo,3,Normal,98.9,0,4.0
T510195,Pago de servicios,v2,Trujillo,3,Normal,210.9,0,3.0
T510196,Pago QR,v1,Arequipa,10,Pico,467.5,0,3.0
T510197,Transferencia,v1,Lima,15,Normal,214.8,0,3.0
T510198,Consulta de saldo,v2,Lima,11,Normal,84.2,0,5.0
T510199,Recarga celular,v1,Lima,3,Normal,176.0,0,4.0
T510200,Recarga celular,v2,Lima,22,Normal,115.9,0,4.0
T510201,Pago QR,v1,Lima,16,Normal,155.5,0,3.0
T510202,Consulta de saldo,v2,Lima,21,Pico,100.1,0,3.0
T510203,Transferencia,v2,Lima,17,Normal,154.2,0,5.0
T510204,Transferencia,v2,Lima,4,Normal,401.4,0,3.0
T510205,Consulta de saldo,v2,Trujillo,7,Normal,112.1,0,3.0
T510206,Recarga celular,v1,Trujillo,4,Normal,174.9,0,5.0
T510207,Pago de servicios,v1,Lima,18,Pico,286.6,0,5.0
T510208,Transferencia,v2,Trujillo,20,Pico,325.2,0,5.0
T510209,Consulta de saldo,v1,Lima,9,Pico,140.5,0,3.0
T510210,Transferencia,v1,Arequipa,14,Normal,276.2,0,4.0
T510211,Pago de servicios,v1,Arequipa,16,Normal,117.1,0,5.0
T510212,Transferencia,v2,Trujillo,17,Normal,182.7,0,5.0
T510213,Pago QR,v2,Lima,7,Normal,146.7,0,4.0
T510214,Consulta de saldo,v1,Arequipa,12,Normal,208.2,0,5.0
T510215,Transferencia,v2,Arequipa,12,Normal,212.9,0,4.0
T510216,Consulta de saldo,v1,Lima,16,Normal,57.1,0,4.0
T510217,Transferencia,v2,Lima,12,Normal,138.8,0,5.0
T510218,Recarga celular,v2,Lima,5,Normal,214.9,0,4.0
T510219,Transferencia,v2,Trujillo,21,Pico,120.5,0,4.0
T510220,Consulta de saldo,v1,Arequipa,20,Pico,425.4,0,4.0
T510221,Pago de servicios,v1,Arequipa,10,Pico,171.5,0,3.0
T510222,Transferencia,v1,Trujillo,3,Normal,305.7,0,3.0
T510223,Recarga celular,v2,Arequipa,0,Normal,170.2,0,4.0
T510224,Consulta de saldo,v2,Trujillo,19,Pico,155.5,0,4.0
T510225,Consulta de saldo,v1,Lima,23,Normal,102.5,0,5.0
T510226,Transferencia,v2,Lima,5,Normal,166.3,0,5.0
T510227,Pago de servicios,v2,Trujillo,0,Normal,389.3,0,4.0
T510228,Transferencia,v2,Arequipa,8,Pico,269.5,0,4.0
T510229,Consulta de saldo,v2,Trujillo,7,Normal,47.9,0,4.0
T510230,Transferencia,v2,Lima,0,Normal,253.0,0,5.0
T510231,Consulta de saldo,v1,Lima,11,Normal,73.4,0,5.0
T510232,Recarga celular,v2,Trujillo,11,Normal,128.6,0,5.0
T510233,Consulta de saldo,v1,Lima,3,Normal,82.0,0,4.0
T510234,Pago de servicios,v2,Lima,9,Pico,437.9,0,4.0
T510235,Pago de servicios,v2,Lima,23,Normal,397.0,0,4.0
T510236,Pago QR,v1,Lima,3,Normal,224.8,0,
T510237,Pago de servicios,v1,Lima,8,Pico,228.7,0,4.0
T510238,Transferencia,v1,Lima,20,Pico,384.1,0,5.0
T510239,Pago QR,v1,Lima,1,Normal,100.8,0,5.0
T510240,Pago QR,v1,Arequipa,23,Normal,331.9,0,4.0
T510241,Transferencia,v1,Trujillo,4,Normal,272.9,0,4.0
T510242,Transferencia,v1,Lima,12,Normal,237.7,0,4.0
T510243,Pago QR,v2,Trujillo,20,Pico,348.2,0,5.0
T510244,Recarga celular,v1,Trujillo,20,Pico,206.6,0,4.0
T510245,Consulta de saldo,v1,Lima,11,Normal,36.7,0,4.0
T510246,Pago de servicios,v2,Arequipa,11,Normal,1986.7,0,1.0
T510247,Transferencia,v1,Trujillo,14,Normal,269.7,0,5.0
T510248,Pago QR,v2,Lima,21,Pico,308.2,0,4.0
T510249,Pago QR,v2,Arequipa,2,Normal,297.3,0,4.0
T510250,Pago QR,v2,Arequipa,18,Pico,161.9,0,4.0
T510251,Pago QR,v1,Trujillo,3,Normal,204.5,0,4.0
T510252,Recarga celular,v2,Trujillo,15,Normal,156.8,0,4.0
T510253,Pago QR,v1,Arequipa,1,Normal,177.4,0,4.0
T510254,Pago QR,v1,Lima,16,Normal,296.6,0,3.0
T510255,Transferencia,v1,Arequipa,7,Normal,575.7,0,4.0
T510256,Pago QR,v1,Arequipa,15,Normal,181.9,0,5.0
T510257,Pago de servicios,v1,Arequipa,6,Normal,225.5,0,5.0
T510258,Transferencia,v1,Arequipa,5,Normal,317.2,0,4.0
T510259,Pago QR,v1,Arequipa,23,Normal,114.3,0,4.0
T510260,Pago QR,v1,Lima,20,Pico,298.5,0,3.0
T510261,Pago QR,v1,Trujillo,3,Normal,127.0,0,5.0
T510262,Pago QR,v1,Lima,8,Pico,276.7,0,3.0
T510263,Recarga celular,v1,Trujillo,0,Normal,327.4,0,4.0
T510264,Transferencia,v1,Trujillo,7,Normal,266.7,0,4.0
T510265,Recarga celular,v2,Arequipa,14,Normal,99.5,0,3.0
T510266,Pago QR,v2,Arequipa,1,Normal,199.2,0,4.0
T510267,Transferencia,v2,Arequipa,22,Normal,272.0,0,3.0
T510268,Pago de servicios,v1,Trujillo,9,Pico,406.6,0,
T510269,Pago QR,v2,Lima,15,Normal,169.9,0,5.0
T510270,Transferencia,v1,Lima,10,Pico,189.8,0,3.0
T510271,Transferencia,v1,Lima,7,Normal,391.1,0,3.0
T510272,Consulta de saldo,v1,Lima,17,Normal,70.0,0,5.0
T510273,Pago de servicios,v2,Lima,22,Normal,290.7,0,4.0
T510274,Pago de servicios,v1,Lima,10,Pico,550.3,0,2.0
T510275,Pago de servicios,v2,Lima,3,Normal,379.4,0,3.0
T510276,Recarga celular,v2,Trujillo,7,Normal,57.5,0,5.0
T510277,Consulta de saldo,v2,Lima,17,Normal,169.8,0,3.0
T510278,Pago QR,v2,Trujillo,4,Normal,195.0,0,4.0
T510279,Transferencia,v1,Lima,15,Normal,888.6,0,3.0
T510280,Consulta de saldo,v2,Trujillo,15,Normal,185.0,0,5.0
T510281,Recarga celular,v2,Lima,22,Normal,208.6,0,4.0
T510282,Pago QR,v2,Trujillo,21,Pico,603.3,0,2.0
T510283,Recarga celular,v1,Arequipa,8,Pico,256.9,0,5.0
T510284,Recarga celular,v2,Lima,22,Normal,182.4,0,4.0
T510285,Consulta de saldo,v2,Lima,6,Normal,75.8,0,4.0
T510286,Pago de servicios,v2,Arequipa,7,Normal,318.6,0,4.0
T510287,Recarga celular,v2,Lima,11,Normal,234.1,0,5.0
T510288,Consulta de saldo,v1,Trujillo,1,Normal,102.2,0,5.0
T510289,Transferencia,v2,Lima,10,Pico,441.7,0,4.0
T510290,Consulta de saldo,v2,Lima,8,Pico,90.7,0,5.0
T510291,Pago de servicios,v2,Trujillo,21,Pico,185.9,0,3.0
T510292,Pago de servicios,v1,Arequipa,15,Normal,322.7,0,3.0
T510293,Consulta de saldo,v2,Lima,2,Normal,88.2,0,3.0
T510294,Pago QR,v2,Lima,3,Normal,129.9,0,5.0
T510295,Recarga celular,v1,Lima,21,Pico,160.3,0,5.0
T510296,Recarga celular,v1,Lima,6,Normal,74.7,0,5.0
T510297,Pago QR,v1,Trujillo,19,Pico,147.7,0,4.0
T510298,Transferencia,v1,Lima,20,Pico,594.9,0,4.0
T510299,Pago de servicios,v1,Trujillo,19,Pico,516.8,0,3.0
T510300,Consulta de saldo,v2,Lima,21,Pico,253.5,0,4.0
T510301,Transferencia,v1,Lima,22,Normal,331.6,0,4.0
T510302,Transferencia,v1,Lima,8,Pico,236.7,0,3.0
T510303,Pago de servicios,v1,Lima,19,Pico,190.8,0,4.0
T510304,Pago QR,v1,Lima,16,Normal,303.9,0,4.0
T510305,Recarga celular,v2,Lima,7,Normal,246.6,0,4.0
T510306,Pago de servicios,v2,Arequipa,5,Normal,188.0,0,5.0
T510307,Pago QR,v1,Trujillo,17,Normal,219.6,0,5.0
T510308,Recarga celular,v1,Lima,15,Normal,218.3,0,5.0
T510309,Transferencia,v2,Arequipa,21,Pico,458.5,0,4.0
T510310,Transferencia,v2,Lima,16,Normal,126.6,0,4.0
T510311,Transferencia,v1,Lima,21,Pico,257.4,0,5.0
T510312,Consulta de saldo,v2,Arequipa,8,Pico,175.1,0,4.0
T510313,Pago de servicios,v1,Trujillo,0,Normal,129.2,0,4.0
T510314,Consulta de saldo,v1,Lima,8,Pico,148.3,0,4.0
T510315,Recarga celular,v2,Lima,12,Normal,163.4,0,5.0
T510316,Pago QR,v2,Lima,12,Normal,215.4,0,4.0
T510317,Pago de servicios,v2,Lima,14,Normal,162.9,0,5.0
T510318,Consulta de saldo,v2,Trujillo,14,Normal,115.0,0,5.0
T510319,Pago de servicios,v2,Lima,10,Pico,324.2,0,4.0
T510320,Recarga celular,v2,Trujillo,5,Normal,181.8,0,4.0
T510321,Pago de servicios,v1,Trujillo,3,Normal,227.2,0,4.0
T510322,Pago de servicios,v2,Trujillo,3,Normal,573.0,0,4.0
T510323,Pago de servicios,v1,Trujillo,16,Normal,156.9,0,5.0
T510324,Consulta de saldo,v1,Lima,11,Normal,83.2,0,4.0
T510325,Recarga celular,v2,Trujillo,7,Normal,164.4,0,5.0
T510326,Recarga celular,v2,Trujillo,17,Normal,234.1,0,4.0
T510327,Pago de servicios,v1,Trujillo,1,Normal,224.9,0,5.0
T510328,Pago de servicios,v1,Lima,1,Normal,515.0,0,4.0
T510329,Pago QR,v2,Lima,21,Pico,198.9,0,4.0
T510330,Recarga celular,v1,Lima,11,Normal,103.8,0,5.0
T510331,Pago de servicios,v1,Trujillo,14,Normal,549.3,0,4.0
T510332,Recarga celular,v1,Lima,10,Pico,215.7,0,5.0
T510333,Transferencia,v1,Trujillo,14,Normal,341.0,0,4.0
T510334,Consulta de saldo,v2,Arequipa,8,Pico,103.0,0,5.0
T510335,Consulta de saldo,v1,Trujillo,0,Normal,86.1,0,5.0
T510336,Pago QR,v2,Trujillo,15,Normal,259.4,0,5.0
T510337,Pago de servicios,v2,Trujillo,2,Normal,532.5,0,3.0
T510338,Pago QR,v2,Lima,18,Pico,187.6,0,3.0
T510339,Transferencia,v1,Trujillo,9,Pico,372.2,0,4.0
T510340,Pago QR,v1,Arequipa,16,Normal,306.0,0,5.0
T510341,Transferencia,v2,Lima,15,Normal,97.5,0,5.0
T510342,Pago de servicios,v2,Lima,3,Normal,603.5,0,4.0
T510343,Transferencia,v2,Lima,3,Normal,352.1,0,4.0
T510344,Pago QR,v1,Lima,19,Pico,255.8,0,5.0
T510345,Recarga celular,v2,Lima,5,Normal,95.3,0,5.0
T510346,Consulta de saldo,v1,Lima,18,Pico,109.4,0,5.0
T510347,Consulta de saldo,v2,Trujillo,15,Normal,100.3,0,5.0
T510348,Pago de servicios,v2,Trujillo,2,Normal,303.1,0,4.0
T510349,Pago QR,v2,Lima,15,Normal,146.9,0,5.0
T510350,Pago QR,v1,Arequipa,1,Normal,174.2,0,4.0
T510351,Transferencia,v2,Lima,9,Pico,553.6,0,3.0
T510352,Pago de servicios,v2,Lima,16,Normal,380.5,0,5.0
T510353,Pago QR,v1,Lima,2,Normal,159.1,0,4.0
T510354,Consulta de saldo,v1,Lima,18,Pico,221.7,0,4.0
T510355,Pago QR,v2,Lima,12,Normal,156.2,0,4.0
T510356,Transferencia,v2,Arequipa,0,Normal,380.9,0,3.0
T510357,Consulta de saldo,v2,Trujillo,23,Normal,142.2,0,5.0
T510358,Transferencia,v2,Arequipa,5,Normal,225.0,0,5.0
T510359,Transferencia,v2,Lima,10,Pico,433.4,0,4.0
T510360,Recarga celular,v1,Lima,17,Normal,202.3,0,4.0
T510361,Consulta de saldo,v1,Arequipa,7,Normal,74.4,0,5.0
T510362,Transferencia,v1,Trujillo,16,Normal,269.3,0,4.0
T510363,Pago de servicios,v1,Lima,3,Normal,192.4,0,5.0
T510364,Transferencia,v1,Trujillo,1,Normal,217.3,0,5.0
T510365,Transferencia,v1,Lima,18,Pico,554.6,1,3.0
T510366,Pago de servicios,v2,Lima,17,Normal,180.5,0,5.0
T510367,Transferencia,v1,Trujillo,22,Normal,175.5,0,4.0
T510368,Pago QR,v1,Lima,8,Pico,281.4,0,4.0
T510369,Consulta de saldo,v2,Arequipa,21,Pico,156.3,0,5.0
T510370,Consulta de saldo,v2,Trujillo,3,Normal,113.3,0,5.0
T510371,Transferencia,v2,Lima,10,Pico,331.0,0,4.0
T510372,Transferencia,v1,Lima,4,Normal,354.0,0,3.0
T510373,Consulta de saldo,v2,Lima,14,Normal,173.7,0,5.0
T510374,Transferencia,v2,Lima,20,Pico,485.5,0,3.0
T510375,Consulta de saldo,v1,Lima,6,Normal,133.3,0,4.0
T510376,Recarga celular,v2,Lima,20,Pico,96.5,0,5.0
T510377,Transferencia,v1,Lima,9,Pico,349.7,0,4.0
T510378,Consulta de saldo,v2,Lima,19,Pico,242.4,0,2.0
T510379,Consulta de saldo,v1,Arequipa,22,Normal,166.1,0,3.0
T510380,Consulta de saldo,v2,Lima,23,Normal,115.9,0,4.0
T510381,Pago QR,v2,Trujillo,3,Normal,108.9,0,5.0
T510382,Transferencia,v1,Arequipa,11,Normal,349.8,0,3.0
T510383,Pago QR,v1,Lima,19,Pico,235.7,0,3.0
T510384,Recarga celular,v2,Lima,7,Normal,90.3,0,5.0
T510385,Transferencia,v2,Lima,8,Pico,211.7,0,4.0
T510386,Pago QR,v2,Arequipa,11,Normal,380.2,0,4.0
T510387,Consulta de saldo,v1,Arequipa,9,Pico,116.9,0,4.0
T510388,Pago QR,v1,Trujillo,19,Pico,267.4,0,4.0
T510389,Pago de servicios,v2,Arequipa,7,Normal,217.5,0,5.0
T510390,Consulta de saldo,v2,Lima,18,Pico,138.0,0,5.0
T510391,Recarga celular,v2,Lima,15,Normal,237.9,0,
T510392,Transferencia,v2,Arequipa,16,Normal,273.1,0,5.0
T510393,Pago QR,v1,Lima,2,Normal,180.1,0,5.0
T510394,Consulta de saldo,v2,Lima,17,Normal,63.1,0,4.0
T510395,Recarga celular,v2,Trujillo,15,Normal,89.6,0,4.0
T510396,Pago de servicios,v1,Lima,17,Normal,243.2,0,4.0
T510397,Pago QR,v1,Trujillo,15,Normal,266.3,0,3.0
T510398,Transferencia,v1,Trujillo,4,Normal,162.4,0,5.0
T510399,Recarga celular,v2,Lima,13,Normal,216.1,0,3.0
T510400,Consulta de saldo,v1,Trujillo,10,Pico,179.7,0,3.0
T510401,Pago de servicios,v2,Trujillo,20,Pico,679.9,0,2.0
T510402,Transferencia,v2,Arequipa,23,Normal,257.1,0,4.0
T510403,Consulta de saldo,v2,Lima,19,Pico,192.1,0,5.0
T510404,Transferencia,v2,Arequipa,17,Normal,161.5,0,5.0
T510405,Pago QR,v1,Lima,22,Normal,162.0,0,5.0
T510406,Transferencia,v2,Lima,14,Normal,501.7,0,4.0
T510407,Pago QR,v1,Trujillo,17,Normal,462.6,0,3.0
T510408,Pago QR,v2,Trujillo,11,Normal,359.0,0,3.0
T510409,Transferencia,v1,Trujillo,11,Normal,476.8,0,5.0
T510410,Consulta de saldo,v1,Lima,13,Normal,104.2,0,5.0
T510411,Transferencia,v2,Trujillo,22,Normal,190.7,0,3.0
T510412,Transferencia,v1,Arequipa,17,Normal,162.0,0,5.0
T510413,Pago de servicios,v1,Lima,21,Pico,227.3,0,4.0
T510414,Transferencia,v2,Trujillo,14,Normal,257.4,0,3.0
T510415,Consulta de saldo,v2,Lima,12,Normal,62.5,0,5.0
T510416,Pago QR,v2,Trujillo,19,Pico,234.0,0,4.0
T510417,Pago QR,v1,Trujillo,17,Normal,265.0,0,4.0
T510418,Consulta de saldo,v1,Arequipa,1,Normal,97.0,0,5.0
T510419,Pago de servicios,v1,Trujillo,8,Pico,217.5,0,5.0
T510420,Consulta de saldo,v1,Lima,16,Normal,100.0,0,4.0
T510421,Consulta de saldo,v2,Trujillo,21,Pico,63.3,0,4.0
T510422,Transferencia,v1,Lima,5,Normal,266.2,0,4.0
T510423,Transferencia,v1,Lima,14,Normal,209.1,0,5.0
T510424,Transferencia,v1,Trujillo,1,Normal,219.5,0,5.0
T510425,Pago QR,v2,Arequipa,9,Pico,86.9,0,4.0
T510426,Transferencia,v2,Lima,5,Normal,306.1,0,4.0
T510427,Transferencia,v2,Lima,23,Normal,229.4,0,5.0
T510428,Transferencia,v1,Trujillo,22,Normal,121.7,0,5.0
T510429,Transferencia,v1,Arequipa,18,Pico,407.4,0,5.0
T510430,Pago QR,v1,Arequipa,3,Normal,167.1,0,4.0
T510431,Consulta de saldo,v2,Trujillo,8,Pico,85.8,0,5.0
T510432,Pago de servicios,v2,Trujillo,20,Pico,482.2,0,4.0
T510433,Recarga celular,v1,Lima,4,Normal,114.4,0,5.0
T510434,Pago de servicios,v2,Trujillo,16,Normal,231.7,0,4.0
T510435,Pago QR,v2,Arequipa,20,Pico,298.8,0,5.0
T510436,Consulta de saldo,v1,Trujillo,19,Pico,140.6,0,5.0
T510437,Transferencia,v1,Trujillo,7,Normal,431.4,0,4.0
T510438,Pago QR,v1,Arequipa,14,Normal,137.6,0,5.0
T510439,Consulta de saldo,v1,Arequipa,6,Normal,90.8,0,4.0
T510440,Recarga celular,v1,Trujillo,17,Normal,105.6,0,5.0
T510441,Transferencia,v1,Trujillo,13,Normal,130.0,0,5.0
T510442,Pago QR,v1,Lima,21,Pico,345.0,0,5.0
T510443,Pago QR,v1,Lima,15,Normal,119.7,0,5.0
T510444,Transferencia,v1,Arequipa,0,Normal,267.3,0,4.0
T510445,Pago QR,v2,Lima,10,Pico,579.4,0,3.0
T510446,Transferencia,v1,Trujillo,11,Normal,535.3,0,4.0
T510447,Consulta de saldo,v1,Trujillo,17,Normal,163.5,0,4.0
T510448,Transferencia,v1,Arequipa,8,Pico,396.8,1,1.0
T510449,Pago QR,v2,Arequipa,2,Normal,143.0,0,4.0
T510450,Pago QR,v1,Arequipa,7,Normal,220.6,0,4.0
T510451,Pago QR,v1,Lima,15,Normal,245.9,0,5.0
T510452,Consulta de saldo,v1,Trujillo,22,Normal,117.0,0,
T510453,Transferencia,v1,Lima,23,Normal,269.4,0,3.0
T510454,Transferencia,v2,Trujillo,19,Pico,410.8,0,3.0
T510455,Pago QR,v2,Arequipa,22,Normal,186.9,0,4.0
T510456,Pago QR,v1,Arequipa,4,Normal,255.7,0,4.0
T510457,Consulta de saldo,v2,Lima,8,Pico,96.0,0,4.0
T510458,Pago QR,v2,Lima,1,Normal,261.9,0,4.0
T510459,Pago de servicios,v1,Lima,16,Normal,244.4,0,4.0
T510460,Pago de servicios,v1,Trujillo,9,Pico,620.3,0,3.0
T510461,Transferencia,v1,Trujillo,20,Pico,425.4,0,5.0
T510462,Recarga celular,v2,Arequipa,4,Normal,401.7,0,4.0
T510463,Recarga celular,v2,Lima,21,Pico,110.6,0,4.0
T510464,Consulta de saldo,v1,Lima,2,Normal,139.1,0,5.0
T510465,Consulta de saldo,v2,Arequipa,0,Normal,226.5,0,4.0
T510466,Transferencia,v2,Lima,0,Normal,348.9,1,3.0
T510467,Transferencia,v2,Arequipa,15,Normal,155.7,0,5.0
T510468,Pago QR,v2,Lima,10,Pico,276.5,0,3.0
T510469,Transferencia,v1,Trujillo,14,Normal,390.3,0,3.0
T510470,Transferencia,v2,Lima,13,Normal,133.2,0,4.0
T510471,Pago de servicios,v2,Arequipa,11,Normal,268.4,0,4.0
T510472,Transferencia,v2,Lima,5,Normal,121.8,0,4.0
T510473,Recarga celular,v1,Lima,18,Pico,302.0,0,4.0
T510474,Consulta de saldo,v2,Arequipa,15,Normal,191.5,0,4.0
T510475,Pago de servicios,v2,Arequipa,16,Normal,296.7,0,3.0
T510476,Pago de servicios,v1,Arequipa,10,Pico,591.1,0,3.0
T510477,Pago de servicios,v1,Lima,19,Pico,214.5,0,4.0
T510478,Transferencia,v1,Lima,10,Pico,458.0,0,3.0
T510479,Pago QR,v1,Lima,4,Normal,109.4,0,3.0
T510480,Pago de servicios,v2,Lima,0,Normal,302.0,0,
T510481,Recarga celular,v2,Arequipa,8,Pico,278.8,0,5.0
T510482,Pago de servicios,v2,Arequipa,17,Normal,456.0,0,2.0
T510483,Transferencia,v2,Lima,4,Normal,254.7,0,5.0
T510484,Pago QR,v2,Arequipa,18,Pico,214.6,0,4.0
T510485,Pago QR,v1,Lima,20,Pico,480.7,0,4.0
T510486,Consulta de saldo,v2,Trujillo,17,Normal,105.4,0,5.0
T510487,Consulta de saldo,v2,Lima,11,Normal,46.8,0,4.0
T510488,Consulta de saldo,v1,Trujillo,23,Normal,66.1,0,4.0
T510489,Recarga celular,v1,Lima,15,Normal,186.1,0,5.0
T510490,Consulta de saldo,v2,Lima,18,Pico,316.3,0,4.0
T510491,Pago QR,v1,Lima,14,Normal,139.5,0,4.0
T510492,Transferencia,v2,Lima,6,Normal,346.4,0,4.0
T510493,Transferencia,v2,Trujillo,1,Normal,121.4,0,4.0
T510494,Recarga celular,v2,Lima,6,Normal,233.3,0,4.0
T510495,Recarga celular,v2,Arequipa,9,Pico,236.1,0,4.0
T510496,Pago de servicios,v1,Lima,14,Normal,664.2,0,3.0
T510497,Recarga celular,v1,Lima,21,Pico,147.7,0,4.0
T510498,Transferencia,v2,Trujillo,9,Pico,588.6,0,4.0
T510499,Consulta de saldo,v2,Arequipa,17,Normal,98.5,0,5.0
T510500,Consulta de saldo,v2,Lima,12,Normal,70.7,0,4.0
T510501,Recarga celular,v1,Trujillo,12,Normal,92.7,0,4.0
T510502,Pago de servicios,v2,Arequipa,6,Normal,245.3,0,
T510503,Pago QR,v2,Arequipa,9,Pico,403.1,0,4.0
T510504,Recarga celular,v2,Lima,5,Normal,77.7,0,5.0
T510505,Pago QR,v1,Lima,20,Pico,349.1,0,5.0
T510506,Transferencia,v2,Lima,22,Normal,914.0,0,2.0
T510507,Pago de servicios,v1,Lima,17,Normal,239.0,0,5.0
T510508,Consulta de saldo,v2,Trujillo,23,Normal,144.8,0,3.0
T510509,Pago de servicios,v2,Lima,18,Pico,412.2,0,4.0
T510510,Consulta de saldo,v1,Lima,4,Normal,88.4,0,4.0
T510511,Pago de servicios,v2,Lima,22,Normal,361.3,0,4.0
T510512,Transferencia,v1,Lima,0,Normal,410.7,0,4.0
T510513,Pago QR,v1,Arequipa,17,Normal,174.0,0,4.0
T510514,Pago QR,v2,Lima,17,Normal,80.9,0,5.0
T510515,Consulta de saldo,v2,Lima,4,Normal,35.2,0,5.0
T510516,Transferencia,v1,Lima,9,Pico,343.0,0,3.0
T510517,Pago QR,v1,Lima,20,Pico,361.1,0,4.0
T510518,Pago de servicios,v1,Arequipa,21,Pico,382.6,0,3.0
T510519,Consulta de saldo,v2,Trujillo,16,Normal,46.1,0,5.0
T510520,Recarga celular,v1,Trujillo,20,Pico,264.2,0,4.0
T510521,Pago QR,v2,Lima,10,Pico,143.0,0,5.0
T510522,Consulta de saldo,v1,Lima,22,Normal,104.7,0,5.0
T510523,Consulta de saldo,v2,Lima,5,Normal,76.0,0,5.0
T510524,Recarga celular,v2,Lima,14,Normal,203.7,0,3.0
T510525,Transferencia,v2,Arequipa,14,Normal,667.8,0,2.0
T510526,Pago QR,v2,Lima,10,Pico,87.4,0,3.0
T510527,Transferencia,v1,Lima,0,Normal,549.2,0,4.0
T510528,Consulta de saldo,v1,Lima,6,Normal,106.2,0,4.0
T510529,Transferencia,v2,Lima,2,Normal,104.2,0,4.0
T510530,Consulta de saldo,v1,Lima,1,Normal,78.8,0,5.0
T510531,Transferencia,v1,Trujillo,19,Pico,193.9,0,4.0
T510532,Pago de servicios,v1,Arequipa,10,Pico,171.4,0,4.0
T510533,Transferencia,v1,Lima,11,Normal,282.6,0,4.0
T510534,Consulta de saldo,v1,Lima,9,Pico,143.6,0,4.0
T510535,Transferencia,v2,Trujillo,0,Normal,282.3,0,4.0
T510536,Pago QR,v2,Arequipa,20,Pico,130.5,0,5.0
T510537,Pago QR,v2,Lima,7,Normal,173.0,0,4.0
T510538,Recarga celular,v1,Lima,4,Normal,104.1,0,4.0
T510539,Pago QR,v1,Lima,13,Normal,206.1,0,4.0
T510540,Transferencia,v1,Lima,0,Normal,398.5,0,4.0
T510541,Transferencia,v2,Lima,8,Pico,379.4,0,3.0
T510542,Pago QR,v1,Lima,22,Normal,212.7,0,4.0
T510543,Consulta de saldo,v2,Lima,10,Pico,154.6,0,4.0
T510544,Pago QR,v2,Lima,15,Normal,462.0,0,5.0
T510545,Pago QR,v2,Lima,21,Pico,509.4,0,3.0
T510546,Transferencia,v2,Arequipa,16,Normal,270.0,0,3.0
T510547,Transferencia,v1,Trujillo,1,Normal,263.6,0,4.0
T510548,Consulta de saldo,v2,Arequipa,7,Normal,128.0,0,4.0
T510549,Pago QR,v1,Trujillo,3,Normal,521.9,0,3.0
T510550,Pago QR,v1,Lima,12,Normal,203.1,0,4.0
T510551,Recarga celular,v2,Lima,5,Normal,254.5,0,4.0
T510552,Pago de servicios,v1,Lima,1,Normal,367.6,0,4.0
T510553,Pago de servicios,v1,Trujillo,22,Normal,829.7,0,3.0
T510554,Pago de servicios,v1,Lima,1,Normal,322.4,0,4.0
T510555,Transferencia,v1,Trujillo,10,Pico,270.7,0,4.0
T510556,Pago de servicios,v1,Lima,16,Normal,302.3,0,4.0
T510557,Transferencia,v1,Trujillo,12,Normal,331.2,0,5.0
T510558,Pago QR,v1,Arequipa,1,Normal,215.0,0,5.0
T510559,Transferencia,v2,Lima,10,Pico,625.3,0,2.0
T510560,Pago QR,v1,Arequipa,23,Normal,202.9,0,3.0
T510561,Consulta de saldo,v2,Arequipa,3,Normal,105.1,0,5.0
T510562,Consulta de saldo,v2,Lima,3,Normal,118.5,0,5.0
T510563,Pago de servicios,v1,Trujillo,4,Normal,197.4,0,4.0
T510564,Pago QR,v2,Trujillo,6,Normal,185.0,0,4.0
T510565,Transferencia,v2,Arequipa,18,Pico,172.6,0,5.0
T510566,Recarga celular,v1,Arequipa,0,Normal,348.4,0,3.0
T510567,Pago QR,v2,Arequipa,17,Normal,251.0,0,3.0
T510568,Transferencia,v2,Lima,20,Pico,365.7,0,4.0
T510569,Pago QR,v1,Trujillo,21,Pico,242.9,0,4.0
T510570,Pago QR,v1,Lima,12,Normal,441.5,0,3.0
T510571,Pago de servicios,v2,Lima,9,Pico,316.7,0,4.0
T510572,Pago QR,v1,Arequipa,18,Pico,161.3,0,4.0
T510573,Pago QR,v1,Arequipa,13,Normal,243.2,0,4.0
T510574,Recarga celular,v1,Arequipa,20,Pico,82.2,0,5.0
T510575,Transferencia,v2,Trujillo,16,Normal,210.3,0,3.0
T510576,Consulta de saldo,v1,Lima,14,Normal,99.9,0,5.0
T510577,Transferencia,v1,Trujillo,22,Normal,325.6,0,4.0
T510578,Consulta de saldo,v1,Lima,21,Pico,64.6,0,4.0
T510579,Pago de servicios,v1,Trujillo,1,Normal,313.3,0,4.0
T510580,Transferencia,v1,Trujillo,17,Normal,560.1,0,4.0
T510581,Recarga celular,v2,Trujillo,22,Normal,97.2,0,5.0
T510582,Pago QR,v1,Arequipa,11,Normal,234.7,0,5.0
T510583,Recarga celular,v2,Trujillo,19,Pico,369.1,0,4.0
T510584,Pago QR,v1,Lima,11,Normal,117.3,0,5.0
T510585,Pago QR,v2,Lima,6,Normal,402.8,0,4.0
T510586,Recarga celular,v2,Arequipa,13,Normal,164.2,0,5.0
T510587,Pago QR,v1,Lima,10,Pico,459.8,0,4.0
T510588,Pago QR,v1,Arequipa,12,Normal,238.8,0,5.0
T510589,Pago QR,v2,Lima,10,Pico,226.8,0,4.0
T510590,Pago QR,v2,Lima,12,Normal,92.2,0,5.0
T510591,Pago QR,v2,Lima,2,Normal,162.9,0,4.0
T510592,Pago QR,v2,Lima,11,Normal,175.4,0,5.0
T510593,Consulta de saldo,v2,Arequipa,1,Normal,178.3,0,4.0
T510594,Consulta de saldo,v2,Lima,17,Normal,176.7,0,3.0
T510595,Transferencia,v2,Lima,4,Normal,480.5,0,4.0
T510596,Pago QR,v2,Arequipa,5,Normal,118.8,0,4.0
T510597,Recarga celular,v1,Trujillo,1,Normal,80.2,0,5.0
T510598,Transferencia,v2,Lima,3,Normal,205.9,0,5.0
T510599,Transferencia,v2,Trujillo,21,Pico,602.5,0,3.0
T510600,Recarga celular,v1,Lima,6,Normal,56.3,0,5.0
T510601,Consulta de saldo,v2,Lima,0,Normal,177.0,0,5.0
T510602,Transferencia,v2,Arequipa,11,Normal,111.1,0,5.0
T510603,Pago QR,v2,Lima,15,Normal,324.5,0,4.0
T510604,Transferencia,v2,Trujillo,8,Pico,489.7,0,4.0
T510605,Transferencia,v1,Lima,1,Normal,109.9,0,4.0
T510606,Consulta de saldo,v1,Lima,20,Pico,80.6,0,4.0
T510607,Transferencia,v2,Trujillo,21,Pico,264.1,0,4.0
T510608,Transferencia,v1,Arequipa,6,Normal,389.1,0,3.0
T510609,Recarga celular,v2,Arequipa,4,Normal,153.0,0,4.0
T510610,Pago QR,v2,Lima,11,Normal,214.3,0,3.0
T510611,Transferencia,v2,Trujillo,3,Normal,226.5,0,4.0
T510612,Transferencia,v1,Lima,20,Pico,530.8,0,4.0
T510613,Pago QR,v2,Trujillo,5,Normal,173.6,0,5.0
T510614,Pago QR,v1,Lima,19,Pico,226.2,0,4.0
T510615,Transferencia,v2,Lima,13,Normal,229.7,0,4.0
T510616,Consulta de saldo,v2,Lima,2,Normal,260.4,0,5.0
T510617,Recarga celular,v2,Lima,10,Pico,220.7,0,4.0
T510618,Transferencia,v2,Arequipa,22,Normal,310.2,0,3.0
T510619,Pago QR,v2,Trujillo,22,Normal,153.9,0,4.0
T510620,Pago QR,v1,Lima,16,Normal,278.0,0,3.0
T510621,Pago QR,v1,Trujillo,16,Normal,166.2,0,5.0
T510622,Transferencia,v2,Trujillo,4,Normal,141.3,0,4.0
T510623,Pago QR,v1,Lima,11,Normal,210.1,0,5.0
T510624,Consulta de saldo,v2,Lima,9,Pico,87.0,0,5.0
T510625,Pago QR,v1,Lima,13,Normal,360.8,0,4.0
T510626,Transferencia,v1,Lima,19,Pico,151.6,0,5.0
T510627,Transferencia,v1,Trujillo,23,Normal,280.3,0,4.0
T510628,Pago QR,v1,Lima,17,Normal,207.2,0,5.0
T510629,Pago QR,v1,Trujillo,16,Normal,216.0,0,4.0
T510630,Pago QR,v1,Lima,12,Normal,226.8,0,5.0
T510631,Recarga celular,v1,Lima,10,Pico,220.0,0,5.0
T510632,Transferencia,v1,Trujillo,5,Normal,403.8,0,4.0
T510633,Pago QR,v2,Arequipa,23,Normal,324.7,0,5.0
T510634,Pago de servicios,v1,Trujillo,8,Pico,886.3,0,2.0
T510635,Pago QR,v2,Arequipa,5,Normal,132.6,0,5.0
T510636,Recarga celular,v1,Lima,14,Normal,151.7,0,5.0
T510637,Pago QR,v2,Trujillo,0,Normal,199.2,0,4.0
T510638,Pago de servicios,v1,Trujillo,14,Normal,495.5,0,4.0
T510639,Recarga celular,v1,Arequipa,21,Pico,204.4,1,4.0
T510640,Pago QR,v1,Lima,18,Pico,221.9,0,4.0
T510641,Recarga celular,v2,Arequipa,22,Normal,382.7,0,5.0
T510642,Recarga celular,v1,Lima,1,Normal,474.6,0,3.0
T510643,Consulta de saldo,v2,Lima,11,Normal,124.0,0,3.0
T510644,Pago QR,v2,Arequipa,8,Pico,177.4,0,4.0
T510645,Consulta de saldo,v1,Trujillo,21,Pico,74.6,0,4.0
T510646,Recarga celular,v2,Trujillo,13,Normal,240.5,0,4.0
T510647,Consulta de saldo,v2,Arequipa,2,Normal,238.7,0,4.0
T510648,Transferencia,v2,Arequipa,16,Normal,405.7,0,3.0
T510649,Pago de servicios,v1,Lima,5,Normal,346.4,0,5.0
T510650,Pago de servicios,v1,Lima,8,Pico,526.6,0,3.0
T510651,Pago QR,v1,Lima,19,Pico,243.2,0,4.0
T510652,Transferencia,v2,Trujillo,2,Normal,148.5,0,3.0
T510653,Transferencia,v2,Arequipa,22,Normal,392.5,0,3.0
T510654,Pago QR,v2,Lima,18,Pico,310.2,0,4.0
T510655,Consulta de saldo,v2,Arequipa,1,Normal,77.2,0,5.0
T510656,Pago QR,v2,Trujillo,22,Normal,92.8,0,5.0
T510657,Recarga celular,v2,Lima,22,Normal,275.8,0,4.0
T510658,Pago de servicios,v1,Lima,8,Pico,397.3,0,4.0
T510659,Pago QR,v1,Arequipa,0,Normal,237.7,0,5.0
T510660,Transferencia,v2,Trujillo,11,Normal,239.4,0,5.0
T510661,Transferencia,v1,Lima,1,Normal,251.9,0,4.0
T510662,Consulta de saldo,v1,Lima,3,Normal,178.7,0,4.0
T510663,Pago de servicios,v2,Trujillo,20,Pico,511.0,0,4.0
T510664,Transferencia,v1,Trujillo,2,Normal,243.9,0,5.0
T510665,Consulta de saldo,v1,Lima,7,Normal,42.4,0,4.0
T510666,Pago de servicios,v1,Lima,18,Pico,300.9,0,3.0
T510667,Recarga celular,v2,Arequipa,1,Normal,161.6,0,5.0
T510668,Recarga celular,v2,Lima,5,Normal,183.6,0,3.0
T510669,Pago de servicios,v1,Lima,9,Pico,561.9,0,2.0
T510670,Transferencia,v1,Lima,12,Normal,275.5,0,4.0
T510671,Consulta de saldo,v1,Arequipa,19,Pico,83.9,0,3.0
T510672,Transferencia,v2,Lima,17,Normal,312.4,0,5.0
T510673,Recarga celular,v2,Trujillo,13,Normal,229.3,0,4.0
T510674,Consulta de saldo,v1,Arequipa,3,Normal,89.4,0,4.0
T510675,Pago QR,v2,Lima,7,Normal,150.1,0,2.0
T510676,Pago QR,v1,Trujillo,3,Normal,445.3,0,4.0
T510677,Transferencia,v2,Trujillo,3,Normal,,0,5.0
T510678,Consulta de saldo,v2,Lima,5,Normal,66.5,0,5.0
T510679,Consulta de saldo,v2,Arequipa,9,Pico,111.6,0,4.0
T510680,Consulta de saldo,v1,Lima,18,Pico,179.0,0,5.0
T510681,Pago de servicios,v1,Trujillo,6,Normal,568.5,0,3.0
T510682,Pago QR,v1,Lima,16,Normal,150.8,0,4.0
T510683,Consulta de saldo,v2,Trujillo,14,Normal,121.9,0,5.0
T510684,Pago QR,v2,Arequipa,21,Pico,106.1,0,4.0
T510685,Transferencia,v1,Lima,19,Pico,403.2,0,4.0
T510686,Pago de servicios,v2,Trujillo,0,Normal,348.1,0,4.0
T510687,Pago de servicios,v1,Trujillo,6,Normal,479.2,0,4.0
T510688,Pago QR,v1,Lima,18,Pico,149.1,0,5.0
T510689,Pago QR,v1,Lima,0,Normal,91.0,0,4.0
T510690,Transferencia,v2,Arequipa,8,Pico,227.7,0,5.0
T510691,Transferencia,v1,Lima,9,Pico,293.0,0,4.0
T510692,Pago de servicios,v2,Lima,6,Normal,414.9,0,5.0
T510693,Pago QR,v2,Lima,0,Normal,105.9,0,5.0
T510694,Pago de servicios,v1,Lima,0,Normal,277.6,0,
T510695,Pago de servicios,v1,Lima,16,Normal,431.3,0,4.0
T510696,Transferencia,v1,Trujillo,5,Normal,315.5,0,3.0
T510697,Pago QR,v1,Trujillo,9,Pico,299.1,0,4.0
T510698,Consulta de saldo,v1,Arequipa,5,Normal,129.2,0,3.0
T510699,Pago QR,v1,Arequipa,1,Normal,115.8,0,5.0
T510700,Consulta de saldo,v1,Trujillo,13,Normal,196.7,0,4.0
T510701,Recarga celular,v2,Arequipa,18,Pico,269.2,0,4.0
T510702,Recarga celular,v1,Trujillo,10,Pico,236.9,0,4.0
T510703,Pago QR,v1,Lima,17,Normal,109.7,0,4.0
T510704,Recarga celular,v2,Lima,14,Normal,85.9,0,4.0
T510705,Transferencia,v1,Trujillo,10,Pico,326.0,0,4.0
T510706,Pago QR,v2,Arequipa,20,Pico,136.7,0,4.0
T510707,Recarga celular,v1,Lima,23,Normal,80.4,0,4.0
T510708,Consulta de saldo,v1,Lima,16,Normal,83.7,0,5.0
T510709,Transferencia,v2,Lima,11,Normal,231.3,0,4.0
T510710,Pago QR,v1,Arequipa,4,Normal,196.2,0,5.0
T510711,Pago QR,v1,Trujillo,4,Normal,923.7,0,4.0
T510712,Pago de servicios,v2,Lima,13,Normal,270.1,0,4.0
T510713,Pago QR,v2,Arequipa,9,Pico,224.8,0,4.0
T510714,Transferencia,v1,Lima,8,Pico,391.0,0,3.0
T510715,Pago QR,v2,Trujillo,17,Normal,109.9,0,4.0
T510716,Recarga celular,v1,Arequipa,3,Normal,85.8,0,
T510717,Pago QR,v1,Arequipa,16,Normal,239.9,0,5.0
T510718,Pago QR,v1,Lima,19,Pico,204.4,0,5.0
T510719,Pago QR,v2,Lima,17,Normal,181.0,0,3.0
T510720,Transferencia,v1,Lima,7,Normal,227.9,0,4.0
T510721,Transferencia,v1,Arequipa,21,Pico,413.5,0,4.0
T510722,Pago QR,v2,Lima,14,Normal,137.5,0,5.0
T510723,Transferencia,v1,Trujillo,5,Normal,441.6,0,4.0
T510724,Transferencia,v2,Trujillo,6,Normal,484.3,0,
T510725,Consulta de saldo,v1,Arequipa,10,Pico,104.2,0,4.0
T510726,Pago de servicios,v2,Lima,14,Normal,263.3,0,4.0
T510727,Pago QR,v1,Lima,18,Pico,451.9,0,4.0
T510728,Pago de servicios,v1,Lima,13,Normal,296.5,0,5.0
T510729,Transferencia,v1,Trujillo,10,Pico,419.4,0,4.0
T510730,Transferencia,v1,Trujillo,18,Pico,228.4,0,5.0
T510731,Pago QR,v2,Lima,0,Normal,85.8,0,5.0
T510732,Recarga celular,v1,Arequipa,11,Normal,106.1,0,5.0
T510733,Recarga celular,v2,Arequipa,0,Normal,119.8,0,5.0
T510734,Transferencia,v1,Trujillo,21,Pico,215.7,0,4.0
T510735,Pago de servicios,v1,Lima,20,Pico,440.3,0,3.0
T510736,Pago QR,v2,Lima,14,Normal,121.6,0,4.0
T510737,Consulta de saldo,v2,Lima,14,Normal,510.4,0,3.0
T510738,Pago QR,v1,Arequipa,19,Pico,98.3,0,5.0
T510739,Transferencia,v1,Arequipa,0,Normal,219.2,0,4.0
T510740,Consulta de saldo,v1,Arequipa,15,Normal,106.0,0,5.0
T510741,Transferencia,v2,Trujillo,1,Normal,488.4,0,4.0
T510742,Recarga celular,v2,Trujillo,2,Normal,134.4,0,5.0
T510743,Pago QR,v2,Trujillo,18,Pico,313.9,0,4.0
T510744,Transferencia,v1,Trujillo,19,Pico,251.5,0,4.0
T510745,Consulta de saldo,v2,Arequipa,4,Normal,132.2,0,4.0
T510746,Pago QR,v1,Trujillo,11,Normal,202.1,0,4.0
T510747,Consulta de saldo,v1,Lima,17,Normal,160.1,0,5.0
T510748,Consulta de saldo,v2,Arequipa,5,Normal,102.5,0,4.0
T510749,Consulta de saldo,v1,Lima,11,Normal,74.4,0,5.0
T510750,Pago QR,v2,Trujillo,11,Normal,271.8,0,4.0
T510751,Consulta de saldo,v2,Lima,5,Normal,103.7,0,5.0
T510752,Transferencia,v2,Arequipa,2,Normal,164.8,0,3.0
T510753,Consulta de saldo,v2,Trujillo,15,Normal,112.4,0,4.0
T510754,Pago QR,v2,Lima,11,Normal,195.9,0,4.0
T510755,Transferencia,v2,Lima,5,Normal,210.8,0,5.0
T510756,Pago de servicios,v2,Trujillo,2,Normal,202.4,0,5.0
T510757,Recarga celular,v1,Arequipa,19,Pico,322.7,0,4.0
T510758,Transferencia,v2,Lima,21,Pico,622.9,0,3.0
T510759,Recarga celular,v1,Lima,17,Normal,130.5,0,5.0
T510760,Pago QR,v2,Lima,16,Normal,247.8,0,4.0
T510761,Consulta de saldo,v1,Trujillo,20,Pico,366.5,0,3.0
T510762,Pago QR,v1,Arequipa,1,Normal,175.0,0,5.0
T510763,Consulta de saldo,v2,Trujillo,20,Pico,83.5,0,5.0
T510764,Transferencia,v1,Lima,11,Normal,311.4,0,3.0
T510765,Recarga celular,v2,Arequipa,9,Pico,217.9,0,3.0
T510766,Transferencia,v1,Arequipa,17,Normal,423.8,0,4.0
T510767,Consulta de saldo,v2,Lima,7,Normal,115.3,0,4.0
T510768,Pago QR,v2,Arequipa,9,Pico,118.6,0,4.0
T510769,Consulta de saldo,v2,Lima,6,Normal,164.7,0,3.0
T510770,Pago de servicios,v2,Lima,10,Pico,401.1,0,4.0
T510771,Recarga celular,v2,Arequipa,0,Normal,147.1,0,5.0
T510772,Pago QR,v2,Lima,3,Normal,128.4,0,5.0
T510773,Pago QR,v2,Trujillo,16,Normal,183.1,0,5.0
T510774,Recarga celular,v1,Lima,10,Pico,237.5,0,3.0
T510775,Pago QR,v2,Arequipa,14,Normal,175.3,0,5.0
T510776,Transferencia,v2,Arequipa,4,Normal,225.3,0,4.0
T510777,Transferencia,v1,Arequipa,16,Normal,334.7,0,4.0
T510778,Consulta de saldo,v1,Lima,23,Normal,58.9,0,5.0
T510779,Transferencia,v1,Arequipa,18,Pico,193.7,0,5.0
T510780,Pago QR,v2,Lima,15,Normal,280.1,0,3.0
T510781,Recarga celular,v1,Lima,3,Normal,89.0,0,5.0
T510782,Transferencia,v2,Lima,8,Pico,652.1,0,3.0
T510783,Pago QR,v2,Arequipa,7,Normal,217.7,0,3.0
T510784,Consulta de saldo,v2,Lima,4,Normal,103.1,0,5.0
T510785,Transferencia,v2,Lima,19,Pico,304.3,0,3.0
T510786,Pago de servicios,v2,Trujillo,22,Normal,415.3,0,4.0
T510787,Recarga celular,v1,Trujillo,19,Pico,149.4,0,3.0
T510788,Transferencia,v2,Lima,14,Normal,105.0,0,5.0
T510789,Recarga celular,v1,Lima,13,Normal,198.5,0,4.0
T510790,Consulta de saldo,v1,Arequipa,0,Normal,62.1,0,4.0
T510791,Recarga celular,v1,Lima,18,Pico,144.8,0,5.0
T510792,Consulta de saldo,v1,Lima,5,Normal,118.0,0,5.0
T510793,Transferencia,v2,Arequipa,4,Normal,348.8,0,3.0
T510794,Transferencia,v2,Lima,2,Normal,211.8,0,5.0
T510795,Pago QR,v1,Lima,22,Normal,206.2,0,4.0
T510796,Pago QR,v1,Lima,16,Normal,161.3,0,4.0
T510797,Consulta de saldo,v1,Arequipa,19,Pico,193.2,0,5.0
T510798,Transferencia,v2,Trujillo,1,Normal,491.5,0,3.0
T510799,Transferencia,v1,Lima,20,Pico,423.8,0,3.0
T510800,Consulta de saldo,v1,Lima,9,Pico,139.3,0,4.0
T510801,Pago de servicios,v2,Lima,9,Pico,414.6,0,4.0
T510802,Consulta de saldo,v1,Arequipa,3,Normal,51.4,0,5.0
T510803,Recarga celular,v1,Arequipa,4,Normal,177.6,0,5.0
T510804,Transferencia,v2,Trujillo,9,Pico,186.1,0,4.0
T510805,Pago de servicios,v1,Arequipa,22,Normal,523.8,0,5.0
T510806,Transferencia,v1,Lima,9,Pico,296.3,0,5.0
T510807,Consulta de saldo,v1,Lima,15,Normal,198.4,0,4.0
T510808,Pago QR,v2,Arequipa,13,Normal,521.3,0,4.0
T510809,Consulta de saldo,v2,Lima,23,Normal,62.6,0,5.0
T510810,Pago QR,v2,Lima,6,Normal,396.5,0,3.0
T510811,Recarga celular,v2,Trujillo,11,Normal,137.4,0,3.0
T510812,Pago de servicios,v1,Lima,9,Pico,475.1,0,3.0
T510813,Consulta de saldo,v2,Lima,12,Normal,66.5,0,4.0
T510814,Consulta de saldo,v2,Arequipa,11,Normal,85.8,0,5.0
T510815,Transferencia,v2,Arequipa,3,Normal,492.8,0,4.0
T510816,Pago QR,v1,Arequipa,19,Pico,275.8,0,4.0
T510817,Transferencia,v2,Trujillo,14,Normal,782.2,0,3.0
T510818,Pago QR,v1,Arequipa,16,Normal,94.7,0,3.0
T510819,Consulta de saldo,v1,Trujillo,4,Normal,55.0,0,5.0
T510820,Pago QR,v2,Trujillo,2,Normal,493.6,0,4.0
T510821,Pago QR,v1,Arequipa,22,Normal,160.1,0,5.0
T510822,Pago QR,v2,Lima,13,Normal,227.9,0,3.0
T510823,Transferencia,v1,Lima,1,Normal,358.4,0,5.0
T510824,Consulta de saldo,v2,Lima,8,Pico,150.7,0,4.0
T510825,Pago QR,v1,Arequipa,20,Pico,222.7,0,5.0
T510826,Pago de servicios,v2,Lima,16,Normal,192.2,0,5.0
T510827,Consulta de saldo,v2,Arequipa,18,Pico,225.2,0,3.0
T510828,Recarga celular,v1,Trujillo,6,Normal,101.2,0,4.0
T510829,Recarga celular,v2,Lima,8,Pico,167.7,0,5.0
T510830,Consulta de saldo,v1,Trujillo,13,Normal,55.1,0,5.0
T510831,Consulta de saldo,v1,Trujillo,11,Normal,226.1,0,4.0
T510832,Pago QR,v1,Lima,12,Normal,252.1,0,5.0
T510833,Pago QR,v1,Lima,19,Pico,256.2,0,4.0
T510834,Transferencia,v2,Arequipa,11,Normal,167.0,0,4.0
T510835,Pago QR,v1,Lima,5,Normal,149.4,0,5.0
T510836,Pago QR,v1,Lima,1,Normal,369.3,0,3.0
T510837,Consulta de saldo,v1,Lima,12,Normal,85.9,0,4.0
T510838,Recarga celular,v2,Lima,10,Pico,336.9,0,5.0
T510839,Consulta de saldo,v2,Lima,1,Normal,61.8,0,4.0
T510840,Transferencia,v2,Lima,0,Normal,311.1,0,3.0
T510841,Pago QR,v1,Arequipa,20,Pico,107.8,0,4.0
T510842,Transferencia,v1,Trujillo,1,Normal,197.5,0,3.0
T510843,Recarga celular,v1,Lima,14,Normal,135.5,0,3.0
T510844,Consulta de saldo,v2,Trujillo,16,Normal,63.7,0,5.0
T510845,Consulta de saldo,v1,Arequipa,23,Normal,115.8,0,4.0
T510846,Pago de servicios,v1,Lima,12,Normal,416.4,0,3.0
T510847,Recarga celular,v1,Arequipa,19,Pico,137.7,0,5.0
T510848,Recarga celular,v1,Lima,7,Normal,138.9,0,3.0
T510849,Consulta de saldo,v2,Lima,17,Normal,57.1,0,4.0
T510850,Consulta de saldo,v2,Trujillo,18,Pico,92.6,0,4.0
T510851,Transferencia,v1,Arequipa,3,Normal,294.7,0,5.0
T510852,Pago QR,v2,Lima,9,Pico,240.8,0,4.0
T510853,Pago QR,v1,Arequipa,3,Normal,225.6,0,5.0
T510854,Transferencia,v2,Lima,16,Normal,241.6,0,5.0
T510855,Transferencia,v1,Lima,22,Normal,198.1,0,4.0
T510856,Transferencia,v1,Trujillo,17,Normal,260.5,1,3.0
T510857,Recarga celular,v1,Lima,21,Pico,249.5,0,4.0
T510858,Transferencia,v2,Arequipa,11,Normal,194.6,0,4.0
T510859,Consulta de saldo,v2,Arequipa,2,Normal,78.5,0,4.0
T510860,Transferencia,v2,Lima,18,Pico,446.7,0,3.0
T510861,Transferencia,v1,Arequipa,2,Normal,178.6,0,5.0
T510862,Consulta de saldo,v1,Arequipa,21,Pico,136.4,0,4.0
T510863,Pago QR,v2,Lima,8,Pico,354.4,0,3.0
T510864,Pago QR,v2,Lima,23,Normal,243.4,0,4.0
T510865,Pago QR,v2,Arequipa,4,Normal,212.9,0,4.0
T510866,Transferencia,v1,Trujillo,17,Normal,162.7,0,4.0
T510867,Pago QR,v2,Trujillo,3,Normal,213.7,0,5.0
T510868,Consulta de saldo,v1,Lima,16,Normal,71.8,0,4.0
T510869,Pago QR,v1,Lima,0,Normal,260.5,0,4.0
T510870,Pago de servicios,v2,Arequipa,9,Pico,491.0,0,3.0
T510871,Consulta de saldo,v2,Lima,2,Normal,79.3,0,5.0
T510872,Transferencia,v1,Lima,4,Normal,440.5,0,4.0
T510873,Pago de servicios,v2,Lima,19,Pico,229.3,0,3.0
T510874,Pago QR,v2,Trujillo,0,Normal,265.1,0,3.0
T510875,Pago QR,v1,Lima,15,Normal,171.1,0,4.0
T510876,Pago de servicios,v1,Lima,4,Normal,786.4,0,2.0
T510877,Transferencia,v1,Lima,4,Normal,321.5,0,4.0
T510878,Transferencia,v2,Arequipa,5,Normal,515.7,0,4.0
T510879,Recarga celular,v1,Lima,5,Normal,262.2,0,3.0
T510880,Consulta de saldo,v1,Arequipa,14,Normal,89.8,0,5.0
T510881,Consulta de saldo,v1,Arequipa,8,Pico,99.5,0,5.0
T510882,Consulta de saldo,v2,Lima,11,Normal,65.4,0,5.0
T510883,Transferencia,v2,Trujillo,7,Normal,268.8,0,4.0
T510884,Transferencia,v1,Arequipa,12,Normal,371.9,0,4.0
T510885,Consulta de saldo,v2,Lima,7,Normal,562.3,0,4.0
T510886,Consulta de saldo,v2,Lima,16,Normal,63.8,0,4.0
T510887,Pago QR,v1,Trujillo,16,Normal,183.2,0,5.0
T510888,Pago QR,v1,Lima,8,Pico,419.6,0,3.0
T510889,Transferencia,v1,Arequipa,22,Normal,193.3,0,4.0
T510890,Consulta de saldo,v1,Arequipa,23,Normal,52.5,0,5.0
T510891,Recarga celular,v1,Trujillo,16,Normal,220.5,0,4.0
T510892,Consulta de saldo,v2,Trujillo,5,Normal,71.1,0,4.0
T510893,Consulta de saldo,v1,Trujillo,19,Pico,93.3,0,4.0
T510894,Transferencia,v1,Arequipa,22,Normal,503.4,0,3.0
T510895,Consulta de saldo,v1,Arequipa,16,Normal,233.7,0,3.0
T510896,Recarga celular,v1,Lima,12,Normal,86.4,0,5.0
T510897,Transferencia,v2,Arequipa,10,Pico,224.0,0,5.0
T510898,Transferencia,v1,Trujillo,15,Normal,334.1,0,4.0
T510899,Recarga celular,v1,Lima,5,Normal,142.0,0,3.0
T510900,Pago de servicios,v2,Lima,19,Pico,377.4,0,4.0
T510901,Pago QR,v1,Arequipa,9,Pico,303.4,0,3.0
T510902,Recarga celular,v2,Lima,6,Normal,133.2,0,5.0
T510903,Transferencia,v1,Trujillo,18,Pico,462.9,0,4.0
T510904,Consulta de saldo,v2,Lima,15,Normal,86.8,0,5.0
T510905,Pago QR,v2,Lima,17,Normal,149.0,0,3.0
T510906,Transferencia,v1,Lima,2,Normal,202.9,0,4.0
T510907,Recarga celular,v2,Lima,11,Normal,112.7,0,4.0
T510908,Consulta de saldo,v2,Lima,10,Pico,46.6,0,5.0
T510909,Transferencia,v2,Lima,12,Normal,286.2,0,4.0
T510910,Consulta de saldo,v1,Lima,11,Normal,106.4,0,5.0
T510911,Pago QR,v2,Lima,11,Normal,221.9,0,4.0
T510912,Transferencia,v1,Arequipa,16,Normal,298.3,0,4.0
T510913,Transferencia,v1,Lima,8,Pico,154.5,0,5.0
T510914,Pago QR,v1,Lima,10,Pico,113.5,0,3.0
T510915,Consulta de saldo,v1,Lima,0,Normal,135.9,0,5.0
T510916,Transferencia,v1,Arequipa,13,Normal,244.2,0,2.0
T510917,Pago de servicios,v1,Lima,14,Normal,275.6,0,4.0
T510918,Pago QR,v1,Arequipa,18,Pico,245.2,0,4.0
T510919,Consulta de saldo,v1,Lima,2,Normal,49.6,0,5.0
T510920,Transferencia,v2,Lima,21,Pico,306.7,0,4.0
T510921,Transferencia,v2,Lima,2,Normal,205.0,0,4.0
T510922,Transferencia,v1,Trujillo,2,Normal,206.6,0,4.0
T510923,Consulta de saldo,v1,Lima,19,Pico,138.4,0,4.0
T510924,Pago QR,v1,Lima,20,Pico,369.9,0,4.0
T510925,Transferencia,v2,Trujillo,14,Normal,191.0,0,4.0
T510926,Transferencia,v2,Lima,18,Pico,258.7,0,5.0
T510927,Consulta de saldo,v2,Trujillo,10,Pico,108.4,0,5.0
T510928,Pago de servicios,v1,Lima,0,Normal,200.5,0,4.0
T510929,Transferencia,v2,Arequipa,11,Normal,164.6,0,4.0
T510930,Consulta de saldo,v2,Lima,18,Pico,108.1,0,4.0
T510931,Transferencia,v1,Lima,0,Normal,276.2,0,4.0
T510932,Consulta de saldo,v2,Lima,2,Normal,58.5,0,4.0
T510933,Recarga celular,v1,Arequipa,15,Normal,285.2,0,4.0
T510934,Transferencia,v2,Lima,13,Normal,195.4,0,5.0
T510935,Transferencia,v1,Trujillo,23,Normal,217.3,0,3.0
T510936,Pago QR,v1,Lima,17,Normal,182.5,0,3.0
T510937,Transferencia,v1,Trujillo,1,Normal,455.4,0,4.0
T510938,Pago de servicios,v1,Lima,16,Normal,232.8,0,4.0
T510939,Recarga celular,v1,Trujillo,8,Pico,357.6,0,4.0
T510940,Pago de servicios,v1,Lima,7,Normal,382.6,0,3.0
T510941,Pago de servicios,v1,Arequipa,22,Normal,309.4,0,5.0
T510942,Consulta de saldo,v2,Lima,8,Pico,79.6,0,5.0
T510943,Pago QR,v2,Lima,16,Normal,152.7,0,4.0
T510944,Pago de servicios,v1,Lima,9,Pico,250.4,0,4.0
T510945,Pago de servicios,v2,Lima,17,Normal,206.9,0,3.0
T510946,Pago QR,v1,Trujillo,7,Normal,144.4,0,4.0
T510947,Recarga celular,v1,Trujillo,19,Pico,122.2,0,4.0
T510948,Transferencia,v1,Lima,11,Normal,235.5,0,4.0
T510949,Transferencia,v1,Lima,4,Normal,310.1,0,5.0
T510950,Pago de servicios,v1,Trujillo,11,Normal,195.7,0,4.0
T510951,Consulta de saldo,v1,Arequipa,10,Pico,179.8,0,5.0
T510952,Pago QR,v1,Trujillo,16,Normal,213.5,0,3.0
T510953,Consulta de saldo,v1,Arequipa,13,Normal,94.1,0,3.0
T510954,Transferencia,v2,Lima,11,Normal,152.4,0,4.0
T510955,Recarga celular,v2,Trujillo,15,Normal,247.5,0,4.0
T510956,Transferencia,v1,Lima,0,Normal,268.3,0,3.0
T510957,Recarga celular,v2,Trujillo,19,Pico,187.9,0,5.0
T510958,Pago de servicios,v2,Lima,13,Normal,391.3,0,5.0
T510959,Transferencia,v1,Trujillo,18,Pico,331.5,0,3.0
T510960,Pago de servicios,v2,Lima,13,Normal,262.9,0,3.0
T510961,Transferencia,v2,Arequipa,18,Pico,180.5,0,4.0
T510962,Recarga celular,v1,Lima,6,Normal,180.4,0,4.0
T510963,Pago QR,v2,Trujillo,6,Normal,359.2,0,3.0
T510964,Pago QR,v2,Lima,18,Pico,126.6,0,5.0
T510965,Transferencia,v1,Trujillo,0,Normal,152.6,0,4.0
T510966,Pago QR,v2,Trujillo,13,Normal,246.2,0,4.0
T510967,Pago de servicios,v2,Trujillo,8,Pico,335.3,0,3.0
T510968,Pago QR,v2,Lima,1,Normal,83.9,0,5.0
T510969,Consulta de saldo,v1,Arequipa,19,Pico,91.8,0,5.0
T510970,Pago QR,v2,Trujillo,20,Pico,151.5,0,4.0
T510971,Pago de servicios,v1,Arequipa,9,Pico,579.3,0,4.0
T510972,Pago QR,v2,Lima,17,Normal,274.3,0,5.0
T510973,Recarga celular,v1,Arequipa,10,Pico,152.7,0,4.0
T510974,Transferencia,v2,Lima,7,Normal,113.0,0,4.0
T510975,Pago QR,v1,Lima,16,Normal,300.2,0,3.0
T510976,Pago QR,v1,Lima,11,Normal,160.2,0,5.0
T510977,Pago QR,v1,Lima,7,Normal,474.3,0,3.0
T510978,Consulta de saldo,v2,Arequipa,18,Pico,241.2,0,4.0
T510979,Recarga celular,v1,Arequipa,23,Normal,155.3,0,5.0
T510980,Consulta de saldo,v1,Lima,22,Normal,85.9,0,4.0
T510981,Pago QR,v2,Trujillo,5,Normal,168.6,0,5.0
T510982,Pago QR,v1,Arequipa,11,Normal,161.3,0,4.0
T510983,Recarga celular,v1,Lima,14,Normal,123.0,0,4.0
T510984,Pago de servicios,v1,Arequipa,18,Pico,753.1,0,2.0
T510985,Pago QR,v1,Lima,11,Normal,174.4,0,4.0
T510986,Recarga celular,v2,Trujillo,1,Normal,168.4,0,5.0
T510987,Consulta de saldo,v2,Arequipa,8,Pico,46.8,0,4.0
T510988,Pago de servicios,v1,Lima,15,Normal,635.9,0,2.0
T510989,Transferencia,v1,Trujillo,16,Normal,411.7,0,3.0
T510990,Transferencia,v2,Lima,1,Normal,199.5,0,3.0
T510991,Transferencia,v2,Arequipa,21,Pico,237.8,0,4.0
T510992,Consulta de saldo,v1,Arequipa,11,Normal,42.7,0,5.0
T510993,Transferencia,v1,Trujillo,10,Pico,222.3,0,4.0
T510994,Pago QR,v2,Lima,3,Normal,409.5,0,4.0
T510995,Consulta de saldo,v1,Lima,2,Normal,29.7,0,5.0
T510996,Consulta de saldo,v1,Lima,2,Normal,72.4,0,5.0
T510997,Transferencia,v1,Trujillo,2,Normal,325.5,0,3.0
T510998,Recarga celular,v1,Lima,17,Normal,130.1,1,3.0
T510999,Recarga celular,v2,Trujillo,2,Normal,176.8,0,5.0
T511000,Consulta de saldo,v2,Trujillo,17,Normal,133.7,0,5.0
T511001,Recarga celular,v1,Trujillo,9,Pico,256.1,0,4.0
T511002,Recarga celular,v2,Arequipa,23,Normal,171.7,0,5.0
T511003,Pago de servicios,v1,Arequipa,1,Normal,516.4,0,3.0
T511004,Pago de servicios,v1,Lima,6,Normal,367.8,0,4.0
T511005,Consulta de saldo,v1,Arequipa,0,Normal,122.4,0,4.0
T511006,Pago QR,v1,Arequipa,0,Normal,210.8,0,4.0
T511007,Pago de servicios,v1,Arequipa,5,Normal,246.3,0,4.0
T511008,Pago QR,v2,Lima,5,Normal,162.4,0,4.0
T511009,Recarga celular,v2,Trujillo,13,Normal,146.9,0,4.0
T511010,Pago de servicios,v2,Lima,1,Normal,562.2,0,4.0
T511011,Recarga celular,v2,Lima,1,Normal,110.7,0,5.0
T511012,Consulta de saldo,v2,Arequipa,1,Normal,82.1,0,4.0
T511013,Pago QR,v1,Lima,16,Normal,169.1,0,3.0
T511014,Recarga celular,v2,Arequipa,20,Pico,193.9,0,4.0
T511015,Transferencia,v1,Trujillo,12,Normal,370.5,0,3.0
T511016,Pago QR,v1,Lima,15,Normal,163.9,0,4.0
T511017,Pago QR,v2,Lima,16,Normal,115.1,0,4.0
T511018,Pago QR,v2,Lima,4,Normal,125.5,0,
T511019,Pago QR,v1,Trujillo,14,Normal,297.5,0,5.0
T511020,Recarga celular,v1,Lima,8,Pico,230.3,0,5.0
T511021,Consulta de saldo,v1,Arequipa,1,Normal,91.4,0,3.0
T511022,Pago QR,v1,Lima,16,Normal,192.9,0,4.0
T511023,Transferencia,v2,Arequipa,23,Normal,260.6,0,4.0
T511024,Pago de servicios,v1,Lima,15,Normal,526.5,0,2.0
T511025,Pago de servicios,v1,Arequipa,12,Normal,418.1,0,4.0
T511026,Transferencia,v1,Arequipa,1,Normal,293.1,0,4.0
T511027,Consulta de saldo,v1,Trujillo,7,Normal,155.7,0,4.0
T511028,Pago de servicios,v2,Arequipa,20,Pico,274.4,0,3.0
T511029,Recarga celular,v1,Trujillo,22,Normal,491.0,0,3.0
T511030,Transferencia,v1,Trujillo,15,Normal,618.8,0,3.0
T511031,Pago de servicios,v1,Lima,18,Pico,454.1,0,4.0
T511032,Recarga celular,v1,Trujillo,7,Normal,113.7,0,4.0
T511033,Recarga celular,v2,Lima,2,Normal,118.6,0,3.0
T511034,Consulta de saldo,v1,Lima,21,Pico,141.9,0,5.0
T511035,Pago QR,v1,Trujillo,22,Normal,206.0,0,4.0
T511036,Pago QR,v1,Lima,22,Normal,178.7,0,3.0
T511037,Pago QR,v2,Lima,5,Normal,259.0,0,3.0
T511038,Pago QR,v2,Lima,10,Pico,143.6,0,3.0
T511039,Consulta de saldo,v1,Lima,11,Normal,107.8,0,4.0
T511040,Consulta de saldo,v1,Trujillo,18,Pico,107.8,0,4.0
T511041,Pago QR,v2,Lima,18,Pico,274.5,0,4.0
T511042,Pago QR,v2,Trujillo,22,Normal,166.6,0,5.0
T511043,Recarga celular,v2,Arequipa,17,Normal,131.9,0,5.0
T511044,Consulta de saldo,v1,Trujillo,12,Normal,127.0,0,5.0
T511045,Consulta de saldo,v1,Arequipa,22,Normal,59.7,0,4.0
T511046,Transferencia,v1,Arequipa,16,Normal,235.1,0,4.0
T511047,Recarga celular,v2,Trujillo,18,Pico,136.6,0,5.0
T511048,Transferencia,v1,Arequipa,0,Normal,322.9,0,4.0
T511049,Pago QR,v2,Lima,13,Normal,110.5,0,4.0
T511050,Pago QR,v1,Trujillo,23,Normal,113.7,0,4.0
T511051,Consulta de saldo,v2,Trujillo,9,Pico,145.3,0,4.0
T511052,Consulta de saldo,v1,Lima,17,Normal,65.6,0,4.0
T511053,Transferencia,v2,Arequipa,4,Normal,468.6,0,4.0
T511054,Pago QR,v2,Trujillo,22,Normal,430.7,0,3.0
T511055,Recarga celular,v2,Lima,23,Normal,80.2,0,4.0
T511056,Transferencia,v1,Lima,22,Normal,434.9,0,4.0
T511057,Pago QR,v2,Arequipa,8,Pico,190.8,0,5.0
T511058,Recarga celular,v1,Lima,7,Normal,105.8,0,4.0
T511059,Transferencia,v2,Lima,0,Normal,250.5,0,4.0
T511060,Consulta de saldo,v2,Lima,22,Normal,155.9,0,4.0
T511061,Consulta de saldo,v2,Trujillo,3,Normal,103.5,0,5.0
T511062,Pago de servicios,v1,Arequipa,5,Normal,392.5,0,5.0
T511063,Pago de servicios,v1,Arequipa,18,Pico,380.0,0,2.0
T511064,Recarga celular,v1,Arequipa,16,Normal,38.7,0,4.0
T511065,Transferencia,v2,Trujillo,2,Normal,258.8,0,4.0
T511066,Pago QR,v2,Lima,13,Normal,201.2,0,4.0
T511067,Consulta de saldo,v2,Lima,4,Normal,124.3,0,5.0
T511068,Recarga celular,v1,Lima,4,Normal,137.9,0,5.0
T511069,Transferencia,v2,Trujillo,21,Pico,690.2,0,3.0
T511070,Consulta de saldo,v1,Lima,10,Pico,107.2,0,4.0
T511071,Transferencia,v1,Lima,20,Pico,361.7,0,4.0
T511072,Recarga celular,v1,Arequipa,3,Normal,97.6,0,4.0
T511073,Pago de servicios,v1,Trujillo,23,Normal,277.9,0,3.0
T511074,Consulta de saldo,v2,Lima,14,Normal,158.6,0,4.0
T511075,Recarga celular,v1,Trujillo,12,Normal,162.9,0,4.0
T511076,Transferencia,v1,Lima,8,Pico,351.1,0,2.0
T511077,Pago QR,v1,Lima,23,Normal,213.3,0,5.0
T511078,Consulta de saldo,v1,Lima,20,Pico,136.5,0,4.0
T511079,Pago QR,v2,Lima,17,Normal,390.0,0,4.0
T511080,Consulta de saldo,v2,Trujillo,20,Pico,67.4,0,4.0
T511081,Transferencia,v1,Lima,10,Pico,526.7,0,4.0
T511082,Transferencia,v1,Trujillo,0,Normal,243.2,0,4.0
T511083,Recarga celular,v2,Lima,0,Normal,184.8,0,5.0
T511084,Transferencia,v1,Trujillo,9,Pico,678.4,0,2.0
T511085,Recarga celular,v2,Lima,6,Normal,121.0,0,3.0
T511086,Transferencia,v1,Trujillo,16,Normal,328.0,0,4.0
T511087,Transferencia,v1,Lima,13,Normal,233.7,0,4.0
T511088,Transferencia,v2,Lima,3,Normal,139.6,0,5.0
T511089,Consulta de saldo,v2,Arequipa,8,Pico,181.6,0,5.0
T511090,Transferencia,v2,Lima,9,Pico,237.7,0,3.0
T511091,Pago QR,v2,Trujillo,5,Normal,165.9,0,4.0
T511092,Consulta de saldo,v2,Lima,18,Pico,65.7,0,4.0
T511093,Pago de servicios,v1,Lima,20,Pico,851.7,0,3.0
T511094,Consulta de saldo,v2,Lima,17,Normal,96.4,0,5.0
T511095,Transferencia,v1,Lima,19,Pico,225.7,0,4.0
T511096,Transferencia,v2,Lima,14,Normal,153.2,0,4.0
T511097,Transferencia,v2,Arequipa,16,Normal,160.1,0,5.0
T511098,Recarga celular,v2,Lima,19,Pico,251.3,0,3.0
T511099,Pago QR,v2,Trujillo,8,Pico,246.1,0,3.0
T511100,Transferencia,v1,Lima,21,Pico,442.3,0,4.0
T511101,Pago de servicios,v1,Trujillo,8,Pico,449.9,0,4.0
T511102,Consulta de saldo,v1,Arequipa,8,Pico,124.9,0,5.0
T511103,Transferencia,v2,Lima,12,Normal,240.2,0,3.0
T511104,Consulta de saldo,v1,Trujillo,7,Normal,138.7,0,4.0
T511105,Pago de servicios,v2,Lima,11,Normal,608.1,0,4.0
T511106,Recarga celular,v1,Trujillo,1,Normal,259.7,0,4.0
T511107,Transferencia,v1,Lima,13,Normal,140.6,0,5.0
T511108,Pago de servicios,v1,Lima,9,Pico,288.7,0,4.0
T511109,Recarga celular,v1,Lima,13,Normal,167.7,0,5.0
T511110,Consulta de saldo,v2,Lima,6,Normal,34.5,0,5.0
T511111,Pago QR,v2,Lima,8,Pico,196.1,0,4.0
T511112,Pago de servicios,v1,Trujillo,0,Normal,461.3,0,3.0
T511113,Transferencia,v2,Arequipa,3,Normal,265.6,0,5.0
T511114,Consulta de saldo,v1,Arequipa,2,Normal,64.1,0,5.0
T511115,Pago QR,v1,Lima,11,Normal,216.6,0,5.0
T511116,Transferencia,v2,Trujillo,14,Normal,435.6,0,3.0
T511117,Recarga celular,v2,Lima,18,Pico,121.9,0,5.0
T511118,Transferencia,v1,Lima,9,Pico,160.2,0,5.0
T511119,Transferencia,v1,Lima,17,Normal,96.5,0,3.0
T511120,Consulta de saldo,v1,Arequipa,14,Normal,147.8,0,5.0
T511121,Pago de servicios,v2,Trujillo,17,Normal,479.3,0,3.0
T511122,Recarga celular,v1,Trujillo,11,Normal,240.1,0,5.0
T511123,Consulta de saldo,v1,Trujillo,1,Normal,99.3,0,4.0
T511124,Pago QR,v1,Lima,23,Normal,132.3,0,5.0
T511125,Pago QR,v2,Lima,1,Normal,186.4,0,4.0
T511126,Consulta de saldo,v1,Lima,8,Pico,175.2,0,3.0
T511127,Pago QR,v2,Trujillo,14,Normal,236.1,0,3.0
T511128,Pago de servicios,v1,Trujillo,23,Normal,544.0,0,3.0
T511129,Pago QR,v2,Trujillo,16,Normal,130.8,0,4.0
T511130,Consulta de saldo,v1,Lima,12,Normal,84.8,0,3.0
T511131,Recarga celular,v2,Trujillo,8,Pico,162.7,0,5.0
T511132,Consulta de saldo,v1,Lima,19,Pico,232.4,0,5.0
T511133,Pago QR,v1,Trujillo,6,Normal,308.1,0,3.0
T511134,Pago de servicios,v2,Arequipa,11,Normal,247.8,0,5.0
T511135,Consulta de saldo,v1,Arequipa,5,Normal,38.9,0,4.0
T511136,Pago de servicios,v2,Lima,13,Normal,387.2,0,4.0
T511137,Transferencia,v2,Lima,16,Normal,214.1,0,3.0
T511138,Transferencia,v1,Lima,9,Pico,319.9,0,3.0
T511139,Pago de servicios,v1,Trujillo,23,Normal,276.0,0,5.0
T511140,Consulta de saldo,v1,Trujillo,20,Pico,55.0,0,4.0
T511141,Pago de servicios,v2,Arequipa,5,Normal,226.5,0,4.0
T511142,Transferencia,v1,Lima,4,Normal,419.4,0,4.0
T511143,Transferencia,v1,Lima,17,Normal,123.2,0,2.0
T511144,Pago QR,v2,Lima,5,Normal,116.2,0,5.0
T511145,Pago de servicios,v2,Arequipa,14,Normal,177.6,0,4.0
T511146,Pago QR,v2,Arequipa,16,Normal,510.4,0,5.0
T511147,Pago QR,v2,Arequipa,2,Normal,261.8,0,3.0
T511148,Consulta de saldo,v2,Lima,18,Pico,102.6,0,5.0
T511149,Consulta de saldo,v1,Arequipa,9,Pico,134.5,0,4.0
T511150,Transferencia,v2,Trujillo,15,Normal,323.1,0,5.0
T511151,Pago QR,v1,Lima,1,Normal,277.9,0,4.0
T511152,Transferencia,v2,Lima,7,Normal,226.5,0,4.0
T511153,Pago QR,v1,Arequipa,16,Normal,83.8,0,5.0
T511154,Consulta de saldo,v2,Lima,13,Normal,65.5,0,5.0
T511155,Transferencia,v1,Arequipa,9,Pico,331.3,0,5.0
T511156,Recarga celular,v2,Arequipa,2,Normal,270.7,0,4.0
T511157,Consulta de saldo,v2,Lima,1,Normal,48.4,0,5.0
T511158,Pago de servicios,v1,Lima,9,Pico,468.0,0,3.0
T511159,Transferencia,v1,Lima,7,Normal,208.0,0,4.0
T511160,Pago QR,v1,Lima,22,Normal,227.3,0,5.0
T511161,Recarga celular,v1,Lima,5,Normal,245.6,0,4.0
T511162,Consulta de saldo,v1,Arequipa,19,Pico,169.0,0,3.0
T511163,Transferencia,v1,Arequipa,10,Pico,750.7,0,4.0
T511164,Pago QR,v2,Lima,0,Normal,113.0,0,4.0
T511165,Pago QR,v2,Lima,15,Normal,167.4,0,4.0
T511166,Pago QR,v1,Lima,7,Normal,174.1,0,5.0
T511167,Pago de servicios,v1,Arequipa,4,Normal,210.6,0,4.0
T511168,Recarga celular,v2,Trujillo,4,Normal,135.6,0,5.0
T511169,Pago de servicios,v2,Trujillo,2,Normal,196.7,1,3.0
T511170,Transferencia,v2,Lima,12,Normal,253.8,0,5.0
T511171,Pago QR,v2,Lima,4,Normal,251.6,0,4.0
T511172,Transferencia,v1,Lima,12,Normal,304.5,0,4.0
T511173,Consulta de saldo,v2,Lima,8,Pico,48.9,0,5.0
T511174,Recarga celular,v1,Lima,17,Normal,370.7,1,2.0
T511175,Recarga celular,v1,Trujillo,23,Normal,,0,4.0
T511176,Pago de servicios,v1,Trujillo,23,Normal,538.7,0,5.0
T511177,Pago de servicios,v1,Lima,6,Normal,310.3,0,5.0
T511178,Recarga celular,v2,Lima,22,Normal,244.7,0,3.0
T511179,Transferencia,v2,Arequipa,1,Normal,931.7,0,3.0
T511180,Consulta de saldo,v1,Trujillo,12,Normal,125.9,0,5.0
T511181,Recarga celular,v1,Lima,10,Pico,283.6,0,4.0
T511182,Consulta de saldo,v2,Trujillo,15,Normal,99.8,0,4.0
T511183,Transferencia,v2,Trujillo,10,Pico,193.7,0,3.0
T511184,Recarga celular,v2,Trujillo,19,Pico,148.2,0,4.0
T511185,Transferencia,v1,Trujillo,11,Normal,322.8,0,5.0
T511186,Pago QR,v2,Lima,1,Normal,248.8,0,4.0
T511187,Consulta de saldo,v2,Trujillo,4,Normal,121.4,0,5.0
T511188,Consulta de saldo,v2,Arequipa,21,Pico,59.1,0,4.0
T511189,Transferencia,v1,Lima,21,Pico,744.1,0,4.0
T511190,Recarga celular,v1,Lima,9,Pico,341.2,0,4.0
T511191,Transferencia,v2,Lima,1,Normal,122.7,0,5.0
T511192,Consulta de saldo,v2,Lima,12,Normal,61.2,0,3.0
T511193,Consulta de saldo,v2,Trujillo,10,Pico,98.1,0,5.0
T511194,Transferencia,v1,Lima,8,Pico,115.2,0,4.0
T511195,Pago QR,v1,Arequipa,0,Normal,370.9,0,3.0
T511196,Transferencia,v2,Trujillo,8,Pico,502.7,0,4.0
T511197,Pago QR,v1,Trujillo,19,Pico,505.7,0,4.0
T511198,Pago QR,v2,Trujillo,11,Normal,88.5,0,5.0
T511199,Pago QR,v1,Lima,20,Pico,243.6,0,4.0
T511200,Pago de servicios,v1,Arequipa,23,Normal,246.9,0,4.0
T511201,Pago QR,v1,Trujillo,0,Normal,303.0,1,4.0
T511202,Pago QR,v1,Arequipa,8,Pico,670.0,0,3.0
T511203,Pago QR,v1,Lima,15,Normal,437.1,0,3.0
T511204,Consulta de saldo,v2,Lima,0,Normal,155.0,0,5.0
T511205,Consulta de saldo,v1,Trujillo,10,Pico,215.7,0,4.0
T511206,Pago de servicios,v2,Trujillo,2,Normal,276.1,0,4.0
T511207,Pago QR,v1,Lima,10,Pico,388.4,0,4.0
T511208,Consulta de saldo,v1,Trujillo,17,Normal,58.5,0,3.0
T511209,Consulta de saldo,v2,Lima,0,Normal,178.2,0,4.0
T511210,Pago de servicios,v1,Lima,8,Pico,614.6,0,4.0
T511211,Recarga celular,v1,Arequipa,16,Normal,79.2,0,4.0
T511212,Transferencia,v2,Lima,20,Pico,225.8,0,5.0
T511213,Pago QR,v1,Arequipa,6,Normal,164.2,0,4.0
T511214,Pago QR,v1,Lima,18,Pico,110.1,0,3.0
T511215,Consulta de saldo,v2,Lima,18,Pico,100.8,0,4.0
T511216,Transferencia,v1,Lima,17,Normal,248.5,0,4.0
T511217,Pago de servicios,v2,Arequipa,2,Normal,232.3,0,5.0
T511218,Pago de servicios,v1,Lima,16,Normal,450.2,0,5.0
T511219,Pago QR,v2,Arequipa,8,Pico,319.2,0,5.0
T511220,Pago QR,v1,Lima,18,Pico,268.8,0,4.0
T511221,Pago QR,v2,Arequipa,14,Normal,106.7,0,5.0
T511222,Pago QR,v2,Trujillo,0,Normal,298.4,0,5.0
T511223,Transferencia,v1,Arequipa,19,Pico,418.1,0,3.0
T511224,Consulta de saldo,v2,Trujillo,21,Pico,114.3,0,5.0
T511225,Recarga celular,v1,Trujillo,9,Pico,95.9,0,5.0
T511226,Consulta de saldo,v2,Lima,4,Normal,73.9,0,5.0
T511227,Transferencia,v1,Lima,16,Normal,265.7,0,3.0
T511228,Transferencia,v1,Trujillo,20,Pico,236.0,0,4.0
T511229,Transferencia,v1,Lima,15,Normal,286.2,0,5.0
T511230,Pago de servicios,v2,Lima,4,Normal,244.5,0,3.0
T511231,Transferencia,v2,Lima,14,Normal,132.9,0,5.0
T511232,Transferencia,v2,Arequipa,4,Normal,216.6,0,5.0
T511233,Transferencia,v1,Arequipa,4,Normal,469.8,0,5.0
T511234,Pago QR,v2,Trujillo,0,Normal,296.2,0,4.0
T511235,Pago QR,v1,Arequipa,5,Normal,422.5,0,4.0
T511236,Pago QR,v1,Arequipa,8,Pico,527.5,0,4.0
T511237,Recarga celular,v1,Lima,13,Normal,274.0,0,3.0
T511238,Transferencia,v2,Lima,19,Pico,157.1,0,4.0
T511239,Consulta de saldo,v1,Trujillo,7,Normal,232.0,0,3.0
T511240,Transferencia,v1,Trujillo,9,Pico,523.1,0,3.0
T511241,Pago QR,v1,Arequipa,3,Normal,286.9,0,3.0
T511242,Transferencia,v2,Lima,10,Pico,205.7,0,5.0
T511243,Pago de servicios,v2,Lima,6,Normal,256.8,0,3.0
T511244,Recarga celular,v2,Lima,18,Pico,154.7,0,5.0
T511245,Pago de servicios,v2,Lima,1,Normal,219.0,0,5.0
T511246,Pago QR,v1,Lima,12,Normal,160.5,0,4.0
T511247,Pago QR,v1,Trujillo,20,Pico,284.9,0,4.0
T511248,Transferencia,v2,Trujillo,8,Pico,441.7,0,4.0
T511249,Transferencia,v2,Lima,5,Normal,311.6,0,4.0
T511250,Pago QR,v2,Arequipa,5,Normal,165.2,0,5.0
T511251,Pago QR,v2,Trujillo,8,Pico,,0,4.0
T511252,Consulta de saldo,v2,Arequipa,11,Normal,73.7,0,4.0
T511253,Recarga celular,v1,Lima,8,Pico,199.5,0,4.0
T511254,Consulta de saldo,v1,Trujillo,13,Normal,59.6,0,5.0
T511255,Transferencia,v1,Trujillo,13,Normal,265.6,0,
T511256,Transferencia,v1,Lima,5,Normal,346.9,0,3.0
T511257,Consulta de saldo,v1,Lima,23,Normal,91.1,0,4.0
T511258,Consulta de saldo,v2,Lima,10,Pico,123.2,0,5.0
T511259,Recarga celular,v1,Arequipa,11,Normal,227.3,0,3.0
T511260,Pago QR,v1,Lima,16,Normal,152.1,0,5.0
T511261,Pago QR,v2,Lima,15,Normal,256.3,0,3.0
T511262,Pago de servicios,v1,Lima,19,Pico,233.6,0,5.0
T511263,Recarga celular,v2,Arequipa,6,Normal,220.1,0,4.0
T511264,Transferencia,v1,Lima,8,Pico,383.0,0,4.0
T511265,Consulta de saldo,v2,Lima,22,Normal,215.5,0,5.0
T511266,Pago QR,v1,Lima,13,Normal,141.6,0,5.0
T511267,Recarga celular,v2,Trujillo,12,Normal,215.1,0,4.0
T511268,Recarga celular,v1,Arequipa,12,Normal,227.5,0,5.0
T511269,Recarga celular,v2,Arequipa,12,Normal,177.9,0,4.0
T511270,Pago QR,v1,Lima,12,Normal,140.0,0,5.0
T511271,Pago QR,v2,Trujillo,13,Normal,409.7,0,3.0
T511272,Consulta de saldo,v2,Arequipa,8,Pico,150.6,0,5.0
T511273,Consulta de saldo,v1,Lima,11,Normal,84.2,0,5.0
T511274,Transferencia,v1,Arequipa,0,Normal,542.2,0,2.0
T511275,Consulta de saldo,v2,Arequipa,16,Normal,61.3,0,5.0
T511276,Pago QR,v1,Lima,8,Pico,352.2,0,4.0
T511277,Pago QR,v2,Lima,19,Pico,246.7,0,4.0
T511278,Transferencia,v2,Lima,3,Normal,221.3,0,4.0
T511279,Recarga celular,v2,Lima,3,Normal,127.9,0,4.0
T511280,Transferencia,v2,Arequipa,1,Normal,377.0,0,5.0
T511281,Recarga celular,v2,Arequipa,11,Normal,120.0,0,5.0
T511282,Pago de servicios,v2,Lima,20,Pico,497.2,0,4.0
T511283,Pago de servicios,v2,Trujillo,5,Normal,222.8,0,3.0
T511284,Transferencia,v2,Arequipa,10,Pico,243.8,0,4.0
T511285,Transferencia,v1,Arequipa,14,Normal,731.7,0,1.0
T511286,Pago de servicios,v1,Trujillo,6,Normal,249.3,0,5.0
T511287,Transferencia,v1,Lima,21,Pico,304.6,0,5.0
T511288,Pago QR,v2,Lima,13,Normal,266.0,0,5.0
T511289,Consulta de saldo,v2,Trujillo,10,Pico,144.8,0,4.0
T511290,Recarga celular,v1,Lima,20,Pico,520.8,0,5.0
T511291,Recarga celular,v1,Lima,14,Normal,111.6,0,5.0
T511292,Recarga celular,v1,Lima,14,Normal,93.8,0,5.0
T511293,Transferencia,v2,Trujillo,5,Normal,357.5,0,3.0
T511294,Pago QR,v1,Arequipa,11,Normal,233.5,0,5.0
T511295,Pago de servicios,v1,Lima,2,Normal,480.1,0,4.0
T511296,Consulta de saldo,v1,Trujillo,20,Pico,157.2,0,5.0
T511297,Pago QR,v1,Lima,13,Normal,135.4,0,3.0
T511298,Transferencia,v1,Trujillo,10,Pico,324.3,0,5.0
T511299,Pago QR,v1,Lima,2,Normal,263.2,0,4.0
T511300,Consulta de saldo,v2,Arequipa,5,Normal,104.5,0,4.0
T511301,Consulta de saldo,v1,Lima,13,Normal,69.7,0,4.0
T511302,Recarga celular,v2,Arequipa,18,Pico,492.4,0,4.0
T511303,Transferencia,v1,Trujillo,0,Normal,75.8,0,4.0
T511304,Consulta de saldo,v1,Arequipa,12,Normal,70.9,0,5.0
T511305,Transferencia,v1,Arequipa,1,Normal,265.9,0,4.0
T511306,Consulta de saldo,v1,Lima,21,Pico,130.1,0,4.0
T511307,Pago QR,v2,Lima,4,Normal,146.6,0,5.0
T511308,Recarga celular,v2,Arequipa,6,Normal,228.9,0,4.0
T511309,Transferencia,v1,Arequipa,1,Normal,489.2,0,4.0
T511310,Consulta de saldo,v1,Arequipa,15,Normal,135.1,0,4.0
T511311,Consulta de saldo,v1,Trujillo,17,Normal,81.1,0,4.0
T511312,Pago QR,v2,Lima,5,Normal,128.6,0,3.0
T511313,Pago QR,v2,Lima,5,Normal,122.3,0,5.0
T511314,Transferencia,v2,Trujillo,18,Pico,251.1,0,4.0
T511315,Pago QR,v2,Arequipa,12,Normal,131.3,0,5.0
T511316,Pago QR,v2,Arequipa,4,Normal,236.9,0,5.0
T511317,Consulta de saldo,v1,Lima,8,Pico,84.9,0,5.0
T511318,Consulta de saldo,v2,Lima,10,Pico,132.8,0,3.0
T511319,Transferencia,v1,Lima,7,Normal,309.7,0,4.0
T511320,Consulta de saldo,v2,Trujillo,11,Normal,74.2,0,5.0
T511321,Transferencia,v1,Lima,16,Normal,310.3,0,
T511322,Pago QR,v1,Lima,6,Normal,222.6,0,5.0
T511323,Pago QR,v2,Lima,11,Normal,505.2,0,
T511324,Pago QR,v1,Lima,17,Normal,166.7,0,4.0
T511325,Consulta de saldo,v1,Trujillo,13,Normal,207.3,0,5.0
T511326,Pago QR,v2,Arequipa,10,Pico,226.8,0,3.0
T511327,Pago QR,v2,Lima,15,Normal,154.9,0,4.0
T511328,Consulta de saldo,v1,Lima,19,Pico,134.7,0,4.0
T511329,Pago QR,v1,Arequipa,9,Pico,543.9,0,3.0
T511330,Pago QR,v1,Arequipa,13,Normal,192.0,0,4.0
T511331,Transferencia,v2,Trujillo,18,Pico,191.2,0,4.0
T511332,Pago de servicios,v1,Trujillo,7,Normal,260.8,0,5.0
T511333,Pago de servicios,v2,Arequipa,18,Pico,390.2,0,4.0
T511334,Consulta de saldo,v1,Lima,3,Normal,94.4,0,5.0
T511335,Pago de servicios,v1,Lima,10,Pico,314.6,0,5.0
T511336,Pago de servicios,v2,Trujillo,0,Normal,565.8,0,4.0
T511337,Pago QR,v1,Trujillo,16,Normal,182.6,0,3.0
T511338,Pago QR,v2,Lima,9,Pico,166.4,0,3.0
T511339,Recarga celular,v2,Lima,13,Normal,219.5,0,4.0
T511340,Consulta de saldo,v2,Lima,7,Normal,50.7,0,4.0
T511341,Recarga celular,v2,Trujillo,10,Pico,124.5,0,4.0
T511342,Recarga celular,v1,Arequipa,15,Normal,138.4,0,5.0
T511343,Consulta de saldo,v1,Lima,10,Pico,101.2,0,5.0
T511344,Pago QR,v1,Lima,20,Pico,237.3,0,4.0
T511345,Transferencia,v1,Trujillo,6,Normal,565.2,0,4.0
T511346,Consulta de saldo,v1,Arequipa,0,Normal,107.3,0,5.0
T511347,Transferencia,v1,Trujillo,5,Normal,392.9,0,3.0
T511348,Recarga celular,v2,Arequipa,20,Pico,197.4,0,5.0
T511349,Recarga celular,v1,Lima,13,Normal,127.9,0,5.0
T511350,Pago de servicios,v1,Lima,20,Pico,397.5,0,3.0
T511351,Recarga celular,v2,Trujillo,4,Normal,273.8,0,2.0
T511352,Pago QR,v2,Trujillo,23,Normal,176.6,0,
T511353,Pago QR,v1,Lima,23,Normal,230.8,0,4.0
T511354,Pago QR,v2,Lima,4,Normal,162.4,0,5.0
T511355,Recarga celular,v2,Trujillo,4,Normal,164.2,0,4.0
T511356,Pago QR,v2,Lima,0,Normal,434.1,0,3.0
T511357,Consulta de saldo,v1,Trujillo,7,Normal,45.8,0,4.0
T511358,Pago de servicios,v2,Trujillo,10,Pico,333.1,0,4.0
T511359,Pago QR,v1,Trujillo,20,Pico,225.1,0,5.0
T511360,Transferencia,v1,Lima,18,Pico,390.1,1,
T511361,Transferencia,v2,Arequipa,8,Pico,358.8,0,4.0
T511362,Recarga celular,v2,Trujillo,10,Pico,157.5,0,4.0
T511363,Transferencia,v2,Trujillo,22,Normal,323.2,0,4.0
T511364,Recarga celular,v2,Lima,18,Pico,96.1,0,5.0
T511365,Transferencia,v2,Lima,21,Pico,410.9,0,5.0
T511366,Pago QR,v2,Lima,15,Normal,237.0,0,3.0
T511367,Recarga celular,v2,Lima,2,Normal,275.6,0,5.0
T511368,Consulta de saldo,v1,Lima,21,Pico,176.4,0,4.0
T511369,Transferencia,v1,Lima,0,Normal,201.8,0,5.0
T511370,Consulta de saldo,v2,Lima,12,Normal,114.8,0,4.0
T511371,Transferencia,v1,Trujillo,6,Normal,579.6,0,4.0
T511372,Transferencia,v2,Arequipa,16,Normal,352.4,0,5.0
T511373,Pago de servicios,v1,Arequipa,14,Normal,324.0,0,3.0
T511374,Consulta de saldo,v1,Lima,6,Normal,109.3,0,4.0
T511375,Consulta de saldo,v1,Arequipa,11,Normal,102.3,0,4.0
T511376,Pago QR,v2,Lima,8,Pico,209.2,0,5.0
T511377,Consulta de saldo,v2,Lima,18,Pico,83.9,0,4.0
T511378,Pago de servicios,v1,Arequipa,8,Pico,467.5,0,3.0
T511379,Pago QR,v1,Arequipa,19,Pico,353.4,0,5.0
T511380,Transferencia,v2,Arequipa,21,Pico,261.7,0,5.0
T511381,Pago de servicios,v1,Trujillo,8,Pico,608.1,0,3.0
T511382,Pago de servicios,v2,Lima,5,Normal,257.7,0,4.0
T511383,Consulta de saldo,v2,Lima,3,Normal,64.7,0,4.0
T511384,Recarga celular,v1,Lima,7,Normal,179.6,0,4.0
T511385,Transferencia,v2,Trujillo,7,Normal,132.1,0,4.0
T511386,Transferencia,v2,Lima,18,Pico,349.2,0,2.0
T511387,Pago de servicios,v1,Lima,5,Normal,439.1,0,5.0
T511388,Transferencia,v1,Lima,3,Normal,496.5,0,4.0
T511389,Pago de servicios,v2,Trujillo,10,Pico,557.4,0,4.0
T511390,Recarga celular,v1,Lima,20,Pico,129.3,0,5.0
T511391,Transferencia,v1,Lima,17,Normal,158.2,0,4.0
T511392,Consulta de saldo,v1,Lima,23,Normal,193.4,0,4.0
T511393,Pago QR,v2,Arequipa,10,Pico,259.3,0,5.0
T511394,Consulta de saldo,v1,Lima,21,Pico,164.6,0,5.0
T511395,Pago QR,v2,Arequipa,16,Normal,129.5,0,4.0
T511396,Transferencia,v2,Lima,0,Normal,263.4,0,5.0
T511397,Transferencia,v1,Lima,16,Normal,119.2,0,4.0
T511398,Consulta de saldo,v2,Arequipa,15,Normal,124.2,0,4.0
T511399,Transferencia,v2,Lima,4,Normal,150.2,0,5.0
T511400,Pago QR,v1,Lima,9,Pico,301.3,0,4.0
T511401,Pago QR,v1,Lima,13,Normal,266.5,0,4.0
T511402,Pago de servicios,v2,Lima,20,Pico,344.4,0,4.0
T511403,Transferencia,v1,Trujillo,15,Normal,273.4,0,4.0
T511404,Pago QR,v1,Arequipa,4,Normal,236.2,0,4.0
T511405,Consulta de saldo,v1,Lima,7,Normal,76.9,0,4.0
T511406,Transferencia,v2,Trujillo,1,Normal,225.3,0,5.0
T511407,Consulta de saldo,v2,Lima,3,Normal,36.3,0,4.0
T511408,Recarga celular,v1,Arequipa,20,Pico,153.1,0,5.0
T511409,Pago QR,v2,Lima,12,Normal,150.6,0,4.0
T511410,Transferencia,v1,Lima,2,Normal,222.5,0,4.0
T511411,Recarga celular,v2,Lima,23,Normal,164.0,0,4.0
T511412,Transferencia,v2,Lima,17,Normal,394.3,0,4.0
T511413,Transferencia,v2,Lima,12,Normal,492.2,0,3.0
T511414,Consulta de saldo,v2,Trujillo,14,Normal,84.7,0,4.0
T511415,Pago QR,v2,Lima,10,Pico,180.8,0,5.0
T511416,Consulta de saldo,v2,Trujillo,22,Normal,88.2,0,4.0
T511417,Consulta de saldo,v2,Arequipa,18,Pico,181.8,0,5.0
T511418,Consulta de saldo,v2,Lima,9,Pico,145.4,0,4.0
T511419,Transferencia,v2,Arequipa,14,Normal,181.6,0,4.0
T511420,Consulta de saldo,v1,Arequipa,2,Normal,94.8,0,4.0
T511421,Recarga celular,v2,Arequipa,17,Normal,90.1,0,5.0
T511422,Transferencia,v1,Lima,17,Normal,403.3,0,4.0
T511423,Recarga celular,v1,Lima,2,Normal,354.8,0,5.0
T511424,Pago QR,v1,Lima,7,Normal,185.2,0,4.0
T511425,Pago QR,v1,Arequipa,19,Pico,437.2,0,5.0
T511426,Pago de servicios,v2,Lima,20,Pico,192.4,0,3.0
T511427,Recarga celular,v1,Lima,2,Normal,110.6,0,4.0
T511428,Pago QR,v1,Lima,6,Normal,188.0,0,4.0
T511429,Pago QR,v1,Arequipa,23,Normal,95.8,0,5.0
T511430,Pago QR,v2,Lima,10,Pico,325.7,0,4.0
T511431,Pago QR,v1,Arequipa,14,Normal,150.9,0,4.0
T511432,Pago de servicios,v2,Lima,17,Normal,120.7,0,4.0
T511433,Transferencia,v1,Arequipa,4,Normal,228.5,0,5.0
T511434,Pago QR,v2,Trujillo,20,Pico,448.2,0,4.0
T511435,Pago QR,v1,Lima,21,Pico,266.1,0,4.0
T511436,Pago QR,v1,Lima,5,Normal,82.3,0,5.0
T511437,Pago QR,v2,Trujillo,2,Normal,167.2,0,4.0
T511438,Consulta de saldo,v1,Lima,14,Normal,127.8,0,4.0
T511439,Pago de servicios,v2,Arequipa,5,Normal,365.4,0,5.0
T511440,Pago QR,v2,Lima,16,Normal,75.2,0,5.0
T511441,Pago de servicios,v1,Lima,5,Normal,393.3,0,5.0
T511442,Transferencia,v1,Arequipa,6,Normal,183.6,0,5.0
T511443,Pago QR,v1,Lima,3,Normal,266.4,0,4.0
T511444,Pago de servicios,v2,Lima,8,Pico,589.6,0,4.0
T511445,Recarga celular,v1,Lima,4,Normal,278.0,0,5.0
T511446,Pago QR,v2,Lima,10,Pico,234.2,0,3.0
T511447,Recarga celular,v2,Trujillo,7,Normal,113.7,0,4.0
T511448,Pago de servicios,v2,Lima,15,Normal,295.0,0,3.0
T511449,Consulta de saldo,v1,Lima,1,Normal,121.5,0,5.0
T511450,Pago de servicios,v1,Lima,0,Normal,557.4,0,4.0
T511451,Pago QR,v2,Lima,9,Pico,218.9,0,4.0
T511452,Consulta de saldo,v2,Lima,0,Normal,99.0,0,4.0
T511453,Consulta de saldo,v2,Lima,12,Normal,129.9,0,4.0
T511454,Pago QR,v2,Arequipa,13,Normal,210.0,0,5.0
T511455,Consulta de saldo,v1,Lima,20,Pico,75.2,0,4.0
T511456,Consulta de saldo,v1,Lima,13,Normal,100.2,0,5.0
T511457,Transferencia,v1,Lima,0,Normal,216.4,0,4.0
T511458,Transferencia,v1,Arequipa,12,Normal,410.4,0,5.0
T511459,Transferencia,v1,Lima,2,Normal,180.8,0,5.0
T511460,Transferencia,v2,Trujillo,7,Normal,404.7,0,4.0
T511461,Pago QR,v1,Lima,5,Normal,266.7,0,5.0
T511462,Consulta de saldo,v1,Arequipa,12,Normal,112.0,0,4.0
T511463,Pago QR,v1,Arequipa,21,Pico,210.4,0,4.0
T511464,Recarga celular,v1,Lima,18,Pico,252.1,0,5.0
T511465,Pago QR,v2,Trujillo,12,Normal,120.6,0,5.0
T511466,Consulta de saldo,v1,Lima,8,Pico,147.7,0,5.0
T511467,Pago de servicios,v2,Trujillo,9,Pico,177.7,0,5.0
T511468,Transferencia,v2,Arequipa,10,Pico,1114.1,0,1.0
T511469,Pago QR,v1,Trujillo,12,Normal,340.2,0,3.0
T511470,Consulta de saldo,v2,Lima,18,Pico,141.6,0,4.0
T511471,Consulta de saldo,v1,Trujillo,3,Normal,74.0,0,5.0
T511472,Consulta de saldo,v1,Lima,20,Pico,106.0,0,5.0
T511473,Transferencia,v2,Lima,20,Pico,416.3,0,4.0
T511474,Pago de servicios,v1,Lima,21,Pico,585.1,0,3.0
T511475,Transferencia,v2,Lima,17,Normal,386.6,0,4.0
T511476,Pago de servicios,v1,Lima,5,Normal,547.9,0,4.0
T511477,Transferencia,v1,Arequipa,15,Normal,106.7,0,3.0
T511478,Recarga celular,v2,Arequipa,8,Pico,164.0,0,5.0
T511479,Transferencia,v1,Lima,22,Normal,648.1,0,3.0
T511480,Pago de servicios,v2,Trujillo,19,Pico,386.6,0,4.0
T511481,Pago de servicios,v1,Trujillo,10,Pico,284.7,0,5.0
T511482,Pago de servicios,v2,Arequipa,21,Pico,274.1,0,4.0
T511483,Transferencia,v1,Trujillo,16,Normal,223.8,0,4.0
T511484,Pago QR,v2,Lima,8,Pico,285.9,0,3.0
T511485,Transferencia,v1,Lima,16,Normal,217.7,0,4.0
T511486,Pago de servicios,v1,Lima,13,Normal,359.1,0,3.0
T511487,Consulta de saldo,v1,Lima,23,Normal,150.4,0,5.0
T511488,Pago de servicios,v1,Arequipa,17,Normal,363.3,0,3.0
T511489,Transferencia,v2,Arequipa,12,Normal,542.5,0,3.0
T511490,Consulta de saldo,v2,Trujillo,18,Pico,165.4,0,4.0
T511491,Pago QR,v1,Trujillo,12,Normal,253.2,0,4.0
T511492,Pago QR,v1,Arequipa,8,Pico,440.2,0,4.0
T511493,Pago QR,v2,Lima,22,Normal,292.3,0,3.0
T511494,Pago de servicios,v1,Lima,10,Pico,301.5,1,3.0
T511495,Pago QR,v2,Trujillo,0,Normal,166.1,0,4.0
T511496,Pago QR,v2,Lima,1,Normal,126.1,0,5.0
T511497,Transferencia,v1,Lima,11,Normal,544.6,0,3.0
T511498,Consulta de saldo,v1,Lima,19,Pico,97.5,0,5.0
T511499,Recarga celular,v2,Trujillo,23,Normal,385.6,0,5.0
T511500,Recarga celular,v1,Lima,4,Normal,194.6,0,5.0
T511501,Transferencia,v1,Arequipa,11,Normal,419.3,0,3.0
T511502,Recarga celular,v1,Lima,13,Normal,160.5,0,4.0
T511503,Transferencia,v1,Lima,2,Normal,123.3,0,4.0
T511504,Consulta de saldo,v1,Trujillo,23,Normal,132.1,0,5.0
T511505,Transferencia,v2,Trujillo,14,Normal,178.1,0,5.0
T511506,Pago de servicios,v1,Lima,7,Normal,438.3,0,3.0
T511507,Pago de servicios,v2,Lima,2,Normal,523.7,0,4.0
T511508,Pago de servicios,v1,Arequipa,23,Normal,316.9,0,5.0
T511509,Consulta de saldo,v1,Trujillo,21,Pico,73.5,0,
T511510,Recarga celular,v2,Lima,9,Pico,209.8,0,4.0
T511511,Transferencia,v2,Arequipa,12,Normal,280.2,0,4.0
T511512,Pago QR,v2,Lima,21,Pico,259.3,0,5.0
T511513,Pago QR,v2,Arequipa,5,Normal,302.1,0,5.0
T511514,Recarga celular,v2,Lima,3,Normal,202.8,0,4.0
T511515,Pago de servicios,v2,Trujillo,1,Normal,249.7,0,3.0
T511516,Pago QR,v1,Trujillo,23,Normal,266.4,0,5.0
T511517,Consulta de saldo,v2,Lima,22,Normal,85.2,0,4.0
T511518,Pago de servicios,v1,Lima,18,Pico,428.2,0,5.0
T511519,Consulta de saldo,v1,Lima,10,Pico,172.6,0,4.0
T511520,Recarga celular,v1,Trujillo,20,Pico,103.8,0,5.0
T511521,Transferencia,v1,Lima,15,Normal,2963.0,0,1.0
T511522,Consulta de saldo,v2,Lima,7,Normal,45.3,0,5.0
T511523,Recarga celular,v2,Lima,5,Normal,168.1,0,4.0
T511524,Pago de servicios,v2,Lima,18,Pico,241.9,0,4.0
T511525,Recarga celular,v1,Arequipa,14,Normal,67.4,0,4.0
T511526,Transferencia,v2,Arequipa,6,Normal,241.9,0,4.0
T511527,Consulta de saldo,v1,Arequipa,17,Normal,30.7,0,5.0
T511528,Consulta de saldo,v1,Arequipa,22,Normal,152.5,0,4.0
T511529,Transferencia,v2,Arequipa,11,Normal,454.7,0,4.0
T511530,Pago QR,v1,Trujillo,20,Pico,345.9,0,4.0
T511531,Transferencia,v1,Arequipa,0,Normal,274.7,0,4.0
T511532,Consulta de saldo,v2,Trujillo,8,Pico,207.1,0,5.0
T511533,Pago de servicios,v2,Arequipa,12,Normal,415.0,0,4.0
T511534,Pago de servicios,v2,Trujillo,6,Normal,270.1,0,5.0
T511535,Pago QR,v1,Lima,4,Normal,184.7,0,4.0
T511536,Pago QR,v2,Trujillo,5,Normal,166.1,0,3.0
T511537,Pago QR,v2,Trujillo,20,Pico,142.6,0,5.0
T511538,Pago QR,v1,Trujillo,2,Normal,354.3,0,4.0
T511539,Consulta de saldo,v2,Arequipa,23,Normal,40.9,0,4.0
T511540,Pago de servicios,v2,Lima,18,Pico,246.7,0,3.0
T511541,Transferencia,v2,Lima,13,Normal,516.2,1,2.0
T511542,Transferencia,v2,Trujillo,19,Pico,123.0,0,4.0
T511543,Consulta de saldo,v1,Arequipa,19,Pico,150.7,0,5.0
T511544,Consulta de saldo,v2,Lima,18,Pico,101.0,0,4.0
T511545,Pago QR,v2,Trujillo,18,Pico,56.4,0,5.0
T511546,Transferencia,v2,Arequipa,3,Normal,168.9,0,5.0
T511547,Consulta de saldo,v1,Lima,5,Normal,130.5,0,5.0
T511548,Transferencia,v1,Lima,21,Pico,237.8,0,4.0
T511549,Pago de servicios,v1,Arequipa,9,Pico,297.5,0,4.0
T511550,Pago QR,v2,Trujillo,16,Normal,236.9,0,3.0
T511551,Transferencia,v1,Lima,13,Normal,231.4,0,3.0
T511552,Transferencia,v2,Lima,19,Pico,317.8,0,3.0
T511553,Transferencia,v2,Lima,5,Normal,226.2,0,3.0
T511554,Pago QR,v1,Trujillo,20,Pico,706.6,0,3.0
T511555,Recarga celular,v1,Arequipa,2,Normal,328.1,0,4.0
T511556,Consulta de saldo,v1,Lima,11,Normal,108.0,0,4.0
T511557,Recarga celular,v1,Arequipa,4,Normal,195.4,0,3.0
T511558,Recarga celular,v2,Trujillo,0,Normal,126.8,0,4.0
T511559,Transferencia,v2,Trujillo,7,Normal,424.3,0,4.0
T511560,Consulta de saldo,v1,Lima,13,Normal,95.4,0,5.0
T511561,Pago QR,v2,Trujillo,22,Normal,114.4,0,4.0
T511562,Pago QR,v2,Lima,14,Normal,257.6,0,4.0
T511563,Transferencia,v1,Arequipa,9,Pico,456.2,0,5.0
T511564,Pago QR,v1,Arequipa,17,Normal,177.2,0,5.0
T511565,Pago de servicios,v2,Trujillo,2,Normal,819.6,0,2.0
T511566,Consulta de saldo,v1,Trujillo,6,Normal,119.8,0,3.0
T511567,Transferencia,v1,Lima,12,Normal,250.8,0,5.0
T511568,Transferencia,v1,Lima,14,Normal,184.9,0,3.0
T511569,Pago QR,v1,Trujillo,16,Normal,310.9,0,4.0
T511570,Pago QR,v2,Lima,9,Pico,271.5,0,5.0
T511571,Recarga celular,v2,Arequipa,18,Pico,398.7,0,4.0
T511572,Transferencia,v1,Arequipa,18,Pico,765.7,0,3.0
T511573,Pago de servicios,v1,Lima,7,Normal,290.6,0,4.0
T511574,Transferencia,v1,Arequipa,13,Normal,282.2,0,3.0
T511575,Transferencia,v2,Lima,22,Normal,335.2,0,5.0
T511576,Recarga celular,v1,Lima,4,Normal,218.6,0,4.0
T511577,Pago QR,v1,Lima,1,Normal,282.3,0,4.0
T511578,Transferencia,v1,Arequipa,1,Normal,301.0,0,3.0
T511579,Transferencia,v2,Arequipa,11,Normal,325.9,0,5.0
T511580,Transferencia,v1,Trujillo,11,Normal,542.9,0,4.0
T511581,Pago de servicios,v1,Trujillo,2,Normal,816.6,0,2.0
T511582,Pago de servicios,v1,Lima,19,Pico,330.6,0,3.0
T511583,Transferencia,v2,Arequipa,15,Normal,250.7,0,4.0
T511584,Consulta de saldo,v1,Arequipa,15,Normal,83.9,0,4.0
T511585,Consulta de saldo,v1,Lima,17,Normal,84.1,0,5.0
T511586,Pago QR,v1,Lima,6,Normal,543.0,0,3.0
T511587,Consulta de saldo,v2,Lima,14,Normal,64.6,0,5.0
T511588,Recarga celular,v1,Lima,5,Normal,151.7,0,5.0
T511589,Pago de servicios,v1,Lima,17,Normal,188.4,0,5.0
T511590,Pago QR,v2,Trujillo,20,Pico,210.9,0,5.0
T511591,Consulta de saldo,v1,Arequipa,11,Normal,185.8,0,4.0
T511592,Pago de servicios,v2,Trujillo,1,Normal,382.4,0,4.0
T511593,Pago QR,v2,Lima,13,Normal,426.7,0,4.0
T511594,Transferencia,v2,Trujillo,7,Normal,423.8,0,4.0
T511595,Transferencia,v1,Lima,4,Normal,231.8,0,4.0
T511596,Pago QR,v1,Lima,5,Normal,213.3,0,4.0
T511597,Transferencia,v1,Arequipa,5,Normal,276.4,0,5.0
T511598,Recarga celular,v2,Trujillo,6,Normal,171.7,0,4.0
T511599,Pago de servicios,v1,Arequipa,6,Normal,422.5,0,3.0
T511600,Consulta de saldo,v2,Trujillo,21,Pico,110.5,0,5.0
T511601,Recarga celular,v1,Lima,5,Normal,82.4,0,4.0
T511602,Transferencia,v1,Lima,3,Normal,77.4,0,5.0
T511603,Transferencia,v2,Lima,8,Pico,177.3,0,5.0
T511604,Transferencia,v2,Lima,8,Pico,197.6,0,5.0
T511605,Consulta de saldo,v2,Lima,8,Pico,146.1,0,4.0
T511606,Pago QR,v1,Lima,16,Normal,149.7,0,5.0
T511607,Pago QR,v2,Arequipa,14,Normal,233.2,0,4.0
T511608,Consulta de saldo,v1,Lima,10,Pico,172.5,0,4.0
T511609,Recarga celular,v1,Trujillo,12,Normal,327.7,0,4.0
T511610,Pago de servicios,v2,Arequipa,20,Pico,217.8,0,4.0
T511611,Pago QR,v2,Lima,8,Pico,468.6,0,5.0
T511612,Transferencia,v1,Lima,6,Normal,237.8,0,5.0
T511613,Pago QR,v2,Arequipa,16,Normal,88.2,0,5.0
T511614,Pago QR,v1,Lima,4,Normal,131.1,0,4.0
T511615,Consulta de saldo,v2,Lima,9,Pico,202.4,0,4.0
T511616,Consulta de saldo,v2,Lima,19,Pico,120.3,0,4.0
T511617,Pago QR,v2,Arequipa,14,Normal,238.5,0,4.0
T511618,Consulta de saldo,v1,Lima,12,Normal,234.8,0,5.0
T511619,Recarga celular,v2,Lima,0,Normal,104.6,0,5.0
T511620,Recarga celular,v1,Arequipa,7,Normal,97.2,0,4.0
T511621,Pago QR,v2,Lima,19,Pico,295.3,0,4.0
T511622,Pago de servicios,v1,Lima,7,Normal,303.8,0,5.0
T511623,Transferencia,v2,Lima,0,Normal,160.4,0,4.0
T511624,Recarga celular,v1,Lima,6,Normal,231.2,0,4.0
T511625,Pago de servicios,v1,Lima,9,Pico,511.5,0,4.0
T511626,Transferencia,v2,Trujillo,8,Pico,245.2,0,5.0
T511627,Consulta de saldo,v2,Arequipa,8,Pico,138.0,0,5.0
T511628,Transferencia,v2,Lima,16,Normal,437.1,0,4.0
T511629,Pago QR,v2,Trujillo,18,Pico,405.4,0,3.0
T511630,Recarga celular,v2,Trujillo,11,Normal,307.2,0,5.0
T511631,Recarga celular,v1,Trujillo,10,Pico,264.3,0,4.0
T511632,Pago de servicios,v2,Arequipa,12,Normal,769.1,0,4.0
T511633,Recarga celular,v2,Arequipa,3,Normal,138.9,0,4.0
T511634,Transferencia,v2,Lima,6,Normal,426.0,0,4.0
T511635,Recarga celular,v2,Lima,13,Normal,134.8,0,4.0
T511636,Recarga celular,v2,Trujillo,19,Pico,337.3,0,4.0
T511637,Pago QR,v1,Trujillo,17,Normal,114.3,0,5.0
T511638,Recarga celular,v1,Arequipa,5,Normal,203.4,0,5.0
T511639,Consulta de saldo,v2,Lima,9,Pico,92.8,0,5.0
T511640,Pago QR,v2,Lima,1,Normal,252.5,0,5.0
T511641,Recarga celular,v2,Trujillo,20,Pico,73.9,0,4.0
T511642,Pago QR,v1,Arequipa,3,Normal,175.9,0,5.0
T511643,Pago QR,v1,Lima,5,Normal,63.5,0,5.0
T511644,Recarga celular,v2,Lima,21,Pico,289.1,0,4.0
T511645,Transferencia,v2,Lima,8,Pico,326.4,0,5.0
T511646,Transferencia,v1,Trujillo,11,Normal,190.8,0,5.0
T511647,Pago QR,v1,Arequipa,20,Pico,365.5,0,5.0
T511648,Pago de servicios,v1,Trujillo,21,Pico,465.8,0,3.0
T511649,Pago QR,v2,Arequipa,22,Normal,81.5,0,5.0
T511650,Pago QR,v1,Lima,11,Normal,334.2,0,4.0
T511651,Transferencia,v2,Trujillo,9,Pico,325.3,0,5.0
T511652,Consulta de saldo,v1,Trujillo,7,Normal,56.7,0,4.0
T511653,Transferencia,v2,Lima,3,Normal,331.2,0,3.0
T511654,Recarga celular,v2,Lima,5,Normal,230.4,0,4.0
T511655,Consulta de saldo,v2,Lima,23,Normal,135.4,0,5.0
T511656,Pago QR,v1,Lima,15,Normal,140.5,0,5.0
T511657,Pago QR,v1,Lima,0,Normal,185.4,0,5.0
T511658,Consulta de saldo,v1,Trujillo,19,Pico,137.6,0,4.0
T511659,Recarga celular,v2,Arequipa,8,Pico,96.6,0,5.0
T511660,Pago de servicios,v1,Arequipa,0,Normal,351.7,0,5.0
T511661,Recarga celular,v1,Lima,16,Normal,265.8,0,4.0
T511662,Transferencia,v2,Arequipa,1,Normal,250.8,0,3.0
T511663,Pago QR,v2,Lima,14,Normal,153.2,0,4.0
T511664,Consulta de saldo,v2,Lima,14,Normal,93.0,0,3.0
T511665,Transferencia,v1,Trujillo,5,Normal,397.5,0,3.0
T511666,Pago QR,v2,Trujillo,4,Normal,56.4,0,5.0
T511667,Consulta de saldo,v1,Trujillo,2,Normal,102.4,0,5.0
T511668,Transferencia,v1,Lima,9,Pico,234.5,0,5.0
T511669,Pago QR,v1,Lima,4,Normal,304.3,0,3.0
T511670,Transferencia,v1,Lima,20,Pico,399.8,0,4.0
T511671,Consulta de saldo,v1,Trujillo,19,Pico,160.3,0,4.0
T511672,Transferencia,v2,Arequipa,0,Normal,334.3,0,4.0
T511673,Recarga celular,v1,Lima,12,Normal,170.1,0,4.0
T511674,Consulta de saldo,v2,Arequipa,6,Normal,130.7,0,5.0
T511675,Transferencia,v1,Lima,11,Normal,791.6,0,4.0
T511676,Transferencia,v2,Lima,17,Normal,167.0,0,4.0
T511677,Pago de servicios,v1,Lima,9,Pico,356.6,0,4.0
T511678,Recarga celular,v2,Lima,3,Normal,88.5,0,4.0
T511679,Recarga celular,v2,Lima,10,Pico,240.8,0,5.0
T511680,Pago QR,v1,Trujillo,9,Pico,418.1,0,3.0
T511681,Consulta de saldo,v2,Arequipa,20,Pico,101.7,0,4.0
T511682,Pago de servicios,v1,Lima,8,Pico,1181.1,0,2.0
T511683,Pago de servicios,v1,Trujillo,1,Normal,787.5,0,3.0
T511684,Recarga celular,v1,Trujillo,5,Normal,110.4,0,5.0
T511685,Pago de servicios,v1,Lima,16,Normal,487.6,0,3.0
T511686,Consulta de saldo,v2,Lima,17,Normal,65.0,0,5.0
T511687,Pago de servicios,v1,Arequipa,13,Normal,330.2,0,3.0
T511688,Pago de servicios,v1,Lima,22,Normal,338.3,0,5.0
T511689,Transferencia,v1,Lima,3,Normal,892.3,0,5.0
T511690,Pago de servicios,v1,Arequipa,4,Normal,320.8,0,4.0
T511691,Pago de servicios,v2,Lima,19,Pico,365.4,0,4.0
T511692,Consulta de saldo,v2,Lima,0,Normal,157.1,0,5.0
T511693,Consulta de saldo,v2,Arequipa,20,Pico,65.1,0,5.0
T511694,Pago de servicios,v1,Trujillo,16,Normal,366.6,0,4.0
T511695,Pago QR,v2,Lima,18,Pico,281.4,0,5.0
T511696,Recarga celular,v1,Lima,2,Normal,344.9,0,4.0
T511697,Recarga celular,v2,Arequipa,10,Pico,380.2,0,3.0
T511698,Recarga celular,v1,Lima,12,Normal,123.5,0,4.0
T511699,Recarga celular,v2,Lima,14,Normal,228.4,0,4.0
T511700,Pago QR,v2,Arequipa,14,Normal,353.6,0,4.0
T511701,Pago QR,v2,Arequipa,11,Normal,217.0,0,4.0
T511702,Transferencia,v1,Lima,15,Normal,120.6,0,4.0
T511703,Recarga celular,v1,Trujillo,14,Normal,339.0,0,3.0
T511704,Consulta de saldo,v2,Arequipa,22,Normal,117.1,0,5.0
T511705,Consulta de saldo,v1,Trujillo,0,Normal,85.5,0,5.0
T511706,Pago de servicios,v1,Lima,8,Pico,366.0,0,4.0
T511707,Consulta de saldo,v2,Trujillo,10,Pico,318.6,0,3.0
T511708,Consulta de saldo,v2,Lima,0,Normal,114.2,0,5.0
T511709,Transferencia,v1,Lima,17,Normal,221.3,0,4.0
T511710,Recarga celular,v1,Lima,22,Normal,122.9,0,4.0
T511711,Pago QR,v2,Trujillo,10,Pico,265.7,0,5.0
T511712,Transferencia,v2,Lima,21,Pico,164.2,0,5.0
T511713,Recarga celular,v1,Lima,6,Normal,199.4,0,3.0
T511714,Pago de servicios,v1,Lima,11,Normal,377.5,0,3.0
T511715,Pago QR,v2,Trujillo,10,Pico,199.0,0,4.0
T511716,Pago QR,v1,Lima,20,Pico,187.6,0,4.0
T511717,Transferencia,v1,Arequipa,10,Pico,143.4,0,5.0
T511718,Recarga celular,v2,Arequipa,4,Normal,197.1,0,5.0
T511719,Recarga celular,v2,Arequipa,16,Normal,189.5,0,4.0
T511720,Consulta de saldo,v2,Lima,6,Normal,75.1,0,4.0
T511721,Recarga celular,v1,Lima,6,Normal,308.4,0,4.0
T511722,Transferencia,v1,Trujillo,11,Normal,419.3,0,5.0
T511723,Pago de servicios,v2,Arequipa,21,Pico,275.4,0,5.0
T511724,Consulta de saldo,v1,Lima,22,Normal,2621.5,0,1.0
T511725,Consulta de saldo,v2,Trujillo,12,Normal,141.4,0,3.0
T511726,Recarga celular,v2,Arequipa,8,Pico,230.1,0,3.0
T511727,Pago de servicios,v1,Trujillo,17,Normal,154.7,0,4.0
T511728,Pago QR,v2,Trujillo,16,Normal,265.6,0,4.0
T511729,Transferencia,v2,Arequipa,9,Pico,326.4,0,4.0
T511730,Recarga celular,v1,Trujillo,12,Normal,233.1,0,4.0
T511731,Pago de servicios,v1,Lima,10,Pico,250.5,0,5.0
T511732,Consulta de saldo,v2,Lima,12,Normal,67.8,0,5.0
T511733,Recarga celular,v1,Lima,11,Normal,162.3,0,5.0
T511734,Transferencia,v1,Trujillo,22,Normal,394.4,0,4.0
T511735,Transferencia,v1,Trujillo,21,Pico,320.0,0,4.0
T511736,Consulta de saldo,v1,Trujillo,21,Pico,215.1,0,5.0
T511737,Transferencia,v1,Trujillo,19,Pico,341.7,0,4.0
T511738,Pago QR,v1,Lima,10,Pico,223.4,0,4.0
T511739,Transferencia,v1,Trujillo,18,Pico,476.9,0,2.0
T511740,Recarga celular,v2,Lima,17,Normal,83.8,0,5.0
T511741,Transferencia,v2,Lima,22,Normal,347.4,0,3.0
T511742,Transferencia,v2,Trujillo,1,Normal,393.0,0,5.0
T511743,Pago QR,v1,Lima,22,Normal,275.7,0,5.0
T511744,Recarga celular,v1,Arequipa,5,Normal,191.4,0,5.0
T511745,Recarga celular,v1,Lima,13,Normal,249.3,0,3.0
T511746,Recarga celular,v2,Lima,3,Normal,119.0,0,3.0
T511747,Recarga celular,v1,Arequipa,8,Pico,513.5,0,3.0
T511748,Consulta de saldo,v2,Lima,15,Normal,57.3,0,5.0
T511749,Recarga celular,v1,Trujillo,1,Normal,121.9,0,5.0
T511750,Pago de servicios,v1,Lima,21,Pico,320.9,0,3.0
T511751,Consulta de saldo,v1,Lima,0,Normal,58.3,0,5.0
T511752,Transferencia,v1,Lima,15,Normal,773.2,0,3.0
T511753,Transferencia,v1,Trujillo,16,Normal,476.6,0,3.0
T511754,Pago de servicios,v2,Lima,22,Normal,241.4,0,5.0
T511755,Pago de servicios,v2,Trujillo,16,Normal,191.4,0,3.0
T511756,Pago QR,v1,Lima,16,Normal,123.0,0,5.0
T511757,Pago QR,v2,Lima,15,Normal,125.1,0,5.0
T511758,Pago de servicios,v2,Trujillo,7,Normal,286.5,0,5.0
T511759,Consulta de saldo,v2,Lima,2,Normal,177.2,0,5.0
T511760,Transferencia,v1,Lima,6,Normal,105.2,0,4.0
T511761,Pago QR,v1,Lima,8,Pico,367.0,0,4.0
T511762,Transferencia,v2,Lima,20,Pico,362.7,0,5.0
T511763,Consulta de saldo,v2,Trujillo,17,Normal,62.7,0,5.0
T511764,Recarga celular,v2,Arequipa,6,Normal,179.9,0,5.0
T511765,Transferencia,v2,Trujillo,14,Normal,158.1,0,4.0
T511766,Recarga celular,v2,Trujillo,20,Pico,413.3,0,
T511767,Pago QR,v1,Trujillo,3,Normal,180.2,0,5.0
T511768,Consulta de saldo,v1,Lima,4,Normal,206.1,0,5.0
T511769,Transferencia,v1,Lima,6,Normal,482.1,0,3.0
T511770,Pago de servicios,v1,Lima,11,Normal,174.3,0,5.0
T511771,Pago de servicios,v2,Arequipa,11,Normal,299.0,0,4.0
T511772,Pago QR,v2,Lima,3,Normal,257.1,1,2.0
T511773,Consulta de saldo,v2,Trujillo,11,Normal,103.5,0,5.0
T511774,Consulta de saldo,v2,Lima,18,Pico,230.1,0,4.0
T511775,Recarga celular,v2,Lima,23,Normal,179.6,0,4.0
T511776,Pago QR,v2,Lima,21,Pico,233.0,0,5.0
T511777,Pago de servicios,v2,Arequipa,3,Normal,422.9,0,4.0
T511778,Transferencia,v2,Arequipa,5,Normal,212.4,0,5.0
T511779,Recarga celular,v1,Lima,2,Normal,182.3,0,4.0
T511780,Transferencia,v2,Lima,12,Normal,328.4,0,4.0
T511781,Consulta de saldo,v2,Lima,9,Pico,112.1,0,4.0
T511782,Consulta de saldo,v2,Lima,23,Normal,115.8,1,4.0
T511783,Pago QR,v2,Arequipa,15,Normal,168.2,0,3.0
T511784,Pago QR,v2,Trujillo,11,Normal,267.2,0,5.0
T511785,Transferencia,v1,Lima,7,Normal,197.2,0,4.0
T511786,Consulta de saldo,v2,Lima,20,Pico,243.4,0,3.0
T511787,Consulta de saldo,v2,Trujillo,2,Normal,96.3,0,5.0
T511788,Pago de servicios,v1,Lima,5,Normal,322.7,0,4.0
T511789,Consulta de saldo,v2,Lima,17,Normal,49.5,0,4.0
T511790,Pago QR,v1,Trujillo,12,Normal,190.1,0,5.0
T511791,Pago QR,v2,Trujillo,10,Pico,210.3,0,4.0
T511792,Pago QR,v1,Arequipa,14,Normal,264.1,0,4.0
T511793,Pago QR,v2,Lima,16,Normal,259.3,0,5.0
T511794,Transferencia,v1,Lima,6,Normal,268.2,0,4.0
T511795,Pago QR,v1,Arequipa,12,Normal,143.8,0,4.0
T511796,Consulta de saldo,v1,Lima,15,Normal,60.4,0,4.0
T511797,Transferencia,v1,Lima,15,Normal,295.4,0,4.0
T511798,Consulta de saldo,v1,Lima,14,Normal,62.5,0,5.0
T511799,Pago de servicios,v1,Lima,1,Normal,393.0,0,3.0
T511800,Pago QR,v1,Arequipa,21,Pico,167.0,0,3.0
T511801,Consulta de saldo,v1,Lima,1,Normal,96.9,0,5.0
T511802,Pago QR,v2,Arequipa,20,Pico,248.3,0,4.0
T511803,Transferencia,v2,Lima,8,Pico,156.4,0,4.0
T511804,Pago QR,v1,Lima,13,Normal,110.6,0,4.0
T511805,Recarga celular,v1,Trujillo,9,Pico,134.7,0,4.0
T511806,Pago QR,v1,Lima,6,Normal,101.9,0,4.0
T511807,Recarga celular,v2,Trujillo,3,Normal,96.9,0,5.0
T511808,Consulta de saldo,v2,Lima,14,Normal,92.2,0,5.0
T511809,Pago de servicios,v2,Lima,8,Pico,181.4,0,4.0
T511810,Recarga celular,v2,Lima,13,Normal,148.0,0,4.0
T511811,Consulta de saldo,v2,Trujillo,5,Normal,98.2,0,5.0
T511812,Pago QR,v1,Trujillo,7,Normal,216.6,0,5.0
T511813,Pago QR,v1,Lima,16,Normal,153.7,0,5.0
T511814,Pago QR,v1,Trujillo,18,Pico,203.9,0,5.0
T511815,Pago de servicios,v2,Arequipa,21,Pico,592.5,0,3.0
T511816,Transferencia,v2,Arequipa,12,Normal,213.8,0,4.0
T511817,Consulta de saldo,v2,Lima,7,Normal,68.9,0,5.0
T511818,Consulta de saldo,v1,Lima,23,Normal,110.9,0,2.0
T511819,Consulta de saldo,v2,Arequipa,11,Normal,368.0,0,4.0
T511820,Pago de servicios,v2,Trujillo,21,Pico,216.6,0,5.0
T511821,Transferencia,v1,Trujillo,1,Normal,291.8,0,4.0
T511822,Pago de servicios,v1,Lima,19,Pico,392.1,0,3.0
T511823,Recarga celular,v1,Lima,7,Normal,139.9,0,4.0
T511824,Transferencia,v1,Lima,3,Normal,172.5,0,4.0
T511825,Pago QR,v2,Trujillo,22,Normal,405.5,0,4.0
T511826,Pago QR,v2,Arequipa,15,Normal,108.8,0,4.0
T511827,Consulta de saldo,v2,Trujillo,12,Normal,119.2,0,4.0
T511828,Transferencia,v1,Arequipa,13,Normal,258.6,0,4.0
T511829,Pago QR,v2,Arequipa,3,Normal,343.8,0,5.0
T511830,Transferencia,v1,Lima,8,Pico,155.7,0,4.0
T511831,Pago de servicios,v2,Trujillo,16,Normal,298.5,0,4.0
T511832,Recarga celular,v2,Trujillo,10,Pico,322.0,0,5.0
T511833,Transferencia,v2,Arequipa,20,Pico,795.6,0,3.0
T511834,Pago de servicios,v2,Lima,4,Normal,578.5,0,4.0
T511835,Pago de servicios,v2,Lima,1,Normal,168.4,0,5.0
T511836,Pago de servicios,v1,Trujillo,15,Normal,436.1,0,2.0
T511837,Pago QR,v2,Trujillo,8,Pico,190.5,0,4.0
T511838,Pago de servicios,v2,Lima,22,Normal,294.7,0,3.0
T511839,Pago QR,v2,Lima,13,Normal,190.3,0,5.0
T511840,Transferencia,v1,Trujillo,14,Normal,158.3,0,4.0
T511841,Transferencia,v2,Arequipa,1,Normal,296.0,1,3.0
T511842,Pago QR,v1,Arequipa,2,Normal,186.9,0,5.0
T511843,Transferencia,v2,Arequipa,7,Normal,240.3,0,4.0
T511844,Consulta de saldo,v1,Lima,5,Normal,,0,3.0
T511845,Pago QR,v2,Trujillo,0,Normal,90.4,0,4.0
T511846,Transferencia,v1,Lima,20,Pico,282.1,0,3.0
T511847,Pago QR,v1,Lima,23,Normal,108.4,0,5.0
T511848,Pago QR,v1,Arequipa,4,Normal,108.7,0,5.0
T511849,Recarga celular,v2,Arequipa,7,Normal,237.6,0,3.0
T511850,Recarga celular,v2,Lima,20,Pico,193.7,0,5.0
T511851,Recarga celular,v2,Trujillo,15,Normal,192.0,0,4.0
T511852,Pago QR,v1,Arequipa,1,Normal,186.4,0,4.0
T511853,Transferencia,v1,Lima,23,Normal,222.0,0,5.0
T511854,Consulta de saldo,v1,Lima,16,Normal,151.5,0,5.0
T511855,Consulta de saldo,v1,Lima,3,Normal,66.1,0,
T511856,Recarga celular,v2,Arequipa,9,Pico,307.3,0,5.0
T511857,Consulta de saldo,v2,Lima,12,Normal,141.6,0,5.0
T511858,Pago QR,v1,Arequipa,20,Pico,257.9,0,5.0
T511859,Recarga celular,v2,Lima,20,Pico,145.9,0,4.0
T511860,Pago de servicios,v2,Trujillo,13,Normal,307.3,0,5.0
T511861,Transferencia,v2,Trujillo,2,Normal,651.6,0,3.0
T511862,Consulta de saldo,v1,Arequipa,10,Pico,82.4,0,5.0
T511863,Pago de servicios,v2,Trujillo,16,Normal,489.0,0,4.0
T511864,Pago QR,v1,Lima,19,Pico,95.1,0,5.0
T511865,Pago QR,v1,Trujillo,20,Pico,184.3,0,5.0
T511866,Consulta de saldo,v1,Lima,15,Normal,125.4,0,4.0
T511867,Pago QR,v2,Trujillo,5,Normal,137.4,0,4.0
T511868,Recarga celular,v1,Trujillo,21,Pico,578.9,0,4.0
T511869,Pago de servicios,v1,Lima,0,Normal,175.1,0,3.0
T511870,Consulta de saldo,v2,Lima,23,Normal,58.0,0,5.0
T511871,Pago QR,v1,Lima,1,Normal,386.2,0,4.0
T511872,Pago de servicios,v1,Lima,14,Normal,232.0,0,4.0
T511873,Consulta de saldo,v1,Lima,6,Normal,120.1,0,3.0
T511874,Pago QR,v1,Trujillo,5,Normal,159.9,0,4.0
T511875,Consulta de saldo,v2,Lima,12,Normal,183.7,0,5.0
T511876,Pago de servicios,v2,Lima,19,Pico,362.7,0,3.0
T511877,Recarga celular,v1,Lima,0,Normal,149.5,0,4.0
T511878,Pago QR,v2,Trujillo,12,Normal,288.7,0,4.0
T511879,Pago QR,v1,Lima,3,Normal,214.8,0,4.0
T511880,Consulta de saldo,v1,Lima,16,Normal,63.6,0,4.0
T511881,Pago QR,v1,Lima,21,Pico,469.1,0,2.0
T511882,Pago QR,v1,Trujillo,7,Normal,108.0,0,5.0
T511883,Transferencia,v2,Lima,10,Pico,235.1,0,4.0
T511884,Pago de servicios,v2,Arequipa,3,Normal,431.0,0,2.0
T511885,Transferencia,v2,Arequipa,13,Normal,579.4,0,3.0
T511886,Pago QR,v2,Lima,5,Normal,208.7,0,4.0
T511887,Pago de servicios,v2,Lima,9,Pico,359.8,0,4.0
T511888,Recarga celular,v1,Arequipa,6,Normal,132.0,0,4.0
T511889,Consulta de saldo,v2,Trujillo,19,Pico,305.9,0,4.0
T511890,Recarga celular,v2,Trujillo,15,Normal,117.9,0,5.0
T511891,Consulta de saldo,v1,Lima,1,Normal,246.8,0,3.0
T511892,Pago QR,v1,Arequipa,17,Normal,222.2,0,4.0
T511893,Pago de servicios,v1,Lima,9,Pico,280.1,0,4.0
T511894,Pago QR,v1,Lima,12,Normal,195.0,0,4.0
T511895,Recarga celular,v2,Trujillo,14,Normal,183.5,0,4.0
T511896,Recarga celular,v2,Lima,13,Normal,129.8,0,4.0
T511897,Transferencia,v1,Arequipa,11,Normal,292.5,0,3.0
T511898,Transferencia,v2,Lima,14,Normal,213.1,0,4.0
T511899,Pago de servicios,v2,Lima,15,Normal,385.4,0,4.0
T511900,Transferencia,v2,Lima,5,Normal,199.7,0,4.0
T511901,Consulta de saldo,v1,Arequipa,1,Normal,54.6,0,3.0
T511902,Recarga celular,v1,Lima,20,Pico,125.9,0,3.0
T511903,Pago QR,v2,Lima,13,Normal,136.5,0,4.0
T511904,Transferencia,v2,Lima,14,Normal,350.7,0,4.0
T511905,Transferencia,v2,Trujillo,8,Pico,636.0,0,4.0
T511906,Transferencia,v2,Trujillo,1,Normal,263.1,0,3.0
T511907,Consulta de saldo,v2,Lima,4,Normal,267.3,0,5.0
T511908,Consulta de saldo,v2,Arequipa,10,Pico,84.9,0,5.0
T511909,Transferencia,v1,Trujillo,0,Normal,239.8,0,4.0
T511910,Pago de servicios,v2,Lima,13,Normal,409.2,0,5.0
T511911,Transferencia,v1,Arequipa,17,Normal,259.1,0,5.0
T511912,Recarga celular,v1,Trujillo,21,Pico,155.3,0,5.0
T511913,Pago QR,v1,Lima,15,Normal,187.5,0,4.0
T511914,Consulta de saldo,v2,Arequipa,12,Normal,115.9,0,5.0
T511915,Pago de servicios,v1,Lima,6,Normal,443.0,0,4.0
T511916,Transferencia,v2,Lima,10,Pico,190.3,0,3.0
T511917,Recarga celular,v2,Lima,1,Normal,61.3,0,4.0
T511918,Pago de servicios,v2,Lima,6,Normal,266.2,0,4.0
T511919,Recarga celular,v1,Lima,17,Normal,73.3,0,5.0
T511920,Recarga celular,v2,Arequipa,4,Normal,98.6,0,4.0
T511921,Consulta de saldo,v2,Lima,20,Pico,45.5,0,4.0
T511922,Pago de servicios,v1,Arequipa,3,Normal,364.9,0,4.0
T511923,Pago QR,v1,Lima,3,Normal,289.6,0,4.0
T511924,Transferencia,v1,Lima,21,Pico,443.6,0,4.0
T511925,Pago QR,v1,Trujillo,21,Pico,127.0,0,5.0
T511926,Pago QR,v1,Lima,6,Normal,206.5,0,5.0
T511927,Pago QR,v2,Arequipa,2,Normal,370.3,1,3.0
T511928,Pago de servicios,v1,Lima,2,Normal,321.8,0,4.0
T511929,Pago de servicios,v2,Arequipa,15,Normal,317.6,0,5.0
T511930,Consulta de saldo,v2,Arequipa,13,Normal,36.5,0,4.0
T511931,Transferencia,v1,Lima,7,Normal,215.6,0,4.0
T511932,Recarga celular,v1,Lima,21,Pico,466.0,0,3.0
T511933,Recarga celular,v1,Lima,23,Normal,133.5,0,5.0
T511934,Recarga celular,v2,Lima,2,Normal,135.1,0,5.0
T511935,Pago QR,v2,Lima,19,Pico,99.5,0,4.0
T511936,Pago QR,v1,Lima,6,Normal,156.9,0,4.0
T511937,Consulta de saldo,v1,Lima,1,Normal,177.4,0,5.0
T511938,Transferencia,v2,Lima,19,Pico,304.2,0,3.0
T511939,Transferencia,v1,Arequipa,16,Normal,449.6,0,4.0
T511940,Pago de servicios,v1,Lima,0,Normal,209.5,0,4.0
T511941,Pago de servicios,v2,Arequipa,2,Normal,351.3,0,4.0
T511942,Transferencia,v2,Arequipa,7,Normal,370.6,0,3.0
T511943,Pago QR,v2,Trujillo,1,Normal,415.4,0,5.0
T511944,Pago de servicios,v2,Lima,16,Normal,343.8,0,2.0
T511945,Transferencia,v2,Arequipa,12,Normal,270.5,0,5.0
T511946,Transferencia,v2,Lima,4,Normal,255.8,0,5.0
T511947,Transferencia,v1,Lima,11,Normal,101.1,0,4.0
T511948,Recarga celular,v1,Trujillo,16,Normal,149.9,0,4.0
T511949,Pago QR,v1,Lima,23,Normal,170.6,0,4.0
T511950,Pago de servicios,v1,Lima,10,Pico,645.1,0,3.0
T511951,Consulta de saldo,v2,Lima,10,Pico,50.0,0,5.0
T511952,Pago QR,v1,Lima,21,Pico,105.7,0,4.0
T511953,Recarga celular,v2,Lima,11,Normal,139.9,0,4.0
T511954,Pago QR,v1,Lima,0,Normal,167.3,0,5.0
T511955,Consulta de saldo,v2,Arequipa,12,Normal,106.2,0,4.0
T511956,Pago QR,v1,Lima,7,Normal,86.6,0,5.0
T511957,Transferencia,v2,Lima,16,Normal,153.0,0,4.0
T511958,Pago de servicios,v2,Lima,4,Normal,292.2,0,3.0
T511959,Pago QR,v1,Arequipa,11,Normal,266.6,0,4.0
T511960,Recarga celular,v1,Lima,15,Normal,3300.7,0,1.0
T511961,Pago de servicios,v2,Arequipa,18,Pico,746.4,0,3.0
T511962,Recarga celular,v1,Trujillo,19,Pico,308.3,0,3.0
T511963,Transferencia,v2,Lima,17,Normal,193.8,0,5.0
T511964,Pago de servicios,v1,Lima,7,Normal,291.2,0,5.0
T511965,Transferencia,v2,Lima,4,Normal,317.9,0,4.0
T511966,Transferencia,v1,Lima,20,Pico,277.2,0,5.0
T511967,Pago QR,v2,Lima,21,Pico,249.2,0,5.0
T511968,Transferencia,v2,Lima,5,Normal,181.9,0,3.0
T511969,Pago QR,v1,Arequipa,0,Normal,331.2,0,5.0
T511970,Pago de servicios,v1,Arequipa,18,Pico,841.5,0,3.0
T511971,Consulta de saldo,v2,Trujillo,11,Normal,50.4,0,4.0
T511972,Transferencia,v1,Lima,1,Normal,326.4,0,5.0
T511973,Pago QR,v2,Arequipa,11,Normal,197.8,0,5.0
T511974,Consulta de saldo,v2,Arequipa,13,Normal,93.9,0,4.0
T511975,Pago QR,v2,Lima,2,Normal,195.6,0,3.0
T511976,Consulta de saldo,v2,Arequipa,19,Pico,275.4,0,5.0
T511977,Pago de servicios,v1,Lima,17,Normal,260.8,0,3.0
T511978,Pago de servicios,v2,Lima,6,Normal,307.0,0,4.0
T511979,Transferencia,v1,Lima,15,Normal,154.3,0,4.0
T511980,Pago QR,v1,Lima,1,Normal,206.3,0,4.0
T511981,Consulta de saldo,v1,Trujillo,8,Pico,58.1,0,4.0
T511982,Pago QR,v2,Lima,16,Normal,193.0,0,4.0
T511983,Transferencia,v1,Arequipa,16,Normal,317.5,0,3.0
T511984,Pago QR,v2,Lima,6,Normal,177.3,0,3.0
T511985,Transferencia,v2,Trujillo,11,Normal,161.3,0,5.0
T511986,Pago QR,v1,Lima,15,Normal,123.6,0,4.0
T511987,Pago QR,v1,Lima,13,Normal,258.2,0,4.0
T511988,Transferencia,v2,Trujillo,9,Pico,417.6,0,
T511989,Pago QR,v1,Lima,16,Normal,290.6,1,3.0
T511990,Transferencia,v2,Lima,6,Normal,236.0,0,3.0
T511991,Pago de servicios,v2,Trujillo,18,Pico,465.3,0,3.0
T511992,Pago QR,v2,Arequipa,20,Pico,437.8,0,2.0
T511993,Pago QR,v1,Arequipa,12,Normal,205.8,0,5.0
T511994,Pago de servicios,v1,Lima,16,Normal,255.1,0,3.0
T511995,Pago QR,v2,Arequipa,14,Normal,481.9,0,5.0
T511996,Transferencia,v1,Arequipa,14,Normal,395.8,0,4.0
T511997,Recarga celular,v1,Lima,13,Normal,108.4,0,5.0
T511998,Transferencia,v1,Arequipa,18,Pico,457.3,0,4.0
T511999,Recarga celular,v1,Lima,3,Normal,231.2,0,4.0
T512000,Consulta de saldo,v1,Lima,10,Pico,82.7,0,5.0
T512001,Pago QR,v2,Lima,17,Normal,230.2,0,3.0
T512002,Transferencia,v2,Lima,16,Normal,286.0,0,5.0
T512003,Recarga celular,v2,Lima,13,Normal,217.6,0,2.0
T512004,Pago QR,v2,Lima,6,Normal,146.5,0,4.0
T512005,Pago de servicios,v1,Lima,23,Normal,231.0,0,5.0
T512006,Pago QR,v1,Arequipa,3,Normal,206.4,0,4.0
T512007,Consulta de saldo,v1,Lima,2,Normal,122.9,0,4.0
T512008,Transferencia,v2,Lima,0,Normal,217.1,0,3.0
T512009,Pago de servicios,v1,Arequipa,16,Normal,291.6,0,4.0
T512010,Pago de servicios,v1,Arequipa,0,Normal,604.1,0,
T512011,Recarga celular,v2,Lima,7,Normal,88.4,0,4.0
T512012,Pago QR,v1,Arequipa,23,Normal,225.8,0,5.0
T512013,Pago QR,v2,Lima,4,Normal,268.1,0,4.0
T512014,Transferencia,v1,Lima,22,Normal,307.5,0,3.0
T512015,Pago de servicios,v1,Trujillo,13,Normal,152.2,0,4.0
T512016,Transferencia,v2,Lima,4,Normal,299.7,0,3.0
T512017,Transferencia,v2,Lima,2,Normal,222.5,0,3.0
T512018,Pago QR,v1,Lima,12,Normal,179.4,0,3.0
T512019,Pago QR,v2,Lima,1,Normal,190.7,0,4.0
T512020,Consulta de saldo,v2,Lima,20,Pico,245.8,0,4.0
T512021,Consulta de saldo,v2,Trujillo,19,Pico,88.1,0,4.0
T512022,Consulta de saldo,v2,Arequipa,19,Pico,73.4,0,4.0
T512023,Pago de servicios,v2,Lima,16,Normal,157.3,0,4.0
T512024,Consulta de saldo,v1,Trujillo,1,Normal,159.3,0,5.0
T512025,Pago QR,v2,Trujillo,21,Pico,340.4,0,4.0
T512026,Transferencia,v2,Trujillo,22,Normal,132.8,0,4.0
T512027,Pago de servicios,v2,Arequipa,15,Normal,236.6,0,3.0
T512028,Pago QR,v1,Arequipa,1,Normal,469.5,0,4.0
T512029,Pago de servicios,v2,Lima,17,Normal,391.0,0,5.0
T512030,Consulta de saldo,v2,Lima,2,Normal,86.6,0,4.0
T512031,Consulta de saldo,v1,Trujillo,20,Pico,67.6,0,4.0
T512032,Consulta de saldo,v2,Arequipa,19,Pico,313.5,0,5.0
T512033,Pago de servicios,v2,Lima,8,Pico,359.6,0,4.0
T512034,Transferencia,v1,Arequipa,6,Normal,399.7,0,4.0
T512035,Pago de servicios,v2,Arequipa,18,Pico,392.4,0,3.0
T512036,Pago de servicios,v1,Trujillo,16,Normal,321.9,0,5.0
T512037,Transferencia,v1,Arequipa,9,Pico,640.0,0,3.0
T512038,Recarga celular,v2,Lima,18,Pico,194.2,0,
T512039,Pago QR,v1,Lima,18,Pico,216.4,0,5.0
T512040,Transferencia,v2,Lima,12,Normal,218.3,0,4.0
T512041,Recarga celular,v1,Lima,1,Normal,168.8,0,5.0
T512042,Recarga celular,v2,Lima,15,Normal,94.9,0,4.0
T512043,Transferencia,v1,Trujillo,1,Normal,296.0,0,4.0
T512044,Recarga celular,v1,Lima,0,Normal,138.4,0,4.0
T512045,Transferencia,v1,Lima,6,Normal,346.5,0,3.0
T512046,Pago QR,v1,Lima,20,Pico,137.7,0,5.0
T512047,Pago de servicios,v2,Lima,21,Pico,376.3,0,4.0
T512048,Transferencia,v2,Lima,19,Pico,,0,3.0
T512049,Pago de servicios,v2,Trujillo,0,Normal,188.5,0,5.0
T512050,Consulta de saldo,v1,Lima,22,Normal,120.4,0,5.0
T512051,Transferencia,v1,Lima,2,Normal,304.4,0,3.0
T512052,Transferencia,v2,Arequipa,14,Normal,208.9,0,5.0
T512053,Transferencia,v1,Lima,8,Pico,416.4,0,3.0
T512054,Transferencia,v2,Lima,3,Normal,218.5,0,3.0
T512055,Consulta de saldo,v2,Arequipa,21,Pico,49.1,1,5.0
T512056,Pago QR,v2,Lima,13,Normal,263.2,0,3.0
T512057,Pago de servicios,v1,Lima,8,Pico,288.0,0,4.0
T512058,Consulta de saldo,v2,Arequipa,5,Normal,148.4,0,5.0
T512059,Consulta de saldo,v1,Trujillo,7,Normal,114.0,0,5.0
T512060,Recarga celular,v1,Trujillo,20,Pico,240.0,0,5.0
T512061,Pago QR,v1,Arequipa,5,Normal,523.7,0,3.0
T512062,Pago QR,v1,Trujillo,18,Pico,207.0,0,5.0
T512063,Pago de servicios,v1,Arequipa,4,Normal,411.0,0,5.0
T512064,Transferencia,v2,Lima,23,Normal,569.3,0,3.0
T512065,Transferencia,v1,Arequipa,8,Pico,458.0,0,4.0
T512066,Recarga celular,v2,Lima,16,Normal,223.8,0,4.0
T512067,Pago QR,v2,Arequipa,15,Normal,113.1,0,5.0
T512068,Pago QR,v1,Lima,20,Pico,197.6,0,4.0
T512069,Transferencia,v2,Trujillo,21,Pico,336.8,0,4.0
T512070,Transferencia,v2,Lima,1,Normal,172.0,0,5.0
T512071,Transferencia,v1,Arequipa,16,Normal,514.8,0,3.0
T512072,Pago QR,v2,Lima,10,Pico,334.7,0,5.0
T512073,Pago QR,v2,Lima,10,Pico,201.2,0,4.0
T512074,Transferencia,v2,Lima,22,Normal,215.7,0,5.0
T512075,Recarga celular,v1,Arequipa,12,Normal,173.3,0,4.0
T512076,Consulta de saldo,v1,Lima,12,Normal,86.3,0,5.0
T512077,Pago QR,v2,Lima,4,Normal,256.3,0,4.0
T512078,Transferencia,v1,Arequipa,16,Normal,270.2,0,3.0
T512079,Recarga celular,v1,Lima,11,Normal,146.7,0,5.0
T512080,Pago QR,v1,Trujillo,5,Normal,124.4,0,5.0
T512081,Pago QR,v2,Lima,2,Normal,102.8,0,5.0
T512082,Pago de servicios,v2,Arequipa,7,Normal,286.3,0,5.0
T512083,Pago de servicios,v1,Lima,7,Normal,313.7,0,5.0
T512084,Pago de servicios,v1,Lima,1,Normal,320.8,0,5.0
T512085,Pago de servicios,v2,Lima,5,Normal,213.0,0,4.0
T512086,Pago QR,v1,Arequipa,21,Pico,150.9,0,5.0
T512087,Transferencia,v2,Trujillo,10,Pico,279.2,0,4.0
T512088,Consulta de saldo,v1,Trujillo,15,Normal,233.1,0,3.0
T512089,Pago de servicios,v2,Lima,12,Normal,373.1,0,4.0
T512090,Transferencia,v1,Trujillo,20,Pico,431.0,0,4.0
T512091,Consulta de saldo,v1,Lima,15,Normal,196.7,0,5.0
T512092,Recarga celular,v1,Lima,16,Normal,94.4,0,4.0
T512093,Consulta de saldo,v2,Arequipa,20,Pico,135.5,0,4.0
T512094,Consulta de saldo,v1,Trujillo,0,Normal,102.7,0,2.0
T512095,Pago QR,v1,Trujillo,23,Normal,405.5,0,4.0
T512096,Consulta de saldo,v2,Lima,20,Pico,149.4,0,4.0
T512097,Transferencia,v1,Lima,1,Normal,300.5,0,4.0
T512098,Pago de servicios,v2,Arequipa,6,Normal,120.6,0,4.0
T512099,Consulta de saldo,v1,Lima,16,Normal,181.3,0,4.0
T512100,Recarga celular,v1,Lima,16,Normal,116.9,0,4.0
T512101,Consulta de saldo,v2,Trujillo,19,Pico,110.7,0,5.0
T512102,Consulta de saldo,v1,Lima,20,Pico,187.2,0,4.0
T512103,Consulta de saldo,v2,Trujillo,14,Normal,77.3,0,4.0
T512104,Pago de servicios,v2,Lima,5,Normal,135.8,0,5.0
T512105,Pago QR,v2,Trujillo,19,Pico,351.1,0,3.0
T512106,Consulta de saldo,v2,Lima,8,Pico,50.3,0,5.0
T512107,Pago de servicios,v1,Lima,19,Pico,717.0,0,3.0
T512108,Pago QR,v1,Lima,22,Normal,409.3,0,5.0
T512109,Pago de servicios,v2,Arequipa,22,Normal,116.0,0,5.0
T512110,Pago QR,v1,Lima,0,Normal,148.6,0,5.0
T512111,Transferencia,v2,Lima,21,Pico,338.5,0,4.0
T512112,Transferencia,v1,Arequipa,8,Pico,477.0,0,4.0
T512113,Transferencia,v2,Arequipa,9,Pico,312.1,0,3.0
T512114,Transferencia,v1,Lima,8,Pico,360.3,0,3.0
T512115,Transferencia,v2,Lima,12,Normal,257.7,0,5.0
T512116,Pago QR,v1,Lima,20,Pico,232.3,0,3.0
T512117,Pago QR,v1,Trujillo,12,Normal,336.2,0,3.0
T512118,Consulta de saldo,v2,Arequipa,15,Normal,142.1,0,3.0
T512119,Pago QR,v1,Arequipa,7,Normal,216.2,0,3.0
T512120,Transferencia,v2,Arequipa,6,Normal,226.1,0,3.0
T512121,Transferencia,v1,Arequipa,18,Pico,649.6,0,3.0
T512122,Recarga celular,v2,Trujillo,3,Normal,161.0,0,4.0
T512123,Recarga celular,v1,Lima,16,Normal,226.0,0,4.0
T512124,Recarga celular,v1,Arequipa,20,Pico,178.0,0,3.0
T512125,Pago QR,v2,Arequipa,18,Pico,451.3,0,
T512126,Consulta de saldo,v1,Arequipa,3,Normal,109.3,0,5.0
T512127,Pago QR,v2,Trujillo,23,Normal,397.1,0,4.0
T512128,Pago de servicios,v1,Arequipa,19,Pico,676.4,0,2.0
T512129,Recarga celular,v2,Lima,12,Normal,87.7,0,5.0
T512130,Transferencia,v2,Trujillo,19,Pico,282.8,0,5.0
T512131,Recarga celular,v1,Arequipa,11,Normal,117.1,0,5.0
T512132,Consulta de saldo,v2,Lima,10,Pico,129.7,0,5.0
T512133,Transferencia,v2,Lima,11,Normal,582.8,0,5.0
T512134,Transferencia,v1,Lima,8,Pico,448.3,0,3.0
T512135,Transferencia,v1,Arequipa,21,Pico,359.6,0,3.0
T512136,Pago de servicios,v2,Lima,23,Normal,224.7,0,5.0
T512137,Pago QR,v1,Lima,11,Normal,209.2,0,5.0
T512138,Consulta de saldo,v1,Lima,0,Normal,102.4,0,4.0
T512139,Transferencia,v1,Lima,3,Normal,343.9,0,4.0
T512140,Consulta de saldo,v1,Arequipa,13,Normal,110.3,0,5.0
T512141,Pago QR,v2,Lima,12,Normal,165.7,0,4.0
T512142,Recarga celular,v1,Arequipa,8,Pico,185.1,0,5.0
T512143,Transferencia,v2,Arequipa,22,Normal,328.4,0,5.0
T512144,Recarga celular,v2,Lima,23,Normal,245.4,0,4.0
T512145,Pago de servicios,v1,Lima,7,Normal,527.8,0,4.0
T512146,Recarga celular,v1,Lima,10,Pico,300.6,0,4.0
T512147,Pago de servicios,v2,Trujillo,20,Pico,369.4,0,3.0
T512148,Transferencia,v1,Lima,5,Normal,484.0,0,4.0
T512149,Consulta de saldo,v1,Arequipa,18,Pico,123.7,0,5.0
T512150,Recarga celular,v2,Arequipa,2,Normal,299.0,0,4.0
T512151,Consulta de saldo,v1,Lima,17,Normal,227.7,0,4.0
T512152,Recarga celular,v2,Arequipa,3,Normal,364.4,0,3.0
T512153,Pago QR,v1,Trujillo,11,Normal,311.9,0,4.0
T512154,Recarga celular,v2,Arequipa,16,Normal,179.1,0,3.0
T512155,Consulta de saldo,v2,Lima,11,Normal,228.5,0,5.0
T512156,Consulta de saldo,v1,Lima,8,Pico,93.7,0,5.0
T512157,Recarga celular,v1,Lima,10,Pico,335.9,0,3.0
T512158,Consulta de saldo,v1,Trujillo,8,Pico,354.2,0,5.0
T512159,Consulta de saldo,v2,Arequipa,20,Pico,138.1,0,5.0
T512160,Transferencia,v2,Trujillo,5,Normal,698.8,0,4.0
T512161,Pago de servicios,v1,Arequipa,7,Normal,192.9,0,5.0
T512162,Transferencia,v1,Lima,3,Normal,417.1,0,3.0
T512163,Consulta de saldo,v2,Arequipa,7,Normal,156.5,0,3.0
T512164,Pago QR,v1,Trujillo,3,Normal,320.3,0,4.0
T512165,Pago QR,v2,Lima,1,Normal,303.7,0,4.0
T512166,Recarga celular,v2,Lima,7,Normal,250.2,0,4.0
T512167,Transferencia,v1,Lima,19,Pico,396.0,0,4.0
T512168,Pago QR,v2,Lima,13,Normal,232.5,0,5.0
T512169,Pago de servicios,v2,Trujillo,0,Normal,252.5,0,4.0
T512170,Transferencia,v2,Lima,2,Normal,161.8,0,4.0
T512171,Recarga celular,v2,Lima,20,Pico,302.2,0,3.0
T512172,Transferencia,v2,Lima,23,Normal,150.6,0,5.0
T512173,Consulta de saldo,v2,Lima,11,Normal,107.7,0,5.0
T512174,Pago QR,v2,Lima,15,Normal,199.5,0,5.0
T512175,Recarga celular,v1,Arequipa,1,Normal,103.4,0,4.0
T512176,Recarga celular,v2,Arequipa,21,Pico,419.3,0,4.0
T512177,Pago QR,v2,Trujillo,19,Pico,300.2,0,3.0
T512178,Pago QR,v1,Trujillo,23,Normal,120.5,0,5.0
T512179,Consulta de saldo,v1,Arequipa,23,Normal,79.1,0,4.0
T512180,Consulta de saldo,v2,Lima,15,Normal,132.4,0,4.0
T512181,Transferencia,v2,Lima,13,Normal,191.5,0,5.0
T512182,Consulta de saldo,v2,Lima,21,Pico,330.6,0,4.0
T512183,Pago QR,v1,Lima,6,Normal,218.9,0,4.0
T512184,Consulta de saldo,v1,Trujillo,16,Normal,37.8,0,5.0
T512185,Pago de servicios,v1,Lima,2,Normal,433.1,0,5.0
T512186,Pago QR,v2,Lima,6,Normal,103.3,0,4.0
T512187,Transferencia,v1,Trujillo,20,Pico,494.2,0,4.0
T512188,Pago de servicios,v1,Lima,4,Normal,630.7,0,4.0
T512189,Consulta de saldo,v1,Lima,20,Pico,340.8,0,4.0
T512190,Pago QR,v2,Lima,8,Pico,271.0,0,4.0
T512191,Recarga celular,v2,Trujillo,17,Normal,133.8,0,4.0
T512192,Consulta de saldo,v2,Arequipa,18,Pico,98.9,0,5.0
T512193,Consulta de saldo,v2,Trujillo,21,Pico,125.5,0,4.0
T512194,Pago QR,v1,Arequipa,18,Pico,523.4,0,3.0
T512195,Transferencia,v1,Arequipa,11,Normal,283.1,0,5.0
T512196,Recarga celular,v1,Arequipa,2,Normal,170.6,0,4.0
T512197,Pago QR,v1,Lima,1,Normal,198.4,0,4.0
T512198,Recarga celular,v1,Arequipa,11,Normal,194.4,0,4.0
T512199,Transferencia,v1,Lima,8,Pico,306.6,0,4.0
T512200,Transferencia,v2,Lima,3,Normal,169.0,0,5.0
T512201,Pago de servicios,v2,Arequipa,20,Pico,506.0,0,3.0
T512202,Consulta de saldo,v1,Trujillo,2,Normal,87.2,0,5.0
T512203,Pago de servicios,v1,Lima,18,Pico,218.9,0,3.0
T512204,Transferencia,v1,Lima,5,Normal,138.6,0,5.0
T512205,Transferencia,v2,Lima,18,Pico,483.7,0,3.0
T512206,Pago QR,v2,Lima,5,Normal,187.7,0,5.0
T512207,Pago QR,v1,Arequipa,5,Normal,145.7,0,
T512208,Consulta de saldo,v1,Trujillo,8,Pico,106.6,0,5.0
T512209,Pago QR,v1,Arequipa,22,Normal,315.9,0,4.0
T512210,Recarga celular,v2,Trujillo,17,Normal,299.1,0,5.0
T512211,Pago QR,v1,Arequipa,17,Normal,269.5,0,3.0
T512212,Pago QR,v2,Lima,2,Normal,468.9,0,4.0
T512213,Consulta de saldo,v1,Arequipa,0,Normal,252.9,0,4.0
T512214,Consulta de saldo,v2,Lima,19,Pico,148.4,0,5.0
T512215,Recarga celular,v1,Trujillo,22,Normal,111.7,0,4.0
T512216,Pago QR,v1,Trujillo,9,Pico,417.1,0,4.0
T512217,Transferencia,v2,Trujillo,20,Pico,617.9,0,2.0
T512218,Pago QR,v1,Lima,12,Normal,223.8,0,3.0
T512219,Consulta de saldo,v2,Lima,14,Normal,217.7,0,5.0
T512220,Pago QR,v2,Lima,0,Normal,167.7,0,4.0
T512221,Transferencia,v1,Lima,21,Pico,456.7,0,5.0
T512222,Transferencia,v1,Lima,12,Normal,124.7,0,
T512223,Transferencia,v2,Lima,18,Pico,201.2,0,5.0
T512224,Transferencia,v2,Lima,9,Pico,138.2,0,4.0
T512225,Pago de servicios,v2,Lima,19,Pico,324.3,0,5.0
T512226,Recarga celular,v1,Lima,22,Normal,181.0,0,4.0
T512227,Recarga celular,v2,Lima,3,Normal,137.5,1,2.0
T512228,Pago QR,v2,Lima,5,Normal,258.1,0,4.0
T512229,Consulta de saldo,v2,Trujillo,18,Pico,123.4,0,5.0
T512230,Pago QR,v2,Lima,16,Normal,230.2,0,5.0
T512231,Transferencia,v1,Trujillo,8,Pico,469.5,0,4.0
T512232,Pago QR,v2,Lima,15,Normal,177.4,0,4.0
T512233,Recarga celular,v2,Lima,2,Normal,142.5,0,5.0
T512234,Transferencia,v2,Trujillo,22,Normal,214.9,0,4.0
T512235,Recarga celular,v2,Trujillo,14,Normal,142.3,0,3.0
T512236,Pago QR,v1,Trujillo,13,Normal,231.5,0,5.0
T512237,Pago QR,v1,Lima,11,Normal,337.2,0,3.0
T512238,Recarga celular,v1,Arequipa,11,Normal,90.3,0,4.0
T512239,Recarga celular,v2,Arequipa,5,Normal,109.0,0,4.0
T512240,Pago de servicios,v2,Trujillo,0,Normal,327.4,0,4.0
T512241,Transferencia,v2,Lima,10,Pico,475.0,0,4.0
T512242,Consulta de saldo,v2,Lima,23,Normal,115.2,0,5.0
T512243,Transferencia,v2,Lima,9,Pico,417.2,0,4.0
T512244,Transferencia,v1,Trujillo,13,Normal,215.1,0,4.0
T512245,Consulta de saldo,v1,Lima,5,Normal,112.2,0,4.0
T512246,Consulta de saldo,v1,Trujillo,7,Normal,114.1,0,5.0
T512247,Recarga celular,v2,Arequipa,7,Normal,152.9,0,5.0
T512248,Pago QR,v1,Lima,13,Normal,225.1,0,4.0
T512249,Pago QR,v2,Lima,23,Normal,237.8,0,4.0
T512250,Pago de servicios,v1,Arequipa,11,Normal,500.9,0,4.0
T512251,Pago de servicios,v2,Arequipa,21,Pico,327.2,0,3.0
T512252,Consulta de saldo,v2,Trujillo,20,Pico,181.4,0,3.0
T512253,Transferencia,v2,Lima,1,Normal,372.6,0,4.0
T512254,Pago de servicios,v1,Trujillo,14,Normal,353.0,0,3.0
T512255,Recarga celular,v1,Lima,3,Normal,633.5,0,3.0
T512256,Recarga celular,v1,Trujillo,20,Pico,693.9,0,3.0
T512257,Pago de servicios,v1,Arequipa,12,Normal,78.2,0,4.0
T512258,Transferencia,v2,Lima,7,Normal,244.7,0,4.0
T512259,Pago QR,v2,Lima,22,Normal,113.3,0,5.0
T512260,Pago QR,v2,Trujillo,16,Normal,225.0,0,5.0
T512261,Transferencia,v1,Trujillo,4,Normal,155.1,0,4.0
T512262,Recarga celular,v2,Arequipa,19,Pico,259.0,0,4.0
T512263,Transferencia,v1,Lima,3,Normal,234.3,0,4.0
T512264,Pago de servicios,v2,Lima,15,Normal,286.0,0,3.0
T512265,Recarga celular,v1,Trujillo,21,Pico,101.7,0,5.0
T512266,Consulta de saldo,v2,Trujillo,7,Normal,82.5,0,4.0
T512267,Pago de servicios,v1,Trujillo,11,Normal,517.5,0,4.0
T512268,Consulta de saldo,v2,Trujillo,2,Normal,90.6,0,4.0
T512269,Transferencia,v1,Trujillo,18,Pico,528.4,0,3.0
T512270,Pago QR,v1,Lima,3,Normal,253.6,0,5.0
T512271,Recarga celular,v1,Arequipa,0,Normal,91.5,0,5.0
T512272,Consulta de saldo,v1,Arequipa,4,Normal,115.1,0,4.0
T512273,Transferencia,v2,Arequipa,5,Normal,353.1,0,5.0
T512274,Transferencia,v2,Lima,4,Normal,266.6,0,5.0
T512275,Recarga celular,v2,Arequipa,20,Pico,248.9,0,5.0
T512276,Transferencia,v2,Lima,10,Pico,140.0,0,4.0
T512277,Consulta de saldo,v2,Lima,0,Normal,74.2,0,5.0
T512278,Recarga celular,v2,Trujillo,5,Normal,588.0,0,3.0
T512279,Pago QR,v1,Lima,22,Normal,377.7,0,4.0
T512280,Pago de servicios,v2,Trujillo,23,Normal,286.6,0,5.0
T512281,Consulta de saldo,v1,Arequipa,22,Normal,199.2,0,4.0
T512282,Recarga celular,v1,Arequipa,0,Normal,164.0,0,5.0
T512283,Recarga celular,v1,Lima,15,Normal,146.5,0,4.0
T512284,Pago de servicios,v2,Trujillo,23,Normal,148.4,0,4.0
T512285,Consulta de saldo,v1,Arequipa,7,Normal,33.5,0,4.0
T512286,Pago QR,v2,Lima,8,Pico,272.4,0,4.0
T512287,Transferencia,v1,Lima,15,Normal,254.5,0,5.0
T512288,Transferencia,v2,Trujillo,12,Normal,196.4,0,4.0
T512289,Recarga celular,v1,Lima,1,Normal,162.7,0,5.0
T512290,Pago de servicios,v2,Lima,1,Normal,368.8,0,4.0
T512291,Recarga celular,v2,Lima,5,Normal,231.2,0,4.0
T512292,Pago de servicios,v1,Lima,8,Pico,366.0,0,4.0
T512293,Consulta de saldo,v2,Trujillo,17,Normal,272.8,0,5.0
T512294,Transferencia,v2,Lima,19,Pico,186.8,0,5.0
T512295,Transferencia,v1,Lima,6,Normal,244.2,0,5.0
T512296,Pago de servicios,v1,Lima,23,Normal,420.2,0,4.0
T512297,Pago QR,v2,Trujillo,5,Normal,296.4,0,5.0
T512298,Recarga celular,v1,Arequipa,9,Pico,217.9,0,3.0
T512299,Consulta de saldo,v1,Trujillo,3,Normal,77.2,0,4.0
T512300,Transferencia,v2,Arequipa,15,Normal,456.4,0,4.0
T512301,Pago QR,v1,Lima,5,Normal,417.0,0,5.0
T512302,Pago QR,v1,Arequipa,9,Pico,350.0,0,4.0
T512303,Pago QR,v1,Lima,6,Normal,288.8,0,4.0
T512304,Transferencia,v2,Lima,1,Normal,168.7,0,4.0
T512305,Consulta de saldo,v1,Arequipa,2,Normal,360.4,0,4.0
T512306,Consulta de saldo,v1,Lima,7,Normal,135.7,0,4.0
T512307,Consulta de saldo,v2,Lima,6,Normal,201.7,0,5.0
T512308,Transferencia,v2,Lima,22,Normal,211.7,0,4.0
T512309,Pago QR,v2,Lima,15,Normal,172.5,0,4.0
T512310,Pago de servicios,v2,Lima,8,Pico,375.7,0,5.0
T512311,Transferencia,v1,Arequipa,22,Normal,410.2,0,4.0
T512312,Consulta de saldo,v2,Lima,4,Normal,511.0,0,3.0
T512313,Recarga celular,v1,Arequipa,5,Normal,181.0,0,4.0
T512314,Recarga celular,v1,Trujillo,10,Pico,454.6,0,3.0
T512315,Pago QR,v2,Trujillo,20,Pico,289.1,0,4.0
T512316,Pago QR,v2,Trujillo,2,Normal,426.2,0,3.0
T512317,Pago QR,v1,Lima,10,Pico,74.4,0,5.0
T512318,Consulta de saldo,v1,Lima,11,Normal,149.2,0,5.0
T512319,Transferencia,v2,Lima,22,Normal,217.0,0,4.0
T512320,Consulta de saldo,v2,Lima,9,Pico,157.8,0,5.0
T512321,Recarga celular,v1,Lima,15,Normal,109.0,1,3.0
T512322,Pago QR,v2,Lima,5,Normal,156.3,0,5.0
T512323,Consulta de saldo,v1,Lima,11,Normal,112.3,0,5.0
T512324,Pago QR,v2,Arequipa,0,Normal,152.4,0,5.0
T512325,Pago de servicios,v2,Lima,14,Normal,185.8,0,4.0
T512326,Pago de servicios,v1,Arequipa,10,Pico,334.4,0,3.0
T512327,Pago QR,v2,Arequipa,6,Normal,192.4,0,4.0
T512328,Recarga celular,v2,Trujillo,18,Pico,191.7,0,5.0
T512329,Transferencia,v2,Lima,5,Normal,388.5,0,5.0
T512330,Transferencia,v2,Lima,13,Normal,160.8,0,4.0
T512331,Pago QR,v2,Lima,12,Normal,81.1,0,4.0
T512332,Transferencia,v2,Lima,19,Pico,744.8,0,4.0
T512333,Transferencia,v1,Trujillo,12,Normal,336.3,0,3.0
T512334,Consulta de saldo,v1,Arequipa,16,Normal,93.2,0,5.0
T512335,Pago QR,v2,Trujillo,15,Normal,197.2,0,5.0
T512336,Transferencia,v2,Arequipa,1,Normal,178.8,0,5.0
T512337,Pago de servicios,v2,Lima,9,Pico,185.6,0,3.0
T512338,Recarga celular,v1,Lima,9,Pico,191.8,0,5.0
T512339,Consulta de saldo,v1,Arequipa,1,Normal,88.5,0,5.0
T512340,Transferencia,v2,Trujillo,14,Normal,311.0,0,4.0
T512341,Pago de servicios,v1,Trujillo,12,Normal,388.4,0,3.0
T512342,Pago QR,v2,Lima,10,Pico,166.2,0,3.0
T512343,Pago QR,v1,Trujillo,3,Normal,279.3,0,4.0
T512344,Consulta de saldo,v2,Lima,7,Normal,119.6,0,5.0
T512345,Consulta de saldo,v1,Lima,17,Normal,74.0,0,4.0
T512346,Pago QR,v1,Lima,13,Normal,292.3,0,5.0
T512347,Recarga celular,v1,Lima,21,Pico,240.8,0,4.0
T512348,Consulta de saldo,v2,Lima,8,Pico,82.1,0,4.0
T512349,Pago de servicios,v1,Trujillo,8,Pico,339.9,0,4.0
T512350,Recarga celular,v1,Trujillo,9,Pico,466.1,0,4.0
T512351,Pago de servicios,v1,Lima,21,Pico,492.5,0,
T512352,Transferencia,v1,Lima,1,Normal,167.9,0,4.0
T512353,Recarga celular,v2,Lima,3,Normal,326.8,0,4.0
T512354,Consulta de saldo,v2,Arequipa,0,Normal,91.5,0,5.0
T512355,Pago de servicios,v2,Trujillo,20,Pico,642.5,0,3.0
T512356,Recarga celular,v1,Trujillo,3,Normal,161.4,0,5.0
T512357,Consulta de saldo,v1,Trujillo,14,Normal,130.3,0,4.0
T512358,Pago QR,v1,Trujillo,5,Normal,534.5,0,3.0
T512359,Transferencia,v1,Lima,17,Normal,171.5,0,5.0
T512360,Recarga celular,v2,Lima,5,Normal,102.6,0,4.0
T512361,Pago QR,v1,Arequipa,1,Normal,166.3,0,4.0
T512362,Transferencia,v2,Arequipa,11,Normal,248.3,0,4.0
T512363,Transferencia,v2,Lima,14,Normal,342.7,0,5.0
T512364,Pago QR,v2,Arequipa,13,Normal,250.8,0,4.0
T512365,Pago QR,v2,Trujillo,8,Pico,186.3,0,3.0
T512366,Recarga celular,v2,Arequipa,20,Pico,350.1,0,3.0
T512367,Pago QR,v2,Arequipa,23,Normal,282.8,0,4.0
T512368,Transferencia,v1,Arequipa,2,Normal,233.1,0,4.0
T512369,Pago QR,v2,Lima,0,Normal,285.0,0,3.0
T512370,Pago QR,v1,Arequipa,15,Normal,94.3,0,5.0
T512371,Pago QR,v2,Lima,5,Normal,407.9,0,4.0
T512372,Recarga celular,v1,Trujillo,9,Pico,111.5,0,4.0
T512373,Pago QR,v1,Lima,13,Normal,335.1,0,5.0
T512374,Pago de servicios,v1,Lima,23,Normal,394.7,0,2.0
T512375,Recarga celular,v1,Arequipa,20,Pico,176.2,0,4.0
T512376,Consulta de saldo,v1,Arequipa,15,Normal,236.6,0,4.0
T512377,Pago QR,v2,Lima,16,Normal,116.1,0,5.0
T512378,Transferencia,v1,Trujillo,7,Normal,570.8,0,5.0
T512379,Pago de servicios,v1,Lima,16,Normal,223.9,0,5.0
T512380,Transferencia,v2,Lima,19,Pico,253.7,0,4.0
T512381,Pago QR,v1,Trujillo,0,Normal,170.3,0,4.0
T512382,Recarga celular,v1,Lima,0,Normal,149.1,0,5.0
T512383,Pago de servicios,v2,Arequipa,15,Normal,380.6,0,4.0
T512384,Transferencia,v1,Lima,9,Pico,271.2,0,4.0
T512385,Transferencia,v2,Arequipa,0,Normal,132.6,0,4.0
T512386,Pago QR,v1,Lima,1,Normal,115.3,1,4.0
T512387,Pago QR,v2,Arequipa,14,Normal,123.5,0,4.0
T512388,Pago QR,v2,Lima,10,Pico,118.7,0,4.0
T512389,Consulta de saldo,v1,Arequipa,6,Normal,83.4,0,4.0
T512390,Consulta de saldo,v1,Lima,15,Normal,90.6,0,4.0
T512391,Recarga celular,v1,Trujillo,4,Normal,104.0,0,5.0
T512392,Pago QR,v1,Trujillo,19,Pico,124.8,0,5.0
T512393,Pago de servicios,v2,Lima,1,Normal,435.8,0,4.0
T512394,Pago QR,v2,Arequipa,6,Normal,294.6,0,4.0
T512395,Pago de servicios,v2,Trujillo,1,Normal,389.3,0,3.0
T512396,Consulta de saldo,v2,Lima,22,Normal,145.1,0,5.0
T512397,Consulta de saldo,v2,Arequipa,14,Normal,42.9,0,5.0
T512398,Consulta de saldo,v1,Trujillo,21,Pico,85.3,0,5.0
T512399,Recarga celular,v2,Trujillo,9,Pico,117.9,0,5.0
T512400,Transferencia,v2,Lima,4,Normal,249.7,0,5.0
T512401,Transferencia,v2,Arequipa,17,Normal,354.9,0,3.0
T512402,Consulta de saldo,v1,Arequipa,12,Normal,60.3,0,4.0
T512403,Pago QR,v1,Lima,14,Normal,207.2,0,4.0
T512404,Recarga celular,v2,Lima,9,Pico,87.6,0,4.0
T512405,Pago de servicios,v1,Lima,4,Normal,306.6,0,4.0
T512406,Pago QR,v1,Lima,2,Normal,140.2,0,4.0
T512407,Pago de servicios,v1,Lima,1,Normal,572.6,0,3.0
T512408,Pago QR,v2,Trujillo,21,Pico,253.0,0,4.0
T512409,Pago QR,v1,Arequipa,6,Normal,153.1,0,5.0
T512410,Pago de servicios,v2,Lima,12,Normal,192.2,0,3.0
T512411,Pago QR,v1,Arequipa,11,Normal,398.9,0,4.0
T512412,Pago QR,v2,Arequipa,0,Normal,152.9,0,5.0
T512413,Pago QR,v1,Lima,22,Normal,308.7,0,4.0
T512414,Pago QR,v1,Trujillo,5,Normal,179.1,0,4.0
T512415,Recarga celular,v1,Arequipa,0,Normal,365.6,0,4.0
T512416,Recarga celular,v1,Lima,19,Pico,259.1,0,4.0
T512417,Transferencia,v2,Arequipa,22,Normal,145.9,0,5.0
T512418,Pago de servicios,v2,Lima,15,Normal,193.5,0,5.0
T512419,Pago de servicios,v2,Lima,4,Normal,224.5,0,3.0
T512420,Pago QR,v1,Trujillo,6,Normal,92.1,0,5.0
T512421,Pago QR,v2,Trujillo,22,Normal,141.0,0,5.0
T512422,Recarga celular,v2,Arequipa,21,Pico,403.8,0,3.0
T512423,Consulta de saldo,v1,Trujillo,0,Normal,247.0,0,4.0
T512424,Transferencia,v1,Lima,12,Normal,297.4,0,4.0
T512425,Transferencia,v1,Trujillo,16,Normal,299.3,0,4.0
T512426,Pago QR,v2,Arequipa,12,Normal,133.7,0,5.0
T512427,Consulta de saldo,v1,Arequipa,23,Normal,87.3,0,3.0
T512428,Pago QR,v1,Lima,18,Pico,450.2,0,3.0
T512429,Pago QR,v2,Lima,7,Normal,346.9,0,2.0
T512430,Consulta de saldo,v1,Lima,19,Pico,246.1,0,4.0
T512431,Pago de servicios,v2,Lima,4,Normal,510.5,0,4.0
T512432,Pago de servicios,v2,Lima,21,Pico,382.8,0,4.0
T512433,Transferencia,v1,Trujillo,17,Normal,204.8,0,4.0
T512434,Recarga celular,v1,Arequipa,4,Normal,327.6,0,4.0
T512435,Consulta de saldo,v2,Lima,9,Pico,109.8,0,4.0
T512436,Transferencia,v1,Trujillo,10,Pico,455.9,0,3.0
T512437,Pago QR,v1,Lima,2,Normal,156.2,0,5.0
T512438,Transferencia,v2,Lima,18,Pico,178.3,0,5.0
T512439,Pago QR,v1,Arequipa,21,Pico,251.1,0,4.0
T512440,Pago QR,v2,Arequipa,1,Normal,229.7,0,5.0
T512441,Pago QR,v2,Lima,21,Pico,109.3,0,5.0
T512442,Transferencia,v2,Lima,10,Pico,302.6,0,3.0
T512443,Recarga celular,v1,Trujillo,11,Normal,126.4,0,5.0
T512444,Consulta de saldo,v2,Lima,5,Normal,125.4,0,5.0
T512445,Consulta de saldo,v1,Arequipa,4,Normal,236.3,0,5.0
T512446,Pago de servicios,v1,Lima,10,Pico,460.9,0,5.0
T512447,Consulta de saldo,v2,Lima,17,Normal,121.8,0,5.0
T512448,Recarga celular,v2,Lima,15,Normal,248.3,0,4.0
T512449,Transferencia,v2,Arequipa,16,Normal,119.6,0,4.0
T512450,Pago QR,v2,Arequipa,1,Normal,372.8,0,4.0
T512451,Consulta de saldo,v2,Lima,18,Pico,366.8,0,3.0
T512452,Pago de servicios,v1,Lima,14,Normal,295.0,0,3.0
T512453,Pago QR,v1,Lima,3,Normal,102.6,0,5.0
T512454,Consulta de saldo,v1,Lima,4,Normal,192.9,0,3.0
T512455,Pago QR,v1,Lima,3,Normal,311.0,0,4.0
T512456,Consulta de saldo,v2,Arequipa,11,Normal,36.5,0,4.0
T512457,Consulta de saldo,v1,Lima,19,Pico,109.2,0,4.0
T512458,Recarga celular,v1,Lima,9,Pico,354.6,0,4.0
T512459,Transferencia,v1,Lima,23,Normal,125.0,0,4.0
T512460,Consulta de saldo,v2,Trujillo,21,Pico,132.1,0,4.0
T512461,Transferencia,v2,Arequipa,14,Normal,176.1,1,4.0
T512462,Transferencia,v2,Arequipa,21,Pico,597.1,0,5.0
T512463,Consulta de saldo,v1,Trujillo,14,Normal,159.1,0,
T512464,Pago de servicios,v2,Lima,12,Normal,274.2,0,4.0
T512465,Consulta de saldo,v2,Trujillo,1,Normal,230.9,0,2.0
T512466,Transferencia,v2,Trujillo,22,Normal,244.8,0,4.0
T512467,Transferencia,v1,Arequipa,19,Pico,632.3,0,4.0
T512468,Pago de servicios,v1,Lima,11,Normal,766.0,0,3.0
T512469,Pago QR,v2,Arequipa,21,Pico,399.3,0,3.0
T512470,Transferencia,v1,Arequipa,21,Pico,408.8,0,5.0
T512471,Consulta de saldo,v1,Lima,23,Normal,133.6,0,4.0
T512472,Consulta de saldo,v2,Arequipa,1,Normal,190.0,0,5.0
T512473,Transferencia,v1,Trujillo,14,Normal,346.9,0,4.0
T512474,Recarga celular,v1,Lima,9,Pico,162.4,0,4.0
T512475,Pago de servicios,v1,Lima,12,Normal,340.9,0,
T512476,Consulta de saldo,v1,Arequipa,15,Normal,79.5,0,5.0
T512477,Transferencia,v1,Arequipa,21,Pico,295.8,0,4.0
T512478,Consulta de saldo,v2,Arequipa,23,Normal,,0,4.0
T512479,Transferencia,v1,Lima,23,Normal,160.3,0,4.0
T512480,Pago QR,v2,Lima,14,Normal,221.6,0,5.0
T512481,Pago de servicios,v2,Arequipa,16,Normal,288.8,0,5.0
T512482,Pago QR,v2,Lima,4,Normal,133.8,0,5.0
T512483,Pago de servicios,v2,Trujillo,7,Normal,479.0,0,3.0
T512484,Pago QR,v1,Lima,16,Normal,566.8,0,4.0
T512485,Consulta de saldo,v1,Trujillo,8,Pico,140.9,0,4.0
T512486,Recarga celular,v1,Trujillo,14,Normal,236.5,0,4.0
T512487,Pago QR,v1,Arequipa,6,Normal,360.2,0,5.0
T512488,Recarga celular,v1,Lima,23,Normal,144.0,0,4.0
T512489,Pago QR,v2,Lima,14,Normal,361.6,0,4.0
T512490,Transferencia,v2,Trujillo,18,Pico,555.7,0,2.0
T512491,Pago QR,v2,Trujillo,14,Normal,130.7,0,4.0
T512492,Recarga celular,v1,Lima,13,Normal,180.6,0,4.0
T512493,Pago de servicios,v2,Trujillo,7,Normal,268.3,0,3.0
T512494,Pago QR,v1,Arequipa,19,Pico,247.0,0,5.0
T512495,Recarga celular,v1,Arequipa,0,Normal,195.7,0,4.0
T512496,Pago QR,v1,Lima,8,Pico,389.6,0,4.0
T512497,Pago de servicios,v1,Lima,18,Pico,291.9,0,3.0
T512498,Recarga celular,v1,Trujillo,20,Pico,194.9,0,4.0
T512499,Pago de servicios,v1,Lima,10,Pico,427.4,0,5.0
T512500,Recarga celular,v1,Lima,16,Normal,114.3,0,5.0
T512501,Pago de servicios,v1,Lima,15,Normal,217.8,0,5.0
T512502,Recarga celular,v1,Trujillo,23,Normal,165.1,0,5.0
T512503,Pago QR,v2,Lima,11,Normal,351.4,0,3.0
T512504,Pago QR,v2,Trujillo,18,Pico,867.0,0,4.0
T512505,Consulta de saldo,v1,Trujillo,23,Normal,119.7,0,3.0
T512506,Transferencia,v1,Lima,6,Normal,389.4,0,4.0
T512507,Transferencia,v1,Lima,3,Normal,334.6,0,4.0
T512508,Recarga celular,v1,Lima,11,Normal,195.1,0,5.0
T512509,Consulta de saldo,v2,Trujillo,21,Pico,143.5,0,5.0
T512510,Consulta de saldo,v2,Arequipa,6,Normal,136.0,0,5.0
T512511,Pago QR,v1,Arequipa,5,Normal,184.6,0,3.0
T512512,Transferencia,v1,Lima,13,Normal,220.2,0,4.0
T512513,Transferencia,v1,Lima,1,Normal,339.4,0,4.0
T512514,Pago QR,v1,Arequipa,20,Pico,242.4,0,3.0
T512515,Recarga celular,v2,Trujillo,16,Normal,179.4,0,3.0
T512516,Recarga celular,v1,Lima,4,Normal,165.4,0,5.0
T512517,Pago de servicios,v1,Arequipa,0,Normal,376.3,0,4.0
T512518,Pago de servicios,v1,Arequipa,0,Normal,464.8,0,4.0
T512519,Pago de servicios,v1,Lima,17,Normal,730.5,0,2.0
T512520,Recarga celular,v2,Lima,8,Pico,301.7,0,4.0
T512521,Consulta de saldo,v1,Trujillo,13,Normal,124.6,1,4.0
T512522,Pago QR,v2,Lima,2,Normal,409.9,0,3.0
T512523,Transferencia,v1,Lima,3,Normal,382.2,0,5.0
T512524,Pago de servicios,v1,Lima,19,Pico,594.1,0,4.0
T512525,Transferencia,v2,Lima,5,Normal,202.6,0,4.0
T512526,Consulta de saldo,v2,Trujillo,12,Normal,86.4,0,5.0
T512527,Transferencia,v2,Trujillo,9,Pico,300.4,0,4.0
T512528,Consulta de saldo,v1,Arequipa,20,Pico,67.4,0,5.0
T512529,Pago QR,v2,Trujillo,20,Pico,143.7,0,4.0
T512530,Recarga celular,v1,Lima,19,Pico,611.3,0,3.0
T512531,Transferencia,v2,Trujillo,23,Normal,253.0,0,4.0
T512532,Pago QR,v1,Arequipa,11,Normal,104.5,0,4.0
T512533,Consulta de saldo,v1,Trujillo,1,Normal,57.9,0,
T512534,Pago de servicios,v1,Lima,12,Normal,589.3,0,3.0
T512535,Transferencia,v2,Trujillo,9,Pico,529.1,0,4.0
T512536,Pago QR,v2,Lima,3,Normal,218.2,0,4.0
T512537,Recarga celular,v2,Arequipa,6,Normal,168.9,0,4.0
T512538,Transferencia,v1,Lima,3,Normal,211.3,0,4.0
T512539,Pago QR,v2,Trujillo,10,Pico,205.9,0,3.0
T512540,Pago de servicios,v1,Trujillo,19,Pico,408.2,0,3.0
T512541,Recarga celular,v2,Lima,15,Normal,234.7,0,3.0
T512542,Pago QR,v1,Lima,16,Normal,87.0,0,5.0
T512543,Recarga celular,v2,Arequipa,11,Normal,190.8,0,4.0
T512544,Transferencia,v2,Lima,13,Normal,189.8,0,4.0
T512545,Transferencia,v2,Lima,18,Pico,246.2,0,4.0
T512546,Transferencia,v2,Arequipa,5,Normal,210.4,0,5.0
T512547,Transferencia,v2,Lima,23,Normal,277.1,0,4.0
T512548,Pago QR,v1,Arequipa,20,Pico,229.2,0,3.0
T512549,Pago de servicios,v2,Lima,18,Pico,407.8,0,4.0
T512550,Pago QR,v2,Lima,15,Normal,188.7,0,5.0
T512551,Recarga celular,v1,Lima,8,Pico,133.7,0,4.0
T512552,Transferencia,v1,Arequipa,1,Normal,212.1,0,4.0
T512553,Recarga celular,v1,Trujillo,22,Normal,238.7,0,4.0
T512554,Transferencia,v1,Arequipa,10,Pico,359.1,0,
T512555,Transferencia,v1,Lima,20,Pico,337.1,0,5.0
T512556,Consulta de saldo,v2,Arequipa,0,Normal,169.8,0,4.0
T512557,Transferencia,v1,Trujillo,12,Normal,120.9,0,4.0
T512558,Consulta de saldo,v2,Trujillo,9,Pico,188.1,0,4.0
T512559,Transferencia,v2,Trujillo,22,Normal,135.7,0,5.0
T512560,Pago de servicios,v2,Trujillo,1,Normal,218.9,0,5.0
T512561,Pago de servicios,v1,Lima,12,Normal,263.1,0,4.0
T512562,Recarga celular,v1,Lima,7,Normal,122.4,0,5.0
T512563,Transferencia,v2,Lima,22,Normal,357.4,0,5.0
T512564,Transferencia,v2,Lima,13,Normal,127.2,0,5.0
T512565,Consulta de saldo,v1,Trujillo,8,Pico,132.2,0,5.0
T512566,Consulta de saldo,v1,Trujillo,12,Normal,439.0,0,2.0
T512567,Transferencia,v1,Trujillo,16,Normal,385.2,0,5.0
T512568,Consulta de saldo,v1,Arequipa,6,Normal,73.4,0,5.0
T512569,Consulta de saldo,v1,Trujillo,12,Normal,73.6,0,5.0
T512570,Pago QR,v1,Arequipa,14,Normal,199.9,0,4.0
T512571,Pago QR,v1,Lima,11,Normal,144.4,0,4.0
T512572,Pago de servicios,v1,Arequipa,14,Normal,644.7,0,3.0
T512573,Transferencia,v2,Lima,21,Pico,201.7,0,4.0
T512574,Transferencia,v1,Arequipa,15,Normal,552.3,0,
T512575,Consulta de saldo,v1,Lima,1,Normal,42.5,0,5.0
T512576,Pago QR,v1,Lima,6,Normal,75.0,0,4.0
T512577,Consulta de saldo,v1,Lima,0,Normal,146.5,0,5.0
T512578,Pago QR,v2,Lima,13,Normal,139.6,0,4.0
T512579,Transferencia,v1,Trujillo,16,Normal,405.4,0,4.0
T512580,Pago de servicios,v1,Trujillo,9,Pico,853.1,0,1.0
T512581,Pago QR,v2,Lima,7,Normal,129.9,0,3.0
T512582,Consulta de saldo,v1,Trujillo,12,Normal,175.6,0,5.0
T512583,Pago QR,v1,Lima,18,Pico,260.7,0,4.0
T512584,Transferencia,v2,Lima,17,Normal,177.8,0,2.0
T512585,Pago de servicios,v1,Lima,19,Pico,547.8,0,4.0
T512586,Transferencia,v1,Trujillo,4,Normal,219.1,0,5.0
T512587,Consulta de saldo,v1,Lima,17,Normal,50.5,0,5.0
T512588,Transferencia,v1,Trujillo,21,Pico,197.9,0,5.0
T512589,Recarga celular,v1,Lima,18,Pico,234.9,0,4.0
T512590,Transferencia,v1,Trujillo,9,Pico,591.0,0,3.0
T512591,Recarga celular,v1,Trujillo,22,Normal,634.8,0,3.0
T512592,Consulta de saldo,v2,Lima,13,Normal,92.0,0,4.0
T512593,Pago QR,v2,Arequipa,14,Normal,235.8,0,5.0
T512594,Consulta de saldo,v1,Lima,10,Pico,98.7,1,3.0
T512595,Recarga celular,v2,Trujillo,11,Normal,198.9,0,5.0
T512596,Consulta de saldo,v1,Lima,5,Normal,145.3,0,5.0
T512597,Transferencia,v1,Trujillo,11,Normal,195.0,0,3.0
T512598,Pago QR,v1,Trujillo,6,Normal,746.5,0,3.0
T512599,Transferencia,v1,Lima,6,Normal,363.5,0,5.0
T512600,Pago de servicios,v2,Trujillo,18,Pico,343.8,0,3.0
T512601,Recarga celular,v1,Arequipa,23,Normal,184.9,0,4.0
T512602,Consulta de saldo,v2,Lima,1,Normal,71.1,0,5.0
T512603,Pago QR,v2,Lima,10,Pico,280.3,0,5.0
T512604,Pago QR,v2,Arequipa,17,Normal,171.9,0,4.0
T512605,Consulta de saldo,v1,Arequipa,23,Normal,134.2,0,5.0
T512606,Pago QR,v2,Arequipa,9,Pico,197.8,0,4.0
T512607,Transferencia,v1,Lima,21,Pico,360.9,0,3.0
T512608,Consulta de saldo,v2,Arequipa,8,Pico,135.1,0,5.0
T512609,Pago de servicios,v2,Trujillo,3,Normal,184.1,0,5.0
T512610,Consulta de saldo,v2,Lima,3,Normal,51.8,0,5.0
T512611,Pago QR,v2,Trujillo,0,Normal,101.8,0,5.0
T512612,Transferencia,v2,Arequipa,8,Pico,210.2,0,4.0
T512613,Pago de servicios,v2,Lima,22,Normal,196.1,0,4.0
T512614,Pago QR,v1,Arequipa,21,Pico,111.4,0,5.0
T512615,Pago de servicios,v1,Lima,18,Pico,360.0,0,3.0
T512616,Recarga celular,v2,Trujillo,3,Normal,150.7,0,4.0
T512617,Pago QR,v2,Lima,9,Pico,226.6,0,5.0
T512618,Pago QR,v1,Lima,10,Pico,401.8,0,4.0
T512619,Consulta de saldo,v1,Arequipa,1,Normal,36.4,0,5.0
T512620,Pago QR,v2,Lima,12,Normal,161.2,0,5.0
T512621,Pago QR,v2,Lima,11,Normal,96.2,0,4.0
T512622,Consulta de saldo,v1,Lima,23,Normal,58.5,0,4.0
T512623,Pago QR,v2,Lima,16,Normal,617.6,0,4.0
T512624,Pago QR,v1,Trujillo,12,Normal,214.3,0,4.0
T512625,Pago QR,v1,Trujillo,8,Pico,281.9,0,4.0
T512626,Consulta de saldo,v1,Arequipa,23,Normal,148.7,0,4.0
T512627,Pago QR,v1,Lima,7,Normal,104.2,0,4.0
T512628,Consulta de saldo,v2,Trujillo,6,Normal,41.8,0,5.0
T512629,Pago de servicios,v1,Lima,2,Normal,240.4,0,3.0
T512630,Consulta de saldo,v1,Lima,12,Normal,152.9,0,3.0
T512631,Pago QR,v2,Arequipa,18,Pico,182.1,0,4.0
T512632,Consulta de saldo,v1,Lima,12,Normal,90.8,0,5.0
T512633,Transferencia,v1,Trujillo,9,Pico,736.0,0,1.0
T512634,Consulta de saldo,v1,Arequipa,16,Normal,134.8,0,5.0
T512635,Pago de servicios,v1,Lima,11,Normal,388.9,0,3.0
T512636,Recarga celular,v1,Lima,4,Normal,92.1,0,4.0
T512637,Pago QR,v2,Arequipa,0,Normal,245.3,0,5.0
T512638,Consulta de saldo,v2,Trujillo,16,Normal,60.0,1,4.0
T512639,Pago de servicios,v2,Lima,2,Normal,402.1,0,4.0
T512640,Recarga celular,v1,Trujillo,5,Normal,217.0,0,5.0
T512641,Transferencia,v1,Lima,14,Normal,221.2,0,5.0
T512642,Transferencia,v1,Trujillo,1,Normal,154.4,0,3.0
T512643,Transferencia,v1,Lima,8,Pico,258.4,0,4.0
T512644,Recarga celular,v2,Arequipa,0,Normal,266.9,0,3.0
T512645,Transferencia,v1,Lima,0,Normal,514.2,0,4.0
T512646,Transferencia,v2,Trujillo,12,Normal,393.3,0,4.0
T512647,Pago QR,v1,Lima,7,Normal,460.9,0,4.0
T512648,Transferencia,v2,Trujillo,14,Normal,172.9,0,4.0
T512649,Pago de servicios,v1,Trujillo,17,Normal,264.6,0,3.0
T512650,Pago de servicios,v2,Lima,10,Pico,208.8,0,
T512651,Consulta de saldo,v1,Lima,7,Normal,162.8,0,5.0
T512652,Recarga celular,v2,Lima,3,Normal,118.5,0,5.0
T512653,Transferencia,v2,Arequipa,19,Pico,548.4,0,2.0
T512654,Pago de servicios,v1,Lima,7,Normal,254.6,0,3.0
T512655,Pago de servicios,v1,Arequipa,16,Normal,204.5,0,4.0
T512656,Transferencia,v1,Lima,10,Pico,647.8,0,4.0
T512657,Transferencia,v1,Lima,7,Normal,220.3,0,4.0
T512658,Consulta de saldo,v2,Trujillo,6,Normal,61.4,0,5.0
T512659,Transferencia,v1,Arequipa,22,Normal,350.8,0,5.0
T512660,Pago de servicios,v1,Lima,1,Normal,433.5,0,4.0
T512661,Consulta de saldo,v1,Lima,15,Normal,184.6,0,5.0
T512662,Pago QR,v2,Arequipa,9,Pico,169.2,0,3.0
T512663,Pago QR,v2,Lima,3,Normal,143.8,0,4.0
T512664,Recarga celular,v2,Lima,15,Normal,261.8,0,4.0
T512665,Pago QR,v1,Arequipa,11,Normal,149.1,0,4.0
T512666,Consulta de saldo,v2,Lima,16,Normal,160.4,0,5.0
T512667,Recarga celular,v1,Arequipa,14,Normal,80.7,0,
T512668,Transferencia,v2,Lima,13,Normal,244.7,0,5.0
T512669,Recarga celular,v2,Trujillo,15,Normal,79.6,0,3.0
T512670,Pago de servicios,v1,Lima,2,Normal,207.3,0,4.0
T512671,Pago QR,v1,Lima,10,Pico,201.5,0,4.0
T512672,Consulta de saldo,v1,Lima,15,Normal,112.5,0,5.0
T512673,Consulta de saldo,v2,Arequipa,13,Normal,71.4,0,4.0
T512674,Pago de servicios,v2,Trujillo,20,Pico,448.7,0,4.0
T512675,Transferencia,v2,Lima,7,Normal,236.7,0,4.0
T512676,Recarga celular,v2,Trujillo,21,Pico,604.8,0,3.0
T512677,Pago de servicios,v1,Lima,18,Pico,327.4,0,4.0
T512678,Transferencia,v2,Lima,12,Normal,332.9,1,4.0
T512679,Consulta de saldo,v2,Lima,4,Normal,24.0,0,4.0
T512680,Transferencia,v1,Arequipa,6,Normal,240.4,0,3.0
T512681,Transferencia,v1,Trujillo,8,Pico,206.8,0,4.0
T512682,Pago de servicios,v1,Arequipa,9,Pico,397.2,0,4.0
T512683,Recarga celular,v2,Arequipa,12,Normal,387.4,0,4.0
T512684,Recarga celular,v1,Arequipa,10,Pico,388.1,0,5.0
T512685,Pago de servicios,v1,Lima,10,Pico,612.7,0,4.0
T512686,Pago de servicios,v1,Trujillo,12,Normal,324.7,0,4.0
T512687,Pago QR,v1,Lima,1,Normal,167.2,0,3.0
T512688,Transferencia,v2,Trujillo,10,Pico,459.4,0,5.0
T512689,Transferencia,v1,Lima,2,Normal,122.1,0,5.0
T512690,Transferencia,v2,Lima,19,Pico,197.8,0,3.0
T512691,Pago QR,v2,Arequipa,7,Normal,208.2,0,5.0
T512692,Pago QR,v2,Lima,22,Normal,253.6,0,4.0
T512693,Consulta de saldo,v1,Lima,8,Pico,54.8,0,5.0
T512694,Transferencia,v1,Trujillo,14,Normal,479.1,0,4.0
T512695,Consulta de saldo,v2,Lima,12,Normal,107.4,0,4.0
T512696,Pago QR,v2,Lima,16,Normal,470.9,0,4.0
T512697,Consulta de saldo,v2,Lima,18,Pico,67.3,0,4.0
T512698,Transferencia,v2,Trujillo,18,Pico,379.4,0,4.0
T512699,Transferencia,v2,Arequipa,8,Pico,437.3,0,3.0
T512700,Transferencia,v1,Lima,3,Normal,165.4,0,5.0
T512701,Transferencia,v2,Lima,4,Normal,185.4,0,5.0
T512702,Consulta de saldo,v1,Trujillo,0,Normal,97.1,0,
T512703,Recarga celular,v2,Lima,15,Normal,206.9,0,4.0
T512704,Pago QR,v2,Lima,14,Normal,117.8,0,4.0
T512705,Recarga celular,v2,Lima,8,Pico,90.9,0,5.0
T512706,Pago de servicios,v2,Arequipa,7,Normal,228.6,0,5.0
T512707,Consulta de saldo,v2,Lima,8,Pico,144.2,0,5.0
T512708,Pago QR,v1,Trujillo,18,Pico,310.2,0,4.0
T512709,Pago QR,v1,Arequipa,10,Pico,237.3,0,3.0
T512710,Transferencia,v1,Arequipa,5,Normal,210.8,0,5.0
T512711,Consulta de saldo,v2,Arequipa,14,Normal,70.8,0,5.0
T512712,Recarga celular,v1,Lima,8,Pico,159.3,0,4.0
T512713,Consulta de saldo,v1,Arequipa,9,Pico,222.5,0,4.0
T512714,Pago QR,v2,Lima,16,Normal,232.5,0,4.0
T512715,Pago QR,v2,Trujillo,11,Normal,338.1,0,4.0
T512716,Pago de servicios,v2,Lima,10,Pico,212.9,0,4.0
T512717,Pago de servicios,v2,Arequipa,3,Normal,192.4,0,4.0
T512718,Pago QR,v1,Arequipa,9,Pico,338.9,0,3.0
T512719,Pago de servicios,v2,Arequipa,15,Normal,429.0,0,4.0
T512720,Pago QR,v1,Trujillo,23,Normal,369.9,0,4.0
T512721,Transferencia,v1,Lima,6,Normal,161.3,0,5.0
T512722,Pago QR,v2,Lima,5,Normal,225.2,0,4.0
T512723,Pago QR,v1,Lima,16,Normal,167.9,0,5.0
T512724,Consulta de saldo,v1,Lima,18,Pico,145.6,0,4.0
T512725,Transferencia,v2,Lima,12,Normal,241.3,0,5.0
T512726,Transferencia,v1,Trujillo,18,Pico,223.2,0,4.0
T512727,Recarga celular,v2,Trujillo,9,Pico,298.5,0,4.0
T512728,Recarga celular,v2,Lima,16,Normal,78.6,0,5.0
T512729,Recarga celular,v1,Lima,10,Pico,105.0,0,4.0
T512730,Transferencia,v2,Arequipa,15,Normal,471.8,0,3.0
T512731,Consulta de saldo,v1,Lima,21,Pico,149.4,0,4.0
T512732,Consulta de saldo,v1,Lima,11,Normal,55.3,0,4.0
T512733,Recarga celular,v2,Arequipa,23,Normal,100.1,0,5.0
T512734,Pago de servicios,v1,Lima,12,Normal,176.6,0,
T512735,Pago de servicios,v1,Trujillo,20,Pico,344.8,0,4.0
T512736,Recarga celular,v1,Trujillo,13,Normal,136.7,0,4.0
T512737,Pago QR,v2,Lima,19,Pico,349.2,0,5.0
T512738,Pago QR,v2,Arequipa,9,Pico,343.4,0,5.0
T512739,Transferencia,v1,Arequipa,22,Normal,382.7,0,5.0
T512740,Pago de servicios,v2,Trujillo,22,Normal,361.4,0,3.0
T512741,Recarga celular,v2,Lima,5,Normal,173.2,0,5.0
T512742,Transferencia,v1,Arequipa,16,Normal,117.4,0,5.0
T512743,Transferencia,v1,Trujillo,3,Normal,283.8,0,4.0
T512744,Consulta de saldo,v2,Arequipa,11,Normal,110.6,0,5.0
T512745,Consulta de saldo,v2,Lima,7,Normal,144.0,0,5.0
T512746,Transferencia,v2,Lima,7,Normal,437.8,0,3.0
T512747,Pago QR,v1,Lima,23,Normal,278.6,0,4.0
T512748,Pago de servicios,v1,Lima,15,Normal,231.9,0,4.0
T512749,Transferencia,v1,Lima,6,Normal,225.7,0,3.0
T512750,Recarga celular,v1,Trujillo,5,Normal,207.5,0,5.0
T512751,Transferencia,v1,Lima,8,Pico,314.9,0,5.0
T512752,Transferencia,v2,Arequipa,23,Normal,413.8,0,4.0
T512753,Transferencia,v1,Lima,16,Normal,303.8,0,4.0
T512754,Consulta de saldo,v1,Lima,6,Normal,56.8,0,4.0
T512755,Pago de servicios,v1,Lima,0,Normal,154.2,0,4.0
T512756,Recarga celular,v2,Lima,5,Normal,121.3,0,5.0
T512757,Recarga celular,v2,Trujillo,7,Normal,245.1,0,4.0
T512758,Pago QR,v1,Lima,15,Normal,221.9,0,5.0
T512759,Pago de servicios,v1,Arequipa,17,Normal,518.3,0,4.0
T512760,Pago QR,v2,Lima,13,Normal,166.8,0,4.0
T512761,Transferencia,v2,Lima,5,Normal,292.4,0,4.0
T512762,Pago QR,v2,Trujillo,11,Normal,180.8,0,5.0
T512763,Consulta de saldo,v1,Trujillo,1,Normal,114.1,0,4.0
T512764,Transferencia,v2,Arequipa,15,Normal,275.4,0,4.0
T512765,Pago QR,v1,Trujillo,16,Normal,103.1,0,5.0
T512766,Transferencia,v2,Trujillo,6,Normal,296.8,0,4.0
T512767,Pago QR,v1,Lima,18,Pico,328.0,0,4.0
T512768,Transferencia,v1,Lima,20,Pico,527.9,0,3.0
T512769,Pago QR,v2,Lima,13,Normal,210.7,0,4.0
T512770,Consulta de saldo,v2,Trujillo,20,Pico,140.0,0,4.0
T512771,Pago QR,v2,Trujillo,10,Pico,157.8,0,5.0
T512772,Consulta de saldo,v2,Trujillo,22,Normal,102.9,0,4.0
T512773,Pago de servicios,v1,Arequipa,3,Normal,251.0,0,5.0
T512774,Transferencia,v1,Trujillo,0,Normal,264.2,0,4.0
T512775,Pago QR,v1,Arequipa,7,Normal,227.2,0,4.0
T512776,Pago QR,v1,Trujillo,9,Pico,228.9,0,4.0
T512777,Pago QR,v2,Arequipa,4,Normal,153.0,0,5.0
T512778,Consulta de saldo,v2,Lima,10,Pico,67.6,0,4.0
T512779,Consulta de saldo,v1,Trujillo,15,Normal,69.4,0,5.0
T512780,Pago QR,v1,Lima,7,Normal,138.0,0,5.0
T512781,Transferencia,v1,Lima,21,Pico,439.1,0,4.0
T512782,Pago QR,v2,Lima,16,Normal,295.1,0,3.0
T512783,Pago QR,v1,Trujillo,12,Normal,437.0,0,
T512784,Pago de servicios,v2,Lima,15,Normal,476.5,0,3.0
T512785,Pago de servicios,v1,Lima,8,Pico,378.1,0,4.0
T512786,Pago de servicios,v1,Lima,20,Pico,552.6,0,3.0
T512787,Transferencia,v1,Trujillo,4,Normal,212.6,0,4.0
T512788,Transferencia,v2,Lima,5,Normal,438.7,0,4.0
T512789,Transferencia,v1,Trujillo,12,Normal,819.5,0,4.0
T512790,Recarga celular,v1,Lima,9,Pico,114.9,0,4.0
T512791,Pago QR,v1,Trujillo,9,Pico,154.8,0,5.0
T512792,Pago de servicios,v2,Lima,14,Normal,146.5,0,4.0
T512793,Transferencia,v1,Lima,15,Normal,329.1,0,4.0
T512794,Recarga celular,v1,Lima,4,Normal,207.4,0,3.0
T512795,Consulta de saldo,v2,Arequipa,5,Normal,187.1,0,5.0
T512796,Pago QR,v2,Trujillo,6,Normal,210.6,0,5.0
T512797,Pago QR,v1,Trujillo,13,Normal,195.9,0,4.0
T512798,Transferencia,v1,Arequipa,21,Pico,116.0,0,4.0
T512799,Consulta de saldo,v2,Trujillo,11,Normal,180.3,0,5.0
T512800,Pago QR,v1,Lima,6,Normal,162.4,0,5.0
T512801,Pago QR,v2,Arequipa,21,Pico,272.2,0,3.0
T512802,Transferencia,v1,Lima,8,Pico,255.2,0,5.0
T512803,Consulta de saldo,v2,Lima,13,Normal,167.3,0,4.0
T512804,Consulta de saldo,v1,Lima,11,Normal,145.7,0,4.0
T512805,Pago QR,v1,Lima,0,Normal,253.4,0,4.0
T512806,Transferencia,v1,Trujillo,6,Normal,419.2,0,3.0
T512807,Transferencia,v1,Arequipa,20,Pico,263.3,0,5.0
T512808,Pago de servicios,v1,Trujillo,8,Pico,627.3,0,3.0
T512809,Recarga celular,v2,Lima,21,Pico,183.3,0,5.0
T512810,Transferencia,v1,Arequipa,23,Normal,381.7,0,4.0
T512811,Pago de servicios,v2,Lima,20,Pico,158.5,0,4.0
T512812,Consulta de saldo,v2,Arequipa,20,Pico,166.5,0,4.0
T512813,Pago QR,v2,Lima,8,Pico,266.6,0,3.0
T512814,Consulta de saldo,v2,Trujillo,11,Normal,136.8,0,4.0
T512815,Pago de servicios,v1,Lima,10,Pico,351.0,0,4.0
T512816,Pago QR,v2,Lima,19,Pico,339.3,0,4.0
T512817,Transferencia,v1,Lima,5,Normal,333.5,0,4.0
T512818,Pago de servicios,v2,Lima,1,Normal,164.7,0,4.0
T512819,Transferencia,v2,Lima,22,Normal,227.1,0,3.0
T512820,Pago QR,v2,Lima,0,Normal,122.5,0,3.0
T512821,Pago QR,v2,Lima,17,Normal,219.1,0,5.0
T512822,Recarga celular,v2,Arequipa,4,Normal,490.4,0,3.0
T512823,Transferencia,v1,Lima,21,Pico,237.2,0,5.0
T512824,Pago QR,v2,Trujillo,17,Normal,245.0,0,5.0
T512825,Pago de servicios,v2,Arequipa,3,Normal,82.3,0,4.0
T512826,Transferencia,v1,Trujillo,3,Normal,422.5,0,3.0
T512827,Pago de servicios,v2,Lima,7,Normal,115.6,0,5.0
T512828,Consulta de saldo,v2,Trujillo,19,Pico,122.8,0,5.0
T512829,Transferencia,v2,Arequipa,8,Pico,312.7,0,
T512830,Consulta de saldo,v1,Lima,19,Pico,94.6,0,4.0
T512831,Consulta de saldo,v2,Trujillo,5,Normal,113.6,0,4.0
T512832,Transferencia,v2,Lima,20,Pico,167.9,0,5.0
T512833,Consulta de saldo,v1,Lima,15,Normal,134.5,0,4.0
T512834,Pago QR,v2,Trujillo,6,Normal,92.7,0,4.0
T512835,Consulta de saldo,v1,Arequipa,19,Pico,94.9,0,5.0
T512836,Pago QR,v2,Lima,18,Pico,216.8,0,5.0
T512837,Recarga celular,v1,Trujillo,19,Pico,254.2,0,4.0
T512838,Pago QR,v2,Trujillo,3,Normal,376.5,0,5.0
T512839,Transferencia,v2,Trujillo,16,Normal,343.0,0,4.0
T512840,Consulta de saldo,v1,Arequipa,19,Pico,161.8,0,4.0
T512841,Consulta de saldo,v1,Lima,9,Pico,71.5,0,4.0
T512842,Pago QR,v1,Arequipa,6,Normal,137.3,0,4.0
T512843,Pago QR,v1,Trujillo,11,Normal,141.2,0,3.0
T512844,Consulta de saldo,v2,Lima,8,Pico,94.3,0,3.0
T512845,Pago QR,v2,Trujillo,7,Normal,290.5,0,3.0
T512846,Consulta de saldo,v1,Trujillo,8,Pico,,0,5.0
T512847,Pago QR,v2,Trujillo,19,Pico,202.0,0,4.0
T512848,Transferencia,v1,Trujillo,12,Normal,515.4,0,4.0
T512849,Transferencia,v2,Lima,6,Normal,376.4,0,3.0
T512850,Pago de servicios,v1,Lima,17,Normal,338.3,0,3.0
T512851,Pago QR,v2,Lima,5,Normal,174.5,0,5.0
T512852,Transferencia,v1,Lima,21,Pico,266.1,0,4.0
T512853,Transferencia,v2,Arequipa,10,Pico,277.6,0,4.0
T512854,Consulta de saldo,v2,Lima,4,Normal,78.4,0,5.0
T512855,Transferencia,v2,Lima,19,Pico,338.8,0,3.0
T512856,Pago QR,v1,Trujillo,17,Normal,387.5,0,3.0
T512857,Recarga celular,v1,Lima,5,Normal,329.8,0,2.0
T512858,Pago de servicios,v1,Trujillo,6,Normal,299.5,0,4.0
T512859,Consulta de saldo,v1,Lima,4,Normal,86.6,0,5.0
T512860,Transferencia,v1,Trujillo,21,Pico,227.2,0,4.0
T512861,Consulta de saldo,v1,Trujillo,21,Pico,95.2,0,4.0
T512862,Recarga celular,v1,Lima,23,Normal,96.1,0,5.0
T512863,Pago de servicios,v1,Lima,20,Pico,242.4,0,4.0
T512864,Pago QR,v1,Trujillo,0,Normal,142.3,0,5.0
T512865,Consulta de saldo,v1,Lima,5,Normal,71.8,0,4.0
T512866,Transferencia,v1,Arequipa,17,Normal,274.2,0,3.0
T512867,Consulta de saldo,v1,Lima,14,Normal,185.3,0,5.0
T512868,Pago QR,v1,Lima,3,Normal,178.7,0,5.0
T512869,Pago QR,v1,Trujillo,23,Normal,124.6,0,4.0
T512870,Pago QR,v1,Arequipa,7,Normal,133.3,0,4.0
T512871,Transferencia,v1,Lima,8,Pico,282.4,0,4.0
T512872,Pago QR,v1,Lima,13,Normal,550.7,0,3.0
T512873,Pago QR,v1,Lima,15,Normal,100.7,0,4.0
T512874,Transferencia,v2,Lima,9,Pico,186.0,0,5.0
T512875,Pago QR,v2,Arequipa,5,Normal,48.6,0,5.0
T512876,Consulta de saldo,v1,Lima,23,Normal,365.0,0,4.0
T512877,Pago QR,v1,Arequipa,15,Normal,249.9,0,4.0
T512878,Pago QR,v1,Lima,3,Normal,259.1,0,4.0
T512879,Consulta de saldo,v2,Lima,22,Normal,36.3,0,5.0
T512880,Transferencia,v1,Trujillo,8,Pico,481.6,0,3.0
T512881,Transferencia,v1,Trujillo,4,Normal,514.9,0,4.0
T512882,Pago QR,v2,Trujillo,12,Normal,317.5,0,4.0
T512883,Recarga celular,v2,Lima,7,Normal,244.0,0,4.0
T512884,Consulta de saldo,v1,Lima,10,Pico,108.0,0,5.0
T512885,Consulta de saldo,v2,Lima,2,Normal,60.0,0,4.0
T512886,Pago de servicios,v2,Lima,9,Pico,359.1,0,4.0
T512887,Pago QR,v1,Lima,8,Pico,246.0,0,5.0
T512888,Recarga celular,v1,Lima,21,Pico,274.8,0,4.0
T512889,Recarga celular,v1,Trujillo,19,Pico,329.0,0,2.0
T512890,Consulta de saldo,v1,Lima,11,Normal,132.2,0,4.0
T512891,Pago QR,v2,Lima,1,Normal,176.7,0,4.0
T512892,Transferencia,v2,Lima,8,Pico,760.2,0,3.0
T512893,Recarga celular,v2,Lima,10,Pico,125.8,0,4.0
T512894,Pago de servicios,v1,Lima,5,Normal,585.3,0,4.0
T512895,Pago de servicios,v2,Arequipa,19,Pico,664.1,0,3.0
T512896,Recarga celular,v1,Lima,11,Normal,101.7,0,5.0
T512897,Pago QR,v1,Lima,14,Normal,211.7,0,3.0
T512898,Consulta de saldo,v1,Lima,23,Normal,48.5,0,4.0
T512899,Consulta de saldo,v1,Trujillo,22,Normal,99.7,0,4.0
T512900,Recarga celular,v1,Trujillo,22,Normal,163.0,0,5.0
T512901,Pago de servicios,v2,Arequipa,12,Normal,767.2,0,3.0
T512902,Transferencia,v2,Arequipa,2,Normal,261.9,0,5.0
T512903,Transferencia,v1,Trujillo,23,Normal,323.3,0,4.0
T512904,Pago de servicios,v1,Arequipa,4,Normal,194.0,0,4.0
T512905,Consulta de saldo,v1,Lima,11,Normal,70.7,0,5.0
T512906,Pago QR,v2,Arequipa,11,Normal,240.7,0,4.0
T512907,Consulta de saldo,v2,Lima,22,Normal,193.5,0,4.0
T512908,Pago QR,v2,Trujillo,22,Normal,173.3,0,4.0
T512909,Consulta de saldo,v2,Arequipa,22,Normal,156.3,0,5.0
T512910,Pago de servicios,v1,Lima,20,Pico,395.5,0,4.0
T512911,Consulta de saldo,v2,Lima,0,Normal,79.7,0,3.0
T512912,Pago QR,v2,Lima,15,Normal,462.5,0,4.0
T512913,Consulta de saldo,v1,Lima,22,Normal,127.4,0,5.0
T512914,Transferencia,v1,Lima,18,Pico,681.8,0,5.0
T512915,Transferencia,v1,Trujillo,3,Normal,318.2,0,3.0
T512916,Recarga celular,v1,Trujillo,10,Pico,219.2,0,4.0
T512917,Recarga celular,v2,Lima,14,Normal,368.6,0,5.0
T512918,Transferencia,v1,Trujillo,7,Normal,259.0,0,5.0
T512919,Pago de servicios,v1,Trujillo,20,Pico,500.2,0,3.0
T512920,Consulta de saldo,v2,Trujillo,23,Normal,45.3,0,5.0
T512921,Pago de servicios,v1,Lima,12,Normal,187.8,0,5.0
T512922,Pago QR,v2,Arequipa,0,Normal,254.2,0,3.0
T512923,Pago QR,v1,Lima,21,Pico,437.7,0,2.0
T512924,Pago de servicios,v2,Lima,14,Normal,251.8,0,5.0
T512925,Recarga celular,v1,Arequipa,21,Pico,271.2,0,3.0
T512926,Transferencia,v1,Lima,19,Pico,747.5,0,5.0
T512927,Consulta de saldo,v1,Lima,1,Normal,108.7,0,3.0
T512928,Recarga celular,v2,Trujillo,13,Normal,187.7,0,
T512929,Pago QR,v1,Trujillo,6,Normal,126.9,0,4.0
T512930,Pago QR,v2,Arequipa,17,Normal,156.9,0,4.0
T512931,Transferencia,v1,Arequipa,1,Normal,394.4,0,4.0
T512932,Transferencia,v1,Trujillo,19,Pico,278.0,0,3.0
T512933,Pago de servicios,v1,Arequipa,9,Pico,272.3,0,4.0
T512934,Recarga celular,v2,Lima,16,Normal,183.4,0,5.0
T512935,Pago QR,v1,Trujillo,19,Pico,392.0,0,4.0
T512936,Pago de servicios,v1,Lima,20,Pico,327.3,0,5.0
T512937,Pago QR,v1,Lima,14,Normal,262.0,0,4.0
T512938,Pago QR,v2,Trujillo,6,Normal,68.0,0,5.0
T512939,Pago QR,v1,Trujillo,14,Normal,296.4,0,3.0
T512940,Pago de servicios,v2,Lima,22,Normal,252.9,0,4.0
T512941,Consulta de saldo,v2,Lima,16,Normal,76.2,0,3.0
T512942,Pago de servicios,v1,Trujillo,10,Pico,557.2,0,3.0
T512943,Pago QR,v2,Lima,15,Normal,143.1,0,4.0
T512944,Pago QR,v1,Lima,9,Pico,185.1,0,3.0
T512945,Pago de servicios,v1,Arequipa,17,Normal,285.7,0,
T512946,Transferencia,v2,Lima,1,Normal,3257.5,0,1.0
T512947,Pago QR,v2,Lima,19,Pico,139.1,0,3.0
T512948,Pago de servicios,v1,Trujillo,9,Pico,565.9,0,4.0
T512949,Pago QR,v1,Trujillo,23,Normal,206.1,0,4.0
T512950,Pago QR,v2,Lima,19,Pico,600.1,0,3.0
T512951,Transferencia,v1,Arequipa,1,Normal,199.7,0,3.0
T512952,Consulta de saldo,v1,Lima,11,Normal,158.3,0,5.0
T512953,Pago de servicios,v1,Arequipa,17,Normal,206.3,0,4.0
T512954,Transferencia,v2,Lima,5,Normal,146.7,0,4.0
T512955,Transferencia,v2,Arequipa,0,Normal,260.8,0,5.0
T512956,Transferencia,v1,Lima,18,Pico,551.1,0,4.0
T512957,Transferencia,v2,Trujillo,0,Normal,156.5,0,4.0
T512958,Pago QR,v2,Trujillo,5,Normal,152.5,0,5.0
T512959,Transferencia,v2,Lima,11,Normal,451.4,0,3.0
T512960,Transferencia,v1,Trujillo,23,Normal,385.2,0,4.0
T512961,Consulta de saldo,v2,Lima,20,Pico,89.8,0,4.0
T512962,Pago QR,v1,Arequipa,16,Normal,456.1,0,4.0
T512963,Recarga celular,v2,Arequipa,4,Normal,195.8,0,5.0
T512964,Transferencia,v2,Lima,22,Normal,243.9,0,4.0
T512965,Transferencia,v2,Lima,12,Normal,381.6,0,3.0
T512966,Pago de servicios,v2,Arequipa,7,Normal,308.4,0,5.0
T512967,Pago QR,v2,Arequipa,0,Normal,223.0,0,4.0
T512968,Recarga celular,v1,Lima,6,Normal,449.8,0,3.0
T512969,Transferencia,v1,Trujillo,10,Pico,284.6,0,4.0
T512970,Consulta de saldo,v2,Lima,21,Pico,116.1,0,5.0
T512971,Pago de servicios,v1,Lima,21,Pico,390.6,0,3.0
T512972,Transferencia,v1,Lima,5,Normal,220.5,0,5.0
T512973,Transferencia,v1,Lima,23,Normal,254.3,0,4.0
T512974,Pago de servicios,v1,Lima,17,Normal,192.8,0,4.0
T512975,Pago QR,v2,Lima,9,Pico,212.3,0,4.0
T512976,Pago de servicios,v1,Arequipa,16,Normal,412.9,0,4.0
T512977,Transferencia,v1,Trujillo,14,Normal,190.2,0,5.0
T512978,Transferencia,v2,Lima,17,Normal,274.0,0,4.0
T512979,Consulta de saldo,v1,Lima,11,Normal,125.1,0,4.0
T512980,Pago QR,v2,Arequipa,16,Normal,271.8,0,4.0
T512981,Pago de servicios,v2,Lima,21,Pico,873.8,0,4.0
T512982,Pago de servicios,v2,Arequipa,10,Pico,650.5,0,5.0
T512983,Transferencia,v2,Lima,7,Normal,174.5,0,5.0
T512984,Recarga celular,v1,Lima,5,Normal,97.9,0,5.0
T512985,Recarga celular,v2,Arequipa,17,Normal,181.9,0,5.0
T512986,Pago QR,v2,Trujillo,4,Normal,242.6,0,3.0
T512987,Transferencia,v2,Lima,22,Normal,285.9,0,4.0
T512988,Recarga celular,v2,Lima,16,Normal,200.6,0,4.0
T512989,Transferencia,v2,Lima,13,Normal,179.8,0,4.0
T512990,Recarga celular,v2,Lima,23,Normal,86.1,0,5.0
T512991,Pago de servicios,v2,Trujillo,0,Normal,233.9,0,5.0
T512992,Transferencia,v1,Arequipa,3,Normal,287.4,0,3.0
T512993,Pago QR,v2,Arequipa,0,Normal,232.2,0,5.0
T512994,Consulta de saldo,v1,Lima,3,Normal,45.3,0,4.0
T512995,Pago de servicios,v2,Arequipa,4,Normal,222.1,0,5.0
T512996,Pago QR,v2,Arequipa,11,Normal,208.5,0,5.0
T512997,Pago de servicios,v2,Trujillo,18,Pico,311.7,0,5.0
T512998,Consulta de saldo,v2,Lima,22,Normal,93.1,0,5.0
T512999,Pago QR,v1,Lima,17,Normal,146.9,0,4.0
T513000,Transferencia,v1,Lima,9,Pico,378.9,0,3.0
T513001,Pago QR,v1,Arequipa,17,Normal,350.0,0,4.0
T513002,Transferencia,v2,Lima,0,Normal,418.3,0,4.0
T513003,Consulta de saldo,v2,Lima,13,Normal,100.5,0,4.0
T513004,Transferencia,v2,Trujillo,6,Normal,401.7,0,4.0
T513005,Transferencia,v1,Arequipa,20,Pico,193.3,0,4.0
T513006,Consulta de saldo,v1,Arequipa,20,Pico,121.4,0,5.0
T513007,Transferencia,v2,Trujillo,23,Normal,149.9,0,3.0
T513008,Pago de servicios,v1,Arequipa,1,Normal,376.4,0,4.0
T513009,Transferencia,v2,Lima,22,Normal,237.1,0,3.0
T513010,Consulta de saldo,v1,Arequipa,11,Normal,47.3,0,5.0
T513011,Transferencia,v2,Lima,9,Pico,322.1,0,4.0
T513012,Pago de servicios,v2,Lima,7,Normal,244.4,0,4.0
T513013,Pago de servicios,v1,Lima,9,Pico,333.4,0,4.0
T513014,Pago QR,v1,Arequipa,18,Pico,356.0,0,4.0
T513015,Pago QR,v2,Trujillo,9,Pico,159.5,0,5.0
T513016,Pago QR,v1,Lima,10,Pico,288.6,0,3.0
T513017,Transferencia,v2,Arequipa,1,Normal,105.7,0,4.0
T513018,Pago QR,v2,Trujillo,22,Normal,214.7,0,4.0
T513019,Pago QR,v1,Arequipa,0,Normal,339.6,0,4.0
T513020,Consulta de saldo,v2,Trujillo,8,Pico,209.0,0,5.0
T513021,Pago QR,v2,Lima,16,Normal,224.5,0,5.0
T513022,Transferencia,v1,Lima,21,Pico,620.4,0,4.0
T513023,Pago QR,v1,Lima,9,Pico,206.7,0,5.0
T513024,Pago QR,v2,Arequipa,16,Normal,228.0,0,4.0
T513025,Recarga celular,v1,Lima,15,Normal,163.5,0,5.0
T513026,Pago de servicios,v2,Trujillo,0,Normal,235.4,0,5.0
T513027,Consulta de saldo,v2,Arequipa,9,Pico,69.3,0,4.0
T513028,Transferencia,v2,Arequipa,10,Pico,749.5,0,2.0
T513029,Transferencia,v2,Trujillo,14,Normal,322.6,0,4.0
T513030,Transferencia,v2,Lima,4,Normal,233.1,0,3.0
T513031,Recarga celular,v1,Lima,12,Normal,162.7,0,3.0
T513032,Transferencia,v2,Lima,3,Normal,438.4,0,4.0
T513033,Pago QR,v1,Trujillo,23,Normal,238.6,0,5.0
T513034,Consulta de saldo,v2,Lima,3,Normal,213.9,0,5.0
T513035,Consulta de saldo,v1,Lima,12,Normal,292.4,0,4.0
T513036,Pago QR,v2,Trujillo,14,Normal,77.3,0,4.0
T513037,Transferencia,v2,Lima,11,Normal,260.6,0,4.0
T513038,Pago QR,v1,Trujillo,2,Normal,706.1,0,4.0
T513039,Recarga celular,v1,Lima,6,Normal,196.4,0,5.0
T513040,Pago QR,v2,Trujillo,7,Normal,135.9,0,4.0
T513041,Consulta de saldo,v1,Trujillo,19,Pico,133.9,0,5.0
T513042,Recarga celular,v2,Lima,20,Pico,466.9,0,3.0
T513043,Transferencia,v2,Lima,21,Pico,210.6,0,5.0
T513044,Pago QR,v2,Lima,19,Pico,235.8,0,3.0
T513045,Recarga celular,v1,Trujillo,20,Pico,128.0,0,4.0
T513046,Consulta de saldo,v1,Arequipa,5,Normal,97.6,0,4.0
T513047,Recarga celular,v2,Lima,4,Normal,202.9,0,4.0
T513048,Consulta de saldo,v1,Lima,17,Normal,76.5,0,5.0
T513049,Transferencia,v2,Arequipa,22,Normal,299.3,0,5.0
T513050,Consulta de saldo,v2,Lima,9,Pico,87.6,0,4.0
T513051,Transferencia,v1,Lima,13,Normal,269.8,0,4.0
T513052,Pago de servicios,v2,Arequipa,8,Pico,312.2,0,5.0
T513053,Pago de servicios,v1,Arequipa,23,Normal,376.0,0,5.0
T513054,Pago QR,v2,Lima,16,Normal,169.6,0,5.0
T513055,Recarga celular,v2,Lima,9,Pico,74.3,0,4.0
T513056,Transferencia,v1,Trujillo,19,Pico,541.2,0,3.0
T513057,Transferencia,v1,Lima,15,Normal,282.8,0,4.0
T513058,Transferencia,v1,Lima,2,Normal,257.8,0,3.0
T513059,Recarga celular,v2,Arequipa,10,Pico,173.5,0,3.0
T513060,Consulta de saldo,v1,Lima,10,Pico,261.3,0,5.0
T513061,Pago de servicios,v1,Arequipa,8,Pico,1102.0,0,1.0
T513062,Transferencia,v2,Trujillo,2,Normal,256.4,0,4.0
T513063,Pago de servicios,v2,Lima,5,Normal,,0,2.0
T513064,Recarga celular,v2,Trujillo,3,Normal,73.4,0,4.0
T513065,Recarga celular,v2,Lima,2,Normal,123.2,0,3.0
T513066,Consulta de saldo,v2,Arequipa,0,Normal,87.9,0,4.0
T513067,Consulta de saldo,v2,Arequipa,9,Pico,226.5,0,4.0
T513068,Transferencia,v2,Lima,8,Pico,300.2,0,5.0
T513069,Recarga celular,v2,Arequipa,8,Pico,152.5,0,4.0
T513070,Consulta de saldo,v1,Arequipa,2,Normal,77.2,0,5.0
T513071,Pago de servicios,v2,Lima,18,Pico,530.6,0,4.0
T513072,Recarga celular,v1,Arequipa,3,Normal,154.1,0,3.0
T513073,Pago QR,v2,Lima,8,Pico,305.2,0,4.0
T513074,Pago de servicios,v1,Arequipa,20,Pico,526.3,0,2.0
T513075,Pago QR,v1,Trujillo,1,Normal,187.2,0,5.0
T513076,Pago QR,v2,Lima,23,Normal,130.7,0,4.0
T513077,Recarga celular,v1,Arequipa,20,Pico,153.3,0,5.0
T513078,Pago de servicios,v2,Trujillo,8,Pico,652.0,0,3.0
T513079,Recarga celular,v1,Lima,9,Pico,487.0,0,4.0
T513080,Pago QR,v2,Trujillo,3,Normal,533.8,0,4.0
T513081,Consulta de saldo,v2,Lima,4,Normal,102.7,0,4.0
T513082,Pago QR,v1,Lima,15,Normal,135.1,0,4.0
T513083,Pago QR,v2,Lima,22,Normal,165.5,0,4.0
T513084,Transferencia,v1,Trujillo,21,Pico,240.6,0,4.0
T513085,Transferencia,v2,Lima,4,Normal,304.8,0,3.0
T513086,Transferencia,v2,Arequipa,5,Normal,406.7,0,4.0
T513087,Pago de servicios,v2,Lima,0,Normal,146.8,0,4.0
T513088,Pago de servicios,v2,Trujillo,21,Pico,445.2,0,4.0
T513089,Pago QR,v1,Trujillo,22,Normal,222.5,0,2.0
T513090,Consulta de saldo,v1,Arequipa,14,Normal,113.1,0,4.0
T513091,Transferencia,v1,Arequipa,14,Normal,561.3,0,3.0
T513092,Pago QR,v1,Arequipa,23,Normal,350.7,0,4.0
T513093,Pago QR,v1,Arequipa,9,Pico,352.8,0,3.0
T513094,Consulta de saldo,v2,Arequipa,11,Normal,167.3,0,4.0
T513095,Pago de servicios,v2,Lima,22,Normal,181.3,0,4.0
T513096,Consulta de saldo,v1,Lima,16,Normal,113.8,0,4.0
T513097,Consulta de saldo,v1,Lima,7,Normal,114.5,0,4.0
T513098,Transferencia,v2,Lima,4,Normal,256.5,0,4.0
T513099,Consulta de saldo,v1,Lima,2,Normal,58.5,0,5.0
T513100,Transferencia,v1,Trujillo,17,Normal,492.9,0,3.0
T513101,Consulta de saldo,v1,Arequipa,8,Pico,102.2,0,4.0
T513102,Pago de servicios,v1,Lima,12,Normal,373.6,0,5.0
T513103,Pago de servicios,v1,Lima,16,Normal,394.2,0,4.0
T513104,Transferencia,v1,Lima,20,Pico,461.1,0,5.0
T513105,Pago de servicios,v2,Lima,13,Normal,421.7,0,4.0
T513106,Pago QR,v1,Arequipa,0,Normal,163.5,0,4.0
T513107,Pago QR,v2,Lima,14,Normal,147.3,0,4.0
T513108,Pago QR,v2,Lima,11,Normal,155.1,0,5.0
T513109,Pago QR,v2,Lima,19,Pico,173.1,0,4.0
T513110,Consulta de saldo,v2,Trujillo,4,Normal,92.0,0,4.0
T513111,Consulta de saldo,v1,Arequipa,2,Normal,244.7,0,4.0
T513112,Pago QR,v2,Lima,17,Normal,759.4,0,2.0
T513113,Recarga celular,v2,Lima,22,Normal,236.6,0,3.0
T513114,Recarga celular,v2,Trujillo,3,Normal,141.5,0,5.0
T513115,Pago QR,v2,Lima,22,Normal,246.5,0,4.0
T513116,Transferencia,v2,Lima,14,Normal,324.1,0,3.0
T513117,Transferencia,v1,Lima,16,Normal,700.0,0,3.0
T513118,Consulta de saldo,v1,Lima,15,Normal,89.2,0,5.0
T513119,Consulta de saldo,v2,Lima,0,Normal,70.5,0,5.0
T513120,Pago de servicios,v2,Arequipa,20,Pico,474.4,0,4.0
T513121,Recarga celular,v2,Lima,21,Pico,188.6,0,4.0
T513122,Transferencia,v2,Lima,7,Normal,142.8,0,4.0
T513123,Consulta de saldo,v1,Trujillo,8,Pico,89.8,0,5.0
T513124,Pago QR,v1,Lima,11,Normal,217.8,0,4.0
T513125,Pago de servicios,v1,Arequipa,12,Normal,188.0,0,4.0
T513126,Pago de servicios,v1,Arequipa,10,Pico,416.1,0,3.0
T513127,Pago de servicios,v1,Lima,23,Normal,442.5,0,4.0
T513128,Consulta de saldo,v1,Lima,19,Pico,73.6,0,4.0
T513129,Consulta de saldo,v1,Lima,21,Pico,33.3,0,5.0
T513130,Consulta de saldo,v2,Lima,17,Normal,112.2,0,5.0
T513131,Pago QR,v1,Trujillo,12,Normal,133.5,0,5.0
T513132,Pago QR,v1,Trujillo,3,Normal,161.1,0,5.0
T513133,Recarga celular,v1,Lima,11,Normal,286.7,0,3.0
T513134,Pago QR,v2,Lima,7,Normal,197.7,0,5.0
T513135,Pago QR,v1,Lima,2,Normal,181.9,0,3.0
T513136,Pago QR,v1,Trujillo,16,Normal,540.6,0,4.0
T513137,Consulta de saldo,v2,Arequipa,13,Normal,92.5,0,5.0
T513138,Transferencia,v2,Lima,23,Normal,145.1,0,5.0
T513139,Transferencia,v2,Lima,7,Normal,491.2,0,5.0
T513140,Pago de servicios,v2,Arequipa,16,Normal,360.3,0,4.0
T513141,Pago QR,v1,Lima,4,Normal,153.5,0,5.0
T513142,Consulta de saldo,v2,Arequipa,11,Normal,78.2,0,5.0
T513143,Pago QR,v1,Arequipa,16,Normal,174.2,0,5.0
T513144,Transferencia,v1,Arequipa,21,Pico,607.3,0,3.0
T513145,Pago QR,v1,Lima,20,Pico,179.2,0,5.0
T513146,Transferencia,v2,Lima,1,Normal,151.6,0,4.0
T513147,Transferencia,v2,Lima,20,Pico,292.4,0,4.0
T513148,Transferencia,v2,Lima,14,Normal,193.8,0,4.0
T513149,Pago QR,v1,Trujillo,13,Normal,273.4,0,3.0
T513150,Consulta de saldo,v2,Arequipa,21,Pico,197.2,0,4.0
T513151,Consulta de saldo,v2,Arequipa,5,Normal,65.2,0,5.0
T513152,Recarga celular,v2,Lima,20,Pico,130.8,0,5.0
T513153,Pago de servicios,v1,Lima,5,Normal,498.7,0,4.0
T513154,Transferencia,v1,Lima,19,Pico,523.9,0,3.0
T513155,Pago QR,v2,Arequipa,8,Pico,459.0,0,2.0
T513156,Consulta de saldo,v2,Arequipa,4,Normal,74.7,0,5.0
T513157,Consulta de saldo,v1,Lima,4,Normal,149.2,0,5.0
T513158,Consulta de saldo,v2,Lima,1,Normal,36.9,0,4.0
T513159,Transferencia,v2,Lima,12,Normal,211.7,0,4.0
T513160,Recarga celular,v1,Lima,19,Pico,276.8,0,4.0
T513161,Transferencia,v2,Lima,9,Pico,435.5,0,3.0
T513162,Pago de servicios,v1,Lima,18,Pico,328.1,0,4.0
T513163,Pago de servicios,v1,Trujillo,13,Normal,308.4,0,4.0
T513164,Pago QR,v2,Lima,18,Pico,124.5,0,4.0
T513165,Pago QR,v2,Lima,2,Normal,121.2,1,4.0
T513166,Transferencia,v1,Trujillo,10,Pico,441.3,0,3.0
T513167,Pago de servicios,v2,Lima,0,Normal,297.1,0,3.0
T513168,Recarga celular,v2,Lima,7,Normal,164.9,0,4.0
T513169,Pago QR,v1,Trujillo,13,Normal,427.5,0,4.0
T513170,Pago QR,v1,Trujillo,10,Pico,274.9,0,4.0
T513171,Pago de servicios,v2,Trujillo,1,Normal,382.8,0,3.0
T513172,Pago QR,v2,Arequipa,3,Normal,181.1,0,5.0
T513173,Consulta de saldo,v1,Lima,5,Normal,98.5,0,4.0
T513174,Consulta de saldo,v1,Lima,22,Normal,141.5,0,5.0
T513175,Transferencia,v1,Lima,10,Pico,320.0,0,4.0
T513176,Transferencia,v1,Lima,11,Normal,224.1,0,4.0
T513177,Transferencia,v2,Lima,17,Normal,266.1,0,3.0
T513178,Consulta de saldo,v2,Lima,9,Pico,98.2,0,5.0
T513179,Transferencia,v2,Trujillo,5,Normal,108.2,0,4.0
T513180,Pago de servicios,v1,Lima,5,Normal,132.4,0,4.0
T513181,Pago QR,v2,Trujillo,13,Normal,180.8,0,4.0
T513182,Transferencia,v1,Trujillo,16,Normal,403.9,0,3.0
T513183,Transferencia,v1,Lima,2,Normal,292.7,0,4.0
T513184,Transferencia,v2,Trujillo,2,Normal,298.6,0,4.0
T513185,Transferencia,v2,Lima,12,Normal,170.7,1,3.0
T513186,Recarga celular,v1,Trujillo,1,Normal,116.5,0,5.0
T513187,Pago QR,v1,Lima,7,Normal,243.6,0,3.0
T513188,Recarga celular,v2,Lima,4,Normal,176.6,0,3.0
T513189,Pago QR,v1,Trujillo,8,Pico,258.5,0,4.0
T513190,Consulta de saldo,v2,Arequipa,21,Pico,144.4,0,5.0
T513191,Transferencia,v1,Lima,16,Normal,341.3,0,4.0
T513192,Recarga celular,v2,Lima,21,Pico,163.9,0,4.0
T513193,Pago QR,v2,Trujillo,18,Pico,244.1,0,5.0
T513194,Transferencia,v1,Lima,4,Normal,134.9,0,5.0
T513195,Consulta de saldo,v2,Lima,6,Normal,158.9,0,3.0
T513196,Pago QR,v2,Trujillo,17,Normal,390.1,0,5.0
T513197,Pago QR,v2,Arequipa,20,Pico,227.0,0,5.0
T513198,Transferencia,v1,Lima,22,Normal,179.5,0,5.0
T513199,Pago de servicios,v1,Lima,10,Pico,466.5,0,2.0
T513200,Recarga celular,v2,Lima,11,Normal,107.0,0,4.0
T513201,Consulta de saldo,v1,Lima,23,Normal,141.0,0,4.0
T513202,Transferencia,v1,Lima,9,Pico,440.2,0,5.0
T513203,Transferencia,v1,Trujillo,9,Pico,489.5,0,3.0
T513204,Pago QR,v2,Trujillo,4,Normal,321.6,0,3.0
T513205,Transferencia,v1,Trujillo,23,Normal,191.2,0,4.0
T513206,Pago de servicios,v1,Trujillo,12,Normal,589.8,0,4.0
T513207,Consulta de saldo,v2,Lima,5,Normal,112.5,0,5.0
T513208,Transferencia,v1,Lima,22,Normal,241.0,0,4.0
T513209,Transferencia,v2,Lima,11,Normal,171.1,0,4.0
T513210,Pago QR,v2,Lima,20,Pico,261.6,0,4.0
T513211,Transferencia,v2,Lima,1,Normal,192.4,0,5.0
T513212,Pago de servicios,v2,Trujillo,9,Pico,511.2,0,4.0
T513213,Pago QR,v1,Lima,15,Normal,198.7,0,3.0
T513214,Pago de servicios,v1,Lima,19,Pico,337.8,0,4.0
T513215,Transferencia,v1,Arequipa,9,Pico,146.9,0,4.0
T513216,Transferencia,v1,Lima,21,Pico,911.7,0,2.0
T513217,Consulta de saldo,v2,Trujillo,19,Pico,119.6,0,5.0
T513218,Transferencia,v2,Arequipa,8,Pico,402.1,0,4.0
T513219,Pago de servicios,v2,Trujillo,15,Normal,375.4,0,3.0
T513220,Pago de servicios,v1,Lima,3,Normal,269.8,0,5.0
T513221,Recarga celular,v1,Trujillo,17,Normal,339.3,0,4.0
T513222,Transferencia,v2,Lima,17,Normal,96.3,0,3.0
T513223,Pago de servicios,v1,Lima,16,Normal,420.7,1,2.0
T513224,Pago de servicios,v2,Arequipa,17,Normal,315.7,0,5.0
T513225,Pago de servicios,v2,Arequipa,11,Normal,299.0,0,4.0
T513226,Transferencia,v2,Lima,1,Normal,194.3,0,5.0
T513227,Pago QR,v2,Lima,9,Pico,218.2,0,4.0
T513228,Pago QR,v1,Lima,11,Normal,104.2,0,5.0
T513229,Consulta de saldo,v2,Lima,3,Normal,309.2,0,5.0
T513230,Pago de servicios,v2,Lima,14,Normal,726.8,0,2.0
T513231,Pago QR,v1,Arequipa,1,Normal,328.4,0,4.0
T513232,Pago QR,v1,Arequipa,8,Pico,375.6,0,3.0
T513233,Pago de servicios,v1,Lima,1,Normal,267.6,0,3.0
T513234,Transferencia,v1,Lima,1,Normal,338.4,0,4.0
T513235,Pago QR,v1,Lima,1,Normal,369.1,0,4.0
T513236,Consulta de saldo,v1,Trujillo,4,Normal,171.0,0,4.0
T513237,Transferencia,v1,Lima,14,Normal,340.3,0,3.0
T513238,Recarga celular,v1,Lima,9,Pico,347.0,0,4.0
T513239,Consulta de saldo,v2,Lima,11,Normal,124.6,0,4.0
T513240,Consulta de saldo,v1,Lima,7,Normal,186.3,0,4.0
T513241,Transferencia,v2,Lima,10,Pico,312.6,0,3.0
T513242,Consulta de saldo,v1,Lima,1,Normal,186.1,0,5.0
T513243,Pago QR,v2,Arequipa,5,Normal,259.1,0,5.0
T513244,Transferencia,v1,Trujillo,1,Normal,438.3,0,3.0
T513245,Transferencia,v1,Trujillo,19,Pico,,0,4.0
T513246,Recarga celular,v1,Trujillo,21,Pico,250.7,0,5.0
T513247,Consulta de saldo,v2,Lima,10,Pico,210.3,0,3.0
T513248,Pago de servicios,v2,Lima,8,Pico,120.4,0,5.0
T513249,Transferencia,v1,Arequipa,1,Normal,347.6,0,3.0
T513250,Transferencia,v2,Arequipa,21,Pico,371.3,0,4.0
T513251,Recarga celular,v1,Trujillo,13,Normal,651.4,0,3.0
T513252,Transferencia,v2,Arequipa,23,Normal,390.3,0,4.0
T513253,Consulta de saldo,v2,Arequipa,15,Normal,107.2,0,4.0
T513254,Consulta de saldo,v2,Lima,20,Pico,221.6,0,4.0
T513255,Transferencia,v2,Lima,19,Pico,202.8,0,4.0
T513256,Pago QR,v2,Lima,18,Pico,287.3,0,
T513257,Recarga celular,v2,Lima,12,Normal,159.3,0,5.0
T513258,Pago de servicios,v1,Trujillo,20,Pico,694.3,0,3.0
T513259,Consulta de saldo,v2,Lima,21,Pico,58.3,0,4.0
T513260,Consulta de saldo,v1,Lima,22,Normal,139.0,0,4.0
T513261,Recarga celular,v1,Arequipa,20,Pico,332.3,0,4.0
T513262,Pago QR,v1,Arequipa,21,Pico,258.8,0,3.0
T513263,Transferencia,v2,Trujillo,0,Normal,207.8,0,4.0
T513264,Transferencia,v1,Trujillo,21,Pico,339.1,0,4.0
T513265,Transferencia,v2,Trujillo,17,Normal,143.8,0,5.0
T513266,Pago QR,v1,Lima,18,Pico,133.9,0,5.0
T513267,Pago de servicios,v1,Lima,15,Normal,367.9,0,4.0
T513268,Consulta de saldo,v1,Trujillo,17,Normal,163.3,0,5.0
T513269,Pago de servicios,v2,Arequipa,4,Normal,397.5,0,4.0
T513270,Pago QR,v1,Trujillo,6,Normal,264.4,0,5.0
T513271,Transferencia,v1,Trujillo,4,Normal,208.0,0,4.0
T513272,Pago de servicios,v2,Trujillo,5,Normal,205.1,0,3.0
T513273,Recarga celular,v2,Lima,11,Normal,271.1,0,4.0
T513274,Recarga celular,v1,Arequipa,3,Normal,349.8,0,4.0
T513275,Pago QR,v2,Arequipa,9,Pico,164.6,0,5.0
T513276,Transferencia,v1,Trujillo,19,Pico,233.5,0,4.0
T513277,Consulta de saldo,v1,Trujillo,14,Normal,87.2,0,4.0
T513278,Consulta de saldo,v2,Arequipa,20,Pico,96.4,0,5.0
T513279,Consulta de saldo,v2,Trujillo,5,Normal,119.5,0,5.0
T513280,Transferencia,v1,Trujillo,20,Pico,252.7,0,4.0
T513281,Pago QR,v1,Lima,15,Normal,232.3,0,5.0
T513282,Pago QR,v2,Trujillo,20,Pico,298.8,0,4.0
T513283,Pago de servicios,v1,Arequipa,9,Pico,522.4,0,3.0
T513284,Transferencia,v1,Trujillo,11,Normal,484.8,0,3.0
T513285,Recarga celular,v1,Lima,3,Normal,97.9,0,5.0
T513286,Transferencia,v2,Arequipa,8,Pico,228.3,0,5.0
T513287,Transferencia,v1,Arequipa,21,Pico,445.1,0,4.0
T513288,Consulta de saldo,v2,Lima,10,Pico,112.3,0,5.0
T513289,Consulta de saldo,v1,Lima,6,Normal,160.4,0,5.0
T513290,Recarga celular,v2,Arequipa,7,Normal,165.1,0,5.0
T513291,Pago QR,v2,Lima,15,Normal,265.7,0,4.0
T513292,Consulta de saldo,v2,Arequipa,17,Normal,70.1,0,5.0
T513293,Transferencia,v2,Lima,7,Normal,256.5,0,3.0
T513294,Recarga celular,v2,Trujillo,8,Pico,170.6,0,5.0
T513295,Pago QR,v2,Arequipa,15,Normal,118.6,0,5.0
T513296,Pago de servicios,v1,Lima,19,Pico,266.4,0,4.0
T513297,Transferencia,v1,Arequipa,13,Normal,472.6,0,5.0
T513298,Consulta de saldo,v1,Lima,14,Normal,116.1,0,4.0
T513299,Transferencia,v2,Trujillo,16,Normal,116.9,0,5.0
T513300,Pago QR,v2,Trujillo,1,Normal,205.2,1,4.0
T513301,Transferencia,v2,Lima,16,Normal,174.1,0,5.0
T513302,Consulta de saldo,v2,Arequipa,16,Normal,182.1,0,5.0
T513303,Recarga celular,v1,Trujillo,7,Normal,190.4,0,5.0
T513304,Recarga celular,v1,Trujillo,0,Normal,172.6,0,4.0
T513305,Pago de servicios,v1,Arequipa,23,Normal,185.6,0,4.0
T513306,Transferencia,v2,Arequipa,8,Pico,415.8,0,3.0
T513307,Pago QR,v1,Arequipa,0,Normal,268.3,0,3.0
T513308,Transferencia,v2,Lima,20,Pico,217.5,0,5.0
T513309,Pago de servicios,v2,Trujillo,17,Normal,339.4,0,4.0
T513310,Pago QR,v2,Arequipa,13,Normal,288.6,0,4.0
T513311,Consulta de saldo,v2,Trujillo,13,Normal,64.4,0,5.0
T513312,Recarga celular,v1,Lima,7,Normal,101.0,0,5.0
T513313,Pago QR,v2,Arequipa,18,Pico,475.5,0,3.0
T513314,Pago QR,v2,Lima,4,Normal,496.2,0,5.0
T513315,Transferencia,v2,Lima,15,Normal,226.4,0,4.0
T513316,Pago QR,v2,Arequipa,2,Normal,245.6,0,4.0
T513317,Transferencia,v2,Trujillo,10,Pico,295.1,0,3.0
T513318,Transferencia,v2,Lima,11,Normal,294.3,0,4.0
T513319,Consulta de saldo,v2,Lima,15,Normal,96.1,0,5.0
T513320,Transferencia,v2,Lima,0,Normal,216.3,0,4.0
T513321,Consulta de saldo,v1,Trujillo,5,Normal,164.8,0,5.0
T513322,Pago de servicios,v2,Lima,19,Pico,1277.7,0,
T513323,Recarga celular,v2,Lima,23,Normal,121.9,0,4.0
T513324,Pago QR,v1,Lima,5,Normal,405.6,0,4.0
T513325,Pago QR,v1,Arequipa,15,Normal,248.6,0,3.0
T513326,Pago QR,v1,Lima,15,Normal,451.7,0,3.0
T513327,Transferencia,v2,Trujillo,4,Normal,237.2,0,4.0
T513328,Consulta de saldo,v2,Lima,6,Normal,89.4,0,4.0
T513329,Consulta de saldo,v2,Arequipa,20,Pico,158.4,0,5.0
T513330,Pago de servicios,v2,Trujillo,22,Normal,170.4,0,4.0
T513331,Consulta de saldo,v1,Trujillo,11,Normal,147.4,0,5.0
T513332,Recarga celular,v1,Arequipa,3,Normal,136.5,0,5.0
T513333,Pago de servicios,v1,Lima,5,Normal,259.7,0,3.0
T513334,Consulta de saldo,v1,Lima,2,Normal,225.8,0,5.0
T513335,Consulta de saldo,v1,Arequipa,10,Pico,224.0,0,5.0
T513336,Recarga celular,v2,Trujillo,18,Pico,174.0,0,4.0
T513337,Pago de servicios,v2,Lima,11,Normal,266.8,0,5.0
T513338,Pago de servicios,v1,Lima,23,Normal,286.7,0,
T513339,Recarga celular,v2,Lima,21,Pico,283.9,0,4.0
T513340,Pago QR,v1,Lima,1,Normal,171.0,0,5.0
T513341,Consulta de saldo,v1,Lima,10,Pico,129.6,0,4.0
T513342,Consulta de saldo,v1,Trujillo,3,Normal,101.6,0,5.0
T513343,Consulta de saldo,v2,Arequipa,4,Normal,57.2,0,5.0
T513344,Transferencia,v1,Arequipa,8,Pico,400.2,0,4.0
T513345,Transferencia,v2,Lima,19,Pico,194.4,0,5.0
T513346,Pago QR,v2,Lima,1,Normal,181.3,0,4.0
T513347,Consulta de saldo,v2,Lima,13,Normal,129.9,0,5.0
T513348,Pago QR,v2,Trujillo,5,Normal,239.5,0,5.0
T513349,Transferencia,v2,Trujillo,15,Normal,260.7,0,5.0
T513350,Pago de servicios,v2,Lima,12,Normal,474.9,0,3.0
T513351,Pago de servicios,v1,Arequipa,16,Normal,205.0,0,4.0
T513352,Pago de servicios,v1,Lima,4,Normal,519.6,0,2.0
T513353,Pago QR,v1,Lima,9,Pico,280.7,0,3.0
T513354,Recarga celular,v2,Arequipa,20,Pico,125.2,0,4.0
T513355,Pago QR,v2,Lima,4,Normal,162.8,0,3.0
T513356,Transferencia,v2,Lima,14,Normal,157.7,0,4.0
T513357,Pago QR,v2,Trujillo,16,Normal,138.1,0,4.0
T513358,Consulta de saldo,v2,Lima,10,Pico,84.6,0,5.0
T513359,Transferencia,v1,Lima,20,Pico,591.0,0,2.0
T513360,Transferencia,v2,Lima,7,Normal,582.3,0,3.0
T513361,Recarga celular,v2,Trujillo,6,Normal,227.7,0,5.0
T513362,Pago QR,v1,Arequipa,17,Normal,99.9,0,5.0
T513363,Consulta de saldo,v1,Arequipa,18,Pico,181.9,0,5.0
T513364,Pago QR,v1,Trujillo,12,Normal,123.5,0,4.0
T513365,Consulta de saldo,v2,Lima,19,Pico,98.9,0,4.0
T513366,Consulta de saldo,v1,Arequipa,9,Pico,202.3,0,5.0
T513367,Transferencia,v1,Lima,21,Pico,199.1,0,4.0
T513368,Pago QR,v2,Lima,7,Normal,220.1,0,4.0
T513369,Transferencia,v1,Trujillo,8,Pico,252.5,0,5.0
T513370,Transferencia,v2,Trujillo,8,Pico,145.1,0,5.0
T513371,Pago QR,v1,Lima,1,Normal,237.0,0,4.0
T513372,Pago QR,v1,Trujillo,20,Pico,234.1,0,4.0
T513373,Transferencia,v1,Arequipa,7,Normal,423.2,0,4.0
T513374,Recarga celular,v1,Lima,9,Pico,168.6,0,5.0
T513375,Recarga celular,v2,Lima,23,Normal,308.8,0,4.0
T513376,Pago de servicios,v1,Trujillo,20,Pico,318.0,0,5.0
T513377,Transferencia,v2,Arequipa,1,Normal,139.7,0,5.0
T513378,Pago QR,v1,Arequipa,13,Normal,323.6,0,4.0
T513379,Transferencia,v1,Trujillo,23,Normal,214.7,0,5.0
T513380,Recarga celular,v2,Arequipa,23,Normal,257.0,0,4.0
T513381,Recarga celular,v1,Arequipa,5,Normal,168.6,0,4.0
T513382,Transferencia,v1,Trujillo,0,Normal,282.6,0,5.0
T513383,Consulta de saldo,v1,Trujillo,4,Normal,110.5,0,5.0
T513384,Consulta de saldo,v1,Trujillo,4,Normal,173.7,0,5.0
T513385,Pago de servicios,v1,Trujillo,23,Normal,362.5,0,4.0
T513386,Transferencia,v2,Lima,20,Pico,202.8,0,5.0
T513387,Pago QR,v2,Lima,19,Pico,150.9,0,5.0
T513388,Transferencia,v1,Lima,8,Pico,416.5,0,3.0
T513389,Consulta de saldo,v1,Lima,15,Normal,134.4,0,5.0
T513390,Pago QR,v2,Lima,4,Normal,342.5,0,3.0
T513391,Consulta de saldo,v1,Lima,5,Normal,112.6,0,5.0
T513392,Pago QR,v1,Arequipa,11,Normal,189.5,0,5.0
T513393,Pago QR,v2,Lima,16,Normal,197.7,0,3.0
T513394,Transferencia,v1,Lima,17,Normal,191.5,0,3.0
T513395,Pago QR,v1,Trujillo,20,Pico,245.5,0,4.0
T513396,Pago QR,v2,Lima,6,Normal,104.9,0,4.0
T513397,Transferencia,v1,Lima,5,Normal,270.1,0,4.0
T513398,Pago QR,v1,Trujillo,16,Normal,185.1,0,5.0
T513399,Pago QR,v1,Lima,3,Normal,160.3,0,5.0
T513400,Recarga celular,v1,Lima,6,Normal,190.6,0,5.0
T513401,Pago de servicios,v1,Lima,11,Normal,207.5,0,3.0
T513402,Consulta de saldo,v1,Arequipa,16,Normal,113.4,0,5.0
T513403,Pago QR,v1,Arequipa,5,Normal,124.4,0,4.0
T513404,Pago QR,v1,Lima,7,Normal,311.8,0,5.0
T513405,Transferencia,v2,Lima,14,Normal,283.0,0,5.0
T513406,Pago QR,v2,Lima,14,Normal,246.5,0,4.0
T513407,Transferencia,v1,Arequipa,11,Normal,308.8,0,3.0
T513408,Consulta de saldo,v1,Lima,11,Normal,119.8,0,5.0
T513409,Recarga celular,v2,Trujillo,8,Pico,208.6,0,3.0
T513410,Recarga celular,v1,Lima,12,Normal,179.9,0,5.0
T513411,Pago QR,v2,Trujillo,19,Pico,206.0,0,3.0
T513412,Pago QR,v2,Lima,4,Normal,232.8,0,4.0
T513413,Recarga celular,v1,Lima,11,Normal,157.0,0,4.0
T513414,Recarga celular,v2,Trujillo,20,Pico,228.7,0,4.0
T513415,Pago QR,v1,Arequipa,21,Pico,365.9,0,4.0
T513416,Recarga celular,v2,Lima,11,Normal,132.7,0,5.0
T513417,Consulta de saldo,v2,Lima,10,Pico,109.4,0,5.0
T513418,Pago QR,v1,Lima,9,Pico,214.4,0,4.0
T513419,Transferencia,v2,Lima,17,Normal,88.0,0,4.0
T513420,Consulta de saldo,v1,Trujillo,7,Normal,114.1,0,5.0
T513421,Recarga celular,v2,Lima,7,Normal,246.6,0,3.0
T513422,Transferencia,v1,Lima,14,Normal,276.1,0,5.0
T513423,Pago de servicios,v2,Lima,14,Normal,241.3,0,4.0
T513424,Pago QR,v1,Lima,14,Normal,179.3,0,5.0
T513425,Transferencia,v1,Arequipa,2,Normal,,1,3.0
T513426,Consulta de saldo,v1,Lima,4,Normal,80.6,0,5.0
T513427,Consulta de saldo,v1,Trujillo,19,Pico,93.2,0,5.0
T513428,Pago QR,v1,Lima,18,Pico,410.7,0,3.0
T513429,Recarga celular,v2,Arequipa,21,Pico,751.2,0,3.0
T513430,Pago QR,v2,Lima,1,Normal,200.1,0,4.0
T513431,Consulta de saldo,v2,Trujillo,10,Pico,145.1,0,4.0
T513432,Transferencia,v1,Lima,6,Normal,232.7,0,4.0
T513433,Pago QR,v1,Trujillo,19,Pico,285.4,0,4.0
T513434,Recarga celular,v2,Lima,19,Pico,229.4,0,5.0
T513435,Consulta de saldo,v1,Trujillo,9,Pico,141.1,0,5.0
T513436,Pago QR,v1,Lima,6,Normal,337.9,0,3.0
T513437,Transferencia,v1,Arequipa,22,Normal,260.2,0,4.0
T513438,Consulta de saldo,v2,Lima,8,Pico,72.2,0,5.0
T513439,Recarga celular,v2,Arequipa,16,Normal,232.0,0,4.0
T513440,Consulta de saldo,v1,Lima,15,Normal,30.9,0,5.0
T513441,Recarga celular,v1,Arequipa,15,Normal,100.2,0,4.0
T513442,Recarga celular,v2,Lima,11,Normal,330.5,0,3.0
T513443,Consulta de saldo,v1,Arequipa,17,Normal,70.2,0,5.0
T513444,Transferencia,v2,Lima,14,Normal,171.2,0,4.0
T513445,Consulta de saldo,v2,Lima,12,Normal,95.9,0,3.0
T513446,Recarga celular,v2,Lima,21,Pico,115.4,0,4.0
T513447,Transferencia,v1,Trujillo,7,Normal,213.4,0,4.0
T513448,Recarga celular,v2,Lima,1,Normal,102.0,0,4.0
T513449,Consulta de saldo,v2,Lima,22,Normal,48.2,0,5.0
T513450,Pago QR,v2,Arequipa,2,Normal,173.1,0,4.0
T513451,Consulta de saldo,v2,Lima,20,Pico,60.4,0,4.0
T513452,Pago de servicios,v1,Lima,4,Normal,715.3,0,3.0
T513453,Pago de servicios,v2,Lima,8,Pico,759.7,0,2.0
T513454,Consulta de saldo,v1,Lima,22,Normal,86.9,0,4.0
T513455,Consulta de saldo,v2,Lima,0,Normal,139.7,0,5.0
T513456,Transferencia,v1,Trujillo,10,Pico,489.5,0,4.0
T513457,Pago QR,v2,Lima,0,Normal,127.8,0,4.0
T513458,Recarga celular,v2,Lima,22,Normal,188.2,0,4.0
T513459,Pago QR,v1,Arequipa,18,Pico,207.2,0,4.0
T513460,Transferencia,v2,Trujillo,19,Pico,365.0,0,4.0
T513461,Pago QR,v1,Arequipa,19,Pico,361.9,0,
T513462,Pago QR,v1,Trujillo,10,Pico,305.4,0,4.0
T513463,Pago de servicios,v1,Lima,15,Normal,241.0,0,4.0
T513464,Recarga celular,v1,Trujillo,5,Normal,256.8,0,3.0
T513465,Pago de servicios,v1,Lima,22,Normal,441.8,0,4.0
T513466,Transferencia,v2,Lima,10,Pico,278.8,0,3.0
T513467,Transferencia,v2,Lima,10,Pico,382.1,0,4.0
T513468,Consulta de saldo,v1,Trujillo,6,Normal,78.1,0,5.0
T513469,Consulta de saldo,v2,Arequipa,11,Normal,109.9,0,5.0
T513470,Consulta de saldo,v2,Lima,21,Pico,168.0,0,2.0
T513471,Consulta de saldo,v2,Lima,19,Pico,152.6,0,5.0
T513472,Consulta de saldo,v2,Lima,20,Pico,89.3,0,5.0
T513473,Recarga celular,v2,Lima,21,Pico,137.1,0,5.0
T513474,Transferencia,v2,Arequipa,21,Pico,220.2,0,4.0
T513475,Pago de servicios,v2,Lima,0,Normal,233.7,0,4.0
T513476,Pago QR,v2,Arequipa,17,Normal,317.4,0,4.0
T513477,Recarga celular,v1,Trujillo,14,Normal,95.9,0,5.0
T513478,Recarga celular,v2,Arequipa,0,Normal,285.9,0,4.0
T513479,Consulta de saldo,v1,Trujillo,23,Normal,107.5,0,5.0
T513480,Pago QR,v2,Lima,13,Normal,145.9,0,5.0
T513481,Recarga celular,v2,Arequipa,14,Normal,122.9,0,4.0
T513482,Pago de servicios,v1,Trujillo,6,Normal,457.1,0,4.0
T513483,Transferencia,v2,Trujillo,4,Normal,145.7,0,5.0
T513484,Pago de servicios,v1,Lima,10,Pico,1254.1,0,1.0
T513485,Pago QR,v2,Trujillo,9,Pico,179.3,0,5.0
T513486,Pago QR,v1,Lima,5,Normal,480.6,0,2.0
T513487,Consulta de saldo,v2,Trujillo,22,Normal,117.1,0,4.0
T513488,Consulta de saldo,v1,Arequipa,0,Normal,74.3,0,5.0
T513489,Transferencia,v1,Trujillo,3,Normal,320.5,0,4.0
T513490,Transferencia,v1,Trujillo,3,Normal,420.3,0,3.0
T513491,Pago de servicios,v1,Trujillo,16,Normal,355.0,0,3.0
T513492,Transferencia,v1,Lima,17,Normal,297.8,0,3.0
T513493,Pago de servicios,v1,Trujillo,19,Pico,368.4,0,4.0
T513494,Transferencia,v1,Lima,4,Normal,232.4,0,4.0
T513495,Transferencia,v2,Lima,9,Pico,407.4,0,4.0
T513496,Consulta de saldo,v1,Lima,7,Normal,180.0,0,4.0
T513497,Consulta de saldo,v2,Lima,5,Normal,200.8,0,4.0
T513498,Consulta de saldo,v1,Lima,4,Normal,131.5,0,5.0
T513499,Transferencia,v2,Lima,22,Normal,457.2,0,3.0
T513500,Transferencia,v1,Lima,6,Normal,190.1,0,4.0
T513501,Transferencia,v1,Arequipa,19,Pico,258.1,0,4.0
T513502,Pago QR,v2,Trujillo,17,Normal,120.5,0,3.0
T513503,Consulta de saldo,v2,Trujillo,8,Pico,73.9,0,4.0
T513504,Pago QR,v1,Lima,1,Normal,212.7,0,4.0
T513505,Pago de servicios,v1,Arequipa,0,Normal,412.6,0,3.0
T513506,Pago de servicios,v1,Trujillo,17,Normal,748.3,0,3.0
T513507,Pago de servicios,v1,Lima,0,Normal,285.0,0,3.0
T513508,Transferencia,v2,Lima,5,Normal,345.2,0,5.0
T513509,Pago de servicios,v2,Lima,10,Pico,351.3,0,4.0
T513510,Pago de servicios,v2,Lima,9,Pico,295.5,0,5.0
T513511,Consulta de saldo,v2,Lima,12,Normal,59.3,0,4.0
T513512,Transferencia,v1,Trujillo,8,Pico,473.3,0,3.0
T513513,Transferencia,v2,Trujillo,11,Normal,451.2,0,5.0
T513514,Pago QR,v2,Trujillo,9,Pico,351.3,0,4.0
T513515,Pago QR,v1,Lima,8,Pico,269.6,0,4.0
T513516,Pago QR,v2,Trujillo,8,Pico,390.7,0,5.0
T513517,Pago QR,v1,Lima,8,Pico,271.3,0,4.0
T513518,Consulta de saldo,v1,Trujillo,22,Normal,61.1,0,5.0
T513519,Pago QR,v2,Trujillo,20,Pico,408.4,0,4.0
T513520,Transferencia,v1,Arequipa,1,Normal,453.5,0,3.0
T513521,Pago QR,v2,Trujillo,18,Pico,295.5,0,3.0
T513522,Pago de servicios,v2,Lima,16,Normal,424.0,0,3.0
T513523,Transferencia,v2,Lima,9,Pico,247.7,0,5.0
T513524,Transferencia,v2,Lima,10,Pico,250.1,0,4.0
T513525,Consulta de saldo,v1,Lima,14,Normal,146.1,0,4.0
T513526,Recarga celular,v1,Arequipa,5,Normal,436.4,0,5.0
T513527,Recarga celular,v1,Trujillo,1,Normal,95.0,0,3.0
T513528,Recarga celular,v2,Lima,22,Normal,205.1,0,4.0
T513529,Recarga celular,v1,Lima,7,Normal,215.7,0,4.0
T513530,Transferencia,v1,Trujillo,11,Normal,239.3,0,4.0
T513531,Pago de servicios,v1,Trujillo,4,Normal,511.7,0,3.0
T513532,Pago QR,v2,Lima,12,Normal,168.7,0,4.0
T513533,Pago QR,v2,Arequipa,23,Normal,106.4,0,4.0
T513534,Transferencia,v2,Lima,6,Normal,362.5,0,3.0
T513535,Pago QR,v1,Lima,4,Normal,255.9,0,4.0
T513536,Pago QR,v2,Trujillo,17,Normal,274.8,0,5.0
T513537,Transferencia,v1,Lima,10,Pico,267.5,0,4.0
T513538,Pago QR,v2,Lima,1,Normal,189.7,0,4.0
T513539,Pago QR,v2,Arequipa,23,Normal,144.6,0,5.0
T513540,Pago QR,v2,Lima,15,Normal,355.3,0,4.0
T513541,Recarga celular,v2,Trujillo,8,Pico,311.8,0,3.0
T513542,Pago QR,v2,Lima,9,Pico,78.1,0,5.0
T513543,Consulta de saldo,v2,Lima,18,Pico,357.1,0,4.0
T513544,Pago QR,v1,Lima,15,Normal,169.6,0,3.0
T513545,Pago de servicios,v1,Lima,20,Pico,410.7,0,3.0
T513546,Consulta de saldo,v2,Trujillo,23,Normal,185.7,0,4.0
T513547,Transferencia,v1,Lima,9,Pico,410.8,0,4.0
T513548,Pago de servicios,v1,Trujillo,9,Pico,544.5,0,4.0
T513549,Pago de servicios,v1,Lima,7,Normal,345.9,0,5.0
T513550,Pago de servicios,v2,Lima,4,Normal,340.5,0,4.0
T513551,Recarga celular,v1,Lima,7,Normal,188.1,0,3.0
T513552,Pago de servicios,v2,Arequipa,12,Normal,535.9,0,3.0
T513553,Pago QR,v1,Lima,21,Pico,227.3,1,3.0
T513554,Consulta de saldo,v1,Lima,2,Normal,54.0,0,4.0
T513555,Pago QR,v2,Trujillo,20,Pico,259.9,0,4.0
T513556,Consulta de saldo,v2,Arequipa,13,Normal,215.8,0,4.0
T513557,Pago de servicios,v2,Arequipa,2,Normal,305.9,0,4.0
T513558,Consulta de saldo,v2,Arequipa,9,Pico,101.2,0,5.0
T513559,Consulta de saldo,v1,Trujillo,16,Normal,60.6,0,4.0
T513560,Pago QR,v1,Arequipa,17,Normal,284.3,0,4.0
T513561,Transferencia,v1,Arequipa,10,Pico,280.1,0,4.0
T513562,Transferencia,v2,Trujillo,1,Normal,341.3,0,4.0
T513563,Consulta de saldo,v1,Trujillo,22,Normal,146.7,0,4.0
T513564,Pago QR,v2,Trujillo,4,Normal,228.3,0,4.0
T513565,Transferencia,v2,Lima,9,Pico,323.0,0,5.0
T513566,Pago de servicios,v1,Arequipa,4,Normal,329.2,0,5.0
T513567,Pago de servicios,v2,Arequipa,15,Normal,252.6,0,3.0
T513568,Consulta de saldo,v2,Arequipa,15,Normal,75.5,0,5.0
T513569,Recarga celular,v2,Lima,2,Normal,131.2,0,4.0
T513570,Pago QR,v2,Lima,15,Normal,279.0,1,3.0
T513571,Transferencia,v1,Trujillo,21,Pico,362.9,0,4.0
T513572,Recarga celular,v1,Arequipa,9,Pico,221.1,0,4.0
T513573,Transferencia,v2,Arequipa,8,Pico,318.3,0,4.0
T513574,Pago de servicios,v1,Lima,11,Normal,747.1,0,3.0
T513575,Pago de servicios,v2,Trujillo,6,Normal,650.4,0,3.0
T513576,Recarga celular,v1,Trujillo,8,Pico,173.9,0,4.0
T513577,Transferencia,v1,Arequipa,9,Pico,544.0,0,3.0
T513578,Consulta de saldo,v2,Arequipa,23,Normal,163.5,0,5.0
T513579,Recarga celular,v1,Lima,0,Normal,159.0,0,4.0
T513580,Transferencia,v1,Arequipa,10,Pico,317.9,0,4.0
T513581,Pago de servicios,v1,Lima,15,Normal,292.9,0,5.0
T513582,Recarga celular,v1,Lima,3,Normal,142.5,0,5.0
T513583,Transferencia,v1,Lima,3,Normal,207.8,0,5.0
T513584,Recarga celular,v1,Lima,6,Normal,76.6,0,4.0
T513585,Pago QR,v2,Trujillo,18,Pico,265.4,0,4.0
T513586,Pago QR,v1,Trujillo,19,Pico,455.0,0,3.0
T513587,Pago QR,v1,Lima,10,Pico,156.3,0,4.0
T513588,Consulta de saldo,v1,Arequipa,17,Normal,141.5,0,4.0
T513589,Transferencia,v2,Lima,6,Normal,625.4,0,4.0
T513590,Pago QR,v1,Trujillo,21,Pico,237.6,0,5.0
T513591,Pago de servicios,v2,Lima,5,Normal,548.6,0,
T513592,Transferencia,v2,Lima,6,Normal,160.4,0,4.0
T513593,Pago de servicios,v2,Lima,11,Normal,194.4,0,4.0
T513594,Consulta de saldo,v1,Trujillo,2,Normal,103.7,0,5.0
T513595,Transferencia,v1,Lima,6,Normal,167.0,0,4.0
T513596,Transferencia,v2,Trujillo,19,Pico,234.6,0,5.0
T513597,Recarga celular,v2,Trujillo,20,Pico,117.3,0,5.0
T513598,Consulta de saldo,v2,Lima,11,Normal,145.5,0,5.0
T513599,Pago QR,v2,Lima,2,Normal,169.7,0,5.0
T513600,Transferencia,v2,Lima,20,Pico,288.4,0,4.0
T513601,Recarga celular,v1,Lima,0,Normal,329.2,1,2.0
T513602,Recarga celular,v2,Lima,22,Normal,92.9,0,4.0
T513603,Transferencia,v1,Lima,5,Normal,268.8,0,5.0
T513604,Pago QR,v2,Lima,17,Normal,275.6,0,5.0
T513605,Pago de servicios,v2,Arequipa,3,Normal,194.3,0,5.0
T513606,Pago QR,v1,Arequipa,14,Normal,182.3,0,4.0
T513607,Pago QR,v1,Lima,17,Normal,134.7,0,4.0
T513608,Pago de servicios,v2,Lima,6,Normal,166.7,0,5.0
T513609,Consulta de saldo,v2,Trujillo,17,Normal,108.0,0,5.0
T513610,Transferencia,v2,Lima,8,Pico,424.7,0,4.0
T513611,Transferencia,v1,Lima,5,Normal,352.6,0,4.0
T513612,Transferencia,v2,Lima,16,Normal,188.6,0,3.0
T513613,Consulta de saldo,v2,Arequipa,20,Pico,105.5,0,4.0
T513614,Transferencia,v1,Trujillo,0,Normal,347.4,0,4.0
T513615,Pago QR,v1,Lima,13,Normal,114.8,0,5.0
T513616,Recarga celular,v2,Arequipa,3,Normal,217.7,0,5.0
T513617,Transferencia,v2,Lima,1,Normal,254.4,0,4.0
T513618,Pago QR,v1,Arequipa,14,Normal,287.3,0,4.0
T513619,Consulta de saldo,v1,Trujillo,9,Pico,99.0,0,5.0
T513620,Pago QR,v1,Trujillo,0,Normal,127.7,0,4.0
T513621,Pago QR,v2,Lima,20,Pico,174.3,0,3.0
T513622,Consulta de saldo,v2,Trujillo,22,Normal,91.3,0,4.0
T513623,Consulta de saldo,v2,Lima,9,Pico,56.7,0,4.0
T513624,Pago QR,v1,Lima,19,Pico,232.9,0,4.0
T513625,Consulta de saldo,v2,Arequipa,11,Normal,88.3,0,5.0
T513626,Consulta de saldo,v2,Lima,3,Normal,26.1,0,3.0
T513627,Consulta de saldo,v1,Trujillo,7,Normal,114.2,0,4.0
T513628,Consulta de saldo,v1,Lima,3,Normal,163.5,0,4.0
T513629,Transferencia,v1,Lima,15,Normal,265.0,0,5.0
T513630,Pago QR,v1,Lima,6,Normal,270.2,0,4.0
T513631,Transferencia,v2,Lima,5,Normal,278.1,1,4.0
T513632,Transferencia,v2,Trujillo,16,Normal,572.9,0,3.0
T513633,Consulta de saldo,v1,Lima,8,Pico,219.6,0,5.0
T513634,Consulta de saldo,v1,Lima,13,Normal,144.9,0,3.0
T513635,Transferencia,v1,Trujillo,18,Pico,450.9,0,4.0
T513636,Pago QR,v2,Trujillo,6,Normal,258.7,0,5.0
T513637,Transferencia,v1,Lima,3,Normal,262.7,0,4.0
T513638,Recarga celular,v2,Lima,22,Normal,236.1,0,5.0
T513639,Consulta de saldo,v1,Arequipa,18,Pico,116.7,0,5.0
T513640,Pago de servicios,v2,Arequipa,6,Normal,284.7,0,4.0
T513641,Transferencia,v1,Lima,14,Normal,378.0,0,
T513642,Transferencia,v1,Lima,23,Normal,146.9,0,3.0
T513643,Recarga celular,v2,Arequipa,20,Pico,242.9,0,3.0
T513644,Pago de servicios,v2,Arequipa,18,Pico,503.5,0,4.0
T513645,Pago QR,v1,Arequipa,22,Normal,174.4,0,3.0
T513646,Transferencia,v1,Lima,8,Pico,431.5,1,3.0
T513647,Pago de servicios,v2,Lima,9,Pico,778.3,0,4.0
T513648,Transferencia,v2,Trujillo,4,Normal,258.0,0,4.0
T513649,Recarga celular,v1,Lima,3,Normal,138.4,0,4.0
T513650,Pago de servicios,v1,Arequipa,5,Normal,383.4,0,
T513651,Transferencia,v1,Trujillo,2,Normal,355.9,0,5.0
T513652,Transferencia,v2,Lima,13,Normal,152.9,0,4.0
T513653,Consulta de saldo,v2,Trujillo,8,Pico,125.8,0,5.0
T513654,Pago de servicios,v2,Trujillo,10,Pico,389.3,0,4.0
T513655,Consulta de saldo,v1,Arequipa,8,Pico,557.2,0,4.0
T513656,Consulta de saldo,v1,Trujillo,4,Normal,71.3,0,5.0
T513657,Recarga celular,v1,Lima,20,Pico,140.2,0,5.0
T513658,Transferencia,v1,Lima,23,Normal,288.6,0,3.0
T513659,Consulta de saldo,v2,Trujillo,15,Normal,246.9,0,5.0
T513660,Transferencia,v2,Trujillo,17,Normal,433.5,0,5.0
T513661,Pago QR,v1,Lima,0,Normal,192.5,0,5.0
T513662,Recarga celular,v2,Trujillo,4,Normal,358.4,0,3.0
T513663,Pago QR,v1,Arequipa,18,Pico,248.4,0,4.0
T513664,Pago QR,v2,Arequipa,16,Normal,292.8,0,4.0
T513665,Transferencia,v2,Lima,20,Pico,374.1,0,4.0
T513666,Pago de servicios,v1,Arequipa,2,Normal,496.8,0,3.0
T513667,Transferencia,v2,Lima,18,Pico,335.1,0,4.0
T513668,Recarga celular,v2,Lima,19,Pico,201.9,0,5.0
T513669,Transferencia,v2,Arequipa,16,Normal,407.9,0,5.0
T513670,Pago de servicios,v2,Arequipa,7,Normal,156.8,0,4.0
T513671,Transferencia,v2,Arequipa,5,Normal,135.7,0,5.0
T513672,Pago de servicios,v2,Lima,0,Normal,216.9,0,4.0
T513673,Pago QR,v1,Trujillo,11,Normal,175.1,0,5.0
T513674,Transferencia,v2,Lima,4,Normal,205.5,0,
T513675,Consulta de saldo,v1,Arequipa,21,Pico,87.4,0,4.0
T513676,Transferencia,v1,Lima,5,Normal,320.6,0,3.0
T513677,Transferencia,v2,Trujillo,9,Pico,456.3,0,2.0
T513678,Transferencia,v1,Lima,3,Normal,297.7,0,5.0
T513679,Pago QR,v2,Lima,2,Normal,141.3,0,4.0
T513680,Pago QR,v1,Lima,14,Normal,373.3,0,4.0
T513681,Recarga celular,v2,Trujillo,20,Pico,405.5,0,4.0
T513682,Pago QR,v2,Arequipa,4,Normal,176.8,0,5.0
T513683,Transferencia,v2,Lima,12,Normal,133.6,0,4.0
T513684,Pago QR,v1,Arequipa,6,Normal,277.6,0,5.0
T513685,Transferencia,v1,Arequipa,21,Pico,303.0,0,4.0
T513686,Pago QR,v2,Lima,22,Normal,263.9,0,3.0
T513687,Pago de servicios,v1,Lima,14,Normal,413.6,1,2.0
T513688,Pago de servicios,v2,Lima,5,Normal,925.9,0,3.0
T513689,Pago QR,v2,Lima,21,Pico,334.2,0,4.0
T513690,Recarga celular,v1,Lima,20,Pico,219.5,0,5.0
T513691,Consulta de saldo,v1,Arequipa,13,Normal,86.9,0,5.0
T513692,Pago QR,v1,Lima,7,Normal,181.4,0,4.0
T513693,Recarga celular,v1,Arequipa,14,Normal,137.7,0,3.0
T513694,Consulta de saldo,v1,Lima,13,Normal,119.4,0,5.0
T513695,Recarga celular,v1,Trujillo,1,Normal,112.2,0,
T513696,Transferencia,v2,Lima,8,Pico,209.7,0,4.0
T513697,Recarga celular,v1,Arequipa,23,Normal,232.6,0,4.0
T513698,Pago QR,v1,Trujillo,11,Normal,118.3,0,5.0
T513699,Transferencia,v1,Trujillo,2,Normal,208.4,0,3.0
T513700,Pago QR,v2,Lima,10,Pico,357.4,0,4.0
T513701,Pago QR,v2,Lima,0,Normal,432.1,0,4.0
T513702,Transferencia,v2,Lima,14,Normal,599.6,0,5.0
T513703,Consulta de saldo,v2,Lima,7,Normal,89.5,0,5.0
T513704,Pago de servicios,v1,Lima,7,Normal,337.2,0,4.0
T513705,Consulta de saldo,v2,Arequipa,2,Normal,188.9,1,3.0
T513706,Consulta de saldo,v2,Arequipa,22,Normal,63.9,0,4.0
T513707,Transferencia,v2,Arequipa,21,Pico,199.3,0,3.0
T513708,Pago QR,v1,Trujillo,3,Normal,431.1,0,4.0
T513709,Pago de servicios,v2,Lima,13,Normal,465.8,0,3.0
T513710,Pago QR,v2,Trujillo,15,Normal,162.5,0,4.0
T513711,Transferencia,v2,Lima,19,Pico,148.0,0,5.0
T513712,Pago QR,v2,Arequipa,4,Normal,258.5,0,4.0
T513713,Consulta de saldo,v2,Lima,19,Pico,105.3,0,5.0
T513714,Consulta de saldo,v2,Lima,7,Normal,86.4,0,5.0
T513715,Pago de servicios,v2,Trujillo,7,Normal,179.2,0,5.0
T513716,Transferencia,v2,Lima,5,Normal,172.7,0,4.0
T513717,Transferencia,v1,Trujillo,18,Pico,405.4,0,4.0
T513718,Transferencia,v1,Trujillo,23,Normal,177.2,0,5.0
T513719,Transferencia,v2,Lima,23,Normal,290.9,0,
T513720,Consulta de saldo,v2,Trujillo,0,Normal,129.9,0,4.0
T513721,Transferencia,v2,Trujillo,9,Pico,546.1,0,4.0
T513722,Pago QR,v1,Lima,8,Pico,294.3,0,4.0
T513723,Pago QR,v2,Lima,7,Normal,180.9,0,4.0
T513724,Consulta de saldo,v2,Arequipa,23,Normal,74.5,0,5.0
T513725,Pago QR,v1,Trujillo,5,Normal,155.2,0,4.0
T513726,Transferencia,v2,Lima,3,Normal,254.1,0,4.0
T513727,Transferencia,v2,Arequipa,22,Normal,177.2,0,3.0
T513728,Pago de servicios,v2,Lima,19,Pico,238.8,0,4.0
T513729,Pago de servicios,v2,Trujillo,14,Normal,1295.2,0,2.0
T513730,Transferencia,v1,Lima,1,Normal,261.9,0,4.0
T513731,Consulta de saldo,v2,Trujillo,22,Normal,122.2,0,5.0
T513732,Consulta de saldo,v2,Trujillo,9,Pico,204.9,0,5.0
T513733,Pago QR,v2,Lima,1,Normal,163.9,0,5.0
T513734,Recarga celular,v2,Arequipa,12,Normal,127.1,0,5.0
T513735,Pago QR,v1,Trujillo,5,Normal,161.3,0,3.0
T513736,Consulta de saldo,v2,Lima,0,Normal,152.3,0,4.0
T513737,Transferencia,v2,Lima,6,Normal,432.7,0,4.0
T513738,Transferencia,v2,Lima,20,Pico,497.4,1,2.0
T513739,Transferencia,v2,Lima,0,Normal,153.7,0,4.0
T513740,Transferencia,v1,Lima,16,Normal,519.7,0,4.0
T513741,Transferencia,v2,Lima,20,Pico,142.9,0,5.0
T513742,Consulta de saldo,v2,Arequipa,20,Pico,158.9,0,5.0
T513743,Recarga celular,v2,Lima,14,Normal,162.2,0,4.0
T513744,Transferencia,v1,Trujillo,2,Normal,453.8,0,3.0
T513745,Consulta de saldo,v2,Trujillo,23,Normal,193.7,0,4.0
T513746,Pago de servicios,v1,Lima,16,Normal,878.4,0,3.0
T513747,Transferencia,v2,Lima,18,Pico,347.9,0,3.0
T513748,Recarga celular,v1,Arequipa,10,Pico,190.8,0,4.0
T513749,Pago QR,v2,Lima,11,Normal,149.7,0,4.0
T513750,Transferencia,v2,Trujillo,3,Normal,264.9,0,3.0
T513751,Consulta de saldo,v2,Lima,0,Normal,56.9,0,4.0
T513752,Consulta de saldo,v2,Lima,11,Normal,133.1,0,4.0
T513753,Pago QR,v1,Lima,22,Normal,134.7,0,3.0
T513754,Transferencia,v1,Lima,2,Normal,339.2,0,3.0
T513755,Consulta de saldo,v2,Lima,22,Normal,33.0,0,5.0
T513756,Transferencia,v2,Lima,6,Normal,465.3,0,4.0
T513757,Pago QR,v1,Arequipa,11,Normal,252.5,0,5.0
T513758,Transferencia,v2,Lima,18,Pico,314.9,0,4.0
T513759,Pago QR,v2,Lima,19,Pico,88.9,0,4.0
T513760,Pago QR,v2,Lima,5,Normal,200.4,0,5.0
T513761,Transferencia,v2,Lima,21,Pico,61.5,0,4.0
T513762,Recarga celular,v1,Arequipa,20,Pico,67.4,0,4.0
T513763,Pago QR,v1,Lima,14,Normal,242.8,0,4.0
T513764,Consulta de saldo,v1,Lima,15,Normal,106.5,0,5.0
T513765,Pago QR,v1,Arequipa,7,Normal,236.0,0,3.0
T513766,Consulta de saldo,v2,Arequipa,15,Normal,129.8,0,5.0
T513767,Pago QR,v2,Trujillo,3,Normal,306.2,0,3.0
T513768,Transferencia,v1,Lima,8,Pico,210.9,0,3.0
T513769,Pago de servicios,v2,Arequipa,11,Normal,605.7,0,3.0
T513770,Transferencia,v1,Arequipa,6,Normal,145.5,0,4.0
T513771,Pago de servicios,v2,Lima,14,Normal,115.8,0,3.0
T513772,Pago de servicios,v2,Lima,2,Normal,598.0,0,4.0
T513773,Pago de servicios,v2,Lima,5,Normal,285.7,0,3.0
T513774,Pago QR,v2,Trujillo,23,Normal,236.3,0,3.0
T513775,Consulta de saldo,v2,Lima,7,Normal,190.3,0,5.0
T513776,Pago de servicios,v2,Trujillo,16,Normal,81.3,0,5.0
T513777,Recarga celular,v1,Lima,8,Pico,94.0,0,5.0
T513778,Recarga celular,v1,Arequipa,21,Pico,257.3,0,4.0
T513779,Transferencia,v2,Lima,20,Pico,208.1,0,5.0
T513780,Consulta de saldo,v2,Trujillo,6,Normal,110.8,1,4.0
T513781,Recarga celular,v1,Trujillo,8,Pico,180.0,0,5.0
T513782,Recarga celular,v1,Lima,6,Normal,192.8,0,3.0
T513783,Transferencia,v1,Trujillo,9,Pico,413.5,0,4.0
T513784,Transferencia,v1,Lima,23,Normal,259.6,0,4.0
T513785,Pago QR,v2,Lima,19,Pico,348.3,0,4.0
T513786,Pago QR,v1,Arequipa,19,Pico,244.8,0,5.0
T513787,Consulta de saldo,v1,Lima,1,Normal,107.7,0,5.0
T513788,Transferencia,v1,Trujillo,18,Pico,818.0,0,2.0
T513789,Pago de servicios,v1,Trujillo,17,Normal,496.2,0,4.0
T513790,Consulta de saldo,v2,Lima,19,Pico,150.2,0,5.0
T513791,Pago QR,v2,Lima,0,Normal,165.6,0,4.0
T513792,Consulta de saldo,v2,Lima,16,Normal,264.0,0,4.0
T513793,Pago QR,v2,Lima,0,Normal,319.7,0,3.0
T513794,Transferencia,v1,Arequipa,19,Pico,425.4,0,3.0
T513795,Consulta de saldo,v1,Lima,10,Pico,134.5,0,4.0
T513796,Recarga celular,v1,Lima,16,Normal,137.7,0,4.0
T513797,Consulta de saldo,v1,Arequipa,5,Normal,100.9,0,4.0
T513798,Transferencia,v2,Lima,15,Normal,109.7,0,5.0
T513799,Pago QR,v1,Arequipa,12,Normal,112.8,0,5.0
T513800,Consulta de saldo,v1,Lima,8,Pico,129.3,0,5.0
T513801,Pago QR,v1,Lima,4,Normal,144.7,0,5.0
T513802,Pago QR,v2,Lima,14,Normal,144.8,0,4.0
T513803,Pago QR,v1,Arequipa,11,Normal,211.1,0,3.0
T513804,Pago de servicios,v1,Arequipa,10,Pico,565.6,0,3.0
T513805,Consulta de saldo,v2,Lima,11,Normal,226.1,0,3.0
T513806,Pago QR,v1,Trujillo,14,Normal,212.0,0,4.0
T513807,Consulta de saldo,v2,Arequipa,7,Normal,101.5,0,5.0
T513808,Consulta de saldo,v1,Lima,13,Normal,92.3,0,5.0
T513809,Transferencia,v1,Trujillo,5,Normal,147.2,0,5.0
T513810,Consulta de saldo,v2,Arequipa,11,Normal,71.8,0,4.0
T513811,Transferencia,v2,Lima,13,Normal,838.2,0,3.0
T513812,Pago QR,v2,Arequipa,15,Normal,99.8,0,5.0
T513813,Transferencia,v2,Lima,14,Normal,252.0,0,4.0
T513814,Recarga celular,v2,Trujillo,7,Normal,127.5,0,3.0
T513815,Recarga celular,v2,Lima,17,Normal,130.1,0,5.0
T513816,Recarga celular,v2,Trujillo,16,Normal,295.0,0,4.0
T513817,Pago de servicios,v1,Lima,22,Normal,292.1,0,3.0
T513818,Transferencia,v1,Lima,14,Normal,376.6,0,5.0
T513819,Pago de servicios,v2,Lima,3,Normal,265.5,0,3.0
T513820,Pago de servicios,v2,Lima,21,Pico,163.9,0,3.0
T513821,Pago QR,v1,Trujillo,7,Normal,513.6,0,4.0
T513822,Pago QR,v1,Lima,19,Pico,108.2,0,5.0
T513823,Pago QR,v2,Arequipa,18,Pico,361.4,0,4.0
T513824,Pago de servicios,v2,Lima,15,Normal,420.2,0,4.0
T513825,Transferencia,v1,Lima,23,Normal,584.0,0,4.0
T513826,Recarga celular,v2,Lima,17,Normal,113.8,0,4.0
T513827,Consulta de saldo,v2,Lima,13,Normal,47.2,0,5.0
T513828,Recarga celular,v2,Trujillo,11,Normal,98.9,0,5.0
T513829,Consulta de saldo,v1,Lima,6,Normal,40.5,0,5.0
T513830,Pago QR,v1,Lima,11,Normal,605.7,0,2.0
T513831,Pago de servicios,v2,Lima,2,Normal,281.9,0,4.0
T513832,Pago de servicios,v2,Lima,6,Normal,210.9,0,3.0
T513833,Transferencia,v2,Lima,0,Normal,264.8,0,5.0
T513834,Transferencia,v1,Lima,10,Pico,223.2,0,4.0
T513835,Transferencia,v1,Arequipa,19,Pico,462.0,0,4.0
T513836,Recarga celular,v2,Lima,23,Normal,351.7,0,3.0
T513837,Pago de servicios,v2,Arequipa,19,Pico,269.1,0,4.0
T513838,Recarga celular,v1,Lima,9,Pico,355.0,0,4.0
T513839,Recarga celular,v1,Arequipa,1,Normal,179.9,0,4.0
T513840,Pago QR,v1,Lima,21,Pico,384.6,0,5.0
T513841,Pago QR,v1,Lima,14,Normal,157.4,0,4.0
T513842,Consulta de saldo,v1,Trujillo,23,Normal,91.8,0,5.0
T513843,Pago de servicios,v2,Arequipa,22,Normal,74.4,0,5.0
T513844,Consulta de saldo,v1,Lima,12,Normal,117.8,0,5.0
T513845,Pago de servicios,v2,Trujillo,14,Normal,143.2,0,3.0
T513846,Pago de servicios,v1,Lima,18,Pico,1105.8,0,3.0
T513847,Transferencia,v2,Lima,14,Normal,163.8,0,5.0
T513848,Recarga celular,v2,Lima,18,Pico,139.4,0,4.0
T513849,Transferencia,v1,Lima,2,Normal,811.7,0,4.0
T513850,Transferencia,v1,Arequipa,16,Normal,243.1,0,5.0
T513851,Recarga celular,v2,Lima,22,Normal,186.5,0,5.0
T513852,Consulta de saldo,v1,Arequipa,9,Pico,209.3,0,5.0
T513853,Recarga celular,v1,Lima,11,Normal,162.9,0,4.0
T513854,Pago QR,v1,Trujillo,10,Pico,346.3,0,4.0
T513855,Pago de servicios,v2,Trujillo,16,Normal,182.3,0,4.0
T513856,Pago de servicios,v1,Lima,13,Normal,212.3,0,5.0
T513857,Transferencia,v2,Lima,15,Normal,549.0,0,3.0
T513858,Recarga celular,v1,Lima,18,Pico,153.8,0,3.0
T513859,Recarga celular,v2,Trujillo,9,Pico,404.8,0,5.0
T513860,Pago de servicios,v2,Arequipa,7,Normal,251.6,0,5.0
T513861,Pago de servicios,v1,Trujillo,4,Normal,370.9,0,3.0
T513862,Transferencia,v2,Lima,21,Pico,407.8,0,4.0
T513863,Pago de servicios,v2,Arequipa,10,Pico,380.7,1,2.0
T513864,Transferencia,v1,Lima,22,Normal,298.5,0,5.0
T513865,Transferencia,v1,Lima,3,Normal,160.2,0,4.0
T513866,Recarga celular,v1,Trujillo,5,Normal,182.3,0,5.0
T513867,Pago QR,v1,Trujillo,2,Normal,137.2,0,4.0
T513868,Pago QR,v2,Lima,20,Pico,339.9,0,4.0
T513869,Pago QR,v1,Lima,19,Pico,271.0,0,3.0
T513870,Pago QR,v1,Trujillo,9,Pico,376.7,0,5.0
T513871,Recarga celular,v1,Arequipa,22,Normal,156.7,0,4.0
T513872,Transferencia,v2,Arequipa,21,Pico,307.5,0,4.0
T513873,Pago de servicios,v2,Arequipa,8,Pico,81.8,0,
T513874,Pago QR,v1,Arequipa,3,Normal,929.8,0,2.0
T513875,Pago QR,v2,Lima,20,Pico,249.4,0,5.0
T513876,Pago de servicios,v2,Trujillo,11,Normal,203.4,0,4.0
T513877,Pago de servicios,v1,Trujillo,8,Pico,457.8,0,3.0
T513878,Transferencia,v2,Lima,20,Pico,406.0,0,4.0
T513879,Consulta de saldo,v2,Lima,6,Normal,33.0,0,5.0
T513880,Pago de servicios,v2,Lima,18,Pico,255.0,1,3.0
T513881,Consulta de saldo,v2,Arequipa,9,Pico,120.9,0,5.0
T513882,Transferencia,v1,Trujillo,23,Normal,124.5,0,5.0
T513883,Consulta de saldo,v2,Lima,12,Normal,96.4,0,4.0
T513884,Consulta de saldo,v1,Lima,21,Pico,200.8,0,4.0
T513885,Recarga celular,v1,Arequipa,21,Pico,228.5,0,4.0
T513886,Pago de servicios,v1,Trujillo,10,Pico,758.4,0,3.0
T513887,Pago de servicios,v1,Trujillo,10,Pico,635.3,0,4.0
T513888,Recarga celular,v1,Lima,16,Normal,208.8,0,4.0
T513889,Pago QR,v1,Lima,0,Normal,187.5,0,4.0
T513890,Transferencia,v1,Lima,17,Normal,182.3,0,5.0
T513891,Pago QR,v2,Trujillo,8,Pico,266.6,0,4.0
T513892,Pago de servicios,v2,Lima,16,Normal,336.0,0,4.0
T513893,Consulta de saldo,v1,Lima,5,Normal,160.7,0,5.0
T513894,Pago de servicios,v2,Lima,20,Pico,294.2,0,4.0
T513895,Pago QR,v2,Trujillo,23,Normal,282.5,0,4.0
T513896,Pago de servicios,v1,Lima,6,Normal,251.1,0,5.0
T513897,Transferencia,v2,Trujillo,7,Normal,108.7,0,4.0
T513898,Consulta de saldo,v1,Arequipa,10,Pico,82.9,0,5.0
T513899,Pago QR,v1,Arequipa,14,Normal,242.7,0,4.0
T513900,Consulta de saldo,v2,Lima,23,Normal,193.4,0,4.0
T513901,Consulta de saldo,v1,Trujillo,4,Normal,122.6,0,4.0
T513902,Pago QR,v1,Trujillo,1,Normal,98.6,0,4.0
T513903,Consulta de saldo,v1,Arequipa,18,Pico,101.3,0,4.0
T513904,Pago QR,v2,Lima,20,Pico,122.9,0,4.0
T513905,Transferencia,v1,Arequipa,13,Normal,216.9,0,4.0
T513906,Consulta de saldo,v1,Lima,3,Normal,53.8,0,5.0
T513907,Consulta de saldo,v2,Lima,21,Pico,93.5,0,5.0
T513908,Recarga celular,v1,Lima,22,Normal,135.5,0,4.0
T513909,Transferencia,v2,Trujillo,7,Normal,309.8,0,4.0
T513910,Pago QR,v2,Lima,22,Normal,88.5,0,
T513911,Consulta de saldo,v1,Lima,1,Normal,61.5,0,4.0
T513912,Consulta de saldo,v2,Arequipa,6,Normal,135.5,0,4.0
T513913,Transferencia,v1,Lima,14,Normal,249.4,1,4.0
T513914,Recarga celular,v2,Lima,3,Normal,175.9,0,4.0
T513915,Consulta de saldo,v2,Lima,16,Normal,59.9,0,5.0
T513916,Pago de servicios,v1,Trujillo,2,Normal,297.4,0,4.0
T513917,Transferencia,v2,Lima,16,Normal,801.6,0,3.0
T513918,Pago QR,v2,Lima,5,Normal,121.7,0,4.0
T513919,Consulta de saldo,v2,Arequipa,15,Normal,27.6,0,4.0
T513920,Transferencia,v2,Trujillo,9,Pico,266.0,0,4.0
T513921,Pago de servicios,v1,Lima,2,Normal,615.7,0,2.0
T513922,Consulta de saldo,v1,Arequipa,5,Normal,105.6,0,5.0
T513923,Consulta de saldo,v2,Trujillo,22,Normal,87.8,0,4.0
T513924,Transferencia,v1,Lima,5,Normal,219.1,0,4.0
T513925,Transferencia,v1,Lima,0,Normal,99.5,0,5.0
T513926,Transferencia,v1,Lima,10,Pico,165.8,0,3.0
T513927,Pago QR,v2,Lima,8,Pico,208.2,0,4.0
T513928,Transferencia,v2,Trujillo,8,Pico,415.9,0,5.0
T513929,Recarga celular,v2,Trujillo,7,Normal,169.2,0,4.0
T513930,Pago QR,v2,Arequipa,16,Normal,306.2,0,3.0
T513931,Recarga celular,v2,Arequipa,4,Normal,137.2,0,5.0
T513932,Pago de servicios,v1,Lima,22,Normal,302.4,0,1.0
T513933,Pago de servicios,v1,Arequipa,16,Normal,391.9,0,5.0
T513934,Recarga celular,v2,Lima,23,Normal,146.2,0,4.0
T513935,Recarga celular,v2,Lima,6,Normal,118.3,0,5.0
T513936,Transferencia,v1,Trujillo,12,Normal,203.3,0,4.0
T513937,Consulta de saldo,v2,Lima,3,Normal,64.1,0,4.0
T513938,Pago QR,v2,Arequipa,12,Normal,134.7,0,4.0
T513939,Consulta de saldo,v1,Trujillo,23,Normal,112.4,0,4.0
T513940,Consulta de saldo,v1,Trujillo,11,Normal,102.5,0,4.0
T513941,Consulta de saldo,v2,Lima,17,Normal,64.3,0,5.0
T513942,Pago QR,v1,Lima,0,Normal,342.5,0,2.0
T513943,Transferencia,v1,Lima,13,Normal,500.8,0,3.0
T513944,Pago QR,v1,Lima,19,Pico,244.6,0,4.0
T513945,Recarga celular,v1,Trujillo,3,Normal,150.1,0,5.0
T513946,Pago QR,v1,Arequipa,12,Normal,257.0,0,4.0
T513947,Transferencia,v1,Arequipa,2,Normal,142.0,0,4.0
T513948,Pago QR,v1,Arequipa,21,Pico,170.3,0,4.0
T513949,Transferencia,v2,Lima,6,Normal,211.5,0,4.0
T513950,Pago QR,v2,Arequipa,2,Normal,400.0,0,4.0
T513951,Pago QR,v2,Arequipa,4,Normal,158.2,0,5.0
T513952,Transferencia,v1,Trujillo,12,Normal,331.4,0,4.0
T513953,Consulta de saldo,v2,Lima,12,Normal,88.4,0,4.0
T513954,Pago de servicios,v2,Lima,8,Pico,225.1,0,4.0
T513955,Transferencia,v2,Lima,21,Pico,343.1,0,5.0
T513956,Consulta de saldo,v2,Lima,1,Normal,141.8,0,3.0
T513957,Recarga celular,v2,Lima,8,Pico,149.9,0,3.0
T513958,Pago de servicios,v1,Trujillo,5,Normal,247.7,0,5.0
T513959,Pago de servicios,v1,Lima,14,Normal,181.5,0,4.0
T513960,Consulta de saldo,v2,Lima,15,Normal,127.2,0,5.0
T513961,Transferencia,v2,Lima,17,Normal,205.8,0,4.0
T513962,Pago de servicios,v1,Lima,14,Normal,562.6,0,3.0
T513963,Transferencia,v1,Lima,7,Normal,916.9,0,3.0
T513964,Consulta de saldo,v1,Trujillo,22,Normal,177.5,0,5.0
T513965,Recarga celular,v2,Arequipa,20,Pico,211.2,0,5.0
T513966,Consulta de saldo,v1,Lima,13,Normal,64.0,0,4.0
T513967,Transferencia,v1,Lima,11,Normal,484.2,0,4.0
T513968,Pago QR,v2,Trujillo,4,Normal,205.8,0,5.0
T513969,Recarga celular,v2,Trujillo,2,Normal,144.7,0,5.0
T513970,Transferencia,v1,Lima,1,Normal,215.9,0,4.0
T513971,Transferencia,v2,Lima,17,Normal,354.6,0,3.0
T513972,Recarga celular,v1,Trujillo,21,Pico,303.8,0,3.0
T513973,Pago QR,v1,Trujillo,2,Normal,139.1,0,4.0
T513974,Pago QR,v1,Trujillo,9,Pico,248.8,0,4.0
T513975,Pago QR,v1,Trujillo,0,Normal,222.9,0,4.0
T513976,Pago de servicios,v2,Arequipa,15,Normal,497.0,0,4.0
T513977,Transferencia,v1,Lima,6,Normal,236.3,0,3.0
T513978,Pago de servicios,v1,Trujillo,4,Normal,236.1,0,4.0
T513979,Consulta de saldo,v1,Trujillo,11,Normal,131.2,0,4.0
T513980,Transferencia,v1,Trujillo,7,Normal,241.7,0,3.0
T513981,Transferencia,v2,Lima,3,Normal,116.5,0,5.0
T513982,Transferencia,v1,Lima,18,Pico,330.6,0,4.0
T513983,Consulta de saldo,v1,Lima,5,Normal,87.8,0,5.0
T513984,Recarga celular,v2,Arequipa,8,Pico,206.4,0,4.0
T513985,Transferencia,v1,Lima,14,Normal,144.7,0,4.0
T513986,Consulta de saldo,v2,Trujillo,22,Normal,215.1,0,5.0
T513987,Consulta de saldo,v2,Lima,14,Normal,115.0,0,5.0
T513988,Transferencia,v1,Lima,1,Normal,421.0,0,3.0
T513989,Pago QR,v1,Lima,16,Normal,158.3,0,5.0
T513990,Consulta de saldo,v2,Trujillo,8,Pico,151.5,0,4.0
T513991,Recarga celular,v2,Lima,0,Normal,250.5,0,4.0
T513992,Consulta de saldo,v2,Arequipa,1,Normal,103.6,0,3.0
T513993,Pago QR,v1,Lima,4,Normal,176.9,0,5.0
T513994,Recarga celular,v1,Lima,1,Normal,99.6,0,4.0
T513995,Consulta de saldo,v1,Arequipa,14,Normal,130.1,0,5.0
T513996,Consulta de saldo,v1,Trujillo,10,Pico,83.5,0,4.0
T513997,Consulta de saldo,v2,Lima,11,Normal,64.5,0,5.0
T513998,Transferencia,v2,Arequipa,4,Normal,474.1,0,3.0
T513999,Transferencia,v2,Arequipa,18,Pico,243.2,0,5.0
T514000,Pago de servicios,v1,Lima,22,Normal,268.7,0,5.0
T514001,Pago de servicios,v1,Lima,17,Normal,234.7,0,4.0
T514002,Pago QR,v1,Lima,7,Normal,98.1,0,4.0
T514003,Consulta de saldo,v2,Trujillo,13,Normal,156.7,0,5.0
T514004,Pago QR,v2,Arequipa,3,Normal,192.5,0,4.0
T514005,Transferencia,v2,Lima,21,Pico,183.3,0,4.0
T514006,Pago QR,v2,Lima,15,Normal,106.7,0,3.0
T514007,Consulta de saldo,v1,Lima,4,Normal,118.6,0,4.0
T514008,Pago de servicios,v1,Lima,17,Normal,213.2,0,5.0
T514009,Transferencia,v1,Lima,8,Pico,253.7,0,5.0
T514010,Transferencia,v1,Trujillo,4,Normal,272.2,0,3.0
T514011,Pago QR,v1,Arequipa,12,Normal,169.8,0,5.0
T514012,Pago de servicios,v2,Arequipa,16,Normal,474.0,0,3.0
T514013,Consulta de saldo,v1,Arequipa,5,Normal,73.3,0,5.0
T514014,Transferencia,v2,Lima,22,Normal,190.8,0,5.0
T514015,Consulta de saldo,v2,Arequipa,3,Normal,144.0,0,5.0
T514016,Transferencia,v1,Arequipa,21,Pico,406.3,0,3.0
T514017,Pago de servicios,v1,Trujillo,1,Normal,634.8,0,5.0
T514018,Consulta de saldo,v2,Trujillo,16,Normal,78.8,0,5.0
T514019,Transferencia,v1,Lima,17,Normal,428.7,0,2.0
T514020,Pago QR,v1,Lima,21,Pico,324.2,0,4.0
T514021,Consulta de saldo,v1,Arequipa,12,Normal,69.3,0,4.0
T514022,Consulta de saldo,v2,Arequipa,15,Normal,81.8,0,5.0
T514023,Consulta de saldo,v2,Lima,18,Pico,119.1,0,5.0
T514024,Consulta de saldo,v2,Trujillo,12,Normal,66.2,0,5.0
T514025,Transferencia,v2,Lima,4,Normal,206.5,0,5.0
T514026,Transferencia,v1,Lima,16,Normal,281.7,0,4.0
T514027,Pago de servicios,v2,Lima,1,Normal,277.3,0,4.0
T514028,Transferencia,v2,Arequipa,1,Normal,189.5,0,4.0
T514029,Transferencia,v1,Lima,21,Pico,591.4,0,3.0
T514030,Recarga celular,v2,Lima,3,Normal,159.2,0,4.0
T514031,Transferencia,v1,Trujillo,18,Pico,264.1,0,4.0
T514032,Pago de servicios,v2,Lima,23,Normal,280.8,0,4.0
T514033,Consulta de saldo,v2,Trujillo,22,Normal,109.1,0,4.0
T514034,Consulta de saldo,v1,Arequipa,17,Normal,152.2,0,5.0
T514035,Transferencia,v2,Trujillo,9,Pico,322.2,0,4.0
T514036,Transferencia,v2,Trujillo,22,Normal,265.6,0,4.0
T514037,Transferencia,v2,Trujillo,6,Normal,185.1,0,5.0
T514038,Pago QR,v1,Lima,16,Normal,231.0,0,4.0
T514039,Consulta de saldo,v2,Lima,20,Pico,130.3,0,5.0
T514040,Pago QR,v1,Lima,4,Normal,140.8,0,3.0
T514041,Recarga celular,v1,Arequipa,2,Normal,227.9,0,5.0
T514042,Pago de servicios,v1,Lima,14,Normal,461.5,0,4.0
T514043,Pago QR,v2,Trujillo,12,Normal,220.8,0,5.0
T514044,Consulta de saldo,v1,Arequipa,14,Normal,77.2,0,5.0
T514045,Recarga celular,v1,Arequipa,1,Normal,188.3,0,5.0
T514046,Consulta de saldo,v2,Trujillo,5,Normal,143.8,0,5.0
T514047,Pago QR,v2,Lima,19,Pico,136.6,0,4.0
T514048,Consulta de saldo,v2,Lima,13,Normal,79.0,0,5.0
T514049,Transferencia,v2,Lima,17,Normal,356.7,0,3.0
T514050,Pago QR,v1,Arequipa,13,Normal,358.6,0,4.0
T514051,Pago QR,v1,Lima,22,Normal,325.0,0,4.0
T514052,Consulta de saldo,v2,Arequipa,4,Normal,89.3,0,5.0
T514053,Pago QR,v2,Lima,0,Normal,216.8,0,4.0
T514054,Transferencia,v1,Arequipa,11,Normal,711.3,0,3.0
T514055,Transferencia,v2,Arequipa,14,Normal,343.4,0,4.0
T514056,Pago de servicios,v1,Arequipa,22,Normal,251.5,0,4.0
T514057,Transferencia,v1,Lima,21,Pico,284.3,0,4.0
T514058,Recarga celular,v2,Trujillo,11,Normal,127.8,0,4.0
T514059,Consulta de saldo,v1,Lima,3,Normal,97.0,0,5.0
T514060,Recarga celular,v1,Lima,15,Normal,203.3,0,3.0
T514061,Consulta de saldo,v1,Lima,3,Normal,48.6,0,5.0
T514062,Pago QR,v2,Lima,6,Normal,179.3,0,5.0
T514063,Recarga celular,v2,Arequipa,12,Normal,78.2,0,5.0
T514064,Transferencia,v1,Lima,0,Normal,271.4,0,3.0
T514065,Consulta de saldo,v1,Trujillo,11,Normal,111.4,0,4.0
T514066,Transferencia,v1,Lima,20,Pico,194.2,0,4.0
T514067,Pago QR,v1,Lima,1,Normal,109.4,0,5.0
T514068,Consulta de saldo,v1,Lima,16,Normal,125.6,0,5.0
T514069,Pago QR,v2,Lima,5,Normal,121.6,1,3.0
T514070,Transferencia,v2,Lima,19,Pico,190.4,0,4.0
T514071,Pago de servicios,v2,Trujillo,1,Normal,713.9,0,2.0
T514072,Transferencia,v2,Lima,18,Pico,334.8,0,3.0
T514073,Consulta de saldo,v2,Arequipa,6,Normal,107.4,0,3.0
T514074,Transferencia,v2,Lima,6,Normal,95.0,0,5.0
T514075,Consulta de saldo,v1,Arequipa,21,Pico,110.1,0,4.0
T514076,Pago de servicios,v1,Arequipa,12,Normal,377.7,0,3.0
T514077,Pago de servicios,v1,Arequipa,11,Normal,248.0,0,3.0
T514078,Pago QR,v1,Arequipa,12,Normal,225.1,0,4.0
T514079,Pago QR,v1,Trujillo,5,Normal,467.6,0,4.0
T514080,Transferencia,v2,Lima,18,Pico,100.4,0,5.0
T514081,Transferencia,v2,Arequipa,20,Pico,262.8,0,4.0
T514082,Pago QR,v2,Lima,20,Pico,445.3,0,3.0
T514083,Transferencia,v1,Lima,19,Pico,419.9,0,4.0
T514084,Transferencia,v1,Arequipa,15,Normal,334.4,0,3.0
T514085,Transferencia,v1,Lima,19,Pico,376.3,0,4.0
T514086,Pago QR,v2,Trujillo,10,Pico,203.4,0,4.0
T514087,Transferencia,v1,Arequipa,8,Pico,457.3,0,3.0
T514088,Recarga celular,v1,Lima,4,Normal,341.6,0,5.0
T514089,Pago QR,v2,Lima,18,Pico,225.2,0,4.0
T514090,Transferencia,v1,Lima,16,Normal,229.3,1,3.0
T514091,Consulta de saldo,v1,Trujillo,23,Normal,132.4,0,4.0
T514092,Transferencia,v2,Arequipa,20,Pico,459.3,0,3.0
T514093,Transferencia,v1,Lima,18,Pico,335.1,0,5.0
T514094,Transferencia,v1,Lima,21,Pico,265.0,0,4.0
T514095,Recarga celular,v2,Lima,10,Pico,190.3,0,5.0
T514096,Pago de servicios,v1,Trujillo,13,Normal,103.2,0,5.0
T514097,Pago QR,v2,Arequipa,23,Normal,108.0,0,5.0
T514098,Pago de servicios,v1,Lima,15,Normal,283.0,1,2.0
T514099,Consulta de saldo,v1,Lima,7,Normal,168.5,0,5.0
T514100,Consulta de saldo,v1,Lima,5,Normal,62.8,0,3.0
T514101,Transferencia,v1,Arequipa,3,Normal,268.4,0,4.0
T514102,Transferencia,v2,Arequipa,7,Normal,328.6,0,5.0
T514103,Pago de servicios,v2,Lima,5,Normal,235.0,0,5.0
T514104,Transferencia,v1,Arequipa,16,Normal,348.3,0,3.0
T514105,Pago QR,v1,Lima,4,Normal,353.0,0,3.0
T514106,Pago QR,v1,Trujillo,0,Normal,322.2,0,4.0
T514107,Consulta de saldo,v2,Trujillo,19,Pico,131.5,0,4.0
T514108,Transferencia,v2,Trujillo,7,Normal,175.7,0,4.0
T514109,Pago QR,v2,Arequipa,23,Normal,296.0,0,4.0
T514110,Pago de servicios,v1,Trujillo,8,Pico,398.8,0,4.0
T514111,Pago de servicios,v1,Arequipa,2,Normal,271.3,0,4.0
T514112,Pago QR,v2,Trujillo,12,Normal,258.6,0,5.0
T514113,Pago de servicios,v1,Lima,5,Normal,288.9,0,4.0
T514114,Pago QR,v2,Trujillo,14,Normal,92.7,0,5.0
T514115,Pago QR,v2,Arequipa,12,Normal,182.7,0,5.0
T514116,Consulta de saldo,v1,Trujillo,17,Normal,115.7,0,4.0
T514117,Recarga celular,v2,Trujillo,13,Normal,311.0,0,3.0
T514118,Transferencia,v2,Lima,1,Normal,298.5,0,3.0
T514119,Consulta de saldo,v2,Arequipa,9,Pico,133.4,0,5.0
T514120,Consulta de saldo,v1,Trujillo,6,Normal,74.6,0,5.0
T514121,Recarga celular,v1,Lima,12,Normal,192.6,0,4.0
T514122,Pago de servicios,v2,Trujillo,6,Normal,423.9,0,4.0
T514123,Pago QR,v1,Arequipa,19,Pico,339.8,0,3.0
T514124,Pago QR,v1,Lima,13,Normal,126.9,0,5.0
T514125,Recarga celular,v2,Arequipa,15,Normal,469.9,0,4.0
T514126,Consulta de saldo,v1,Arequipa,7,Normal,106.8,0,5.0
T514127,Pago QR,v1,Trujillo,18,Pico,263.5,0,4.0
T514128,Transferencia,v1,Arequipa,16,Normal,130.6,0,4.0
T514129,Consulta de saldo,v2,Lima,12,Normal,214.2,0,4.0
T514130,Transferencia,v1,Trujillo,1,Normal,411.0,0,3.0
T514131,Recarga celular,v1,Lima,5,Normal,133.1,0,4.0
T514132,Transferencia,v1,Arequipa,22,Normal,224.9,0,3.0
T514133,Transferencia,v2,Arequipa,4,Normal,174.7,0,4.0
T514134,Transferencia,v1,Lima,4,Normal,156.3,0,4.0
T514135,Consulta de saldo,v2,Lima,20,Pico,134.8,0,5.0
T514136,Transferencia,v1,Trujillo,8,Pico,498.5,0,3.0
T514137,Pago QR,v1,Trujillo,6,Normal,685.5,0,3.0
T514138,Recarga celular,v1,Trujillo,17,Normal,128.4,0,5.0
T514139,Transferencia,v1,Lima,4,Normal,539.3,0,4.0
T514140,Consulta de saldo,v1,Lima,13,Normal,150.7,0,4.0
T514141,Transferencia,v1,Lima,16,Normal,264.6,0,3.0
T514142,Pago QR,v1,Lima,4,Normal,96.4,0,4.0
T514143,Pago QR,v2,Lima,8,Pico,164.7,0,3.0
T514144,Recarga celular,v2,Trujillo,9,Pico,243.0,0,4.0
T514145,Transferencia,v2,Lima,19,Pico,485.2,0,4.0
T514146,Transferencia,v1,Lima,18,Pico,308.0,0,5.0
T514147,Pago de servicios,v1,Lima,13,Normal,426.7,0,3.0
T514148,Transferencia,v2,Arequipa,0,Normal,163.9,0,5.0
T514149,Consulta de saldo,v2,Lima,1,Normal,125.1,0,5.0
T514150,Pago QR,v1,Lima,11,Normal,323.2,0,5.0
T514151,Pago QR,v1,Lima,15,Normal,1101.1,0,3.0
T514152,Recarga celular,v2,Lima,1,Normal,117.9,0,5.0
T514153,Recarga celular,v2,Trujillo,22,Normal,175.5,0,4.0
T514154,Transferencia,v2,Trujillo,20,Pico,271.8,0,5.0
T514155,Transferencia,v2,Trujillo,10,Pico,749.7,0,3.0
T514156,Recarga celular,v2,Lima,22,Normal,172.4,0,4.0
T514157,Transferencia,v2,Lima,12,Normal,215.2,1,3.0
T514158,Transferencia,v1,Lima,9,Pico,351.0,0,4.0
T514159,Pago QR,v2,Lima,9,Pico,421.8,0,4.0
T514160,Transferencia,v1,Arequipa,7,Normal,358.4,1,3.0
T514161,Pago QR,v2,Lima,9,Pico,121.6,0,3.0
T514162,Pago de servicios,v2,Arequipa,4,Normal,184.4,0,4.0
T514163,Recarga celular,v1,Lima,19,Pico,236.0,1,3.0
T514164,Pago de servicios,v1,Trujillo,15,Normal,329.7,0,5.0
T514165,Consulta de saldo,v2,Lima,6,Normal,176.7,0,5.0
T514166,Recarga celular,v1,Trujillo,1,Normal,363.6,0,4.0
T514167,Transferencia,v1,Lima,8,Pico,385.0,0,4.0
T514168,Pago de servicios,v1,Trujillo,16,Normal,914.0,0,3.0
T514169,Consulta de saldo,v2,Lima,10,Pico,69.9,0,4.0
T514170,Recarga celular,v1,Arequipa,14,Normal,212.2,0,4.0
T514171,Recarga celular,v1,Lima,12,Normal,103.2,0,5.0
T514172,Recarga celular,v2,Arequipa,1,Normal,156.7,0,5.0
T514173,Pago de servicios,v2,Arequipa,14,Normal,617.6,0,4.0
T514174,Pago QR,v1,Lima,21,Pico,820.5,0,2.0
T514175,Consulta de saldo,v2,Arequipa,3,Normal,102.8,0,4.0
T514176,Transferencia,v1,Lima,15,Normal,145.5,0,5.0
T514177,Transferencia,v1,Lima,17,Normal,242.6,0,3.0
T514178,Recarga celular,v1,Arequipa,13,Normal,193.7,0,4.0
T514179,Pago QR,v1,Arequipa,16,Normal,158.4,0,5.0
T514180,Transferencia,v1,Arequipa,2,Normal,262.8,0,5.0
T514181,Pago de servicios,v2,Lima,23,Normal,365.3,0,
T514182,Recarga celular,v2,Trujillo,22,Normal,148.4,0,3.0
T514183,Pago de servicios,v2,Trujillo,16,Normal,505.9,0,3.0
T514184,Pago de servicios,v1,Arequipa,20,Pico,709.4,0,2.0
T514185,Pago QR,v1,Arequipa,4,Normal,174.6,0,4.0
T514186,Pago QR,v1,Trujillo,7,Normal,100.4,0,4.0
T514187,Recarga celular,v2,Lima,21,Pico,205.9,0,3.0
T514188,Pago QR,v2,Arequipa,3,Normal,194.5,0,4.0
T514189,Recarga celular,v2,Arequipa,23,Normal,129.4,0,5.0
T514190,Transferencia,v2,Lima,19,Pico,246.9,0,4.0
T514191,Consulta de saldo,v2,Lima,14,Normal,87.4,0,5.0
T514192,Pago QR,v2,Arequipa,20,Pico,396.8,0,3.0
T514193,Pago QR,v2,Arequipa,8,Pico,209.7,0,4.0
T514194,Pago QR,v1,Lima,15,Normal,242.6,0,5.0
T514195,Pago QR,v1,Trujillo,22,Normal,307.3,0,4.0
T514196,Transferencia,v1,Arequipa,19,Pico,130.5,0,4.0
T514197,Pago QR,v2,Lima,0,Normal,314.5,0,
T514198,Recarga celular,v1,Trujillo,9,Pico,75.1,0,3.0
T514199,Consulta de saldo,v2,Lima,22,Normal,121.3,0,5.0
T514200,Pago QR,v1,Lima,6,Normal,321.8,0,5.0
T514201,Consulta de saldo,v1,Lima,15,Normal,76.7,0,5.0
T514202,Consulta de saldo,v2,Lima,6,Normal,63.7,0,4.0
T514203,Consulta de saldo,v2,Lima,20,Pico,105.9,0,5.0
T514204,Transferencia,v1,Lima,21,Pico,393.4,0,3.0
T514205,Transferencia,v1,Arequipa,17,Normal,221.5,0,5.0
T514206,Pago de servicios,v2,Lima,5,Normal,367.8,0,4.0
T514207,Consulta de saldo,v2,Lima,3,Normal,233.0,0,4.0
T514208,Transferencia,v2,Arequipa,23,Normal,214.0,0,4.0
T514209,Transferencia,v1,Lima,9,Pico,376.7,0,4.0
T514210,Pago QR,v2,Lima,3,Normal,199.4,0,4.0
T514211,Recarga celular,v2,Lima,17,Normal,138.8,0,4.0
T514212,Pago QR,v2,Lima,14,Normal,217.4,0,4.0
T514213,Pago de servicios,v2,Arequipa,11,Normal,416.4,0,5.0
T514214,Pago QR,v1,Lima,5,Normal,269.2,0,5.0
T514215,Transferencia,v1,Trujillo,19,Pico,224.4,0,5.0
T514216,Consulta de saldo,v2,Trujillo,19,Pico,71.4,0,5.0
T514217,Recarga celular,v2,Arequipa,2,Normal,149.4,0,4.0
T514218,Transferencia,v2,Lima,0,Normal,424.1,0,4.0
T514219,Transferencia,v1,Arequipa,18,Pico,477.0,0,4.0
T514220,Transferencia,v2,Lima,0,Normal,258.7,0,3.0
T514221,Pago QR,v2,Arequipa,17,Normal,347.3,0,3.0
T514222,Consulta de saldo,v1,Lima,19,Pico,145.3,0,
T514223,Consulta de saldo,v1,Trujillo,14,Normal,126.6,0,4.0
T514224,Pago de servicios,v2,Lima,1,Normal,238.5,0,5.0
T514225,Pago de servicios,v1,Lima,19,Pico,293.4,0,5.0
T514226,Transferencia,v1,Trujillo,9,Pico,160.9,0,5.0
T514227,Pago QR,v1,Lima,19,Pico,190.7,0,4.0
T514228,Consulta de saldo,v2,Arequipa,2,Normal,95.7,0,5.0
T514229,Recarga celular,v1,Trujillo,21,Pico,82.7,0,3.0
T514230,Transferencia,v2,Lima,21,Pico,493.7,0,4.0
T514231,Pago QR,v1,Arequipa,3,Normal,151.8,0,5.0
T514232,Consulta de saldo,v1,Lima,13,Normal,194.3,0,4.0
T514233,Consulta de saldo,v2,Lima,16,Normal,65.9,0,5.0
T514234,Transferencia,v1,Trujillo,13,Normal,519.5,0,3.0
T514235,Recarga celular,v1,Arequipa,1,Normal,189.0,0,4.0
T514236,Pago QR,v2,Trujillo,9,Pico,665.7,0,4.0
T514237,Consulta de saldo,v2,Trujillo,17,Normal,102.9,0,5.0
T514238,Pago de servicios,v1,Trujillo,6,Normal,337.8,0,3.0
T514239,Transferencia,v1,Lima,18,Pico,491.6,0,3.0
T514240,Pago QR,v2,Lima,3,Normal,146.2,0,5.0
T514241,Consulta de saldo,v2,Trujillo,3,Normal,103.8,0,3.0
T514242,Transferencia,v2,Trujillo,10,Pico,256.0,0,5.0
T514243,Pago QR,v2,Trujillo,22,Normal,375.8,0,3.0
T514244,Pago QR,v1,Trujillo,9,Pico,87.9,0,5.0
T514245,Pago QR,v2,Arequipa,16,Normal,285.6,0,5.0
T514246,Consulta de saldo,v2,Lima,3,Normal,123.2,0,4.0
T514247,Transferencia,v1,Trujillo,0,Normal,239.1,0,4.0
T514248,Transferencia,v2,Trujillo,16,Normal,264.5,0,4.0
T514249,Consulta de saldo,v1,Lima,2,Normal,135.2,0,4.0
T514250,Transferencia,v1,Lima,20,Pico,335.6,0,4.0
T514251,Recarga celular,v2,Lima,0,Normal,124.0,0,5.0
T514252,Pago QR,v2,Lima,19,Pico,453.2,0,4.0
T514253,Pago QR,v1,Arequipa,16,Normal,188.8,0,5.0
T514254,Consulta de saldo,v2,Arequipa,5,Normal,226.3,0,5.0
T514255,Pago de servicios,v1,Lima,7,Normal,297.4,0,5.0
T514256,Consulta de saldo,v2,Arequipa,14,Normal,142.6,0,4.0
T514257,Pago QR,v2,Lima,13,Normal,304.5,0,5.0
T514258,Recarga celular,v1,Trujillo,4,Normal,276.8,0,4.0
T514259,Transferencia,v1,Arequipa,9,Pico,429.7,0,3.0
T514260,Consulta de saldo,v2,Arequipa,13,Normal,218.4,0,4.0
T514261,Pago QR,v2,Lima,20,Pico,169.1,0,5.0
T514262,Consulta de saldo,v1,Arequipa,6,Normal,248.8,0,3.0
T514263,Pago de servicios,v2,Trujillo,21,Pico,205.3,0,4.0
T514264,Consulta de saldo,v2,Trujillo,7,Normal,36.5,0,5.0
T514265,Transferencia,v1,Lima,23,Normal,342.7,0,4.0
T514266,Pago QR,v1,Lima,3,Normal,230.0,0,4.0
T514267,Transferencia,v2,Lima,4,Normal,224.5,0,5.0
T514268,Pago QR,v2,Arequipa,7,Normal,223.1,0,4.0
T514269,Transferencia,v2,Arequipa,7,Normal,160.6,0,4.0
T514270,Consulta de saldo,v1,Trujillo,4,Normal,149.6,0,5.0
T514271,Consulta de saldo,v1,Lima,22,Normal,57.2,0,5.0
T514272,Transferencia,v2,Lima,13,Normal,148.4,0,4.0
T514273,Pago QR,v2,Trujillo,16,Normal,201.5,0,4.0
T514274,Pago de servicios,v2,Trujillo,21,Pico,336.0,0,4.0
T514275,Consulta de saldo,v1,Lima,17,Normal,109.7,0,5.0
T514276,Pago de servicios,v1,Lima,9,Pico,598.5,0,3.0
T514277,Recarga celular,v1,Lima,4,Normal,130.7,0,4.0
T514278,Pago de servicios,v1,Arequipa,22,Normal,575.0,0,3.0
T514279,Recarga celular,v2,Trujillo,23,Normal,156.5,0,4.0
T514280,Recarga celular,v2,Lima,23,Normal,173.8,0,5.0
T514281,Pago de servicios,v1,Arequipa,10,Pico,340.9,0,5.0
T514282,Consulta de saldo,v2,Lima,14,Normal,138.2,0,4.0
T514283,Recarga celular,v2,Trujillo,12,Normal,85.8,0,5.0
T514284,Recarga celular,v2,Lima,9,Pico,93.0,0,5.0
T514285,Pago QR,v2,Lima,20,Pico,424.3,0,3.0
T514286,Transferencia,v1,Arequipa,2,Normal,255.3,0,4.0
T514287,Transferencia,v2,Lima,13,Normal,455.6,0,3.0
T514288,Pago de servicios,v1,Trujillo,15,Normal,355.8,0,3.0
T514289,Consulta de saldo,v1,Lima,20,Pico,173.4,0,5.0
T514290,Pago QR,v1,Arequipa,8,Pico,272.0,0,4.0
T514291,Pago QR,v1,Lima,2,Normal,264.1,0,3.0
T514292,Transferencia,v1,Lima,21,Pico,796.5,0,2.0
T514293,Transferencia,v1,Trujillo,10,Pico,168.2,0,5.0
T514294,Transferencia,v2,Arequipa,6,Normal,508.7,0,
T514295,Transferencia,v2,Trujillo,3,Normal,269.1,0,4.0
T514296,Pago QR,v2,Arequipa,23,Normal,208.3,0,4.0
T514297,Pago QR,v1,Lima,15,Normal,137.3,0,5.0
T514298,Pago QR,v1,Trujillo,0,Normal,110.8,0,4.0
T514299,Pago QR,v1,Lima,7,Normal,229.8,0,4.0
T514300,Transferencia,v2,Arequipa,0,Normal,418.1,0,4.0
T514301,Transferencia,v1,Lima,20,Pico,361.8,0,4.0
T514302,Recarga celular,v1,Lima,13,Normal,268.6,0,4.0
T514303,Recarga celular,v1,Arequipa,5,Normal,183.4,0,5.0
T514304,Transferencia,v1,Arequipa,11,Normal,392.5,0,4.0
T514305,Pago QR,v1,Arequipa,8,Pico,365.6,0,4.0
T514306,Pago QR,v1,Arequipa,10,Pico,349.3,0,2.0
T514307,Recarga celular,v1,Lima,2,Normal,117.5,0,5.0
T514308,Recarga celular,v2,Lima,0,Normal,84.1,0,4.0
T514309,Consulta de saldo,v1,Lima,16,Normal,104.7,0,5.0
T514310,Transferencia,v2,Lima,5,Normal,209.8,0,4.0
T514311,Transferencia,v2,Trujillo,1,Normal,223.2,0,5.0
T514312,Pago de servicios,v1,Lima,17,Normal,393.4,0,3.0
T514313,Transferencia,v1,Lima,16,Normal,242.4,1,3.0
T514314,Pago QR,v2,Lima,16,Normal,205.7,0,3.0
T514315,Transferencia,v1,Lima,6,Normal,282.5,0,4.0
T514316,Recarga celular,v2,Lima,20,Pico,176.0,0,4.0
T514317,Pago QR,v1,Trujillo,22,Normal,176.3,0,4.0
T514318,Consulta de saldo,v2,Arequipa,8,Pico,183.9,0,5.0
T514319,Pago QR,v1,Trujillo,3,Normal,194.4,0,4.0
T514320,Consulta de saldo,v2,Trujillo,14,Normal,83.4,0,5.0
T514321,Transferencia,v1,Trujillo,23,Normal,291.3,0,4.0
T514322,Pago QR,v1,Arequipa,5,Normal,326.7,0,4.0
T514323,Recarga celular,v2,Lima,12,Normal,234.8,0,5.0
T514324,Transferencia,v1,Lima,19,Pico,381.5,0,3.0
T514325,Pago de servicios,v2,Lima,1,Normal,396.3,0,3.0
T514326,Pago QR,v1,Lima,19,Pico,181.7,0,5.0
T514327,Pago QR,v1,Trujillo,14,Normal,212.0,0,5.0
T514328,Transferencia,v2,Arequipa,2,Normal,367.3,0,5.0
T514329,Transferencia,v1,Lima,19,Pico,642.5,0,3.0
T514330,Pago QR,v2,Trujillo,2,Normal,127.8,0,4.0
T514331,Pago QR,v1,Trujillo,0,Normal,500.0,0,4.0
T514332,Recarga celular,v1,Lima,12,Normal,109.5,0,4.0
T514333,Pago QR,v1,Trujillo,3,Normal,200.6,0,5.0
T514334,Pago QR,v2,Trujillo,9,Pico,185.0,0,4.0
T514335,Recarga celular,v2,Arequipa,17,Normal,116.7,0,5.0
T514336,Pago de servicios,v2,Lima,11,Normal,493.6,0,4.0
T514337,Recarga celular,v2,Trujillo,0,Normal,190.5,0,4.0
T514338,Pago QR,v2,Lima,9,Pico,294.6,0,4.0
T514339,Pago de servicios,v1,Lima,16,Normal,301.0,0,5.0
T514340,Pago QR,v2,Arequipa,5,Normal,158.9,0,3.0
T514341,Pago de servicios,v2,Lima,18,Pico,282.5,0,4.0
T514342,Transferencia,v2,Trujillo,19,Pico,126.2,0,4.0
T514343,Pago QR,v2,Trujillo,13,Normal,109.1,0,5.0
T514344,Pago QR,v1,Lima,2,Normal,102.3,0,4.0
T514345,Recarga celular,v2,Lima,15,Normal,154.6,0,4.0
T514346,Pago de servicios,v2,Arequipa,21,Pico,360.7,0,4.0
T514347,Transferencia,v2,Lima,12,Normal,280.8,0,3.0
T514348,Consulta de saldo,v1,Trujillo,2,Normal,47.2,0,4.0
T514349,Recarga celular,v1,Lima,17,Normal,134.8,1,3.0
T514350,Recarga celular,v2,Lima,16,Normal,197.3,0,4.0
T514351,Pago QR,v2,Lima,10,Pico,366.9,0,5.0
T514352,Transferencia,v1,Lima,12,Normal,362.9,0,4.0
T514353,Pago de servicios,v2,Trujillo,4,Normal,387.7,0,1.0
T514354,Consulta de saldo,v2,Lima,2,Normal,70.5,0,4.0
T514355,Transferencia,v1,Trujillo,1,Normal,222.7,0,5.0
T514356,Transferencia,v1,Lima,22,Normal,290.6,0,4.0
T514357,Pago QR,v1,Lima,15,Normal,401.5,0,4.0
T514358,Pago QR,v1,Lima,9,Pico,134.4,0,5.0
T514359,Recarga celular,v2,Trujillo,10,Pico,192.5,0,5.0
T514360,Consulta de saldo,v2,Trujillo,21,Pico,64.1,0,4.0
T514361,Consulta de saldo,v1,Trujillo,21,Pico,162.5,0,4.0
T514362,Transferencia,v2,Arequipa,15,Normal,247.2,0,4.0
T514363,Pago QR,v2,Arequipa,3,Normal,87.9,0,5.0
T514364,Pago QR,v1,Lima,12,Normal,68.3,0,5.0
T514365,Transferencia,v2,Trujillo,3,Normal,157.6,0,4.0
T514366,Consulta de saldo,v2,Lima,6,Normal,102.5,0,5.0
T514367,Recarga celular,v1,Arequipa,15,Normal,221.1,0,5.0
T514368,Recarga celular,v1,Lima,13,Normal,135.6,0,4.0
T514369,Transferencia,v2,Lima,0,Normal,221.4,0,4.0
T514370,Pago de servicios,v2,Lima,0,Normal,382.1,0,4.0
T514371,Pago de servicios,v1,Arequipa,7,Normal,205.3,0,
T514372,Transferencia,v1,Trujillo,11,Normal,231.9,0,4.0
T514373,Pago de servicios,v1,Lima,4,Normal,671.0,0,2.0
T514374,Transferencia,v2,Lima,16,Normal,171.8,0,4.0
T514375,Transferencia,v1,Lima,20,Pico,368.7,0,3.0
T514376,Pago de servicios,v2,Lima,20,Pico,378.5,0,4.0
T514377,Pago QR,v1,Trujillo,18,Pico,2687.1,0,1.0
T514378,Transferencia,v2,Trujillo,10,Pico,86.2,0,5.0
T514379,Recarga celular,v1,Trujillo,21,Pico,203.4,0,4.0
T514380,Pago de servicios,v2,Arequipa,18,Pico,386.3,1,2.0
T514381,Transferencia,v1,Lima,5,Normal,158.8,0,4.0
T514382,Transferencia,v1,Trujillo,1,Normal,239.5,0,4.0
T514383,Pago QR,v1,Trujillo,1,Normal,431.7,0,5.0
T514384,Pago QR,v2,Trujillo,10,Pico,242.4,0,4.0
T514385,Transferencia,v1,Lima,12,Normal,257.4,0,4.0
T514386,Recarga celular,v2,Trujillo,18,Pico,94.9,0,5.0
T514387,Pago de servicios,v2,Lima,6,Normal,144.1,0,4.0
T514388,Pago QR,v2,Lima,5,Normal,306.8,0,4.0
T514389,Consulta de saldo,v1,Lima,13,Normal,118.3,0,4.0
T514390,Recarga celular,v2,Lima,19,Pico,173.6,0,4.0
T514391,Recarga celular,v2,Lima,5,Normal,255.1,0,4.0
T514392,Recarga celular,v2,Arequipa,18,Pico,191.2,0,5.0
T514393,Pago QR,v2,Arequipa,5,Normal,241.2,0,4.0
T514394,Pago QR,v1,Trujillo,21,Pico,419.5,0,4.0
T514395,Pago QR,v1,Lima,12,Normal,294.6,0,4.0
T514396,Pago de servicios,v2,Arequipa,0,Normal,151.9,0,4.0
T514397,Consulta de saldo,v2,Lima,7,Normal,53.0,0,5.0
T514398,Consulta de saldo,v1,Lima,8,Pico,111.0,0,5.0
T514399,Consulta de saldo,v1,Lima,16,Normal,57.9,0,4.0
T514400,Pago de servicios,v1,Arequipa,8,Pico,308.3,0,3.0
T514401,Pago de servicios,v2,Lima,16,Normal,240.3,0,3.0
T514402,Transferencia,v1,Lima,1,Normal,343.4,0,5.0
T514403,Transferencia,v2,Lima,7,Normal,183.6,0,4.0
T514404,Pago QR,v2,Lima,18,Pico,191.7,0,4.0
T514405,Pago QR,v2,Trujillo,4,Normal,381.9,0,5.0
T514406,Pago QR,v2,Lima,4,Normal,225.8,0,4.0
T514407,Pago de servicios,v2,Lima,12,Normal,125.6,0,4.0
T514408,Recarga celular,v2,Lima,13,Normal,176.6,0,4.0
T514409,Recarga celular,v1,Lima,23,Normal,118.1,0,5.0
T514410,Pago de servicios,v2,Lima,16,Normal,246.5,0,5.0
T514411,Pago QR,v1,Lima,10,Pico,205.9,0,5.0
T514412,Transferencia,v1,Trujillo,2,Normal,294.1,0,4.0
T514413,Transferencia,v2,Arequipa,12,Normal,556.9,0,3.0
T514414,Transferencia,v1,Trujillo,23,Normal,302.8,0,4.0
T514415,Consulta de saldo,v2,Lima,9,Pico,121.4,0,4.0
T514416,Pago de servicios,v1,Trujillo,11,Normal,279.1,0,3.0
T514417,Transferencia,v2,Lima,16,Normal,258.3,0,4.0
T514418,Transferencia,v1,Trujillo,11,Normal,293.8,0,5.0
T514419,Recarga celular,v1,Trujillo,15,Normal,222.1,0,
T514420,Transferencia,v1,Lima,9,Pico,95.4,0,3.0
T514421,Consulta de saldo,v2,Lima,3,Normal,133.8,0,
T514422,Pago de servicios,v1,Lima,9,Pico,425.4,0,4.0
T514423,Consulta de saldo,v1,Arequipa,18,Pico,135.8,0,4.0
T514424,Transferencia,v1,Lima,8,Pico,301.2,0,4.0
T514425,Pago QR,v1,Lima,4,Normal,181.2,0,3.0
T514426,Recarga celular,v1,Lima,5,Normal,173.9,0,4.0
T514427,Consulta de saldo,v2,Lima,19,Pico,160.8,0,4.0
T514428,Consulta de saldo,v2,Arequipa,3,Normal,119.4,0,5.0
T514429,Pago de servicios,v2,Lima,14,Normal,251.2,0,4.0
T514430,Consulta de saldo,v2,Trujillo,4,Normal,143.9,0,4.0
T514431,Pago QR,v1,Trujillo,12,Normal,275.3,0,3.0
T514432,Pago de servicios,v2,Lima,14,Normal,300.7,0,4.0
T514433,Recarga celular,v2,Trujillo,15,Normal,227.2,0,5.0
T514434,Recarga celular,v2,Trujillo,3,Normal,161.3,0,5.0
T514435,Pago QR,v1,Lima,13,Normal,120.4,0,4.0
T514436,Transferencia,v1,Lima,15,Normal,536.7,0,4.0
T514437,Pago de servicios,v1,Trujillo,14,Normal,276.4,0,4.0
T514438,Pago QR,v2,Lima,15,Normal,219.7,0,5.0
T514439,Recarga celular,v2,Arequipa,20,Pico,213.6,0,4.0
T514440,Transferencia,v1,Lima,13,Normal,190.8,0,4.0
T514441,Consulta de saldo,v2,Trujillo,6,Normal,159.3,0,5.0
T514442,Consulta de saldo,v2,Lima,18,Pico,138.1,0,3.0
T514443,Transferencia,v1,Lima,5,Normal,262.5,0,4.0
T514444,Pago QR,v2,Lima,9,Pico,461.5,0,5.0
T514445,Transferencia,v1,Trujillo,11,Normal,363.1,0,5.0
T514446,Transferencia,v1,Trujillo,15,Normal,135.4,0,5.0
T514447,Pago QR,v1,Lima,2,Normal,185.1,0,4.0
T514448,Pago de servicios,v2,Trujillo,12,Normal,156.8,0,3.0
T514449,Consulta de saldo,v1,Arequipa,20,Pico,136.5,0,5.0
T514450,Transferencia,v2,Arequipa,9,Pico,249.7,0,4.0
T514451,Pago de servicios,v2,Lima,1,Normal,504.7,0,3.0
T514452,Pago QR,v2,Arequipa,22,Normal,378.2,0,3.0
T514453,Transferencia,v1,Lima,8,Pico,210.7,0,4.0
T514454,Consulta de saldo,v1,Trujillo,22,Normal,98.1,0,4.0
T514455,Consulta de saldo,v2,Arequipa,11,Normal,179.2,0,5.0
T514456,Consulta de saldo,v1,Lima,5,Normal,177.3,0,5.0
T514457,Consulta de saldo,v1,Arequipa,10,Pico,131.6,0,4.0
T514458,Pago de servicios,v1,Trujillo,12,Normal,403.9,0,4.0
T514459,Transferencia,v2,Lima,11,Normal,318.1,1,2.0
T514460,Recarga celular,v2,Lima,3,Normal,174.4,0,3.0
T514461,Consulta de saldo,v1,Arequipa,9,Pico,88.3,0,4.0
T514462,Pago QR,v1,Trujillo,12,Normal,285.0,0,4.0
T514463,Consulta de saldo,v1,Lima,7,Normal,54.2,0,5.0
T514464,Transferencia,v1,Arequipa,7,Normal,243.5,0,4.0
T514465,Transferencia,v1,Arequipa,19,Pico,287.1,0,4.0
T514466,Transferencia,v2,Lima,18,Pico,296.6,0,4.0
T514467,Transferencia,v1,Trujillo,12,Normal,654.6,0,4.0
T514468,Recarga celular,v2,Arequipa,6,Normal,133.9,0,4.0
T514469,Consulta de saldo,v1,Trujillo,7,Normal,136.6,0,4.0
T514470,Recarga celular,v1,Trujillo,0,Normal,106.7,0,4.0
T514471,Transferencia,v2,Trujillo,13,Normal,263.0,0,4.0
T514472,Pago QR,v2,Lima,17,Normal,289.5,0,5.0
T514473,Transferencia,v1,Lima,10,Pico,361.9,0,4.0
T514474,Consulta de saldo,v2,Lima,8,Pico,73.2,0,3.0
T514475,Transferencia,v2,Trujillo,2,Normal,392.1,0,4.0
T514476,Pago QR,v2,Lima,17,Normal,500.0,0,3.0
T514477,Pago QR,v2,Lima,9,Pico,334.5,0,4.0
T514478,Pago de servicios,v2,Lima,11,Normal,61.7,0,4.0
T514479,Pago QR,v1,Arequipa,11,Normal,359.8,0,2.0
T514480,Transferencia,v2,Arequipa,7,Normal,602.8,0,3.0
T514481,Transferencia,v2,Arequipa,16,Normal,263.9,0,5.0
T514482,Pago QR,v1,Lima,14,Normal,120.9,0,5.0
T514483,Transferencia,v1,Trujillo,9,Pico,510.5,0,4.0
T514484,Pago de servicios,v2,Lima,19,Pico,554.1,0,5.0
T514485,Pago QR,v2,Trujillo,7,Normal,198.9,0,4.0
T514486,Pago QR,v1,Arequipa,6,Normal,182.1,0,5.0
T514487,Pago de servicios,v1,Trujillo,15,Normal,578.2,0,4.0
T514488,Pago QR,v2,Lima,10,Pico,257.0,0,5.0
T514489,Pago de servicios,v1,Lima,9,Pico,665.3,0,4.0
T514490,Recarga celular,v2,Arequipa,13,Normal,186.1,0,5.0
T514491,Pago QR,v1,Lima,8,Pico,320.6,0,3.0
T514492,Pago QR,v1,Lima,18,Pico,310.6,0,5.0
T514493,Consulta de saldo,v2,Trujillo,20,Pico,111.7,0,5.0
T514494,Pago de servicios,v2,Lima,17,Normal,338.0,0,4.0
T514495,Recarga celular,v2,Arequipa,1,Normal,139.6,0,5.0
T514496,Pago QR,v1,Trujillo,18,Pico,276.7,0,4.0
T514497,Consulta de saldo,v2,Lima,3,Normal,108.1,0,4.0
T514498,Pago de servicios,v1,Lima,10,Pico,348.4,0,5.0
T514499,Pago QR,v2,Trujillo,23,Normal,168.4,0,5.0
T514500,Pago QR,v1,Trujillo,17,Normal,269.2,0,5.0
T514501,Transferencia,v2,Arequipa,11,Normal,173.1,0,3.0
T514502,Transferencia,v1,Arequipa,14,Normal,582.0,0,3.0
T514503,Consulta de saldo,v1,Arequipa,6,Normal,186.0,0,5.0
T514504,Pago de servicios,v1,Trujillo,3,Normal,225.6,0,4.0
T514505,Pago QR,v2,Arequipa,3,Normal,88.1,0,5.0
T514506,Pago QR,v1,Trujillo,17,Normal,220.9,0,4.0
T514507,Pago de servicios,v2,Lima,18,Pico,104.8,0,2.0
T514508,Transferencia,v2,Arequipa,15,Normal,313.8,0,4.0
T514509,Pago QR,v2,Lima,17,Normal,236.3,0,4.0
T514510,Consulta de saldo,v1,Trujillo,12,Normal,88.1,0,5.0
T514511,Pago QR,v1,Lima,5,Normal,302.2,0,3.0
T514512,Consulta de saldo,v1,Trujillo,12,Normal,42.0,0,4.0
T514513,Consulta de saldo,v2,Lima,18,Pico,121.8,0,4.0
T514514,Consulta de saldo,v1,Lima,12,Normal,192.0,0,4.0
T514515,Pago QR,v1,Arequipa,15,Normal,436.8,0,3.0
T514516,Pago QR,v2,Lima,5,Normal,138.8,0,4.0
T514517,Transferencia,v1,Lima,5,Normal,229.7,0,4.0
T514518,Pago de servicios,v2,Lima,7,Normal,336.8,0,2.0
T514519,Transferencia,v1,Trujillo,13,Normal,140.1,0,4.0
T514520,Transferencia,v1,Lima,1,Normal,288.6,0,4.0
T514521,Pago de servicios,v2,Lima,4,Normal,248.4,0,4.0
T514522,Transferencia,v1,Trujillo,12,Normal,511.5,0,4.0
T514523,Transferencia,v1,Trujillo,10,Pico,400.1,0,3.0
T514524,Consulta de saldo,v2,Trujillo,19,Pico,83.6,0,5.0
T514525,Pago QR,v2,Lima,4,Normal,135.0,0,4.0
T514526,Pago QR,v1,Lima,22,Normal,117.8,0,4.0
T514527,Transferencia,v2,Lima,9,Pico,165.7,0,4.0
T514528,Consulta de saldo,v1,Lima,21,Pico,60.3,0,4.0
T514529,Recarga celular,v1,Arequipa,10,Pico,320.0,0,5.0
T514530,Recarga celular,v2,Arequipa,17,Normal,225.1,0,5.0
T514531,Recarga celular,v1,Lima,3,Normal,165.7,0,4.0
T514532,Pago QR,v1,Arequipa,20,Pico,230.7,0,5.0
T514533,Pago QR,v2,Arequipa,8,Pico,332.4,0,4.0
T514534,Transferencia,v2,Lima,10,Pico,201.4,0,4.0
T514535,Consulta de saldo,v1,Arequipa,22,Normal,109.2,0,4.0
T514536,Pago de servicios,v1,Lima,13,Normal,133.9,0,4.0
T514537,Recarga celular,v1,Lima,17,Normal,183.0,0,5.0
T514538,Recarga celular,v2,Lima,16,Normal,340.7,0,4.0
T514539,Recarga celular,v1,Trujillo,15,Normal,329.1,0,3.0
T514540,Consulta de saldo,v1,Lima,11,Normal,67.5,0,5.0
T514541,Transferencia,v2,Arequipa,23,Normal,168.1,0,
T514542,Pago de servicios,v2,Trujillo,8,Pico,243.9,0,4.0
T514543,Pago de servicios,v1,Lima,0,Normal,524.3,0,4.0
T514544,Pago QR,v1,Lima,12,Normal,,0,4.0
T514545,Pago QR,v2,Lima,5,Normal,132.8,0,4.0
T514546,Recarga celular,v2,Arequipa,7,Normal,200.6,0,4.0
T514547,Transferencia,v1,Lima,10,Pico,60.7,0,5.0
T514548,Pago de servicios,v2,Lima,10,Pico,316.2,0,4.0
T514549,Consulta de saldo,v2,Lima,23,Normal,115.2,0,5.0
T514550,Consulta de saldo,v2,Arequipa,10,Pico,53.4,0,5.0
T514551,Transferencia,v1,Arequipa,8,Pico,281.2,0,5.0
T514552,Consulta de saldo,v2,Trujillo,12,Normal,200.2,0,4.0
T514553,Pago QR,v1,Trujillo,11,Normal,352.0,0,4.0
T514554,Consulta de saldo,v1,Arequipa,14,Normal,109.8,0,4.0
T514555,Transferencia,v2,Lima,2,Normal,106.2,0,5.0
T514556,Consulta de saldo,v1,Lima,13,Normal,60.9,0,5.0
T514557,Recarga celular,v1,Trujillo,8,Pico,197.8,0,4.0
T514558,Recarga celular,v1,Arequipa,14,Normal,640.0,0,3.0
T514559,Transferencia,v2,Arequipa,22,Normal,193.0,0,4.0
T514560,Transferencia,v2,Lima,11,Normal,202.1,0,4.0
T514561,Pago QR,v1,Trujillo,8,Pico,427.9,0,4.0
T514562,Consulta de saldo,v2,Arequipa,17,Normal,65.6,0,4.0
T514563,Consulta de saldo,v1,Trujillo,8,Pico,70.7,0,4.0
T514564,Recarga celular,v2,Arequipa,8,Pico,123.8,0,4.0
T514565,Pago QR,v1,Trujillo,16,Normal,125.7,0,5.0
T514566,Consulta de saldo,v2,Lima,22,Normal,94.3,0,5.0
T514567,Recarga celular,v1,Lima,5,Normal,310.2,0,3.0
T514568,Consulta de saldo,v2,Lima,3,Normal,110.3,0,5.0
T514569,Pago de servicios,v2,Lima,4,Normal,363.5,0,2.0
T514570,Pago QR,v2,Arequipa,23,Normal,499.6,0,5.0
T514571,Pago QR,v1,Lima,11,Normal,476.2,0,3.0
T514572,Consulta de saldo,v2,Arequipa,8,Pico,85.3,0,4.0
T514573,Recarga celular,v2,Lima,6,Normal,237.8,0,4.0
T514574,Consulta de saldo,v2,Trujillo,5,Normal,90.6,0,3.0
T514575,Pago QR,v2,Trujillo,14,Normal,310.3,0,3.0
T514576,Consulta de saldo,v1,Trujillo,21,Pico,118.5,0,4.0
T514577,Consulta de saldo,v1,Lima,9,Pico,137.4,0,4.0
T514578,Transferencia,v1,Lima,5,Normal,167.5,0,5.0
T514579,Pago de servicios,v2,Lima,12,Normal,507.1,0,
T514580,Transferencia,v2,Lima,4,Normal,164.8,0,5.0
T514581,Transferencia,v1,Trujillo,11,Normal,357.0,0,4.0
T514582,Pago QR,v2,Trujillo,2,Normal,190.0,0,3.0
T514583,Pago QR,v2,Arequipa,7,Normal,261.5,0,3.0
T514584,Consulta de saldo,v2,Arequipa,22,Normal,107.3,0,5.0
T514585,Consulta de saldo,v2,Lima,4,Normal,61.5,0,4.0
T514586,Recarga celular,v1,Lima,20,Pico,191.4,0,4.0
T514587,Consulta de saldo,v2,Lima,13,Normal,93.7,0,4.0
T514588,Pago de servicios,v1,Lima,6,Normal,394.5,0,3.0
T514589,Transferencia,v2,Arequipa,19,Pico,208.9,0,4.0
T514590,Pago QR,v1,Trujillo,9,Pico,258.1,0,4.0
T514591,Transferencia,v1,Lima,7,Normal,523.7,0,4.0
T514592,Recarga celular,v1,Arequipa,22,Normal,144.5,0,4.0
T514593,Transferencia,v1,Lima,9,Pico,212.9,0,5.0
T514594,Pago QR,v1,Arequipa,3,Normal,242.7,0,4.0
T514595,Recarga celular,v1,Arequipa,5,Normal,225.2,0,5.0
T514596,Pago de servicios,v2,Lima,17,Normal,232.4,0,4.0
T514597,Pago QR,v2,Arequipa,7,Normal,178.6,0,5.0
T514598,Transferencia,v1,Trujillo,9,Pico,361.7,0,3.0
T514599,Recarga celular,v2,Arequipa,7,Normal,120.2,0,5.0
T514600,Pago de servicios,v2,Lima,14,Normal,228.6,0,4.0
T514601,Consulta de saldo,v1,Lima,19,Pico,221.2,0,5.0
T514602,Recarga celular,v2,Arequipa,21,Pico,220.5,0,4.0
T514603,Pago QR,v1,Lima,9,Pico,198.0,0,5.0
T514604,Pago QR,v1,Trujillo,10,Pico,210.2,0,3.0
T514605,Consulta de saldo,v1,Trujillo,6,Normal,97.3,0,4.0
T514606,Pago QR,v2,Trujillo,4,Normal,166.9,0,5.0
T514607,Transferencia,v1,Arequipa,0,Normal,373.6,0,4.0
T514608,Recarga celular,v1,Lima,0,Normal,218.7,0,4.0
T514609,Consulta de saldo,v1,Lima,13,Normal,137.5,0,5.0
T514610,Pago QR,v1,Lima,3,Normal,180.4,0,5.0
T514611,Pago de servicios,v1,Lima,7,Normal,155.1,0,4.0
T514612,Consulta de saldo,v2,Lima,16,Normal,78.6,0,5.0
T514613,Pago QR,v1,Trujillo,19,Pico,290.5,0,4.0
T514614,Pago de servicios,v1,Arequipa,22,Normal,200.7,0,4.0
T514615,Recarga celular,v2,Trujillo,2,Normal,209.1,0,4.0
T514616,Consulta de saldo,v2,Arequipa,20,Pico,86.4,0,4.0
T514617,Transferencia,v1,Trujillo,5,Normal,299.9,0,4.0
T514618,Pago de servicios,v2,Trujillo,14,Normal,402.9,0,4.0
T514619,Transferencia,v2,Trujillo,13,Normal,436.4,0,4.0
T514620,Recarga celular,v2,Arequipa,3,Normal,103.3,0,5.0
T514621,Pago QR,v1,Lima,11,Normal,221.0,0,3.0
T514622,Transferencia,v1,Trujillo,3,Normal,611.9,0,4.0
T514623,Pago de servicios,v2,Lima,18,Pico,401.6,0,4.0
T514624,Transferencia,v2,Arequipa,4,Normal,309.8,0,4.0
T514625,Pago de servicios,v1,Trujillo,7,Normal,112.1,0,5.0
T514626,Pago de servicios,v2,Lima,6,Normal,149.5,0,5.0
T514627,Pago QR,v2,Lima,2,Normal,135.3,0,4.0
T514628,Consulta de saldo,v2,Trujillo,15,Normal,102.7,0,4.0
T514629,Transferencia,v1,Trujillo,2,Normal,205.2,0,5.0
T514630,Consulta de saldo,v1,Lima,10,Pico,72.8,0,5.0
T514631,Transferencia,v1,Trujillo,16,Normal,416.2,0,4.0
T514632,Consulta de saldo,v2,Lima,17,Normal,59.9,0,5.0
T514633,Transferencia,v1,Arequipa,14,Normal,110.2,0,4.0
T514634,Pago QR,v1,Lima,0,Normal,104.9,0,5.0
T514635,Consulta de saldo,v2,Lima,17,Normal,56.1,0,5.0
T514636,Pago QR,v2,Trujillo,22,Normal,385.9,0,2.0
T514637,Pago QR,v1,Trujillo,23,Normal,282.2,0,5.0
T514638,Transferencia,v1,Lima,20,Pico,448.6,0,4.0
T514639,Pago QR,v2,Lima,23,Normal,124.8,0,4.0
T514640,Consulta de saldo,v1,Arequipa,1,Normal,116.2,0,5.0
T514641,Pago QR,v1,Trujillo,6,Normal,,0,4.0
T514642,Transferencia,v2,Lima,3,Normal,224.1,0,4.0
T514643,Consulta de saldo,v1,Lima,6,Normal,75.9,0,4.0
T514644,Recarga celular,v2,Lima,10,Pico,109.9,0,4.0
T514645,Consulta de saldo,v2,Trujillo,8,Pico,234.5,0,3.0
T514646,Transferencia,v1,Trujillo,3,Normal,393.4,0,3.0
T514647,Recarga celular,v1,Trujillo,23,Normal,118.4,0,5.0
T514648,Transferencia,v1,Arequipa,0,Normal,291.2,1,3.0
T514649,Transferencia,v1,Lima,13,Normal,127.1,0,5.0
T514650,Pago de servicios,v2,Trujillo,22,Normal,411.7,0,3.0
T514651,Pago de servicios,v1,Trujillo,8,Pico,880.2,0,3.0
T514652,Transferencia,v2,Lima,15,Normal,186.5,0,4.0
T514653,Pago QR,v2,Arequipa,20,Pico,,0,3.0
T514654,Transferencia,v2,Lima,11,Normal,533.5,0,3.0
T514655,Recarga celular,v2,Arequipa,8,Pico,169.4,0,4.0
T514656,Pago QR,v1,Lima,12,Normal,194.7,0,3.0
T514657,Consulta de saldo,v1,Trujillo,16,Normal,106.9,0,4.0
T514658,Pago QR,v2,Trujillo,16,Normal,171.5,0,4.0
T514659,Recarga celular,v2,Arequipa,7,Normal,210.2,0,5.0
T514660,Pago de servicios,v2,Lima,22,Normal,474.0,0,3.0
T514661,Pago QR,v1,Arequipa,9,Pico,284.6,0,4.0
T514662,Transferencia,v1,Trujillo,4,Normal,379.4,0,3.0
T514663,Consulta de saldo,v2,Lima,22,Normal,258.1,0,4.0
T514664,Pago de servicios,v1,Lima,22,Normal,148.3,0,5.0
T514665,Transferencia,v1,Arequipa,2,Normal,470.0,0,5.0
T514666,Recarga celular,v2,Lima,3,Normal,136.5,0,4.0
T514667,Transferencia,v1,Lima,5,Normal,179.8,0,5.0
T514668,Pago QR,v1,Trujillo,9,Pico,180.6,0,5.0
T514669,Pago de servicios,v1,Lima,15,Normal,259.2,0,4.0
T514670,Consulta de saldo,v2,Trujillo,7,Normal,86.5,0,5.0
T514671,Recarga celular,v1,Arequipa,9,Pico,336.7,0,4.0
T514672,Consulta de saldo,v1,Arequipa,19,Pico,249.1,0,4.0
T514673,Transferencia,v1,Lima,8,Pico,138.1,0,5.0
T514674,Recarga celular,v2,Lima,20,Pico,112.9,0,5.0
T514675,Pago QR,v1,Lima,11,Normal,172.9,0,3.0
T514676,Pago de servicios,v2,Arequipa,20,Pico,145.3,0,5.0
T514677,Transferencia,v2,Lima,11,Normal,244.2,0,5.0
T514678,Transferencia,v1,Lima,17,Normal,953.2,0,2.0
T514679,Transferencia,v2,Lima,22,Normal,206.4,0,4.0
T514680,Transferencia,v1,Arequipa,0,Normal,393.4,0,3.0
T514681,Transferencia,v1,Lima,14,Normal,212.0,0,3.0
T514682,Consulta de saldo,v2,Arequipa,8,Pico,114.6,0,5.0
T514683,Pago de servicios,v2,Trujillo,21,Pico,274.8,0,4.0
T514684,Pago de servicios,v1,Lima,12,Normal,134.0,0,5.0
T514685,Pago QR,v1,Lima,4,Normal,277.1,0,5.0
T514686,Pago QR,v1,Arequipa,17,Normal,310.6,0,3.0
T514687,Transferencia,v2,Trujillo,16,Normal,184.1,0,5.0
T514688,Transferencia,v1,Trujillo,6,Normal,228.6,0,5.0
T514689,Transferencia,v2,Lima,15,Normal,195.9,0,3.0
T514690,Consulta de saldo,v1,Lima,7,Normal,93.3,0,3.0
T514691,Transferencia,v2,Arequipa,22,Normal,568.3,0,3.0
T514692,Pago QR,v2,Lima,5,Normal,244.1,0,5.0
T514693,Pago de servicios,v2,Lima,6,Normal,155.1,0,4.0
T514694,Recarga celular,v1,Lima,20,Pico,941.1,0,2.0
T514695,Recarga celular,v1,Lima,17,Normal,114.1,0,4.0
T514696,Consulta de saldo,v1,Lima,19,Pico,71.2,0,5.0
T514697,Pago QR,v1,Trujillo,3,Normal,316.7,0,5.0
T514698,Pago QR,v2,Lima,22,Normal,434.8,0,4.0
T514699,Consulta de saldo,v2,Lima,2,Normal,103.1,0,5.0
T514700,Pago de servicios,v1,Arequipa,15,Normal,487.8,0,4.0
T514701,Pago QR,v2,Lima,23,Normal,245.6,0,4.0
T514702,Transferencia,v1,Arequipa,22,Normal,263.0,0,5.0
T514703,Consulta de saldo,v2,Lima,18,Pico,145.4,0,4.0
T514704,Consulta de saldo,v2,Arequipa,19,Pico,261.7,1,2.0
T514705,Pago QR,v2,Lima,20,Pico,406.8,0,4.0
T514706,Consulta de saldo,v1,Trujillo,11,Normal,161.2,0,5.0
T514707,Consulta de saldo,v1,Trujillo,3,Normal,149.6,0,4.0
T514708,Recarga celular,v1,Lima,9,Pico,277.5,0,4.0
T514709,Pago QR,v2,Lima,8,Pico,258.7,0,4.0
T514710,Recarga celular,v2,Lima,10,Pico,280.9,0,5.0
T514711,Pago QR,v2,Lima,20,Pico,209.8,0,5.0
T514712,Pago QR,v2,Arequipa,1,Normal,253.2,0,4.0
T514713,Pago QR,v1,Arequipa,4,Normal,365.9,0,3.0
T514714,Consulta de saldo,v1,Lima,4,Normal,73.9,0,4.0
T514715,Pago QR,v2,Arequipa,3,Normal,115.2,0,4.0
T514716,Transferencia,v2,Lima,16,Normal,328.4,0,3.0
T514717,Consulta de saldo,v2,Arequipa,4,Normal,90.7,0,4.0
T514718,Pago de servicios,v2,Trujillo,21,Pico,621.1,0,4.0
T514719,Pago QR,v1,Trujillo,23,Normal,243.5,0,4.0
T514720,Pago de servicios,v2,Lima,9,Pico,204.7,0,3.0
T514721,Pago de servicios,v2,Trujillo,23,Normal,404.4,0,4.0
T514722,Transferencia,v1,Arequipa,5,Normal,316.1,0,4.0
T514723,Transferencia,v2,Arequipa,16,Normal,216.9,0,4.0
T514724,Pago QR,v1,Lima,4,Normal,179.4,0,5.0
T514725,Transferencia,v2,Lima,4,Normal,85.5,0,4.0
T514726,Pago QR,v1,Trujillo,1,Normal,575.9,0,3.0
T514727,Consulta de saldo,v2,Lima,9,Pico,81.8,0,5.0
T514728,Consulta de saldo,v1,Lima,1,Normal,69.0,0,5.0
T514729,Pago de servicios,v1,Lima,19,Pico,518.0,0,4.0
T514730,Pago de servicios,v2,Lima,7,Normal,159.0,0,5.0
T514731,Pago QR,v1,Arequipa,5,Normal,368.9,0,4.0
T514732,Consulta de saldo,v1,Lima,0,Normal,61.4,1,4.0
T514733,Transferencia,v1,Arequipa,11,Normal,500.5,0,4.0
T514734,Recarga celular,v2,Trujillo,19,Pico,167.3,0,4.0
T514735,Pago QR,v1,Trujillo,9,Pico,224.8,0,3.0
T514736,Consulta de saldo,v2,Lima,9,Pico,250.9,0,5.0
T514737,Pago de servicios,v2,Trujillo,18,Pico,347.5,0,4.0
T514738,Pago de servicios,v2,Trujillo,19,Pico,392.3,0,4.0
T514739,Pago QR,v1,Lima,0,Normal,101.4,0,5.0
T514740,Pago QR,v1,Lima,17,Normal,161.0,0,4.0
T514741,Transferencia,v2,Arequipa,17,Normal,276.1,0,4.0
T514742,Transferencia,v2,Trujillo,3,Normal,307.7,0,4.0
T514743,Transferencia,v2,Trujillo,18,Pico,272.1,0,3.0
T514744,Pago de servicios,v1,Lima,7,Normal,308.4,0,4.0
T514745,Pago QR,v2,Lima,3,Normal,199.3,0,4.0
T514746,Consulta de saldo,v1,Lima,22,Normal,92.6,0,4.0
T514747,Recarga celular,v2,Arequipa,4,Normal,213.6,0,3.0
T514748,Pago QR,v2,Lima,9,Pico,303.7,0,4.0
T514749,Transferencia,v2,Lima,21,Pico,371.4,0,5.0
T514750,Consulta de saldo,v1,Lima,6,Normal,67.4,0,3.0
T514751,Recarga celular,v1,Lima,14,Normal,357.0,0,3.0
T514752,Recarga celular,v2,Arequipa,12,Normal,172.4,0,5.0
T514753,Pago de servicios,v2,Lima,9,Pico,390.4,0,5.0
T514754,Transferencia,v1,Lima,9,Pico,192.0,0,5.0
T514755,Pago QR,v2,Trujillo,15,Normal,122.0,0,4.0
T514756,Transferencia,v2,Lima,1,Normal,267.6,0,5.0
T514757,Recarga celular,v1,Lima,19,Pico,249.6,0,4.0
T514758,Pago de servicios,v2,Lima,11,Normal,256.9,0,5.0
T514759,Transferencia,v2,Trujillo,1,Normal,330.6,0,5.0
T514760,Consulta de saldo,v1,Lima,8,Pico,162.8,0,3.0
T514761,Pago QR,v2,Arequipa,23,Normal,192.5,0,4.0
T514762,Consulta de saldo,v2,Lima,21,Pico,78.0,0,5.0
T514763,Pago QR,v1,Arequipa,7,Normal,322.7,0,3.0
T514764,Pago de servicios,v1,Lima,22,Normal,245.8,0,4.0
T514765,Transferencia,v2,Arequipa,16,Normal,513.4,0,3.0
T514766,Transferencia,v2,Trujillo,15,Normal,153.2,0,3.0
T514767,Consulta de saldo,v2,Lima,22,Normal,57.1,0,4.0
T514768,Pago QR,v2,Trujillo,18,Pico,197.6,0,4.0
T514769,Pago de servicios,v1,Lima,19,Pico,344.7,0,3.0
T514770,Transferencia,v1,Lima,1,Normal,125.1,0,5.0
T514771,Consulta de saldo,v1,Arequipa,19,Pico,161.7,0,5.0
T514772,Consulta de saldo,v2,Arequipa,19,Pico,144.3,0,5.0
T514773,Pago QR,v1,Lima,2,Normal,242.7,0,5.0
T514774,Pago QR,v2,Arequipa,0,Normal,376.5,0,3.0
T514775,Pago QR,v2,Trujillo,12,Normal,287.1,0,3.0
T514776,Transferencia,v1,Lima,9,Pico,488.8,0,3.0
T514777,Transferencia,v1,Lima,6,Normal,109.0,0,5.0
T514778,Pago QR,v2,Lima,8,Pico,464.0,0,5.0
T514779,Consulta de saldo,v2,Lima,13,Normal,118.0,0,4.0
T514780,Pago QR,v1,Lima,3,Normal,132.1,0,5.0
T514781,Transferencia,v1,Trujillo,1,Normal,832.2,0,3.0
T514782,Pago QR,v1,Lima,22,Normal,189.4,0,3.0
T514783,Consulta de saldo,v1,Lima,12,Normal,130.8,0,5.0
T514784,Pago QR,v1,Trujillo,17,Normal,120.2,0,4.0
T514785,Recarga celular,v2,Arequipa,8,Pico,257.6,0,3.0
T514786,Pago QR,v2,Lima,7,Normal,242.8,0,4.0
T514787,Recarga celular,v2,Lima,11,Normal,126.8,0,4.0
T514788,Pago QR,v1,Arequipa,5,Normal,327.0,0,2.0
T514789,Transferencia,v1,Arequipa,22,Normal,174.8,0,4.0
T514790,Consulta de saldo,v2,Lima,17,Normal,52.7,0,5.0
T514791,Transferencia,v1,Lima,2,Normal,465.7,0,4.0
T514792,Pago QR,v2,Arequipa,17,Normal,98.5,0,4.0
T514793,Transferencia,v1,Trujillo,2,Normal,206.8,0,5.0
T514794,Consulta de saldo,v1,Lima,8,Pico,,0,5.0
T514795,Consulta de saldo,v1,Trujillo,15,Normal,87.7,0,4.0
T514796,Recarga celular,v2,Lima,6,Normal,212.6,0,5.0
T514797,Consulta de saldo,v1,Lima,21,Pico,113.2,0,4.0
T514798,Recarga celular,v2,Lima,23,Normal,135.6,0,4.0
T514799,Consulta de saldo,v2,Lima,0,Normal,79.8,0,5.0
T514800,Transferencia,v1,Lima,3,Normal,773.2,0,3.0
T514801,Pago de servicios,v1,Trujillo,3,Normal,336.0,0,4.0
T514802,Pago QR,v1,Arequipa,19,Pico,291.6,0,3.0
T514803,Pago de servicios,v2,Trujillo,19,Pico,488.2,1,2.0
T514804,Transferencia,v1,Lima,17,Normal,215.3,0,3.0
T514805,Recarga celular,v1,Trujillo,6,Normal,280.6,0,4.0
T514806,Consulta de saldo,v1,Trujillo,21,Pico,79.0,0,4.0
T514807,Consulta de saldo,v2,Trujillo,8,Pico,90.3,0,5.0
T514808,Pago QR,v1,Lima,0,Normal,209.2,0,4.0
T514809,Pago QR,v2,Trujillo,20,Pico,449.4,0,4.0
T514810,Consulta de saldo,v1,Lima,5,Normal,82.5,0,5.0
T514811,Recarga celular,v1,Arequipa,10,Pico,292.7,0,3.0
T514812,Transferencia,v2,Trujillo,2,Normal,294.4,0,
T514813,Pago QR,v2,Arequipa,14,Normal,98.5,0,4.0
T514814,Pago QR,v2,Lima,13,Normal,335.0,0,4.0
T514815,Pago de servicios,v2,Arequipa,15,Normal,219.0,0,4.0
T514816,Transferencia,v2,Lima,16,Normal,152.7,0,5.0
T514817,Transferencia,v2,Trujillo,10,Pico,330.4,0,3.0
T514818,Pago de servicios,v1,Trujillo,12,Normal,435.9,0,5.0
T514819,Recarga celular,v1,Arequipa,0,Normal,141.9,0,5.0
T514820,Pago de servicios,v1,Trujillo,8,Pico,192.5,0,3.0
T514821,Pago QR,v1,Trujillo,9,Pico,221.4,0,4.0
T514822,Transferencia,v2,Lima,5,Normal,79.3,0,5.0
T514823,Recarga celular,v2,Arequipa,11,Normal,129.6,0,5.0
T514824,Pago de servicios,v2,Lima,0,Normal,243.6,0,3.0
T514825,Pago de servicios,v2,Arequipa,18,Pico,124.5,0,3.0
T514826,Transferencia,v1,Trujillo,16,Normal,251.3,0,4.0
T514827,Consulta de saldo,v1,Lima,17,Normal,141.4,0,4.0
T514828,Recarga celular,v2,Arequipa,15,Normal,163.2,0,4.0
T514829,Consulta de saldo,v2,Arequipa,11,Normal,69.2,0,4.0
T514830,Transferencia,v2,Arequipa,0,Normal,410.9,0,3.0
T514831,Pago QR,v1,Trujillo,0,Normal,547.2,0,3.0
T514832,Pago de servicios,v2,Arequipa,10,Pico,671.8,0,3.0
T514833,Pago de servicios,v1,Lima,2,Normal,302.9,0,4.0
T514834,Transferencia,v1,Lima,16,Normal,245.8,0,5.0
T514835,Transferencia,v2,Arequipa,10,Pico,253.1,0,3.0
T514836,Consulta de saldo,v2,Arequipa,18,Pico,111.0,0,4.0
T514837,Consulta de saldo,v1,Lima,21,Pico,116.5,0,4.0
T514838,Recarga celular,v1,Lima,5,Normal,157.0,0,5.0
T514839,Pago de servicios,v1,Arequipa,3,Normal,538.6,0,
T514840,Transferencia,v1,Trujillo,19,Pico,455.9,0,4.0
T514841,Consulta de saldo,v1,Lima,14,Normal,226.1,0,5.0
T514842,Consulta de saldo,v1,Trujillo,17,Normal,78.9,0,3.0
T514843,Pago de servicios,v1,Lima,14,Normal,346.7,0,4.0
T514844,Pago de servicios,v1,Trujillo,11,Normal,243.1,0,4.0
T514845,Pago de servicios,v2,Arequipa,17,Normal,394.8,0,5.0
T514846,Pago de servicios,v2,Trujillo,22,Normal,462.8,0,5.0
T514847,Recarga celular,v2,Lima,13,Normal,80.3,0,5.0
T514848,Recarga celular,v1,Arequipa,4,Normal,217.9,0,5.0
T514849,Pago QR,v1,Lima,9,Pico,312.7,0,4.0
T514850,Transferencia,v2,Lima,1,Normal,235.8,0,5.0
T514851,Consulta de saldo,v1,Lima,23,Normal,84.8,0,5.0
T514852,Transferencia,v1,Lima,15,Normal,265.9,0,5.0
T514853,Consulta de saldo,v2,Lima,18,Pico,71.6,0,4.0
T514854,Transferencia,v2,Lima,10,Pico,153.6,0,5.0
T514855,Consulta de saldo,v2,Lima,5,Normal,106.2,0,4.0
T514856,Pago de servicios,v2,Trujillo,11,Normal,637.7,0,4.0
T514857,Pago QR,v2,Trujillo,19,Pico,380.8,1,3.0
T514858,Pago de servicios,v2,Lima,7,Normal,505.8,0,3.0
T514859,Transferencia,v1,Trujillo,11,Normal,297.4,0,3.0
T514860,Pago QR,v1,Arequipa,5,Normal,209.8,0,3.0
T514861,Pago QR,v2,Arequipa,14,Normal,273.9,0,4.0
T514862,Recarga celular,v1,Trujillo,5,Normal,202.8,0,4.0
T514863,Pago de servicios,v1,Trujillo,20,Pico,374.5,0,3.0
T514864,Recarga celular,v1,Lima,21,Pico,398.3,0,4.0
T514865,Transferencia,v1,Lima,3,Normal,228.8,0,5.0
T514866,Transferencia,v1,Lima,14,Normal,282.9,0,4.0
T514867,Consulta de saldo,v2,Arequipa,2,Normal,100.7,0,3.0
T514868,Consulta de saldo,v1,Arequipa,20,Pico,174.6,0,4.0
T514869,Transferencia,v2,Lima,9,Pico,225.5,0,4.0
T514870,Pago de servicios,v1,Lima,16,Normal,366.2,0,3.0
T514871,Consulta de saldo,v1,Trujillo,0,Normal,157.1,0,4.0
T514872,Recarga celular,v2,Lima,15,Normal,220.3,0,4.0
T514873,Recarga celular,v2,Lima,1,Normal,106.1,0,4.0
T514874,Pago QR,v1,Lima,17,Normal,279.6,0,3.0
T514875,Transferencia,v2,Trujillo,15,Normal,253.7,0,5.0
T514876,Pago QR,v1,Arequipa,10,Pico,196.9,0,4.0
T514877,Pago QR,v2,Trujillo,8,Pico,252.4,0,3.0
T514878,Pago QR,v1,Arequipa,0,Normal,120.3,0,3.0
T514879,Pago de servicios,v1,Lima,13,Normal,379.2,0,4.0
T514880,Transferencia,v2,Trujillo,4,Normal,158.0,0,4.0
T514881,Transferencia,v1,Trujillo,16,Normal,425.2,0,4.0
T514882,Pago QR,v2,Lima,9,Pico,248.0,0,4.0
T514883,Transferencia,v2,Lima,8,Pico,456.8,0,4.0
T514884,Recarga celular,v2,Arequipa,0,Normal,183.2,0,5.0
T514885,Consulta de saldo,v1,Lima,17,Normal,53.2,0,5.0
T514886,Consulta de saldo,v1,Arequipa,3,Normal,157.6,0,4.0
T514887,Pago QR,v1,Arequipa,20,Pico,247.2,0,5.0
T514888,Consulta de saldo,v1,Trujillo,5,Normal,91.3,0,4.0
T514889,Recarga celular,v2,Lima,12,Normal,104.3,0,4.0
T514890,Pago de servicios,v2,Lima,10,Pico,289.9,0,3.0
T514891,Consulta de saldo,v2,Lima,19,Pico,167.2,0,4.0
T514892,Recarga celular,v2,Lima,0,Normal,119.8,0,5.0
T514893,Consulta de saldo,v1,Arequipa,4,Normal,95.6,0,5.0
T514894,Consulta de saldo,v1,Trujillo,7,Normal,173.3,0,5.0
T514895,Pago QR,v1,Arequipa,15,Normal,162.4,0,4.0
T514896,Pago de servicios,v2,Trujillo,3,Normal,424.9,0,
T514897,Recarga celular,v1,Lima,15,Normal,198.6,0,5.0
T514898,Consulta de saldo,v2,Lima,15,Normal,76.7,0,5.0
T514899,Consulta de saldo,v2,Arequipa,5,Normal,81.2,0,5.0
T514900,Pago QR,v1,Arequipa,7,Normal,209.4,0,3.0
T514901,Pago QR,v1,Lima,15,Normal,157.3,0,5.0
T514902,Pago QR,v2,Lima,10,Pico,182.1,0,5.0
T514903,Pago de servicios,v2,Lima,21,Pico,326.8,0,4.0
T514904,Consulta de saldo,v2,Lima,11,Normal,96.1,0,4.0
T514905,Pago QR,v1,Lima,21,Pico,113.8,0,4.0
T514906,Pago de servicios,v2,Lima,17,Normal,233.3,0,5.0
T514907,Pago QR,v1,Trujillo,17,Normal,265.8,0,4.0
T514908,Pago QR,v2,Lima,17,Normal,191.5,0,4.0
T514909,Consulta de saldo,v1,Lima,7,Normal,83.2,0,3.0
T514910,Consulta de saldo,v2,Lima,21,Pico,118.6,0,4.0
T514911,Transferencia,v2,Trujillo,2,Normal,225.6,0,5.0
T514912,Pago de servicios,v1,Arequipa,5,Normal,588.9,0,3.0
T514913,Pago QR,v2,Trujillo,10,Pico,353.0,0,2.0
T514914,Pago QR,v2,Arequipa,2,Normal,217.7,0,4.0
T514915,Pago de servicios,v1,Lima,20,Pico,778.4,0,
T514916,Pago de servicios,v1,Lima,13,Normal,354.1,0,4.0
T514917,Pago QR,v2,Lima,4,Normal,178.7,0,4.0
T514918,Pago QR,v2,Arequipa,4,Normal,296.1,0,4.0
T514919,Pago de servicios,v1,Lima,11,Normal,169.7,0,4.0
T514920,Recarga celular,v2,Lima,5,Normal,205.1,0,3.0
T514921,Consulta de saldo,v2,Lima,19,Pico,81.9,0,5.0
T514922,Consulta de saldo,v1,Lima,22,Normal,74.5,0,5.0
T514923,Recarga celular,v2,Trujillo,13,Normal,105.7,0,4.0
T514924,Recarga celular,v2,Lima,21,Pico,300.6,0,4.0
T514925,Pago de servicios,v2,Arequipa,3,Normal,230.4,0,3.0
T514926,Transferencia,v1,Lima,1,Normal,330.6,0,4.0
T514927,Transferencia,v2,Lima,2,Normal,154.2,0,5.0
T514928,Transferencia,v1,Lima,11,Normal,211.8,0,5.0
T514929,Transferencia,v2,Lima,23,Normal,314.1,0,4.0
T514930,Recarga celular,v1,Trujillo,23,Normal,272.1,0,5.0
T514931,Pago de servicios,v2,Arequipa,11,Normal,1105.6,0,2.0
T514932,Transferencia,v1,Lima,4,Normal,284.8,0,3.0
T514933,Consulta de saldo,v2,Lima,3,Normal,20.1,0,4.0
T514934,Recarga celular,v2,Lima,7,Normal,180.6,0,4.0
T514935,Recarga celular,v2,Lima,9,Pico,167.1,0,5.0
T514936,Recarga celular,v1,Lima,22,Normal,71.0,0,5.0
T514937,Transferencia,v1,Lima,15,Normal,254.0,0,4.0
T514938,Pago de servicios,v1,Arequipa,17,Normal,261.6,0,5.0
T514939,Transferencia,v1,Arequipa,3,Normal,207.9,0,3.0
T514940,Transferencia,v2,Trujillo,16,Normal,451.9,0,5.0
T514941,Pago de servicios,v1,Lima,16,Normal,389.5,0,5.0
T514942,Pago de servicios,v2,Lima,15,Normal,169.8,0,4.0
T514943,Transferencia,v1,Arequipa,2,Normal,248.7,0,5.0
T514944,Pago QR,v1,Lima,14,Normal,384.5,0,5.0
T514945,Recarga celular,v1,Trujillo,23,Normal,50.5,0,4.0
T514946,Recarga celular,v2,Arequipa,17,Normal,446.5,0,4.0
T514947,Recarga celular,v2,Arequipa,21,Pico,199.6,0,3.0
T514948,Consulta de saldo,v2,Arequipa,8,Pico,125.1,0,4.0
T514949,Transferencia,v2,Trujillo,18,Pico,464.9,0,5.0
T514950,Pago QR,v1,Trujillo,23,Normal,212.1,0,5.0
T514951,Pago QR,v1,Trujillo,18,Pico,279.7,0,4.0
T514952,Consulta de saldo,v1,Lima,10,Pico,177.5,0,4.0
T514953,Pago QR,v2,Lima,5,Normal,290.6,0,3.0
T514954,Consulta de saldo,v2,Trujillo,1,Normal,65.0,0,5.0
T514955,Pago de servicios,v1,Trujillo,9,Pico,,0,4.0
T514956,Consulta de saldo,v1,Lima,19,Pico,123.2,0,5.0
T514957,Pago QR,v2,Arequipa,17,Normal,217.7,0,4.0
T514958,Consulta de saldo,v1,Lima,3,Normal,290.8,0,4.0
T514959,Transferencia,v2,Lima,20,Pico,429.2,0,4.0
T514960,Pago QR,v1,Trujillo,12,Normal,187.9,0,5.0
T514961,Consulta de saldo,v2,Lima,10,Pico,73.5,0,5.0
T514962,Consulta de saldo,v1,Trujillo,7,Normal,96.2,0,5.0
T514963,Consulta de saldo,v2,Arequipa,4,Normal,167.7,0,5.0
T514964,Transferencia,v1,Trujillo,10,Pico,251.1,0,4.0
T514965,Transferencia,v1,Lima,0,Normal,239.7,0,5.0
T514966,Consulta de saldo,v2,Trujillo,0,Normal,125.4,0,5.0
T514967,Consulta de saldo,v1,Trujillo,16,Normal,149.2,0,4.0
T514968,Transferencia,v2,Lima,5,Normal,224.2,0,4.0
T514969,Consulta de saldo,v2,Lima,6,Normal,547.7,0,2.0
T514970,Pago QR,v2,Trujillo,15,Normal,199.1,0,3.0
T514971,Transferencia,v2,Lima,11,Normal,223.8,1,3.0
T514972,Pago QR,v2,Arequipa,15,Normal,220.8,0,3.0
T514973,Recarga celular,v1,Arequipa,3,Normal,136.5,0,4.0
T514974,Consulta de saldo,v2,Trujillo,12,Normal,83.6,0,4.0
T514975,Transferencia,v2,Lima,0,Normal,360.3,0,5.0
T514976,Pago QR,v2,Arequipa,3,Normal,112.6,0,4.0
T514977,Transferencia,v1,Lima,19,Pico,214.8,0,4.0
T514978,Consulta de saldo,v1,Lima,15,Normal,73.3,0,5.0
T514979,Pago de servicios,v2,Lima,18,Pico,262.9,0,4.0
T514980,Pago de servicios,v1,Lima,22,Normal,349.8,0,4.0
T514981,Transferencia,v2,Trujillo,14,Normal,345.8,0,4.0
T514982,Transferencia,v1,Trujillo,4,Normal,249.8,0,5.0
T514983,Transferencia,v1,Trujillo,0,Normal,345.8,0,3.0
T514984,Pago de servicios,v2,Trujillo,2,Normal,363.1,0,5.0
T514985,Transferencia,v1,Lima,10,Pico,362.8,0,4.0
T514986,Pago de servicios,v1,Arequipa,17,Normal,187.3,0,4.0
T514987,Pago QR,v1,Lima,6,Normal,134.8,0,3.0
T514988,Transferencia,v2,Lima,20,Pico,243.2,0,5.0
T514989,Consulta de saldo,v1,Lima,12,Normal,116.6,1,3.0
T514990,Pago de servicios,v2,Trujillo,4,Normal,332.8,0,4.0
T514991,Transferencia,v2,Arequipa,22,Normal,564.2,0,3.0
T514992,Pago QR,v2,Trujillo,20,Pico,135.7,0,4.0
T514993,Pago QR,v2,Trujillo,13,Normal,185.3,0,4.0
T514994,Recarga celular,v2,Lima,18,Pico,70.0,0,4.0
T514995,Transferencia,v1,Arequipa,20,Pico,313.6,0,5.0
T514996,Transferencia,v2,Lima,18,Pico,190.7,0,5.0
T514997,Pago de servicios,v1,Trujillo,1,Normal,463.8,0,4.0
T514998,Pago QR,v1,Lima,15,Normal,164.8,0,5.0
T514999,Transferencia,v2,Lima,10,Pico,160.5,0,3.0
T515000,Transferencia,v1,Lima,11,Normal,1028.2,0,
T515001,Pago QR,v1,Arequipa,23,Normal,226.0,0,4.0
T515002,Pago QR,v2,Trujillo,12,Normal,124.2,0,5.0
T515003,Pago QR,v1,Lima,22,Normal,218.7,0,4.0
T515004,Pago QR,v1,Trujillo,23,Normal,450.2,0,3.0
T515005,Consulta de saldo,v1,Arequipa,0,Normal,42.8,0,4.0
T515006,Transferencia,v1,Lima,15,Normal,359.3,0,5.0
T515007,Pago QR,v1,Arequipa,16,Normal,186.4,0,4.0
T515008,Pago de servicios,v1,Trujillo,17,Normal,336.6,0,4.0
T515009,Recarga celular,v1,Trujillo,19,Pico,483.6,0,2.0
T515010,Pago QR,v1,Lima,4,Normal,117.1,0,5.0
T515011,Transferencia,v2,Trujillo,15,Normal,160.2,0,4.0
T515012,Pago QR,v1,Trujillo,16,Normal,163.9,0,4.0
T515013,Recarga celular,v1,Lima,4,Normal,403.4,0,3.0
T515014,Pago QR,v1,Trujillo,8,Pico,138.8,0,3.0
T515015,Transferencia,v2,Trujillo,14,Normal,151.3,0,5.0
T515016,Pago de servicios,v1,Lima,7,Normal,361.0,1,3.0
T515017,Transferencia,v1,Lima,13,Normal,163.4,0,4.0
T515018,Recarga celular,v2,Lima,3,Normal,100.5,0,5.0
T515019,Recarga celular,v1,Trujillo,23,Normal,304.2,0,4.0
T515020,Recarga celular,v1,Trujillo,5,Normal,138.5,0,5.0
T515021,Pago QR,v2,Lima,21,Pico,291.5,0,3.0
T515022,Recarga celular,v1,Arequipa,21,Pico,203.5,0,4.0
T515023,Pago QR,v1,Arequipa,17,Normal,186.4,0,4.0
T515024,Recarga celular,v1,Trujillo,10,Pico,253.2,0,5.0
T515025,Recarga celular,v2,Lima,4,Normal,255.9,0,4.0
T515026,Pago de servicios,v2,Arequipa,6,Normal,95.9,0,4.0
T515027,Consulta de saldo,v1,Lima,16,Normal,231.1,0,3.0
T515028,Consulta de saldo,v2,Lima,5,Normal,,0,5.0
T515029,Transferencia,v2,Lima,20,Pico,386.7,0,4.0
T515030,Recarga celular,v1,Lima,22,Normal,217.6,0,3.0
T515031,Pago de servicios,v2,Trujillo,18,Pico,243.8,0,5.0
T515032,Consulta de saldo,v1,Trujillo,3,Normal,206.2,0,3.0
T515033,Transferencia,v1,Lima,13,Normal,185.4,0,4.0
T515034,Transferencia,v2,Trujillo,3,Normal,230.1,0,5.0
T515035,Transferencia,v1,Lima,5,Normal,195.7,0,5.0
T515036,Pago de servicios,v1,Lima,16,Normal,193.2,0,5.0
T515037,Recarga celular,v1,Lima,17,Normal,189.0,0,4.0
T515038,Consulta de saldo,v2,Trujillo,10,Pico,133.5,0,5.0
T515039,Consulta de saldo,v2,Trujillo,2,Normal,225.2,0,3.0
T515040,Recarga celular,v1,Lima,21,Pico,91.5,0,4.0
T515041,Pago QR,v1,Arequipa,5,Normal,190.1,0,5.0
T515042,Recarga celular,v2,Trujillo,17,Normal,174.5,0,3.0
T515043,Transferencia,v1,Arequipa,9,Pico,250.3,0,5.0
T515044,Consulta de saldo,v1,Trujillo,20,Pico,150.7,1,4.0
T515045,Transferencia,v2,Arequipa,6,Normal,524.7,0,3.0
T515046,Pago QR,v1,Trujillo,10,Pico,225.6,0,4.0
T515047,Pago de servicios,v1,Lima,15,Normal,341.0,0,4.0
T515048,Pago QR,v1,Lima,6,Normal,239.3,0,4.0
T515049,Transferencia,v1,Trujillo,19,Pico,549.4,0,4.0
T515050,Pago QR,v1,Arequipa,17,Normal,279.8,0,2.0
T515051,Pago QR,v1,Lima,16,Normal,134.1,0,5.0
T515052,Pago QR,v1,Lima,17,Normal,126.6,0,4.0
T515053,Transferencia,v1,Lima,0,Normal,99.1,0,4.0
T515054,Pago QR,v2,Lima,15,Normal,399.3,0,4.0
T515055,Pago de servicios,v2,Lima,1,Normal,274.3,0,5.0
T515056,Pago QR,v2,Arequipa,11,Normal,84.1,0,3.0
T515057,Transferencia,v2,Lima,1,Normal,669.6,0,3.0
T515058,Transferencia,v2,Arequipa,23,Normal,520.5,0,4.0
T515059,Transferencia,v2,Lima,9,Pico,300.7,0,5.0
T515060,Pago QR,v1,Lima,16,Normal,559.4,0,3.0
T515061,Consulta de saldo,v1,Trujillo,7,Normal,132.7,0,4.0
T515062,Recarga celular,v2,Lima,3,Normal,95.7,0,5.0
T515063,Transferencia,v1,Arequipa,0,Normal,129.8,0,4.0
T515064,Pago QR,v1,Trujillo,8,Pico,90.5,0,4.0
T515065,Consulta de saldo,v1,Arequipa,6,Normal,262.1,0,5.0
T515066,Consulta de saldo,v2,Lima,12,Normal,98.4,0,5.0
T515067,Transferencia,v2,Lima,13,Normal,254.0,0,4.0
T515068,Pago QR,v1,Arequipa,10,Pico,486.0,0,
T515069,Consulta de saldo,v1,Trujillo,3,Normal,68.5,0,5.0
T515070,Recarga celular,v1,Trujillo,10,Pico,251.1,0,3.0
T515071,Recarga celular,v1,Lima,0,Normal,156.7,0,5.0
T515072,Transferencia,v2,Trujillo,7,Normal,245.1,0,5.0
T515073,Pago QR,v2,Lima,16,Normal,284.1,0,4.0
T515074,Pago QR,v1,Lima,5,Normal,146.6,0,4.0
T515075,Transferencia,v1,Trujillo,16,Normal,335.5,0,4.0
T515076,Recarga celular,v1,Arequipa,7,Normal,229.5,0,5.0
T515077,Transferencia,v1,Trujillo,0,Normal,505.2,0,4.0
T515078,Consulta de saldo,v1,Trujillo,3,Normal,124.8,0,5.0
T515079,Pago QR,v1,Lima,1,Normal,187.1,0,4.0
T515080,Consulta de saldo,v2,Lima,16,Normal,98.8,0,4.0
T515081,Transferencia,v2,Trujillo,16,Normal,287.7,0,5.0
T515082,Transferencia,v2,Trujillo,17,Normal,321.0,0,4.0
T515083,Pago QR,v1,Lima,14,Normal,318.1,0,5.0
T515084,Transferencia,v1,Lima,0,Normal,306.8,0,3.0
T515085,Transferencia,v2,Trujillo,10,Pico,287.1,0,5.0
T515086,Consulta de saldo,v1,Trujillo,21,Pico,155.0,0,4.0
T515087,Pago de servicios,v2,Lima,8,Pico,334.3,0,5.0
T515088,Pago QR,v2,Lima,8,Pico,188.5,0,4.0
T515089,Pago QR,v1,Arequipa,9,Pico,175.1,0,4.0
T515090,Transferencia,v1,Lima,18,Pico,456.4,0,3.0
T515091,Transferencia,v2,Lima,16,Normal,170.0,0,3.0
T515092,Consulta de saldo,v1,Arequipa,6,Normal,92.6,0,5.0
T515093,Transferencia,v1,Trujillo,9,Pico,459.9,0,3.0
T515094,Pago de servicios,v2,Trujillo,12,Normal,594.4,0,3.0
T515095,Recarga celular,v1,Lima,21,Pico,416.7,0,4.0
T515096,Recarga celular,v2,Arequipa,9,Pico,2006.7,1,1.0
T515097,Pago de servicios,v2,Trujillo,2,Normal,248.6,0,4.0
T515098,Recarga celular,v1,Lima,2,Normal,145.5,0,5.0
T515099,Transferencia,v2,Lima,8,Pico,318.3,0,5.0
T515100,Consulta de saldo,v1,Lima,12,Normal,195.9,0,5.0
T515101,Pago QR,v2,Arequipa,13,Normal,58.7,0,5.0
T515102,Pago QR,v1,Lima,7,Normal,108.1,0,4.0
T515103,Pago QR,v1,Trujillo,17,Normal,166.3,0,5.0
T515104,Pago de servicios,v2,Arequipa,4,Normal,133.1,0,4.0
T515105,Transferencia,v2,Arequipa,23,Normal,249.6,0,3.0
T515106,Pago QR,v1,Lima,10,Pico,310.5,0,4.0
T515107,Transferencia,v1,Lima,11,Normal,680.1,0,3.0
T515108,Pago de servicios,v1,Trujillo,5,Normal,681.7,0,3.0
T515109,Transferencia,v1,Lima,9,Pico,454.6,0,3.0
T515110,Consulta de saldo,v2,Trujillo,13,Normal,81.8,0,5.0
T515111,Pago de servicios,v2,Lima,10,Pico,277.2,0,4.0
T515112,Transferencia,v1,Lima,6,Normal,129.8,0,4.0
T515113,Pago QR,v2,Trujillo,8,Pico,193.7,0,5.0
T515114,Recarga celular,v1,Trujillo,2,Normal,169.3,0,4.0
T515115,Pago QR,v2,Arequipa,16,Normal,117.5,0,5.0
T515116,Pago QR,v1,Arequipa,6,Normal,246.3,0,5.0
T515117,Pago de servicios,v1,Lima,8,Pico,467.1,0,3.0
T515118,Pago QR,v1,Lima,3,Normal,281.5,0,4.0
T515119,Consulta de saldo,v2,Lima,20,Pico,210.7,0,4.0
T515120,Transferencia,v1,Lima,4,Normal,495.8,0,4.0
T515121,Consulta de saldo,v1,Trujillo,10,Pico,103.6,0,5.0
T515122,Consulta de saldo,v2,Trujillo,10,Pico,103.2,0,4.0
T515123,Transferencia,v1,Lima,0,Normal,431.3,0,4.0
T515124,Pago QR,v2,Lima,13,Normal,176.8,0,4.0
T515125,Transferencia,v2,Arequipa,10,Pico,196.4,0,5.0
T515126,Transferencia,v1,Trujillo,9,Pico,319.3,0,4.0
T515127,Pago de servicios,v2,Lima,7,Normal,191.0,0,5.0
T515128,Recarga celular,v1,Arequipa,13,Normal,127.4,0,3.0
T515129,Pago QR,v2,Arequipa,23,Normal,233.6,0,5.0
T515130,Transferencia,v2,Trujillo,1,Normal,392.0,0,3.0
T515131,Consulta de saldo,v1,Lima,6,Normal,98.8,0,4.0
T515132,Consulta de saldo,v1,Lima,3,Normal,141.6,0,4.0
T515133,Pago QR,v2,Arequipa,6,Normal,149.1,0,4.0
T515134,Pago de servicios,v1,Trujillo,4,Normal,875.0,0,2.0
T515135,Recarga celular,v1,Arequipa,10,Pico,112.1,0,5.0
T515136,Pago QR,v2,Lima,13,Normal,126.4,0,5.0
T515137,Pago QR,v2,Arequipa,21,Pico,189.6,0,5.0
T515138,Pago QR,v2,Lima,7,Normal,126.8,0,4.0
T515139,Pago QR,v2,Lima,23,Normal,81.6,0,5.0
T515140,Recarga celular,v1,Arequipa,13,Normal,215.7,0,5.0
T515141,Transferencia,v1,Lima,14,Normal,260.1,1,3.0
T515142,Pago de servicios,v1,Lima,23,Normal,480.5,0,3.0
T515143,Consulta de saldo,v2,Lima,16,Normal,92.7,0,3.0
T515144,Transferencia,v2,Trujillo,14,Normal,206.2,0,4.0
T515145,Pago de servicios,v1,Arequipa,5,Normal,378.9,0,4.0
T515146,Consulta de saldo,v1,Lima,4,Normal,33.1,0,5.0
T515147,Transferencia,v1,Arequipa,0,Normal,339.6,0,4.0
T515148,Consulta de saldo,v1,Arequipa,21,Pico,191.9,0,5.0
T515149,Transferencia,v2,Lima,5,Normal,734.3,0,3.0
T515150,Recarga celular,v1,Arequipa,13,Normal,221.5,0,4.0
T515151,Pago QR,v1,Trujillo,11,Normal,208.3,0,5.0
T515152,Consulta de saldo,v2,Trujillo,21,Pico,199.7,0,5.0
T515153,Recarga celular,v2,Arequipa,2,Normal,184.1,0,4.0
T515154,Recarga celular,v1,Arequipa,5,Normal,140.1,0,5.0
T515155,Transferencia,v2,Trujillo,6,Normal,155.1,0,4.0
T515156,Pago QR,v1,Lima,2,Normal,284.5,0,5.0
T515157,Transferencia,v1,Lima,3,Normal,459.1,0,4.0
T515158,Pago de servicios,v1,Lima,7,Normal,346.2,0,
T515159,Recarga celular,v1,Trujillo,13,Normal,138.3,0,3.0
T515160,Consulta de saldo,v2,Lima,14,Normal,106.1,0,5.0
T515161,Recarga celular,v1,Lima,2,Normal,293.0,0,4.0
T515162,Recarga celular,v1,Lima,3,Normal,108.1,0,3.0
T515163,Pago QR,v2,Lima,3,Normal,186.2,0,5.0
T515164,Pago QR,v2,Lima,6,Normal,174.4,0,5.0
T515165,Recarga celular,v2,Arequipa,16,Normal,174.1,0,4.0
T515166,Transferencia,v2,Lima,17,Normal,258.9,0,3.0
T515167,Recarga celular,v1,Trujillo,0,Normal,178.6,0,5.0
T515168,Recarga celular,v1,Trujillo,0,Normal,148.6,0,4.0
T515169,Pago de servicios,v2,Arequipa,16,Normal,266.9,0,5.0
T515170,Consulta de saldo,v2,Arequipa,1,Normal,105.2,0,4.0
T515171,Transferencia,v1,Trujillo,22,Normal,216.3,0,4.0
T515172,Consulta de saldo,v1,Arequipa,19,Pico,153.5,0,3.0
T515173,Pago de servicios,v2,Lima,10,Pico,539.2,0,4.0
T515174,Transferencia,v2,Lima,14,Normal,205.3,0,4.0
T515175,Transferencia,v2,Lima,8,Pico,387.5,0,4.0
T515176,Transferencia,v1,Arequipa,0,Normal,785.3,0,2.0
T515177,Transferencia,v1,Trujillo,22,Normal,247.5,0,5.0
T515178,Pago QR,v2,Trujillo,8,Pico,376.4,0,4.0
T515179,Consulta de saldo,v1,Trujillo,9,Pico,116.0,0,5.0
T515180,Pago de servicios,v1,Trujillo,6,Normal,288.3,0,5.0
T515181,Pago QR,v1,Arequipa,22,Normal,224.1,0,5.0
T515182,Pago QR,v2,Lima,0,Normal,203.3,0,3.0
T515183,Transferencia,v1,Arequipa,3,Normal,120.7,0,4.0
T515184,Transferencia,v2,Lima,13,Normal,189.7,0,4.0
T515185,Consulta de saldo,v2,Trujillo,7,Normal,71.4,0,3.0
T515186,Pago QR,v2,Lima,21,Pico,289.9,0,4.0
T515187,Pago QR,v2,Arequipa,8,Pico,150.8,0,3.0
T515188,Consulta de saldo,v1,Arequipa,14,Normal,139.2,0,5.0
T515189,Consulta de saldo,v2,Lima,21,Pico,232.9,0,4.0
T515190,Pago de servicios,v2,Lima,16,Normal,704.8,0,3.0
T515191,Consulta de saldo,v2,Trujillo,6,Normal,98.8,0,5.0
T515192,Transferencia,v2,Lima,14,Normal,177.3,0,3.0
T515193,Consulta de saldo,v1,Lima,20,Pico,133.2,0,5.0
T515194,Pago QR,v2,Arequipa,23,Normal,377.6,0,4.0
T515195,Pago de servicios,v2,Lima,12,Normal,174.9,0,4.0
T515196,Recarga celular,v2,Lima,15,Normal,320.1,0,4.0
T515197,Transferencia,v1,Arequipa,6,Normal,161.8,0,3.0
T515198,Recarga celular,v2,Lima,21,Pico,339.4,0,3.0
T515199,Recarga celular,v1,Lima,16,Normal,175.1,0,5.0
T515200,Consulta de saldo,v2,Trujillo,3,Normal,70.2,0,5.0
T515201,Pago QR,v2,Lima,15,Normal,208.6,0,5.0
T515202,Pago de servicios,v2,Arequipa,2,Normal,353.4,0,3.0
T515203,Recarga celular,v2,Arequipa,7,Normal,127.0,0,3.0
T515204,Consulta de saldo,v2,Trujillo,8,Pico,147.3,0,4.0
T515205,Pago de servicios,v2,Lima,15,Normal,284.7,0,4.0
T515206,Pago QR,v2,Arequipa,0,Normal,197.7,0,4.0
T515207,Consulta de saldo,v1,Lima,1,Normal,184.5,0,5.0
T515208,Pago QR,v2,Lima,3,Normal,267.7,0,5.0
T515209,Pago QR,v2,Lima,16,Normal,408.0,0,3.0
T515210,Transferencia,v2,Lima,18,Pico,353.1,0,3.0
T515211,Transferencia,v1,Lima,4,Normal,686.9,0,3.0
T515212,Pago QR,v2,Arequipa,20,Pico,464.9,0,4.0
T515213,Consulta de saldo,v2,Lima,13,Normal,74.9,0,4.0
T515214,Pago de servicios,v2,Trujillo,3,Normal,228.1,0,
T515215,Pago QR,v2,Lima,19,Pico,155.3,0,5.0
T515216,Transferencia,v1,Arequipa,8,Pico,138.3,0,5.0
T515217,Consulta de saldo,v2,Arequipa,21,Pico,175.8,0,2.0
T515218,Consulta de saldo,v1,Lima,5,Normal,163.2,0,
T515219,Pago QR,v2,Trujillo,16,Normal,358.8,0,4.0
T515220,Recarga celular,v2,Trujillo,1,Normal,188.0,0,3.0
T515221,Consulta de saldo,v2,Lima,16,Normal,37.8,0,5.0
T515222,Consulta de saldo,v1,Lima,3,Normal,137.4,0,5.0
T515223,Pago QR,v2,Lima,17,Normal,251.5,0,5.0
T515224,Transferencia,v1,Arequipa,22,Normal,273.7,0,4.0
T515225,Transferencia,v2,Arequipa,11,Normal,333.1,0,5.0
T515226,Recarga celular,v2,Lima,1,Normal,165.6,0,5.0
T515227,Pago QR,v2,Lima,12,Normal,444.2,0,4.0
T515228,Consulta de saldo,v2,Lima,8,Pico,87.6,0,4.0
T515229,Transferencia,v2,Trujillo,5,Normal,425.8,0,4.0
T515230,Consulta de saldo,v1,Lima,23,Normal,222.7,0,4.0
T515231,Pago QR,v2,Lima,11,Normal,113.2,0,5.0
T515232,Consulta de saldo,v2,Arequipa,18,Pico,169.2,0,4.0
T515233,Pago QR,v1,Trujillo,18,Pico,228.8,0,5.0
T515234,Pago QR,v2,Lima,2,Normal,183.4,0,4.0
T515235,Pago QR,v1,Lima,6,Normal,123.7,0,4.0
T515236,Pago QR,v1,Lima,3,Normal,105.8,0,4.0
T515237,Recarga celular,v1,Trujillo,3,Normal,434.2,0,4.0
T515238,Pago de servicios,v2,Lima,4,Normal,182.9,0,5.0
T515239,Transferencia,v2,Lima,14,Normal,478.3,0,3.0
T515240,Consulta de saldo,v1,Lima,1,Normal,56.4,0,5.0
T515241,Pago QR,v2,Arequipa,2,Normal,218.7,0,4.0
T515242,Recarga celular,v1,Lima,2,Normal,169.7,0,4.0
T515243,Consulta de saldo,v1,Lima,22,Normal,40.2,0,4.0
T515244,Pago QR,v2,Arequipa,13,Normal,544.7,0,3.0
T515245,Transferencia,v2,Arequipa,7,Normal,230.4,0,5.0
T515246,Pago de servicios,v2,Lima,10,Pico,301.0,0,3.0
T515247,Consulta de saldo,v2,Lima,22,Normal,74.0,0,5.0
T515248,Transferencia,v2,Trujillo,5,Normal,160.9,0,4.0
T515249,Transferencia,v1,Lima,1,Normal,600.9,0,5.0
T515250,Pago QR,v1,Lima,3,Normal,238.9,0,
T515251,Recarga celular,v2,Trujillo,17,Normal,341.2,0,4.0
T515252,Transferencia,v2,Lima,13,Normal,156.9,0,5.0
T515253,Recarga celular,v1,Lima,9,Pico,153.7,0,5.0
T515254,Transferencia,v1,Trujillo,11,Normal,1200.5,1,1.0
T515255,Consulta de saldo,v1,Trujillo,23,Normal,106.1,0,4.0
T515256,Transferencia,v1,Lima,2,Normal,222.7,0,5.0
T515257,Pago de servicios,v2,Lima,3,Normal,2820.5,0,1.0
T515258,Consulta de saldo,v2,Lima,5,Normal,125.2,0,4.0
T515259,Recarga celular,v1,Arequipa,20,Pico,248.5,0,4.0
T515260,Pago QR,v1,Lima,2,Normal,294.3,0,5.0
T515261,Pago de servicios,v1,Lima,17,Normal,483.8,0,2.0
T515262,Pago de servicios,v1,Trujillo,14,Normal,488.2,0,3.0
T515263,Transferencia,v1,Lima,2,Normal,314.3,0,4.0
T515264,Transferencia,v2,Lima,2,Normal,239.8,0,4.0
T515265,Recarga celular,v2,Trujillo,8,Pico,416.8,0,3.0
T515266,Transferencia,v2,Arequipa,15,Normal,117.5,0,5.0
T515267,Pago QR,v1,Arequipa,19,Pico,271.9,0,5.0
T515268,Pago QR,v1,Arequipa,7,Normal,148.0,0,4.0
T515269,Transferencia,v1,Lima,12,Normal,217.2,0,5.0
T515270,Pago QR,v2,Arequipa,10,Pico,375.9,0,4.0
T515271,Consulta de saldo,v1,Lima,0,Normal,108.9,0,5.0
T515272,Recarga celular,v1,Lima,22,Normal,184.4,0,4.0
T515273,Consulta de saldo,v2,Lima,1,Normal,56.0,0,5.0
T515274,Pago QR,v2,Lima,13,Normal,104.9,0,5.0
T515275,Pago QR,v2,Arequipa,1,Normal,531.0,0,3.0
T515276,Pago de servicios,v1,Arequipa,15,Normal,382.9,0,3.0
T515277,Transferencia,v2,Arequipa,13,Normal,266.6,0,4.0
T515278,Pago QR,v1,Arequipa,13,Normal,358.4,0,4.0
T515279,Pago QR,v1,Trujillo,21,Pico,310.2,0,4.0
T515280,Transferencia,v1,Lima,16,Normal,375.5,0,4.0
T515281,Pago de servicios,v1,Lima,2,Normal,298.7,0,4.0
T515282,Transferencia,v2,Lima,18,Pico,314.2,0,4.0
T515283,Pago QR,v1,Trujillo,8,Pico,206.4,0,5.0
T515284,Transferencia,v1,Lima,11,Normal,215.8,0,4.0
T515285,Pago de servicios,v2,Lima,16,Normal,236.4,0,4.0
T515286,Pago de servicios,v1,Lima,10,Pico,328.7,0,4.0
T515287,Pago de servicios,v1,Lima,1,Normal,489.7,0,3.0
T515288,Pago QR,v1,Trujillo,4,Normal,288.1,0,4.0
T515289,Pago QR,v2,Lima,15,Normal,72.3,0,5.0
T515290,Consulta de saldo,v1,Lima,3,Normal,193.2,0,3.0
T515291,Transferencia,v2,Lima,22,Normal,176.1,0,5.0
T515292,Pago de servicios,v1,Lima,14,Normal,205.5,0,3.0
T515293,Transferencia,v2,Trujillo,10,Pico,364.6,0,4.0
T515294,Pago QR,v1,Lima,5,Normal,253.5,0,2.0
T515295,Consulta de saldo,v2,Trujillo,4,Normal,97.8,0,3.0
T515296,Pago QR,v1,Arequipa,2,Normal,255.3,0,5.0
T515297,Pago de servicios,v1,Trujillo,19,Pico,461.1,0,3.0
T515298,Consulta de saldo,v1,Lima,17,Normal,101.3,0,5.0
T515299,Transferencia,v2,Trujillo,6,Normal,81.5,0,5.0
T515300,Consulta de saldo,v2,Trujillo,3,Normal,113.2,0,4.0
T515301,Pago de servicios,v1,Trujillo,8,Pico,508.1,0,3.0
T515302,Pago QR,v1,Arequipa,20,Pico,442.1,0,3.0
T515303,Transferencia,v1,Lima,5,Normal,498.6,0,3.0
T515304,Transferencia,v1,Arequipa,7,Normal,3380.6,1,1.0
T515305,Transferencia,v2,Arequipa,22,Normal,386.7,0,5.0
T515306,Pago de servicios,v1,Arequipa,6,Normal,700.0,0,2.0
T515307,Pago de servicios,v2,Lima,20,Pico,165.7,0,3.0
T515308,Pago de servicios,v2,Lima,9,Pico,182.7,0,3.0
T515309,Recarga celular,v2,Arequipa,6,Normal,311.9,0,3.0
T515310,Transferencia,v2,Trujillo,13,Normal,156.2,0,4.0
T515311,Consulta de saldo,v2,Lima,18,Pico,219.5,0,4.0
T515312,Pago QR,v1,Lima,4,Normal,220.3,0,4.0
T515313,Transferencia,v2,Trujillo,11,Normal,193.8,0,4.0
T515314,Consulta de saldo,v1,Lima,21,Pico,90.8,0,3.0
T515315,Recarga celular,v1,Lima,13,Normal,120.3,0,5.0
T515316,Consulta de saldo,v2,Trujillo,3,Normal,137.2,0,4.0
T515317,Pago QR,v2,Lima,10,Pico,158.5,0,4.0
T515318,Consulta de saldo,v2,Arequipa,5,Normal,45.8,0,4.0
T515319,Consulta de saldo,v1,Lima,16,Normal,104.4,0,4.0
T515320,Consulta de saldo,v1,Lima,6,Normal,73.1,0,3.0
T515321,Transferencia,v2,Lima,15,Normal,196.6,0,4.0
T515322,Pago QR,v2,Arequipa,4,Normal,118.3,0,3.0
T515323,Transferencia,v1,Arequipa,4,Normal,237.7,0,5.0
T515324,Transferencia,v2,Trujillo,18,Pico,160.7,0,4.0
T515325,Transferencia,v1,Trujillo,21,Pico,297.3,0,3.0
T515326,Pago QR,v1,Arequipa,21,Pico,431.7,0,5.0
T515327,Recarga celular,v1,Arequipa,0,Normal,364.6,0,5.0
T515328,Transferencia,v1,Arequipa,20,Pico,275.0,1,2.0
T515329,Recarga celular,v1,Lima,13,Normal,258.3,0,5.0
T515330,Transferencia,v1,Lima,7,Normal,175.6,1,3.0
T515331,Pago QR,v1,Lima,2,Normal,134.4,0,4.0
T515332,Transferencia,v2,Trujillo,17,Normal,97.4,0,4.0
T515333,Pago de servicios,v2,Lima,11,Normal,228.4,0,5.0
T515334,Pago QR,v2,Lima,23,Normal,192.1,0,3.0
T515335,Pago QR,v2,Lima,1,Normal,73.2,0,4.0
T515336,Recarga celular,v2,Trujillo,7,Normal,139.2,0,5.0
T515337,Pago de servicios,v2,Trujillo,5,Normal,282.7,0,4.0
T515338,Transferencia,v2,Lima,2,Normal,179.9,0,4.0
T515339,Pago QR,v2,Trujillo,13,Normal,192.9,0,4.0
T515340,Pago QR,v1,Lima,18,Pico,125.6,0,5.0
T515341,Pago de servicios,v2,Lima,4,Normal,260.2,0,4.0
T515342,Consulta de saldo,v1,Lima,1,Normal,170.5,0,3.0
T515343,Transferencia,v1,Arequipa,21,Pico,589.0,0,2.0
T515344,Transferencia,v2,Lima,7,Normal,283.1,1,4.0
T515345,Transferencia,v1,Arequipa,10,Pico,737.8,0,3.0
T515346,Recarga celular,v1,Lima,11,Normal,155.3,0,5.0
T515347,Pago de servicios,v2,Arequipa,21,Pico,424.8,0,2.0
T515348,Pago QR,v2,Arequipa,4,Normal,180.6,0,5.0
T515349,Pago de servicios,v1,Trujillo,12,Normal,326.4,0,4.0
T515350,Pago QR,v1,Arequipa,10,Pico,192.7,0,5.0
T515351,Pago QR,v2,Lima,2,Normal,330.8,0,5.0
T515352,Consulta de saldo,v2,Trujillo,21,Pico,55.7,0,5.0
T515353,Transferencia,v2,Arequipa,21,Pico,442.2,0,4.0
T515354,Transferencia,v2,Lima,13,Normal,195.4,0,3.0
T515355,Transferencia,v2,Arequipa,1,Normal,,0,3.0
T515356,Pago QR,v1,Lima,14,Normal,173.5,0,5.0
T515357,Recarga celular,v2,Trujillo,16,Normal,110.8,0,5.0
T515358,Consulta de saldo,v2,Lima,15,Normal,141.1,0,4.0
T515359,Transferencia,v2,Arequipa,19,Pico,655.1,0,4.0
T515360,Recarga celular,v1,Trujillo,9,Pico,195.1,0,3.0
T515361,Pago QR,v1,Lima,21,Pico,302.2,0,4.0
T515362,Pago QR,v1,Arequipa,11,Normal,186.9,0,4.0
T515363,Pago QR,v1,Lima,3,Normal,102.1,0,3.0
T515364,Pago QR,v2,Arequipa,5,Normal,359.1,0,4.0
T515365,Consulta de saldo,v1,Lima,5,Normal,99.3,0,5.0
T515366,Consulta de saldo,v2,Lima,0,Normal,99.2,0,4.0
T515367,Transferencia,v1,Arequipa,10,Pico,272.3,0,5.0
T515368,Transferencia,v2,Lima,23,Normal,170.3,0,4.0
T515369,Recarga celular,v2,Lima,5,Normal,279.1,0,3.0
T515370,Transferencia,v1,Trujillo,9,Pico,280.8,0,4.0
T515371,Pago de servicios,v2,Lima,14,Normal,352.8,0,3.0
T515372,Pago de servicios,v1,Lima,2,Normal,213.7,0,5.0
T515373,Pago de servicios,v2,Arequipa,2,Normal,443.4,0,3.0
T515374,Recarga celular,v1,Lima,9,Pico,453.2,0,4.0
T515375,Transferencia,v2,Arequipa,13,Normal,740.3,0,2.0
T515376,Transferencia,v2,Arequipa,18,Pico,482.9,0,4.0
T515377,Consulta de saldo,v2,Trujillo,23,Normal,99.7,0,5.0
T515378,Pago QR,v1,Arequipa,0,Normal,410.1,0,4.0
T515379,Pago de servicios,v1,Lima,2,Normal,449.7,0,4.0
T515380,Transferencia,v2,Lima,9,Pico,161.3,0,5.0
T515381,Consulta de saldo,v1,Lima,5,Normal,92.1,0,5.0
T515382,Transferencia,v2,Lima,22,Normal,496.7,0,4.0
T515383,Transferencia,v1,Trujillo,15,Normal,468.4,0,5.0
T515384,Pago de servicios,v2,Lima,12,Normal,209.4,0,5.0
T515385,Pago QR,v1,Arequipa,3,Normal,244.5,0,5.0
T515386,Pago de servicios,v2,Arequipa,11,Normal,221.1,0,5.0
T515387,Consulta de saldo,v1,Lima,20,Pico,85.8,0,5.0
T515388,Pago de servicios,v1,Trujillo,19,Pico,631.5,0,4.0
T515389,Transferencia,v2,Arequipa,16,Normal,237.6,0,4.0
T515390,Consulta de saldo,v2,Lima,12,Normal,226.8,0,3.0
T515391,Pago QR,v2,Lima,8,Pico,383.2,0,3.0
T515392,Pago QR,v2,Trujillo,9,Pico,260.7,0,4.0
T515393,Pago QR,v1,Arequipa,12,Normal,212.7,0,4.0
T515394,Pago QR,v2,Lima,10,Pico,189.4,0,4.0
T515395,Pago QR,v1,Lima,5,Normal,241.6,0,4.0
T515396,Transferencia,v1,Lima,8,Pico,407.0,0,4.0
T515397,Consulta de saldo,v2,Arequipa,0,Normal,91.2,0,5.0
T515398,Pago de servicios,v2,Lima,21,Pico,560.6,0,5.0
T515399,Transferencia,v2,Lima,5,Normal,128.9,0,5.0
T515400,Pago QR,v1,Trujillo,19,Pico,275.2,0,4.0
T515401,Recarga celular,v2,Trujillo,1,Normal,237.4,0,3.0
T515402,Consulta de saldo,v1,Lima,6,Normal,160.3,0,3.0
T515403,Consulta de saldo,v1,Arequipa,0,Normal,76.8,0,3.0
T515404,Recarga celular,v1,Lima,13,Normal,168.1,0,4.0
T515405,Recarga celular,v1,Lima,13,Normal,141.4,0,4.0
T515406,Pago de servicios,v2,Lima,21,Pico,410.2,0,5.0
T515407,Pago QR,v2,Lima,9,Pico,134.3,0,5.0
T515408,Pago de servicios,v2,Lima,17,Normal,443.6,0,4.0
T515409,Pago QR,v1,Trujillo,18,Pico,202.3,0,4.0
T515410,Transferencia,v2,Lima,14,Normal,369.4,0,4.0
T515411,Pago QR,v1,Trujillo,4,Normal,343.9,0,3.0
T515412,Recarga celular,v2,Trujillo,7,Normal,218.9,0,4.0
T515413,Transferencia,v2,Trujillo,18,Pico,309.5,0,5.0
T515414,Pago QR,v1,Trujillo,13,Normal,269.6,0,4.0
T515415,Recarga celular,v2,Lima,5,Normal,136.4,0,4.0
T515416,Transferencia,v2,Lima,21,Pico,191.9,0,5.0
T515417,Recarga celular,v2,Lima,15,Normal,199.2,0,5.0
T515418,Pago QR,v2,Lima,13,Normal,136.2,0,5.0
T515419,Transferencia,v1,Arequipa,6,Normal,408.9,0,4.0
T515420,Pago de servicios,v2,Lima,7,Normal,399.3,0,4.0
T515421,Pago de servicios,v2,Lima,17,Normal,336.6,0,4.0
T515422,Consulta de saldo,v1,Trujillo,20,Pico,51.7,0,4.0
T515423,Pago QR,v2,Lima,4,Normal,162.7,0,4.0
T515424,Pago QR,v2,Arequipa,7,Normal,164.8,0,3.0
T515425,Consulta de saldo,v1,Lima,9,Pico,48.0,0,3.0
T515426,Transferencia,v2,Lima,9,Pico,527.3,0,3.0
T515427,Recarga celular,v2,Lima,20,Pico,547.4,0,4.0
T515428,Consulta de saldo,v1,Lima,1,Normal,74.1,0,5.0
T515429,Consulta de saldo,v2,Arequipa,19,Pico,99.7,0,4.0
T515430,Recarga celular,v2,Lima,11,Normal,485.7,0,3.0
T515431,Recarga celular,v1,Arequipa,13,Normal,154.3,0,5.0
T515432,Transferencia,v2,Lima,15,Normal,198.4,0,5.0
T515433,Transferencia,v1,Arequipa,17,Normal,238.0,0,4.0
T515434,Recarga celular,v1,Lima,11,Normal,78.8,0,5.0
T515435,Pago QR,v1,Trujillo,18,Pico,216.7,0,5.0
T515436,Transferencia,v1,Lima,14,Normal,170.4,0,5.0
T515437,Recarga celular,v2,Lima,0,Normal,267.5,0,4.0
T515438,Pago de servicios,v1,Lima,20,Pico,351.8,0,4.0
T515439,Pago QR,v1,Lima,16,Normal,111.5,0,3.0
T515440,Recarga celular,v2,Lima,16,Normal,189.6,0,5.0
T515441,Pago QR,v2,Lima,23,Normal,111.2,0,4.0
T515442,Consulta de saldo,v2,Trujillo,9,Pico,106.9,0,5.0
T515443,Consulta de saldo,v1,Lima,23,Normal,124.8,0,5.0
T515444,Recarga celular,v2,Lima,14,Normal,102.0,0,5.0
T515445,Pago QR,v1,Arequipa,2,Normal,115.4,0,5.0
T515446,Recarga celular,v2,Trujillo,17,Normal,283.1,0,4.0
T515447,Pago QR,v2,Lima,6,Normal,164.6,0,4.0
T515448,Transferencia,v1,Trujillo,9,Pico,341.2,0,4.0
T515449,Consulta de saldo,v2,Lima,18,Pico,131.5,0,5.0
T515450,Transferencia,v1,Trujillo,17,Normal,596.9,0,2.0
T515451,Pago QR,v1,Lima,11,Normal,175.8,0,4.0
T515452,Transferencia,v2,Lima,11,Normal,76.1,0,4.0
T515453,Transferencia,v1,Arequipa,2,Normal,220.3,0,4.0
T515454,Pago QR,v1,Arequipa,20,Pico,166.3,0,4.0
T515455,Recarga celular,v1,Trujillo,15,Normal,105.3,0,4.0
T515456,Transferencia,v1,Arequipa,19,Pico,554.2,0,3.0
T515457,Consulta de saldo,v1,Lima,22,Normal,153.9,0,4.0
T515458,Pago de servicios,v1,Lima,6,Normal,815.6,0,3.0
T515459,Recarga celular,v2,Arequipa,13,Normal,63.5,0,4.0
T515460,Transferencia,v2,Trujillo,23,Normal,445.8,0,5.0
T515461,Transferencia,v1,Lima,19,Pico,374.7,0,3.0
T515462,Pago QR,v2,Arequipa,8,Pico,135.4,0,4.0
T515463,Pago de servicios,v2,Arequipa,9,Pico,510.6,0,4.0
T515464,Pago de servicios,v1,Trujillo,1,Normal,181.4,0,4.0
T515465,Consulta de saldo,v1,Arequipa,22,Normal,211.3,0,4.0
T515466,Consulta de saldo,v2,Lima,4,Normal,40.9,0,5.0
T515467,Consulta de saldo,v1,Lima,9,Pico,232.7,0,4.0
T515468,Transferencia,v1,Trujillo,5,Normal,360.4,0,4.0
T515469,Consulta de saldo,v2,Trujillo,6,Normal,130.1,1,3.0
T515470,Pago de servicios,v1,Lima,6,Normal,383.7,0,3.0
T515471,Pago QR,v2,Lima,17,Normal,258.8,0,4.0
T515472,Recarga celular,v1,Lima,11,Normal,61.4,0,5.0
T515473,Consulta de saldo,v1,Lima,14,Normal,60.1,0,5.0
T515474,Pago de servicios,v2,Lima,6,Normal,228.0,0,4.0
T515475,Recarga celular,v2,Lima,6,Normal,121.6,0,5.0
T515476,Consulta de saldo,v2,Trujillo,18,Pico,89.7,0,4.0
T515477,Recarga celular,v2,Trujillo,22,Normal,173.3,0,4.0
T515478,Transferencia,v1,Trujillo,6,Normal,239.9,0,4.0
T515479,Pago QR,v1,Lima,5,Normal,258.1,0,5.0
T515480,Consulta de saldo,v2,Trujillo,18,Pico,153.8,0,4.0
T515481,Consulta de saldo,v2,Lima,21,Pico,123.1,0,4.0
T515482,Recarga celular,v1,Trujillo,7,Normal,169.5,0,5.0
T515483,Transferencia,v2,Lima,22,Normal,224.2,0,4.0
T515484,Pago QR,v1,Lima,10,Pico,167.6,0,5.0
T515485,Consulta de saldo,v2,Lima,6,Normal,109.5,0,5.0
T515486,Transferencia,v1,Lima,3,Normal,201.0,0,5.0
T515487,Pago QR,v1,Lima,20,Pico,468.2,0,3.0
T515488,Pago de servicios,v1,Lima,7,Normal,333.8,0,3.0
T515489,Pago de servicios,v2,Trujillo,13,Normal,203.2,0,4.0
T515490,Consulta de saldo,v1,Lima,2,Normal,157.0,0,4.0
T515491,Pago de servicios,v1,Lima,5,Normal,338.2,0,4.0
T515492,Pago QR,v2,Lima,18,Pico,186.6,0,5.0
T515493,Recarga celular,v2,Arequipa,6,Normal,174.3,0,3.0
T515494,Pago QR,v1,Trujillo,7,Normal,113.7,0,5.0
T515495,Recarga celular,v1,Lima,12,Normal,106.5,0,5.0
T515496,Transferencia,v2,Arequipa,8,Pico,384.9,0,4.0
T515497,Pago QR,v2,Arequipa,18,Pico,180.2,0,5.0
T515498,Consulta de saldo,v1,Lima,23,Normal,141.9,0,4.0
T515499,Consulta de saldo,v1,Lima,22,Normal,203.0,0,5.0
T515500,Consulta de saldo,v1,Lima,6,Normal,98.5,0,5.0
T515501,Pago de servicios,v2,Lima,18,Pico,180.0,0,3.0
T515502,Transferencia,v1,Trujillo,20,Pico,120.6,0,5.0
T515503,Consulta de saldo,v2,Lima,9,Pico,186.6,0,5.0
T515504,Pago QR,v1,Lima,10,Pico,224.1,0,4.0
T515505,Transferencia,v1,Lima,1,Normal,413.8,0,4.0
T515506,Pago QR,v1,Lima,8,Pico,170.9,0,4.0
T515507,Recarga celular,v2,Lima,4,Normal,137.6,0,4.0
T515508,Recarga celular,v2,Lima,15,Normal,367.2,0,5.0
T515509,Pago QR,v2,Lima,11,Normal,140.6,0,3.0
T515510,Pago de servicios,v1,Lima,5,Normal,229.7,0,4.0
T515511,Consulta de saldo,v2,Arequipa,12,Normal,89.5,0,4.0
T515512,Consulta de saldo,v1,Lima,18,Pico,81.5,0,5.0
T515513,Transferencia,v2,Arequipa,16,Normal,254.5,0,5.0
T515514,Consulta de saldo,v2,Lima,18,Pico,85.7,0,5.0
T515515,Transferencia,v1,Lima,15,Normal,267.8,0,4.0
T515516,Pago de servicios,v1,Lima,0,Normal,593.9,0,3.0
T515517,Transferencia,v1,Trujillo,18,Pico,358.2,0,5.0
T515518,Transferencia,v2,Arequipa,12,Normal,143.6,0,4.0
T515519,Consulta de saldo,v2,Lima,15,Normal,101.5,0,4.0
T515520,Pago QR,v1,Arequipa,4,Normal,146.0,0,4.0
T515521,Pago QR,v1,Lima,1,Normal,117.9,0,5.0
T515522,Consulta de saldo,v1,Lima,12,Normal,100.0,0,5.0
T515523,Pago QR,v1,Lima,15,Normal,174.5,0,5.0
T515524,Transferencia,v2,Trujillo,21,Pico,372.5,0,5.0
T515525,Pago QR,v1,Arequipa,22,Normal,94.6,0,4.0
T515526,Transferencia,v1,Lima,6,Normal,125.9,0,5.0
T515527,Pago QR,v2,Lima,15,Normal,104.1,0,4.0
T515528,Recarga celular,v1,Arequipa,6,Normal,379.2,0,3.0
T515529,Consulta de saldo,v1,Lima,13,Normal,57.5,0,5.0
T515530,Transferencia,v2,Arequipa,2,Normal,278.2,0,3.0
T515531,Transferencia,v1,Arequipa,1,Normal,220.5,0,5.0
T515532,Pago QR,v1,Lima,5,Normal,167.5,0,4.0
T515533,Pago de servicios,v2,Arequipa,20,Pico,408.5,0,4.0
T515534,Transferencia,v1,Arequipa,18,Pico,236.1,0,5.0
T515535,Pago QR,v2,Trujillo,3,Normal,151.4,0,4.0
T515536,Pago QR,v1,Lima,2,Normal,112.1,0,5.0
T515537,Transferencia,v2,Arequipa,2,Normal,153.1,0,3.0
T515538,Transferencia,v2,Trujillo,2,Normal,420.9,0,4.0
T515539,Transferencia,v1,Arequipa,19,Pico,462.1,0,5.0
T515540,Recarga celular,v1,Lima,19,Pico,244.0,0,3.0
T515541,Transferencia,v1,Lima,21,Pico,304.1,0,3.0
T515542,Transferencia,v1,Trujillo,4,Normal,580.2,0,3.0
T515543,Transferencia,v1,Trujillo,4,Normal,181.5,0,5.0
T515544,Consulta de saldo,v1,Lima,3,Normal,117.4,0,4.0
T515545,Consulta de saldo,v1,Arequipa,17,Normal,87.1,0,5.0
T515546,Consulta de saldo,v1,Arequipa,19,Pico,172.8,0,4.0
T515547,Transferencia,v2,Trujillo,23,Normal,444.4,0,3.0
T515548,Transferencia,v2,Trujillo,14,Normal,187.9,0,4.0
T515549,Consulta de saldo,v1,Trujillo,23,Normal,49.5,0,3.0
T515550,Transferencia,v1,Arequipa,17,Normal,305.8,0,4.0
T515551,Recarga celular,v2,Arequipa,0,Normal,186.0,0,4.0
T515552,Pago QR,v1,Lima,13,Normal,140.8,0,5.0
T515553,Pago QR,v2,Arequipa,9,Pico,157.5,0,5.0
T515554,Recarga celular,v2,Arequipa,3,Normal,189.9,0,5.0
T515555,Recarga celular,v2,Lima,16,Normal,84.2,0,3.0
T515556,Pago QR,v1,Arequipa,17,Normal,142.4,0,4.0
T515557,Recarga celular,v2,Lima,14,Normal,196.3,0,3.0
T515558,Pago de servicios,v2,Arequipa,0,Normal,421.1,0,3.0
T515559,Pago QR,v2,Arequipa,3,Normal,200.9,0,4.0
T515560,Recarga celular,v2,Lima,16,Normal,169.0,0,5.0
T515561,Consulta de saldo,v1,Lima,8,Pico,86.3,0,4.0
T515562,Pago QR,v2,Trujillo,15,Normal,214.5,0,5.0
T515563,Consulta de saldo,v2,Trujillo,20,Pico,108.9,1,4.0
T515564,Recarga celular,v1,Arequipa,22,Normal,150.9,0,4.0
T515565,Transferencia,v2,Trujillo,6,Normal,130.7,0,5.0
T515566,Pago de servicios,v1,Trujillo,1,Normal,283.8,0,5.0
T515567,Pago QR,v2,Trujillo,6,Normal,205.7,0,4.0
T515568,Transferencia,v1,Lima,7,Normal,369.4,0,4.0
T515569,Transferencia,v2,Trujillo,7,Normal,342.2,0,4.0
T515570,Consulta de saldo,v1,Lima,6,Normal,100.0,0,5.0
T515571,Transferencia,v2,Arequipa,4,Normal,305.3,0,3.0
T515572,Pago QR,v2,Arequipa,18,Pico,226.9,0,4.0
T515573,Consulta de saldo,v2,Arequipa,15,Normal,226.3,0,3.0
T515574,Consulta de saldo,v1,Arequipa,14,Normal,53.0,0,4.0
T515575,Transferencia,v2,Trujillo,23,Normal,826.9,0,1.0
T515576,Transferencia,v1,Lima,22,Normal,211.2,0,4.0
T515577,Transferencia,v2,Lima,7,Normal,174.3,0,5.0
T515578,Consulta de saldo,v1,Arequipa,21,Pico,106.2,0,4.0
T515579,Recarga celular,v2,Arequipa,5,Normal,196.8,0,4.0
T515580,Pago QR,v1,Lima,11,Normal,505.6,0,3.0
T515581,Transferencia,v2,Lima,23,Normal,225.7,0,3.0
T515582,Transferencia,v2,Arequipa,17,Normal,571.9,0,4.0
T515583,Pago de servicios,v1,Arequipa,13,Normal,441.8,0,3.0
T515584,Pago de servicios,v2,Lima,3,Normal,200.2,0,4.0
T515585,Pago de servicios,v2,Arequipa,0,Normal,250.4,0,3.0
T515586,Consulta de saldo,v1,Trujillo,11,Normal,74.6,0,5.0
T515587,Recarga celular,v2,Lima,14,Normal,2046.6,0,1.0
T515588,Pago QR,v2,Lima,6,Normal,97.7,0,5.0
T515589,Consulta de saldo,v2,Arequipa,22,Normal,119.3,0,5.0
T515590,Pago QR,v1,Trujillo,8,Pico,141.5,0,5.0
T515591,Transferencia,v2,Arequipa,22,Normal,203.9,0,4.0
T515592,Transferencia,v2,Trujillo,13,Normal,247.7,0,5.0
T515593,Consulta de saldo,v2,Trujillo,2,Normal,62.7,0,4.0
T515594,Pago QR,v2,Lima,1,Normal,83.0,0,4.0
T515595,Recarga celular,v1,Arequipa,9,Pico,404.1,0,3.0
T515596,Transferencia,v2,Trujillo,4,Normal,189.0,0,4.0
T515597,Pago QR,v2,Lima,9,Pico,351.1,0,5.0
T515598,Transferencia,v2,Lima,21,Pico,216.5,0,3.0
T515599,Pago QR,v1,Lima,20,Pico,99.2,0,4.0
T515600,Pago de servicios,v1,Arequipa,5,Normal,893.8,0,2.0
T515601,Pago QR,v1,Trujillo,21,Pico,367.9,0,4.0
T515602,Consulta de saldo,v1,Lima,4,Normal,103.5,0,
T515603,Transferencia,v1,Trujillo,8,Pico,147.0,0,5.0
T515604,Transferencia,v1,Trujillo,3,Normal,329.4,0,5.0
T515605,Pago de servicios,v2,Lima,20,Pico,326.3,0,4.0
T515606,Pago QR,v2,Lima,8,Pico,262.5,0,5.0
T515607,Recarga celular,v2,Arequipa,5,Normal,214.1,0,4.0
T515608,Transferencia,v1,Trujillo,19,Pico,460.3,0,4.0
T515609,Pago QR,v1,Lima,8,Pico,274.0,0,5.0
T515610,Consulta de saldo,v2,Trujillo,1,Normal,108.8,0,5.0
T515611,Pago QR,v2,Lima,15,Normal,148.3,0,4.0
T515612,Pago QR,v2,Lima,17,Normal,78.2,0,4.0
T515613,Pago QR,v1,Lima,15,Normal,135.1,0,4.0
T515614,Pago QR,v2,Arequipa,10,Pico,449.5,0,4.0
T515615,Transferencia,v2,Lima,17,Normal,308.6,0,5.0
T515616,Pago QR,v2,Arequipa,12,Normal,172.3,0,5.0
T515617,Consulta de saldo,v1,Lima,18,Pico,87.7,0,4.0
T515618,Pago QR,v2,Lima,12,Normal,174.3,0,3.0
T515619,Recarga celular,v2,Trujillo,14,Normal,289.6,0,4.0
T515620,Pago QR,v2,Arequipa,2,Normal,184.2,0,4.0
T515621,Pago de servicios,v2,Arequipa,12,Normal,252.1,0,5.0
T515622,Transferencia,v1,Lima,8,Pico,336.5,0,4.0
T515623,Consulta de saldo,v1,Arequipa,2,Normal,125.8,0,4.0
T515624,Transferencia,v2,Trujillo,14,Normal,254.9,0,3.0
T515625,Pago QR,v1,Trujillo,22,Normal,137.1,0,5.0
T515626,Pago QR,v2,Arequipa,10,Pico,337.3,0,4.0
T515627,Recarga celular,v2,Lima,23,Normal,108.0,0,4.0
T515628,Recarga celular,v1,Lima,15,Normal,135.2,0,5.0
T515629,Recarga celular,v2,Trujillo,23,Normal,106.3,0,5.0
T515630,Consulta de saldo,v1,Lima,0,Normal,81.2,0,4.0
T515631,Pago QR,v1,Arequipa,17,Normal,327.1,0,3.0
T515632,Pago de servicios,v2,Trujillo,1,Normal,299.9,0,5.0
T515633,Consulta de saldo,v2,Trujillo,4,Normal,94.4,0,5.0
T515634,Consulta de saldo,v1,Lima,16,Normal,50.5,0,5.0
T515635,Pago de servicios,v1,Trujillo,0,Normal,319.2,0,3.0
T515636,Transferencia,v2,Arequipa,11,Normal,200.4,0,4.0
T515637,Pago QR,v1,Arequipa,4,Normal,106.7,0,5.0
T515638,Pago QR,v2,Trujillo,2,Normal,136.2,0,5.0
T515639,Transferencia,v1,Lima,19,Pico,493.1,0,3.0
T515640,Transferencia,v1,Arequipa,9,Pico,263.8,0,4.0
T515641,Consulta de saldo,v1,Trujillo,5,Normal,91.1,0,5.0
T515642,Recarga celular,v1,Lima,22,Normal,583.3,0,4.0
T515643,Transferencia,v2,Arequipa,15,Normal,126.8,0,4.0
T515644,Recarga celular,v1,Trujillo,6,Normal,245.8,0,4.0
T515645,Recarga celular,v2,Lima,21,Pico,175.1,0,5.0
T515646,Pago de servicios,v2,Trujillo,6,Normal,382.0,0,3.0
T515647,Consulta de saldo,v2,Trujillo,11,Normal,79.6,0,4.0
T515648,Transferencia,v1,Lima,7,Normal,255.7,0,5.0
T515649,Consulta de saldo,v2,Lima,19,Pico,88.3,0,5.0
T515650,Transferencia,v1,Lima,20,Pico,181.3,0,4.0
T515651,Pago QR,v1,Lima,4,Normal,209.8,1,4.0
T515652,Transferencia,v2,Lima,1,Normal,430.7,0,4.0
T515653,Transferencia,v2,Trujillo,16,Normal,226.6,0,4.0
T515654,Pago QR,v1,Lima,21,Pico,188.1,0,5.0
T515655,Transferencia,v2,Lima,16,Normal,137.1,0,5.0
T515656,Recarga celular,v1,Arequipa,5,Normal,201.3,0,5.0
T515657,Transferencia,v1,Arequipa,17,Normal,292.7,0,3.0
T515658,Transferencia,v2,Trujillo,17,Normal,194.2,0,4.0
T515659,Consulta de saldo,v2,Lima,22,Normal,149.2,0,4.0
T515660,Consulta de saldo,v1,Arequipa,20,Pico,69.5,0,4.0
T515661,Transferencia,v1,Lima,6,Normal,204.0,0,4.0
T515662,Transferencia,v1,Lima,5,Normal,365.4,0,3.0
T515663,Consulta de saldo,v2,Lima,15,Normal,71.1,0,4.0
T515664,Pago QR,v2,Lima,10,Pico,326.1,0,5.0
T515665,Recarga celular,v1,Lima,23,Normal,194.7,0,4.0
T515666,Pago de servicios,v1,Trujillo,9,Pico,395.1,0,4.0
T515667,Consulta de saldo,v1,Arequipa,15,Normal,126.2,0,4.0
T515668,Transferencia,v1,Lima,21,Pico,563.2,0,3.0
T515669,Recarga celular,v1,Arequipa,4,Normal,145.4,0,5.0
T515670,Transferencia,v2,Trujillo,19,Pico,352.3,0,3.0
T515671,Consulta de saldo,v1,Lima,11,Normal,193.1,0,3.0
T515672,Transferencia,v1,Lima,11,Normal,696.4,0,3.0
T515673,Pago QR,v1,Arequipa,19,Pico,733.2,0,3.0
T515674,Pago QR,v2,Lima,20,Pico,231.9,0,4.0
T515675,Pago QR,v2,Arequipa,3,Normal,141.2,0,5.0
T515676,Pago de servicios,v1,Trujillo,0,Normal,891.7,0,3.0
T515677,Pago de servicios,v2,Lima,12,Normal,148.8,0,4.0
T515678,Pago de servicios,v2,Trujillo,17,Normal,251.3,0,5.0
T515679,Consulta de saldo,v2,Trujillo,17,Normal,103.4,0,5.0
T515680,Transferencia,v2,Trujillo,3,Normal,194.3,0,5.0
T515681,Consulta de saldo,v2,Lima,15,Normal,132.1,0,4.0
T515682,Consulta de saldo,v2,Arequipa,11,Normal,80.4,0,4.0
T515683,Consulta de saldo,v1,Lima,9,Pico,102.9,0,5.0
T515684,Pago de servicios,v1,Trujillo,9,Pico,252.7,0,5.0
T515685,Transferencia,v1,Trujillo,1,Normal,449.2,0,2.0
T515686,Transferencia,v1,Lima,0,Normal,375.8,0,4.0
T515687,Recarga celular,v1,Lima,13,Normal,192.8,0,5.0
T515688,Pago QR,v1,Arequipa,10,Pico,135.7,0,5.0
T515689,Pago QR,v1,Lima,14,Normal,155.5,0,4.0
T515690,Consulta de saldo,v1,Arequipa,14,Normal,46.6,0,5.0
T515691,Pago de servicios,v1,Lima,10,Pico,263.7,0,4.0
T515692,Pago de servicios,v1,Lima,22,Normal,274.9,0,5.0
T515693,Transferencia,v2,Lima,7,Normal,796.0,0,3.0
T515694,Transferencia,v1,Trujillo,15,Normal,318.9,0,3.0
T515695,Consulta de saldo,v1,Lima,22,Normal,99.4,0,4.0
T515696,Recarga celular,v1,Arequipa,2,Normal,183.0,0,4.0
T515697,Consulta de saldo,v2,Lima,7,Normal,102.7,0,5.0
T515698,Transferencia,v2,Lima,12,Normal,241.3,0,4.0
T515699,Pago QR,v1,Lima,0,Normal,194.2,0,5.0
T515700,Pago QR,v1,Lima,16,Normal,143.0,0,5.0
T515701,Recarga celular,v1,Lima,18,Pico,199.7,0,4.0
T515702,Pago de servicios,v1,Trujillo,16,Normal,905.0,0,2.0
T515703,Recarga celular,v2,Lima,1,Normal,243.2,0,4.0
T515704,Recarga celular,v2,Lima,11,Normal,172.6,0,5.0
T515705,Pago QR,v2,Lima,18,Pico,522.9,0,2.0
T515706,Pago QR,v1,Lima,21,Pico,301.3,0,2.0
T515707,Pago QR,v1,Trujillo,18,Pico,206.5,0,5.0
T515708,Transferencia,v1,Arequipa,20,Pico,315.6,0,4.0
T515709,Pago QR,v2,Lima,3,Normal,185.1,0,4.0
T515710,Recarga celular,v2,Lima,13,Normal,174.7,0,4.0
T515711,Recarga celular,v1,Lima,23,Normal,122.5,0,5.0
T515712,Consulta de saldo,v2,Lima,13,Normal,160.1,0,5.0
T515713,Pago QR,v1,Arequipa,14,Normal,195.3,0,4.0
T515714,Pago QR,v2,Trujillo,18,Pico,248.8,0,5.0
T515715,Pago de servicios,v2,Lima,5,Normal,284.3,0,4.0
T515716,Transferencia,v2,Arequipa,23,Normal,391.2,0,3.0
T515717,Pago QR,v2,Lima,11,Normal,180.1,0,5.0
T515718,Transferencia,v1,Lima,13,Normal,325.2,0,4.0
T515719,Consulta de saldo,v1,Arequipa,10,Pico,178.5,0,4.0
T515720,Recarga celular,v2,Arequipa,7,Normal,235.5,0,5.0
T515721,Recarga celular,v1,Lima,19,Pico,118.5,0,4.0
T515722,Transferencia,v2,Trujillo,12,Normal,315.8,0,3.0
T515723,Pago QR,v1,Trujillo,21,Pico,257.0,0,5.0
T515724,Pago QR,v2,Arequipa,12,Normal,348.1,0,4.0
T515725,Recarga celular,v1,Arequipa,19,Pico,153.2,0,5.0
T515726,Recarga celular,v2,Lima,8,Pico,237.3,0,4.0
T515727,Transferencia,v1,Trujillo,13,Normal,216.5,0,4.0
T515728,Pago de servicios,v2,Lima,4,Normal,330.2,0,3.0
T515729,Pago de servicios,v1,Trujillo,19,Pico,440.9,0,4.0
T515730,Pago QR,v2,Lima,17,Normal,183.3,0,4.0
T515731,Pago QR,v2,Lima,16,Normal,190.3,0,4.0
T515732,Recarga celular,v1,Lima,7,Normal,108.1,0,4.0
T515733,Recarga celular,v2,Lima,3,Normal,104.1,0,4.0
T515734,Recarga celular,v2,Lima,20,Pico,321.7,0,5.0
T515735,Pago de servicios,v2,Lima,8,Pico,152.3,0,4.0
T515736,Pago de servicios,v1,Trujillo,20,Pico,525.5,0,5.0
T515737,Consulta de saldo,v1,Lima,22,Normal,41.6,0,4.0
T515738,Consulta de saldo,v1,Trujillo,3,Normal,155.2,0,5.0
T515739,Pago QR,v2,Lima,12,Normal,160.0,0,4.0
T515740,Consulta de saldo,v2,Lima,2,Normal,61.6,0,5.0
T515741,Pago de servicios,v2,Lima,11,Normal,196.4,0,4.0
T515742,Pago de servicios,v2,Lima,18,Pico,189.2,0,4.0
T515743,Consulta de saldo,v2,Trujillo,3,Normal,250.9,0,3.0
T515744,Transferencia,v2,Arequipa,10,Pico,273.3,0,4.0
T515745,Consulta de saldo,v2,Lima,18,Pico,111.8,0,5.0
T515746,Recarga celular,v2,Arequipa,6,Normal,134.9,0,4.0
T515747,Pago QR,v1,Lima,4,Normal,543.7,0,3.0
T515748,Transferencia,v1,Lima,7,Normal,754.0,0,3.0
T515749,Consulta de saldo,v1,Arequipa,19,Pico,114.2,0,5.0
T515750,Transferencia,v1,Lima,0,Normal,360.1,0,5.0
T515751,Transferencia,v2,Trujillo,3,Normal,286.3,0,4.0
T515752,Pago QR,v2,Trujillo,17,Normal,260.9,0,4.0
T515753,Transferencia,v2,Lima,10,Pico,273.0,0,5.0
T515754,Transferencia,v2,Arequipa,18,Pico,473.4,0,4.0
T515755,Transferencia,v1,Lima,16,Normal,130.0,0,4.0
T515756,Pago de servicios,v2,Lima,15,Normal,240.7,0,4.0
T515757,Consulta de saldo,v1,Trujillo,10,Pico,364.8,0,4.0
T515758,Pago QR,v2,Arequipa,4,Normal,361.6,0,4.0
T515759,Recarga celular,v1,Lima,8,Pico,234.3,0,4.0
T515760,Consulta de saldo,v1,Lima,12,Normal,115.4,0,
T515761,Consulta de saldo,v2,Lima,4,Normal,128.0,0,4.0
T515762,Consulta de saldo,v1,Lima,18,Pico,66.7,0,4.0
T515763,Pago de servicios,v2,Trujillo,3,Normal,408.4,0,4.0
T515764,Pago de servicios,v1,Trujillo,2,Normal,513.3,0,4.0
T515765,Transferencia,v1,Lima,19,Pico,286.0,1,3.0
T515766,Recarga celular,v1,Arequipa,6,Normal,204.7,0,5.0
T515767,Consulta de saldo,v1,Trujillo,16,Normal,110.9,0,4.0
T515768,Pago de servicios,v1,Lima,21,Pico,406.0,0,5.0
T515769,Transferencia,v1,Trujillo,21,Pico,278.6,0,4.0
T515770,Consulta de saldo,v1,Arequipa,15,Normal,180.6,0,4.0
T515771,Transferencia,v1,Arequipa,1,Normal,822.1,0,5.0
T515772,Recarga celular,v1,Lima,21,Pico,113.1,0,4.0
T515773,Consulta de saldo,v1,Trujillo,6,Normal,114.5,0,4.0
T515774,Transferencia,v1,Lima,3,Normal,394.0,0,3.0
T515775,Pago QR,v1,Trujillo,20,Pico,421.2,0,4.0
T515776,Pago de servicios,v2,Lima,15,Normal,269.9,0,4.0
T515777,Pago QR,v2,Lima,7,Normal,175.3,0,5.0
T515778,Transferencia,v1,Lima,21,Pico,489.7,0,5.0
T515779,Pago QR,v1,Trujillo,2,Normal,171.4,0,5.0
T515780,Transferencia,v2,Lima,18,Pico,408.9,0,4.0
T515781,Pago QR,v2,Lima,1,Normal,194.2,0,4.0
T515782,Consulta de saldo,v1,Lima,22,Normal,113.4,0,5.0
T515783,Pago QR,v1,Lima,13,Normal,172.5,0,4.0
T515784,Transferencia,v2,Trujillo,10,Pico,304.5,0,
T515785,Pago QR,v1,Trujillo,13,Normal,395.1,0,3.0
T515786,Recarga celular,v2,Arequipa,1,Normal,211.4,0,4.0
T515787,Recarga celular,v2,Lima,5,Normal,257.8,0,3.0
T515788,Pago QR,v1,Trujillo,17,Normal,407.7,0,3.0
T515789,Transferencia,v2,Lima,7,Normal,162.8,0,4.0
T515790,Pago QR,v1,Arequipa,9,Pico,175.7,0,4.0
T515791,Consulta de saldo,v2,Lima,7,Normal,143.1,0,4.0
T515792,Pago QR,v1,Lima,5,Normal,306.7,0,4.0
T515793,Pago QR,v1,Lima,7,Normal,293.5,0,5.0
T515794,Transferencia,v1,Trujillo,18,Pico,204.1,0,5.0
T515795,Consulta de saldo,v1,Trujillo,15,Normal,92.3,0,5.0
T515796,Consulta de saldo,v1,Trujillo,14,Normal,132.6,0,5.0
T515797,Pago QR,v1,Arequipa,7,Normal,291.9,0,3.0
T515798,Pago de servicios,v2,Arequipa,18,Pico,457.6,0,4.0
T515799,Pago de servicios,v1,Arequipa,13,Normal,341.7,0,4.0
T515800,Recarga celular,v2,Arequipa,15,Normal,124.5,0,5.0
T515801,Consulta de saldo,v1,Lima,9,Pico,75.1,0,5.0
T515802,Consulta de saldo,v1,Lima,19,Pico,134.5,0,4.0
T515803,Transferencia,v2,Arequipa,14,Normal,218.3,0,4.0
T515804,Pago QR,v1,Lima,9,Pico,86.5,0,4.0
T515805,Transferencia,v2,Trujillo,3,Normal,470.7,0,3.0
T515806,Consulta de saldo,v1,Arequipa,6,Normal,149.8,0,5.0
T515807,Pago QR,v2,Lima,0,Normal,125.3,0,3.0
T515808,Pago QR,v2,Arequipa,15,Normal,112.6,0,5.0
T515809,Pago QR,v2,Lima,2,Normal,125.8,0,4.0
T515810,Pago de servicios,v2,Trujillo,17,Normal,286.3,0,5.0
T515811,Transferencia,v1,Trujillo,3,Normal,271.9,0,4.0
T515812,Pago QR,v2,Lima,7,Normal,230.7,0,4.0
T515813,Consulta de saldo,v1,Trujillo,14,Normal,76.1,0,4.0
T515814,Transferencia,v2,Trujillo,7,Normal,230.1,0,4.0
T515815,Recarga celular,v1,Trujillo,1,Normal,444.5,0,5.0
T515816,Pago QR,v1,Lima,16,Normal,147.2,0,4.0
T515817,Recarga celular,v1,Arequipa,0,Normal,91.4,0,5.0
T515818,Pago QR,v1,Lima,7,Normal,97.6,0,5.0
T515819,Consulta de saldo,v2,Lima,4,Normal,181.4,0,3.0
T515820,Pago de servicios,v1,Lima,3,Normal,442.1,0,4.0
T515821,Recarga celular,v1,Arequipa,6,Normal,462.2,0,3.0
T515822,Consulta de saldo,v1,Lima,16,Normal,37.6,0,5.0
T515823,Transferencia,v1,Trujillo,0,Normal,653.8,0,3.0
T515824,Recarga celular,v1,Lima,17,Normal,187.6,0,5.0
T515825,Pago QR,v1,Lima,10,Pico,251.5,0,4.0
T515826,Pago de servicios,v1,Lima,7,Normal,418.5,0,4.0
T515827,Pago de servicios,v2,Trujillo,17,Normal,234.8,0,4.0
T515828,Transferencia,v2,Lima,12,Normal,195.7,0,4.0
T515829,Pago de servicios,v1,Trujillo,3,Normal,831.5,0,3.0
T515830,Pago de servicios,v2,Lima,23,Normal,325.5,0,5.0
T515831,Pago QR,v2,Lima,4,Normal,91.3,0,4.0
T515832,Transferencia,v2,Lima,23,Normal,154.1,0,5.0
T515833,Transferencia,v2,Trujillo,9,Pico,356.9,0,4.0
T515834,Pago de servicios,v1,Lima,0,Normal,163.3,0,3.0
T515835,Transferencia,v1,Arequipa,10,Pico,335.8,0,4.0
T515836,Pago QR,v2,Arequipa,12,Normal,154.9,0,5.0
T515837,Pago de servicios,v1,Lima,18,Pico,379.6,0,4.0
T515838,Transferencia,v1,Trujillo,3,Normal,406.0,0,4.0
T515839,Pago de servicios,v1,Lima,15,Normal,477.0,0,3.0
T515840,Recarga celular,v1,Lima,9,Pico,219.4,0,3.0
T515841,Pago de servicios,v1,Lima,14,Normal,568.1,0,2.0
T515842,Recarga celular,v1,Trujillo,16,Normal,301.1,1,2.0
T515843,Pago QR,v1,Trujillo,6,Normal,126.4,0,4.0
T515844,Pago QR,v1,Lima,21,Pico,393.0,0,4.0
T515845,Pago QR,v2,Lima,1,Normal,99.0,0,4.0
T515846,Recarga celular,v2,Lima,20,Pico,201.7,0,4.0
T515847,Consulta de saldo,v1,Lima,11,Normal,54.7,0,5.0
T515848,Pago de servicios,v2,Lima,17,Normal,150.0,0,4.0
T515849,Pago de servicios,v1,Arequipa,6,Normal,402.9,0,4.0
T515850,Consulta de saldo,v2,Arequipa,21,Pico,117.7,0,4.0
T515851,Transferencia,v1,Lima,12,Normal,204.8,0,4.0
T515852,Pago QR,v1,Lima,7,Normal,309.3,0,4.0
T515853,Recarga celular,v2,Trujillo,9,Pico,239.7,0,4.0
T515854,Pago QR,v1,Trujillo,12,Normal,168.3,0,4.0
T515855,Recarga celular,v1,Lima,9,Pico,116.9,0,5.0
T515856,Transferencia,v2,Lima,13,Normal,193.2,0,4.0
T515857,Transferencia,v2,Lima,0,Normal,107.2,0,4.0
T515858,Pago QR,v2,Arequipa,10,Pico,200.0,0,4.0
T515859,Transferencia,v2,Trujillo,19,Pico,196.2,0,5.0
T515860,Transferencia,v2,Trujillo,5,Normal,494.8,0,4.0
T515861,Pago QR,v2,Lima,4,Normal,134.7,0,3.0
T515862,Recarga celular,v1,Trujillo,9,Pico,187.7,0,4.0
T515863,Transferencia,v1,Lima,11,Normal,202.0,0,4.0
T515864,Pago QR,v1,Arequipa,10,Pico,279.5,0,4.0
T515865,Transferencia,v2,Lima,20,Pico,273.8,0,5.0
T515866,Pago QR,v2,Arequipa,2,Normal,289.8,0,5.0
T515867,Pago QR,v1,Trujillo,9,Pico,301.7,0,5.0
T515868,Pago QR,v2,Arequipa,22,Normal,153.8,0,4.0
T515869,Pago QR,v1,Arequipa,2,Normal,239.4,0,
T515870,Consulta de saldo,v1,Lima,9,Pico,191.7,0,3.0
T515871,Consulta de saldo,v1,Lima,20,Pico,114.0,0,5.0
T515872,Transferencia,v1,Lima,0,Normal,319.7,0,5.0
T515873,Pago QR,v2,Lima,4,Normal,369.9,0,4.0
T515874,Pago de servicios,v2,Lima,9,Pico,318.7,1,2.0
T515875,Pago QR,v1,Lima,18,Pico,281.0,0,5.0
T515876,Pago de servicios,v2,Lima,0,Normal,403.4,0,4.0
T515877,Consulta de saldo,v1,Trujillo,2,Normal,88.3,0,4.0
T515878,Pago QR,v1,Arequipa,1,Normal,292.4,0,5.0
T515879,Pago de servicios,v1,Arequipa,14,Normal,260.1,0,4.0
T515880,Recarga celular,v1,Lima,21,Pico,200.6,0,5.0
T515881,Pago de servicios,v1,Trujillo,4,Normal,351.2,0,4.0
T515882,Pago QR,v2,Lima,23,Normal,148.2,0,5.0
T515883,Transferencia,v1,Arequipa,21,Pico,457.4,0,3.0
T515884,Pago de servicios,v2,Trujillo,1,Normal,168.3,0,5.0
T515885,Consulta de saldo,v1,Trujillo,23,Normal,63.3,0,5.0
T515886,Pago QR,v2,Trujillo,8,Pico,248.0,0,4.0
T515887,Consulta de saldo,v2,Arequipa,0,Normal,79.2,0,5.0
T515888,Pago QR,v2,Arequipa,19,Pico,518.0,0,3.0
T515889,Consulta de saldo,v2,Lima,4,Normal,149.1,0,5.0
T515890,Transferencia,v2,Trujillo,22,Normal,393.5,0,4.0
T515891,Consulta de saldo,v2,Lima,4,Normal,104.9,0,5.0
T515892,Transferencia,v1,Lima,4,Normal,577.3,0,3.0
T515893,Pago QR,v1,Lima,4,Normal,71.7,0,5.0
T515894,Pago QR,v1,Lima,23,Normal,218.9,0,4.0
T515895,Pago QR,v1,Lima,4,Normal,175.4,0,4.0
T515896,Transferencia,v1,Arequipa,21,Pico,428.2,0,5.0
T515897,Pago QR,v1,Arequipa,20,Pico,249.8,0,3.0
T515898,Transferencia,v2,Lima,12,Normal,204.3,0,5.0
T515899,Consulta de saldo,v1,Trujillo,11,Normal,125.3,0,4.0
T515900,Transferencia,v1,Arequipa,17,Normal,199.8,0,5.0
T515901,Transferencia,v2,Lima,21,Pico,,0,
T515902,Pago de servicios,v1,Lima,9,Pico,499.6,0,4.0
T515903,Pago de servicios,v2,Lima,8,Pico,510.1,0,4.0
T515904,Pago QR,v1,Trujillo,1,Normal,206.4,0,4.0
T515905,Pago QR,v1,Lima,15,Normal,103.3,0,5.0
T515906,Consulta de saldo,v1,Arequipa,3,Normal,104.0,0,4.0
T515907,Pago de servicios,v1,Lima,5,Normal,402.1,0,5.0
T515908,Consulta de saldo,v1,Lima,2,Normal,75.0,0,4.0
T515909,Consulta de saldo,v1,Trujillo,10,Pico,139.3,0,4.0
T515910,Transferencia,v1,Lima,17,Normal,467.3,0,3.0
T515911,Consulta de saldo,v1,Lima,4,Normal,193.3,0,4.0
T515912,Recarga celular,v1,Lima,8,Pico,295.0,0,5.0
T515913,Pago QR,v1,Lima,11,Normal,82.1,0,5.0
T515914,Pago de servicios,v2,Arequipa,5,Normal,198.7,0,5.0
T515915,Consulta de saldo,v2,Lima,2,Normal,153.8,0,5.0
T515916,Transferencia,v2,Lima,8,Pico,184.4,0,5.0
T515917,Consulta de saldo,v2,Trujillo,9,Pico,100.0,0,3.0
T515918,Pago QR,v2,Trujillo,3,Normal,331.5,0,4.0
T515919,Consulta de saldo,v1,Lima,0,Normal,56.7,0,5.0
T515920,Pago QR,v2,Lima,2,Normal,104.2,0,5.0
T515921,Pago de servicios,v1,Arequipa,17,Normal,732.8,0,3.0
T515922,Consulta de saldo,v2,Arequipa,15,Normal,114.5,0,5.0
T515923,Pago QR,v1,Arequipa,3,Normal,164.5,0,5.0
T515924,Recarga celular,v2,Lima,10,Pico,231.6,0,3.0
T515925,Transferencia,v1,Trujillo,13,Normal,518.9,0,4.0
T515926,Consulta de saldo,v2,Lima,19,Pico,79.9,0,4.0
T515927,Pago de servicios,v1,Arequipa,18,Pico,1428.6,0,1.0
T515928,Pago QR,v2,Trujillo,8,Pico,276.5,0,
T515929,Consulta de saldo,v2,Arequipa,5,Normal,134.1,0,5.0
T515930,Transferencia,v1,Trujillo,3,Normal,220.0,0,5.0
T515931,Pago de servicios,v1,Arequipa,5,Normal,378.8,0,4.0
T515932,Consulta de saldo,v2,Arequipa,10,Pico,129.3,0,4.0
T515933,Pago de servicios,v1,Trujillo,3,Normal,486.3,0,5.0
T515934,Consulta de saldo,v2,Lima,5,Normal,19.6,0,5.0
T515935,Pago de servicios,v2,Lima,2,Normal,156.9,0,5.0
T515936,Consulta de saldo,v1,Trujillo,15,Normal,88.1,0,4.0
T515937,Transferencia,v2,Lima,20,Pico,350.9,0,3.0
T515938,Pago QR,v2,Trujillo,21,Pico,469.9,0,4.0
T515939,Consulta de saldo,v1,Arequipa,6,Normal,74.4,0,4.0
T515940,Pago QR,v2,Lima,9,Pico,271.6,0,4.0
T515941,Pago de servicios,v1,Arequipa,21,Pico,7166.5,0,1.0
T515942,Pago QR,v2,Trujillo,8,Pico,223.9,0,3.0
T515943,Recarga celular,v1,Trujillo,4,Normal,263.1,0,5.0
T515944,Pago QR,v2,Lima,12,Normal,244.6,0,5.0
T515945,Consulta de saldo,v1,Lima,0,Normal,73.3,0,4.0
T515946,Pago QR,v2,Lima,11,Normal,323.3,0,4.0
T515947,Recarga celular,v2,Trujillo,7,Normal,162.1,0,4.0
T515948,Pago QR,v2,Arequipa,10,Pico,351.0,0,4.0
T515949,Pago QR,v2,Lima,9,Pico,175.7,0,5.0
T515950,Transferencia,v2,Arequipa,20,Pico,167.5,0,4.0
T515951,Transferencia,v2,Arequipa,4,Normal,739.1,0,2.0
T515952,Pago QR,v1,Lima,8,Pico,458.6,0,3.0
T515953,Consulta de saldo,v2,Trujillo,23,Normal,39.8,0,4.0
T515954,Transferencia,v2,Lima,1,Normal,360.8,0,3.0
T515955,Transferencia,v1,Lima,18,Pico,766.4,0,3.0
T515956,Pago QR,v1,Lima,13,Normal,98.7,0,5.0
T515957,Pago de servicios,v2,Arequipa,0,Normal,445.7,0,4.0
T515958,Pago QR,v1,Lima,3,Normal,182.4,0,4.0
T515959,Consulta de saldo,v2,Trujillo,19,Pico,99.0,1,2.0
T515960,Recarga celular,v2,Arequipa,6,Normal,137.8,0,3.0
T515961,Pago QR,v2,Arequipa,11,Normal,319.9,0,3.0
T515962,Recarga celular,v2,Lima,20,Pico,201.5,0,
T515963,Pago QR,v1,Lima,11,Normal,215.1,0,4.0
T515964,Pago de servicios,v2,Arequipa,18,Pico,374.4,0,3.0
T515965,Pago de servicios,v2,Trujillo,1,Normal,264.9,0,4.0
T515966,Pago de servicios,v2,Lima,10,Pico,316.4,0,4.0
T515967,Transferencia,v2,Lima,5,Normal,280.4,0,4.0
T515968,Transferencia,v1,Arequipa,12,Normal,261.9,0,4.0
T515969,Pago QR,v1,Lima,19,Pico,258.3,0,4.0
T515970,Transferencia,v2,Lima,9,Pico,142.0,0,5.0
T515971,Transferencia,v2,Arequipa,1,Normal,259.4,0,4.0
T515972,Pago QR,v1,Trujillo,1,Normal,177.3,0,4.0
T515973,Recarga celular,v1,Lima,9,Pico,248.8,0,5.0
T515974,Pago QR,v2,Lima,3,Normal,284.2,0,4.0
T515975,Pago QR,v2,Lima,16,Normal,134.8,0,4.0
T515976,Transferencia,v2,Trujillo,7,Normal,201.6,0,3.0
T515977,Recarga celular,v1,Arequipa,7,Normal,266.4,0,5.0
T515978,Consulta de saldo,v1,Lima,13,Normal,92.4,0,3.0
T515979,Consulta de saldo,v1,Arequipa,14,Normal,254.3,0,3.0
T515980,Recarga celular,v1,Arequipa,4,Normal,161.5,0,5.0
T515981,Pago QR,v1,Lima,4,Normal,97.0,0,
T515982,Pago QR,v1,Lima,18,Pico,248.2,0,4.0
T515983,Consulta de saldo,v2,Lima,1,Normal,57.9,0,5.0
T515984,Pago de servicios,v1,Lima,15,Normal,668.3,0,3.0
T515985,Transferencia,v1,Arequipa,10,Pico,590.1,0,3.0
T515986,Consulta de saldo,v2,Lima,16,Normal,91.6,0,5.0
T515987,Pago QR,v2,Lima,18,Pico,156.5,0,5.0
T515988,Transferencia,v1,Trujillo,10,Pico,381.7,0,4.0
T515989,Consulta de saldo,v2,Lima,10,Pico,78.1,0,5.0
T515990,Consulta de saldo,v2,Lima,6,Normal,103.2,0,5.0
T515991,Consulta de saldo,v2,Trujillo,4,Normal,97.1,0,4.0
T515992,Pago QR,v1,Trujillo,9,Pico,527.3,0,4.0
T515993,Transferencia,v2,Lima,16,Normal,255.0,0,4.0
T515994,Recarga celular,v2,Lima,16,Normal,165.3,1,3.0
T515995,Transferencia,v1,Lima,4,Normal,310.5,0,4.0
T515996,Pago QR,v1,Lima,0,Normal,221.1,0,5.0
T515997,Pago QR,v2,Lima,14,Normal,210.9,0,4.0
T515998,Pago QR,v2,Trujillo,10,Pico,544.8,0,3.0
T515999,Transferencia,v1,Lima,14,Normal,266.3,0,3.0
T516000,Pago de servicios,v2,Lima,5,Normal,537.2,0,4.0
T516001,Recarga celular,v1,Arequipa,5,Normal,174.1,0,4.0
T516002,Pago QR,v2,Trujillo,7,Normal,67.1,0,5.0
T516003,Pago de servicios,v2,Lima,3,Normal,155.7,0,4.0
T516004,Transferencia,v2,Lima,19,Pico,231.9,0,5.0
T516005,Transferencia,v1,Trujillo,0,Normal,282.0,0,4.0
T516006,Transferencia,v2,Lima,8,Pico,374.5,0,4.0
T516007,Transferencia,v2,Lima,3,Normal,247.5,0,
T516008,Recarga celular,v1,Lima,4,Normal,168.0,0,5.0
T516009,Consulta de saldo,v2,Lima,14,Normal,92.4,0,3.0
T516010,Recarga celular,v2,Arequipa,11,Normal,101.5,0,3.0
T516011,Transferencia,v1,Arequipa,18,Pico,637.1,1,2.0
T516012,Consulta de saldo,v2,Trujillo,12,Normal,130.9,0,4.0
T516013,Pago de servicios,v1,Lima,5,Normal,1124.6,0,3.0
T516014,Pago QR,v1,Trujillo,22,Normal,147.9,0,5.0
T516015,Pago de servicios,v1,Arequipa,22,Normal,,0,4.0
T516016,Transferencia,v2,Lima,5,Normal,182.6,0,3.0
T516017,Recarga celular,v2,Trujillo,19,Pico,225.6,0,4.0
T516018,Consulta de saldo,v2,Lima,10,Pico,94.0,0,5.0
T516019,Recarga celular,v2,Trujillo,20,Pico,223.8,0,4.0
T516020,Recarga celular,v2,Arequipa,1,Normal,152.2,0,4.0
T516021,Consulta de saldo,v1,Lima,7,Normal,90.4,0,5.0
T516022,Consulta de saldo,v2,Lima,15,Normal,108.3,0,5.0
T516023,Transferencia,v2,Lima,13,Normal,165.2,0,4.0
T516024,Transferencia,v2,Lima,23,Normal,192.5,0,4.0
T516025,Pago QR,v2,Lima,20,Pico,292.3,0,3.0
T516026,Transferencia,v2,Lima,14,Normal,176.9,0,5.0
T516027,Consulta de saldo,v2,Trujillo,9,Pico,103.7,0,5.0
T516028,Consulta de saldo,v1,Trujillo,2,Normal,76.9,0,5.0
T516029,Pago QR,v1,Lima,11,Normal,100.5,0,5.0
T516030,Consulta de saldo,v2,Lima,17,Normal,116.0,0,4.0
T516031,Consulta de saldo,v1,Arequipa,3,Normal,88.7,0,5.0
T516032,Transferencia,v1,Lima,1,Normal,206.7,0,5.0
T516033,Transferencia,v2,Arequipa,8,Pico,300.2,0,4.0
T516034,Consulta de saldo,v2,Trujillo,6,Normal,93.7,0,5.0
T516035,Pago QR,v2,Arequipa,4,Normal,158.0,0,4.0
T516036,Transferencia,v2,Lima,8,Pico,211.3,0,3.0
T516037,Consulta de saldo,v2,Lima,0,Normal,68.8,0,4.0
T516038,Pago QR,v2,Arequipa,18,Pico,337.0,0,2.0
T516039,Pago de servicios,v2,Arequipa,6,Normal,333.5,0,3.0
T516040,Pago QR,v2,Arequipa,12,Normal,392.9,0,4.0
T516041,Pago de servicios,v1,Arequipa,18,Pico,414.5,0,2.0
T516042,Recarga celular,v2,Lima,12,Normal,215.1,0,4.0
T516043,Consulta de saldo,v2,Lima,5,Normal,61.1,0,5.0
T516044,Transferencia,v2,Trujillo,21,Pico,323.6,0,4.0
T516045,Consulta de saldo,v2,Lima,12,Normal,96.2,0,4.0
T516046,Consulta de saldo,v1,Arequipa,21,Pico,120.1,0,4.0
T516047,Transferencia,v2,Arequipa,3,Normal,244.8,0,4.0
T516048,Consulta de saldo,v2,Lima,3,Normal,178.3,0,4.0
T516049,Recarga celular,v2,Lima,3,Normal,328.3,0,4.0
T516050,Pago QR,v1,Arequipa,7,Normal,269.8,0,4.0
T516051,Pago de servicios,v1,Trujillo,7,Normal,462.5,0,4.0
T516052,Transferencia,v2,Lima,10,Pico,283.8,0,4.0
T516053,Consulta de saldo,v2,Arequipa,4,Normal,158.8,0,5.0
T516054,Pago QR,v2,Arequipa,14,Normal,263.2,0,3.0
T516055,Transferencia,v2,Lima,0,Normal,388.9,0,4.0
T516056,Transferencia,v1,Lima,21,Pico,509.2,0,4.0
T516057,Pago QR,v1,Lima,4,Normal,444.4,0,4.0
T516058,Transferencia,v1,Trujillo,9,Pico,461.6,0,3.0
T516059,Transferencia,v1,Lima,12,Normal,336.3,0,4.0
T516060,Consulta de saldo,v2,Lima,17,Normal,84.3,0,5.0
T516061,Pago de servicios,v1,Arequipa,11,Normal,269.0,0,4.0
T516062,Pago QR,v1,Lima,1,Normal,89.0,0,4.0
T516063,Pago de servicios,v1,Arequipa,6,Normal,398.1,0,5.0
T516064,Consulta de saldo,v1,Lima,8,Pico,171.1,0,4.0
T516065,Pago QR,v2,Lima,3,Normal,305.4,0,4.0
T516066,Consulta de saldo,v2,Arequipa,16,Normal,126.6,0,4.0
T516067,Pago de servicios,v2,Trujillo,20,Pico,288.3,0,4.0
T516068,Recarga celular,v2,Arequipa,9,Pico,308.3,0,4.0
T516069,Recarga celular,v1,Lima,22,Normal,149.7,0,4.0
T516070,Pago QR,v1,Trujillo,13,Normal,144.8,0,5.0
T516071,Transferencia,v1,Lima,7,Normal,177.0,0,5.0
T516072,Pago de servicios,v1,Trujillo,12,Normal,209.3,0,4.0
T516073,Transferencia,v1,Lima,13,Normal,189.2,0,5.0
T516074,Pago QR,v1,Lima,19,Pico,452.1,0,4.0
T516075,Transferencia,v2,Lima,20,Pico,448.8,0,4.0
T516076,Recarga celular,v1,Lima,1,Normal,419.4,0,4.0
T516077,Pago QR,v1,Trujillo,11,Normal,324.4,0,4.0
T516078,Recarga celular,v2,Arequipa,13,Normal,209.8,0,4.0
T516079,Pago de servicios,v2,Lima,7,Normal,209.3,0,4.0
T516080,Pago de servicios,v1,Lima,10,Pico,266.4,0,3.0
T516081,Pago QR,v1,Lima,17,Normal,119.4,0,4.0
T516082,Pago QR,v2,Lima,5,Normal,249.2,0,4.0
T516083,Consulta de saldo,v2,Lima,11,Normal,74.6,0,5.0
T516084,Consulta de saldo,v2,Lima,16,Normal,55.4,0,5.0
T516085,Transferencia,v2,Trujillo,18,Pico,177.1,0,5.0
T516086,Recarga celular,v1,Arequipa,0,Normal,168.0,0,4.0
T516087,Consulta de saldo,v1,Arequipa,13,Normal,97.9,0,5.0
T516088,Pago QR,v1,Trujillo,20,Pico,201.7,0,5.0
T516089,Pago de servicios,v2,Trujillo,4,Normal,350.6,0,4.0
T516090,Transferencia,v1,Arequipa,4,Normal,356.0,0,5.0
T516091,Transferencia,v1,Arequipa,5,Normal,261.2,0,5.0
T516092,Recarga celular,v2,Trujillo,3,Normal,99.0,0,4.0
T516093,Consulta de saldo,v1,Arequipa,16,Normal,65.1,0,5.0
T516094,Transferencia,v2,Lima,8,Pico,500.1,0,4.0
T516095,Transferencia,v2,Trujillo,1,Normal,357.2,0,3.0
T516096,Transferencia,v1,Lima,20,Pico,943.9,0,4.0
T516097,Consulta de saldo,v2,Lima,15,Normal,115.5,0,5.0
T516098,Recarga celular,v2,Lima,6,Normal,218.7,0,4.0
T516099,Consulta de saldo,v1,Lima,14,Normal,78.3,0,4.0
T516100,Transferencia,v1,Arequipa,23,Normal,114.4,0,4.0
T516101,Recarga celular,v1,Trujillo,11,Normal,117.4,0,4.0
T516102,Transferencia,v2,Arequipa,7,Normal,195.2,0,4.0
T516103,Pago QR,v1,Lima,0,Normal,107.6,0,3.0
T516104,Consulta de saldo,v1,Lima,7,Normal,119.5,0,5.0
T516105,Recarga celular,v1,Lima,15,Normal,172.4,0,4.0
T516106,Consulta de saldo,v2,Trujillo,12,Normal,161.9,0,4.0
T516107,Recarga celular,v1,Arequipa,23,Normal,323.9,0,5.0
T516108,Consulta de saldo,v2,Lima,19,Pico,109.3,0,5.0
T516109,Consulta de saldo,v1,Trujillo,1,Normal,251.2,0,4.0
T516110,Consulta de saldo,v2,Lima,8,Pico,81.4,0,5.0
T516111,Pago QR,v2,Trujillo,2,Normal,96.2,0,5.0
T516112,Pago QR,v2,Lima,14,Normal,196.6,0,3.0
T516113,Transferencia,v1,Trujillo,18,Pico,292.9,0,4.0
T516114,Transferencia,v2,Lima,7,Normal,179.9,0,4.0
T516115,Pago QR,v1,Trujillo,19,Pico,191.6,0,3.0
T516116,Transferencia,v1,Lima,7,Normal,178.3,0,4.0
T516117,Recarga celular,v2,Lima,5,Normal,83.5,0,5.0
T516118,Consulta de saldo,v2,Lima,1,Normal,245.3,0,4.0
T516119,Pago de servicios,v2,Lima,8,Pico,336.0,0,3.0
T516120,Recarga celular,v2,Arequipa,15,Normal,183.0,0,4.0
T516121,Consulta de saldo,v1,Trujillo,4,Normal,108.7,0,5.0
T516122,Transferencia,v1,Lima,13,Normal,317.0,0,4.0
T516123,Pago QR,v2,Lima,2,Normal,236.0,0,4.0
T516124,Recarga celular,v1,Lima,11,Normal,158.2,0,4.0
T516125,Pago de servicios,v1,Trujillo,14,Normal,521.5,0,3.0
T516126,Pago QR,v1,Trujillo,9,Pico,128.3,0,4.0
T516127,Pago de servicios,v2,Lima,9,Pico,325.9,0,2.0
T516128,Pago QR,v1,Lima,8,Pico,233.7,0,5.0
T516129,Transferencia,v2,Arequipa,19,Pico,4174.5,0,1.0
T516130,Pago QR,v2,Trujillo,7,Normal,314.5,0,4.0
T516131,Pago QR,v2,Lima,8,Pico,616.8,0,3.0
T516132,Consulta de saldo,v1,Arequipa,6,Normal,94.5,0,4.0
T516133,Transferencia,v2,Trujillo,17,Normal,373.5,0,4.0
T516134,Pago de servicios,v2,Lima,18,Pico,539.2,0,4.0
T516135,Consulta de saldo,v1,Lima,21,Pico,99.7,0,5.0
T516136,Pago QR,v1,Lima,12,Normal,135.9,0,5.0
T516137,Transferencia,v2,Lima,7,Normal,569.7,0,3.0
T516138,Consulta de saldo,v2,Lima,8,Pico,158.2,0,5.0
T516139,Transferencia,v2,Trujillo,12,Normal,230.5,0,5.0
T516140,Pago QR,v2,Lima,17,Normal,487.5,0,4.0
T516141,Consulta de saldo,v2,Lima,9,Pico,102.0,0,5.0
T516142,Pago QR,v1,Arequipa,9,Pico,298.8,0,2.0
T516143,Recarga celular,v1,Arequipa,7,Normal,252.8,0,4.0
T516144,Pago QR,v1,Arequipa,21,Pico,251.9,0,4.0
T516145,Transferencia,v1,Trujillo,3,Normal,311.4,0,2.0
T516146,Recarga celular,v1,Lima,12,Normal,155.6,0,4.0
T516147,Pago QR,v1,Lima,8,Pico,386.7,0,5.0
T516148,Pago de servicios,v1,Trujillo,17,Normal,424.3,0,3.0
T516149,Transferencia,v2,Lima,13,Normal,348.0,0,5.0
T516150,Transferencia,v1,Lima,11,Normal,212.9,0,5.0
T516151,Transferencia,v2,Lima,23,Normal,122.9,0,5.0
T516152,Pago de servicios,v2,Trujillo,6,Normal,245.4,0,5.0
T516153,Transferencia,v1,Lima,1,Normal,156.2,0,4.0
T516154,Recarga celular,v2,Arequipa,15,Normal,111.6,0,5.0
T516155,Pago QR,v2,Lima,10,Pico,311.0,0,3.0
T516156,Recarga celular,v2,Arequipa,7,Normal,141.8,0,4.0
T516157,Consulta de saldo,v2,Lima,20,Pico,122.6,0,4.0
T516158,Pago QR,v1,Arequipa,17,Normal,187.9,0,5.0
T516159,Recarga celular,v2,Arequipa,0,Normal,107.9,0,4.0
T516160,Consulta de saldo,v2,Arequipa,22,Normal,183.2,0,4.0
T516161,Pago QR,v2,Arequipa,22,Normal,151.9,0,4.0
T516162,Consulta de saldo,v2,Lima,7,Normal,121.4,0,5.0
T516163,Recarga celular,v1,Arequipa,14,Normal,162.3,0,5.0
T516164,Transferencia,v1,Lima,23,Normal,234.3,0,4.0
T516165,Consulta de saldo,v1,Arequipa,5,Normal,132.7,0,4.0
T516166,Consulta de saldo,v1,Trujillo,1,Normal,109.4,0,4.0
T516167,Pago de servicios,v2,Arequipa,0,Normal,557.5,0,4.0
T516168,Recarga celular,v1,Lima,2,Normal,165.7,0,5.0
T516169,Pago QR,v2,Lima,3,Normal,203.9,0,5.0
T516170,Pago de servicios,v2,Lima,13,Normal,173.6,0,5.0
T516171,Transferencia,v1,Lima,1,Normal,181.3,0,5.0
T516172,Recarga celular,v1,Lima,7,Normal,331.1,0,3.0
T516173,Pago QR,v1,Lima,17,Normal,225.8,0,4.0
T516174,Consulta de saldo,v1,Trujillo,20,Pico,80.3,0,5.0
T516175,Transferencia,v2,Lima,0,Normal,243.8,0,4.0
T516176,Consulta de saldo,v2,Trujillo,12,Normal,70.0,0,5.0
T516177,Transferencia,v2,Lima,20,Pico,284.6,0,4.0
T516178,Consulta de saldo,v1,Trujillo,2,Normal,116.8,0,5.0
T516179,Pago QR,v1,Lima,13,Normal,126.5,0,5.0
T516180,Consulta de saldo,v2,Lima,7,Normal,251.9,0,5.0
T516181,Pago de servicios,v2,Lima,10,Pico,219.3,0,4.0
T516182,Pago QR,v2,Lima,10,Pico,262.4,0,3.0
T516183,Pago de servicios,v2,Lima,2,Normal,398.0,0,4.0
T516184,Pago QR,v2,Lima,0,Normal,276.6,0,5.0
T516185,Consulta de saldo,v2,Lima,9,Pico,128.1,0,4.0
T516186,Recarga celular,v1,Arequipa,15,Normal,246.2,0,5.0
T516187,Consulta de saldo,v2,Lima,15,Normal,201.7,0,4.0
T516188,Transferencia,v2,Lima,8,Pico,114.8,0,4.0
T516189,Transferencia,v1,Trujillo,3,Normal,528.4,0,4.0
T516190,Pago de servicios,v1,Lima,23,Normal,159.9,0,3.0
T516191,Pago QR,v2,Trujillo,18,Pico,152.5,0,4.0
T516192,Pago QR,v2,Arequipa,2,Normal,276.0,0,4.0
T516193,Transferencia,v1,Lima,15,Normal,239.9,0,4.0
T516194,Pago de servicios,v1,Lima,5,Normal,221.9,0,4.0
T516195,Pago QR,v1,Arequipa,12,Normal,353.7,0,4.0
T516196,Transferencia,v2,Arequipa,23,Normal,324.6,0,4.0
T516197,Transferencia,v2,Lima,11,Normal,219.5,0,5.0
T516198,Pago de servicios,v1,Arequipa,23,Normal,456.9,0,4.0
T516199,Pago QR,v1,Trujillo,8,Pico,285.8,0,5.0
T516200,Consulta de saldo,v2,Arequipa,10,Pico,263.6,0,4.0
T516201,Recarga celular,v2,Lima,20,Pico,123.2,0,4.0
T516202,Pago QR,v2,Lima,8,Pico,109.9,0,4.0
T516203,Pago QR,v1,Lima,8,Pico,243.9,0,5.0
T516204,Pago de servicios,v2,Arequipa,12,Normal,255.6,0,4.0
T516205,Transferencia,v1,Arequipa,18,Pico,404.6,0,3.0
T516206,Pago QR,v1,Trujillo,23,Normal,139.2,0,4.0
T516207,Pago de servicios,v1,Lima,6,Normal,310.5,0,5.0
T516208,Transferencia,v2,Lima,23,Normal,283.9,0,4.0
T516209,Pago QR,v1,Trujillo,20,Pico,161.7,0,4.0
T516210,Pago QR,v2,Trujillo,8,Pico,177.4,0,5.0
T516211,Transferencia,v1,Arequipa,9,Pico,253.1,0,5.0
T516212,Consulta de saldo,v2,Lima,22,Normal,123.5,0,5.0
T516213,Transferencia,v1,Lima,17,Normal,295.9,0,4.0
T516214,Consulta de saldo,v2,Arequipa,8,Pico,103.5,0,4.0
T516215,Transferencia,v1,Lima,22,Normal,553.5,0,3.0
T516216,Transferencia,v2,Arequipa,0,Normal,273.6,0,4.0
T516217,Pago QR,v2,Lima,14,Normal,1110.1,0,2.0
T516218,Recarga celular,v2,Arequipa,13,Normal,262.6,0,2.0
T516219,Recarga celular,v2,Lima,7,Normal,139.8,0,4.0
T516220,Pago de servicios,v2,Lima,7,Normal,141.6,0,5.0
T516221,Consulta de saldo,v1,Lima,12,Normal,70.1,0,4.0
T516222,Pago QR,v2,Arequipa,12,Normal,454.3,0,4.0
T516223,Recarga celular,v2,Lima,5,Normal,190.4,0,3.0
T516224,Transferencia,v2,Lima,14,Normal,257.9,0,4.0
T516225,Pago de servicios,v1,Arequipa,4,Normal,320.6,0,4.0
T516226,Pago QR,v2,Lima,15,Normal,150.8,0,4.0
T516227,Consulta de saldo,v1,Trujillo,13,Normal,80.1,0,5.0
T516228,Pago QR,v2,Trujillo,4,Normal,167.9,0,5.0
T516229,Pago de servicios,v1,Lima,21,Pico,820.2,0,2.0
T516230,Pago QR,v1,Arequipa,13,Normal,222.7,0,5.0
T516231,Pago de servicios,v1,Lima,9,Pico,665.9,0,4.0
T516232,Pago QR,v2,Arequipa,4,Normal,234.2,0,4.0
T516233,Consulta de saldo,v2,Lima,13,Normal,51.3,0,4.0
T516234,Consulta de saldo,v1,Lima,1,Normal,63.7,0,5.0
T516235,Pago QR,v2,Trujillo,12,Normal,183.7,0,5.0
T516236,Transferencia,v1,Trujillo,22,Normal,188.3,0,4.0
T516237,Pago QR,v2,Lima,18,Pico,445.3,0,5.0
T516238,Transferencia,v1,Trujillo,3,Normal,203.5,0,5.0
T516239,Recarga celular,v2,Trujillo,0,Normal,142.9,0,5.0
T516240,Recarga celular,v2,Arequipa,14,Normal,182.6,0,4.0
T516241,Pago QR,v2,Lima,22,Normal,145.7,0,5.0
T516242,Pago QR,v2,Lima,0,Normal,157.0,0,4.0
T516243,Recarga celular,v2,Lima,14,Normal,175.0,0,5.0
T516244,Recarga celular,v1,Lima,16,Normal,117.0,0,5.0
T516245,Consulta de saldo,v1,Arequipa,23,Normal,46.7,0,4.0
T516246,Consulta de saldo,v2,Lima,19,Pico,67.1,0,5.0
T516247,Transferencia,v2,Lima,13,Normal,174.0,0,5.0
T516248,Consulta de saldo,v1,Trujillo,1,Normal,156.4,0,4.0
T516249,Pago QR,v1,Arequipa,12,Normal,181.8,0,4.0
T516250,Consulta de saldo,v2,Lima,19,Pico,40.7,0,4.0
T516251,Recarga celular,v2,Lima,18,Pico,132.4,0,5.0
T516252,Transferencia,v2,Lima,17,Normal,212.8,0,4.0
T516253,Pago QR,v2,Arequipa,23,Normal,214.0,0,4.0
T516254,Recarga celular,v2,Lima,22,Normal,142.0,0,5.0
T516255,Pago de servicios,v1,Arequipa,3,Normal,311.9,0,4.0
T516256,Pago QR,v1,Lima,13,Normal,129.0,0,3.0
T516257,Pago QR,v2,Arequipa,10,Pico,304.2,0,4.0
T516258,Consulta de saldo,v1,Lima,4,Normal,166.9,0,4.0
T516259,Transferencia,v2,Arequipa,4,Normal,308.4,0,3.0
T516260,Pago QR,v2,Lima,7,Normal,246.6,0,3.0
T516261,Transferencia,v1,Arequipa,16,Normal,117.6,0,4.0
T516262,Transferencia,v2,Lima,5,Normal,133.1,0,
T516263,Pago QR,v1,Lima,11,Normal,251.3,0,4.0
T516264,Consulta de saldo,v2,Lima,21,Pico,75.7,0,4.0
T516265,Pago QR,v1,Arequipa,6,Normal,340.4,0,2.0
T516266,Transferencia,v2,Arequipa,1,Normal,824.2,0,3.0
T516267,Consulta de saldo,v2,Trujillo,7,Normal,84.2,0,4.0
T516268,Consulta de saldo,v1,Lima,8,Pico,137.7,0,5.0
T516269,Transferencia,v1,Lima,2,Normal,460.6,0,5.0
T516270,Transferencia,v1,Arequipa,17,Normal,368.5,0,5.0
T516271,Transferencia,v2,Trujillo,15,Normal,142.6,0,4.0
T516272,Recarga celular,v2,Lima,19,Pico,216.4,0,4.0
T516273,Transferencia,v1,Trujillo,23,Normal,239.5,0,5.0
T516274,Recarga celular,v2,Lima,19,Pico,355.0,0,4.0
T516275,Pago de servicios,v1,Trujillo,20,Pico,476.4,0,3.0
T516276,Transferencia,v2,Lima,15,Normal,322.4,0,4.0
T516277,Pago QR,v2,Arequipa,7,Normal,225.8,0,4.0
T516278,Consulta de saldo,v2,Arequipa,15,Normal,136.1,0,4.0
T516279,Recarga celular,v1,Lima,6,Normal,61.7,0,5.0
T516280,Consulta de saldo,v1,Lima,18,Pico,95.9,0,5.0
T516281,Transferencia,v1,Trujillo,17,Normal,247.9,0,4.0
T516282,Pago de servicios,v2,Arequipa,1,Normal,297.5,0,4.0
T516283,Consulta de saldo,v2,Lima,23,Normal,41.6,0,3.0
T516284,Pago QR,v1,Arequipa,12,Normal,284.5,0,5.0
T516285,Pago QR,v2,Lima,3,Normal,181.8,0,4.0
T516286,Pago QR,v1,Lima,14,Normal,84.8,1,5.0
T516287,Recarga celular,v1,Lima,18,Pico,233.7,0,4.0
T516288,Transferencia,v2,Arequipa,7,Normal,247.4,0,4.0
T516289,Consulta de saldo,v2,Lima,20,Pico,127.5,0,3.0
T516290,Transferencia,v2,Arequipa,5,Normal,250.9,0,3.0
T516291,Pago de servicios,v2,Arequipa,0,Normal,323.7,0,4.0
T516292,Pago QR,v2,Arequipa,22,Normal,429.2,0,4.0
T516293,Recarga celular,v2,Arequipa,15,Normal,166.7,0,4.0
T516294,Pago QR,v1,Lima,7,Normal,375.2,0,4.0
T516295,Pago de servicios,v2,Arequipa,10,Pico,310.9,0,5.0
T516296,Recarga celular,v2,Trujillo,23,Normal,283.9,0,4.0
T516297,Recarga celular,v2,Arequipa,0,Normal,142.8,0,5.0
T516298,Pago de servicios,v1,Arequipa,20,Pico,903.7,0,3.0
T516299,Pago QR,v1,Lima,16,Normal,190.7,0,5.0
T516300,Consulta de saldo,v2,Arequipa,18,Pico,128.5,0,4.0
T516301,Pago QR,v1,Trujillo,23,Normal,385.5,0,5.0
T516302,Transferencia,v1,Arequipa,0,Normal,492.0,1,2.0
T516303,Pago QR,v2,Lima,12,Normal,133.4,0,5.0
T516304,Pago de servicios,v2,Lima,18,Pico,262.9,0,5.0
T516305,Pago QR,v2,Trujillo,5,Normal,102.2,0,4.0
T516306,Consulta de saldo,v1,Arequipa,14,Normal,48.1,0,5.0
T516307,Transferencia,v2,Lima,13,Normal,271.2,0,4.0
T516308,Pago de servicios,v2,Lima,21,Pico,367.5,0,4.0
T516309,Pago de servicios,v1,Lima,15,Normal,190.1,0,3.0
T516310,Pago QR,v2,Lima,17,Normal,133.6,0,5.0
T516311,Pago de servicios,v2,Lima,18,Pico,239.0,0,4.0
T516312,Consulta de saldo,v2,Arequipa,15,Normal,199.1,0,5.0
T516313,Consulta de saldo,v2,Trujillo,5,Normal,64.5,0,5.0
T516314,Consulta de saldo,v2,Trujillo,11,Normal,147.2,0,5.0
T516315,Consulta de saldo,v2,Lima,2,Normal,232.3,0,4.0
T516316,Pago QR,v1,Lima,23,Normal,254.2,0,4.0
T516317,Pago QR,v2,Trujillo,0,Normal,182.3,0,3.0
T516318,Recarga celular,v1,Lima,5,Normal,139.7,0,5.0
T516319,Recarga celular,v2,Lima,14,Normal,135.1,0,5.0
T516320,Pago de servicios,v1,Arequipa,23,Normal,258.9,0,3.0
T516321,Consulta de saldo,v2,Lima,2,Normal,160.8,0,4.0
T516322,Pago de servicios,v1,Lima,9,Pico,1202.3,0,1.0
T516323,Transferencia,v2,Lima,14,Normal,284.8,0,5.0
T516324,Pago de servicios,v1,Arequipa,22,Normal,234.4,0,5.0
T516325,Pago QR,v2,Lima,0,Normal,261.1,0,5.0
T516326,Recarga celular,v1,Lima,3,Normal,152.0,0,3.0
T516327,Recarga celular,v2,Trujillo,1,Normal,50.8,0,3.0
T516328,Transferencia,v2,Arequipa,9,Pico,659.6,0,4.0
T516329,Pago QR,v1,Lima,13,Normal,169.7,0,3.0
T516330,Pago QR,v1,Trujillo,3,Normal,233.6,0,5.0
T516331,Pago QR,v2,Arequipa,2,Normal,296.8,0,4.0
T516332,Consulta de saldo,v1,Lima,6,Normal,188.7,0,5.0
T516333,Transferencia,v2,Arequipa,20,Pico,87.7,0,4.0
T516334,Pago de servicios,v2,Lima,17,Normal,154.3,0,5.0
T516335,Consulta de saldo,v1,Trujillo,10,Pico,107.5,0,3.0
T516336,Consulta de saldo,v1,Lima,7,Normal,87.7,0,4.0
T516337,Transferencia,v1,Lima,15,Normal,283.1,0,4.0
T516338,Pago de servicios,v2,Lima,19,Pico,447.8,0,5.0
T516339,Pago de servicios,v2,Trujillo,21,Pico,403.8,0,5.0
T516340,Pago QR,v1,Lima,17,Normal,761.6,0,3.0
T516341,Transferencia,v2,Arequipa,5,Normal,263.8,0,3.0
T516342,Transferencia,v1,Arequipa,2,Normal,401.0,0,4.0
T516343,Transferencia,v2,Trujillo,3,Normal,190.1,0,
T516344,Recarga celular,v2,Lima,22,Normal,131.6,0,5.0
T516345,Consulta de saldo,v2,Lima,5,Normal,144.6,0,5.0
T516346,Transferencia,v2,Lima,11,Normal,200.7,0,5.0
T516347,Recarga celular,v2,Trujillo,1,Normal,75.2,0,5.0
T516348,Pago QR,v2,Lima,8,Pico,123.4,0,4.0
T516349,Recarga celular,v1,Arequipa,4,Normal,94.4,0,4.0
T516350,Pago QR,v2,Arequipa,16,Normal,177.6,0,4.0
T516351,Recarga celular,v2,Lima,4,Normal,251.8,0,4.0
T516352,Pago de servicios,v2,Trujillo,17,Normal,293.4,0,5.0
T516353,Transferencia,v2,Trujillo,13,Normal,354.0,0,4.0
T516354,Pago QR,v2,Lima,9,Pico,257.4,0,5.0
T516355,Pago de servicios,v1,Arequipa,15,Normal,510.0,0,4.0
T516356,Pago QR,v1,Lima,16,Normal,420.0,0,4.0
T516357,Consulta de saldo,v2,Arequipa,19,Pico,56.6,0,4.0
T516358,Consulta de saldo,v1,Lima,23,Normal,117.2,0,5.0
T516359,Transferencia,v2,Lima,14,Normal,303.2,0,5.0
T516360,Pago QR,v1,Lima,7,Normal,300.2,0,5.0
T516361,Pago QR,v2,Arequipa,21,Pico,427.1,0,3.0
T516362,Consulta de saldo,v1,Arequipa,7,Normal,201.1,0,4.0
T516363,Transferencia,v2,Arequipa,17,Normal,77.0,0,5.0
T516364,Pago QR,v2,Arequipa,9,Pico,246.2,0,4.0
T516365,Transferencia,v1,Trujillo,10,Pico,519.4,0,4.0
T516366,Pago de servicios,v2,Lima,13,Normal,790.9,0,3.0
T516367,Pago QR,v1,Lima,23,Normal,189.9,0,5.0
T516368,Consulta de saldo,v2,Lima,23,Normal,109.1,0,5.0
T516369,Recarga celular,v1,Arequipa,17,Normal,165.8,0,5.0
T516370,Consulta de saldo,v2,Arequipa,10,Pico,132.6,0,4.0
T516371,Recarga celular,v1,Arequipa,19,Pico,170.5,0,5.0
T516372,Consulta de saldo,v1,Lima,11,Normal,180.1,0,5.0
T516373,Pago de servicios,v1,Trujillo,15,Normal,293.3,0,4.0
T516374,Transferencia,v1,Lima,23,Normal,191.5,0,4.0
T516375,Recarga celular,v2,Arequipa,13,Normal,169.4,0,4.0
T516376,Recarga celular,v1,Lima,23,Normal,142.6,0,3.0
T516377,Recarga celular,v2,Lima,22,Normal,105.3,0,3.0
T516378,Pago QR,v2,Lima,20,Pico,202.5,0,5.0
T516379,Pago QR,v2,Lima,2,Normal,97.3,0,4.0
T516380,Pago QR,v2,Trujillo,7,Normal,339.0,0,5.0
T516381,Pago de servicios,v2,Trujillo,1,Normal,276.6,0,4.0
T516382,Pago QR,v2,Lima,15,Normal,117.0,0,4.0
T516383,Transferencia,v1,Lima,2,Normal,243.6,0,4.0
T516384,Consulta de saldo,v2,Arequipa,11,Normal,62.8,0,5.0
T516385,Consulta de saldo,v1,Lima,16,Normal,101.9,0,
T516386,Recarga celular,v2,Lima,17,Normal,357.8,0,4.0
T516387,Consulta de saldo,v2,Lima,20,Pico,235.1,0,5.0
T516388,Transferencia,v2,Arequipa,1,Normal,367.1,0,5.0
T516389,Pago de servicios,v1,Trujillo,17,Normal,358.3,0,3.0
T516390,Transferencia,v2,Lima,4,Normal,473.2,0,5.0
T516391,Pago QR,v2,Lima,16,Normal,152.4,0,5.0
T516392,Pago QR,v2,Lima,21,Pico,238.2,0,4.0
T516393,Consulta de saldo,v1,Lima,6,Normal,77.4,0,4.0
T516394,Recarga celular,v1,Lima,7,Normal,118.2,0,5.0
T516395,Consulta de saldo,v1,Lima,20,Pico,70.0,0,5.0
T516396,Transferencia,v1,Trujillo,20,Pico,235.3,0,4.0
T516397,Recarga celular,v1,Arequipa,8,Pico,94.1,0,4.0
T516398,Pago QR,v1,Lima,11,Normal,307.0,0,5.0
T516399,Consulta de saldo,v1,Lima,16,Normal,107.3,0,4.0
T516400,Pago QR,v2,Arequipa,15,Normal,262.0,0,4.0
T516401,Consulta de saldo,v1,Arequipa,6,Normal,64.3,0,3.0
T516402,Transferencia,v1,Arequipa,14,Normal,209.7,0,4.0
T516403,Recarga celular,v1,Lima,8,Pico,411.4,0,3.0
T516404,Transferencia,v1,Trujillo,2,Normal,203.3,0,5.0
T516405,Recarga celular,v1,Arequipa,12,Normal,127.9,0,5.0
T516406,Recarga celular,v2,Lima,6,Normal,109.3,0,3.0
T516407,Pago QR,v2,Lima,11,Normal,144.2,0,3.0
T516408,Transferencia,v1,Lima,17,Normal,205.8,0,5.0
T516409,Recarga celular,v1,Lima,0,Normal,98.3,0,4.0
T516410,Transferencia,v1,Lima,11,Normal,214.1,0,5.0
T516411,Pago QR,v2,Arequipa,23,Normal,226.0,0,4.0
T516412,Transferencia,v2,Trujillo,0,Normal,84.8,0,4.0
T516413,Pago QR,v1,Lima,9,Pico,176.5,0,4.0
T516414,Pago de servicios,v2,Lima,20,Pico,389.0,0,3.0
T516415,Recarga celular,v1,Arequipa,1,Normal,197.6,0,2.0
T516416,Transferencia,v1,Lima,18,Pico,263.8,0,4.0
T516417,Pago de servicios,v1,Arequipa,19,Pico,543.1,0,4.0
T516418,Consulta de saldo,v1,Lima,15,Normal,124.3,0,4.0
T516419,Pago QR,v2,Lima,13,Normal,171.8,0,3.0
T516420,Transferencia,v2,Lima,6,Normal,156.0,0,5.0
T516421,Pago de servicios,v2,Arequipa,18,Pico,540.0,0,4.0
T516422,Pago de servicios,v1,Trujillo,5,Normal,397.8,0,4.0
T516423,Pago de servicios,v1,Lima,13,Normal,295.1,0,4.0
T516424,Recarga celular,v2,Arequipa,3,Normal,140.7,0,4.0
T516425,Pago QR,v1,Lima,13,Normal,96.3,0,5.0
T516426,Transferencia,v2,Lima,11,Normal,351.6,0,4.0
T516427,Transferencia,v2,Arequipa,4,Normal,433.4,0,2.0
T516428,Recarga celular,v1,Lima,20,Pico,116.2,0,4.0
T516429,Pago QR,v1,Trujillo,16,Normal,303.1,0,3.0
T516430,Pago QR,v2,Trujillo,12,Normal,106.7,0,3.0
T516431,Recarga celular,v2,Lima,2,Normal,200.3,0,4.0
T516432,Consulta de saldo,v2,Lima,2,Normal,114.5,0,3.0
T516433,Transferencia,v2,Trujillo,2,Normal,254.6,0,4.0
T516434,Pago QR,v2,Arequipa,2,Normal,137.4,0,4.0
T516435,Recarga celular,v1,Trujillo,4,Normal,217.0,0,3.0
T516436,Pago de servicios,v2,Lima,14,Normal,767.2,0,3.0
T516437,Pago de servicios,v2,Lima,1,Normal,316.3,0,5.0
T516438,Recarga celular,v1,Lima,3,Normal,78.0,0,5.0
T516439,Pago QR,v1,Arequipa,9,Pico,301.0,0,2.0
T516440,Recarga celular,v1,Arequipa,15,Normal,397.6,0,2.0
T516441,Recarga celular,v2,Lima,0,Normal,102.6,0,4.0
T516442,Transferencia,v2,Arequipa,14,Normal,634.8,0,2.0
T516443,Consulta de saldo,v1,Lima,13,Normal,109.2,0,4.0
T516444,Transferencia,v2,Lima,2,Normal,244.4,0,3.0
T516445,Pago de servicios,v2,Trujillo,4,Normal,302.3,0,3.0
T516446,Pago de servicios,v1,Trujillo,22,Normal,424.8,0,4.0
T516447,Recarga celular,v1,Lima,21,Pico,184.1,0,5.0
T516448,Consulta de saldo,v1,Trujillo,15,Normal,108.2,0,5.0
T516449,Pago QR,v2,Arequipa,13,Normal,123.9,0,5.0
T516450,Pago de servicios,v1,Trujillo,14,Normal,441.8,0,4.0
T516451,Pago QR,v2,Arequipa,5,Normal,252.2,0,3.0
T516452,Pago de servicios,v2,Arequipa,18,Pico,343.4,0,5.0
T516453,Pago QR,v2,Arequipa,18,Pico,153.2,0,5.0
T516454,Recarga celular,v1,Trujillo,18,Pico,368.0,0,5.0
T516455,Transferencia,v2,Lima,15,Normal,180.4,0,5.0
T516456,Pago de servicios,v1,Lima,0,Normal,228.6,0,4.0
T516457,Pago de servicios,v2,Lima,21,Pico,344.1,0,4.0
T516458,Recarga celular,v2,Lima,22,Normal,187.1,0,4.0
T516459,Pago QR,v1,Lima,16,Normal,174.0,0,4.0
T516460,Pago QR,v1,Arequipa,5,Normal,134.2,0,4.0
T516461,Transferencia,v1,Lima,16,Normal,76.9,0,5.0
T516462,Transferencia,v2,Trujillo,8,Pico,468.6,0,5.0
T516463,Pago QR,v2,Lima,2,Normal,133.3,0,5.0
T516464,Consulta de saldo,v1,Arequipa,18,Pico,126.4,0,5.0
T516465,Transferencia,v1,Trujillo,21,Pico,599.0,0,3.0
T516466,Transferencia,v2,Trujillo,18,Pico,528.9,0,3.0
T516467,Pago de servicios,v2,Trujillo,23,Normal,471.7,0,4.0
T516468,Transferencia,v1,Trujillo,17,Normal,331.5,0,3.0
T516469,Transferencia,v1,Trujillo,10,Pico,305.6,0,4.0
T516470,Transferencia,v1,Lima,21,Pico,741.7,0,4.0
T516471,Pago QR,v2,Lima,23,Normal,145.6,0,5.0
T516472,Pago QR,v2,Lima,22,Normal,160.4,0,4.0
T516473,Consulta de saldo,v1,Lima,21,Pico,62.7,0,5.0
T516474,Pago QR,v1,Arequipa,8,Pico,141.8,0,3.0
T516475,Pago QR,v2,Lima,4,Normal,144.9,0,4.0
T516476,Pago QR,v1,Lima,17,Normal,146.2,0,4.0
T516477,Transferencia,v2,Arequipa,5,Normal,110.4,0,3.0
T516478,Consulta de saldo,v2,Lima,20,Pico,324.9,0,4.0
T516479,Consulta de saldo,v2,Lima,10,Pico,47.5,0,3.0
T516480,Consulta de saldo,v1,Trujillo,15,Normal,134.3,0,5.0
T516481,Transferencia,v2,Trujillo,13,Normal,172.3,0,5.0
T516482,Pago QR,v2,Arequipa,1,Normal,107.5,0,5.0
T516483,Recarga celular,v1,Arequipa,0,Normal,123.1,0,3.0
T516484,Consulta de saldo,v2,Lima,8,Pico,127.1,0,4.0
T516485,Pago de servicios,v2,Arequipa,4,Normal,243.0,0,3.0
T516486,Consulta de saldo,v2,Lima,4,Normal,101.6,0,5.0
T516487,Pago de servicios,v1,Trujillo,20,Pico,441.2,0,5.0
T516488,Pago de servicios,v2,Lima,14,Normal,829.3,0,3.0
T516489,Recarga celular,v2,Trujillo,18,Pico,358.3,0,3.0
T516490,Consulta de saldo,v2,Trujillo,6,Normal,82.8,0,4.0
T516491,Transferencia,v2,Lima,5,Normal,235.1,0,5.0
T516492,Consulta de saldo,v2,Trujillo,21,Pico,207.8,0,3.0
T516493,Consulta de saldo,v2,Arequipa,2,Normal,117.9,0,5.0
T516494,Pago QR,v2,Lima,9,Pico,175.9,0,4.0
T516495,Pago QR,v1,Arequipa,12,Normal,250.3,0,3.0
T516496,Recarga celular,v1,Lima,20,Pico,268.3,0,4.0
T516497,Pago QR,v2,Lima,22,Normal,137.0,0,5.0
T516498,Pago de servicios,v2,Lima,17,Normal,193.0,0,5.0
T516499,Recarga celular,v1,Lima,9,Pico,191.3,0,4.0
T516500,Consulta de saldo,v2,Arequipa,5,Normal,93.6,0,4.0
T516501,Pago QR,v2,Arequipa,4,Normal,135.3,0,4.0
T516502,Transferencia,v1,Trujillo,15,Normal,585.0,0,4.0
T516503,Recarga celular,v2,Trujillo,10,Pico,388.0,0,5.0
T516504,Transferencia,v2,Arequipa,21,Pico,549.5,0,4.0
T516505,Recarga celular,v2,Arequipa,5,Normal,408.9,0,4.0
T516506,Recarga celular,v1,Trujillo,6,Normal,561.4,0,3.0
T516507,Pago QR,v1,Lima,13,Normal,57.8,0,4.0
T516508,Recarga celular,v2,Trujillo,7,Normal,170.0,0,3.0
T516509,Recarga celular,v2,Lima,17,Normal,154.5,0,5.0
T516510,Consulta de saldo,v1,Trujillo,13,Normal,117.3,0,5.0
T516511,Recarga celular,v1,Lima,10,Pico,76.5,0,4.0
T516512,Pago de servicios,v1,Arequipa,1,Normal,169.8,0,4.0
T516513,Pago de servicios,v1,Lima,20,Pico,446.1,0,4.0
T516514,Pago QR,v1,Trujillo,1,Normal,267.8,0,5.0
T516515,Transferencia,v1,Trujillo,18,Pico,255.8,0,4.0
T516516,Pago de servicios,v1,Arequipa,13,Normal,510.3,0,4.0
T516517,Consulta de saldo,v1,Lima,1,Normal,71.3,0,5.0
T516518,Transferencia,v2,Lima,9,Pico,392.8,0,4.0
T516519,Pago de servicios,v2,Lima,6,Normal,519.7,0,3.0
T516520,Recarga celular,v2,Arequipa,11,Normal,128.9,0,5.0
T516521,Pago QR,v2,Trujillo,20,Pico,380.4,0,3.0
T516522,Transferencia,v2,Arequipa,9,Pico,163.2,0,5.0
T516523,Recarga celular,v1,Lima,12,Normal,99.8,0,5.0
T516524,Transferencia,v1,Lima,12,Normal,209.5,0,4.0
T516525,Pago de servicios,v1,Arequipa,13,Normal,321.9,0,4.0
T516526,Pago QR,v1,Lima,11,Normal,153.5,0,4.0
T516527,Consulta de saldo,v1,Arequipa,22,Normal,135.8,0,4.0
T516528,Pago QR,v2,Lima,18,Pico,105.2,0,5.0
T516529,Pago de servicios,v1,Trujillo,14,Normal,253.9,0,5.0
T516530,Recarga celular,v2,Lima,18,Pico,287.9,0,5.0
T516531,Pago QR,v1,Lima,13,Normal,104.6,0,4.0
T516532,Recarga celular,v2,Arequipa,12,Normal,439.9,0,5.0
T516533,Consulta de saldo,v1,Arequipa,22,Normal,149.1,0,5.0
T516534,Transferencia,v2,Lima,3,Normal,282.0,0,5.0
T516535,Transferencia,v2,Lima,14,Normal,324.0,0,4.0
T516536,Pago de servicios,v2,Lima,2,Normal,280.2,0,3.0
T516537,Consulta de saldo,v2,Arequipa,13,Normal,76.4,0,5.0
T516538,Pago QR,v2,Trujillo,3,Normal,271.7,0,4.0
T516539,Pago QR,v1,Lima,21,Pico,298.3,0,4.0
T516540,Consulta de saldo,v2,Lima,4,Normal,116.0,0,4.0
T516541,Transferencia,v1,Arequipa,3,Normal,119.8,0,4.0
T516542,Pago de servicios,v2,Arequipa,4,Normal,300.7,0,3.0
T516543,Pago QR,v1,Arequipa,10,Pico,417.8,0,4.0
T516544,Transferencia,v2,Lima,3,Normal,165.5,0,4.0
T516545,Consulta de saldo,v1,Trujillo,11,Normal,343.2,0,4.0
T516546,Pago QR,v2,Arequipa,19,Pico,625.9,0,4.0
T516547,Recarga celular,v2,Lima,9,Pico,119.0,0,4.0
T516548,Pago QR,v1,Lima,15,Normal,130.8,0,5.0
T516549,Pago QR,v1,Lima,4,Normal,486.5,0,2.0
T516550,Pago QR,v2,Arequipa,4,Normal,136.1,0,4.0
T516551,Pago QR,v2,Trujillo,10,Pico,318.2,0,4.0
T516552,Transferencia,v1,Lima,17,Normal,436.3,0,4.0
T516553,Consulta de saldo,v1,Trujillo,1,Normal,99.9,0,5.0
T516554,Transferencia,v1,Lima,8,Pico,431.2,0,3.0
T516555,Pago de servicios,v2,Lima,1,Normal,438.2,0,3.0
T516556,Pago de servicios,v1,Trujillo,5,Normal,280.4,0,4.0
T516557,Transferencia,v1,Lima,10,Pico,264.8,0,4.0
T516558,Recarga celular,v1,Lima,13,Normal,127.8,0,5.0
T516559,Transferencia,v2,Lima,15,Normal,257.0,0,3.0
T516560,Transferencia,v2,Trujillo,20,Pico,433.2,0,2.0
T516561,Recarga celular,v2,Lima,14,Normal,216.1,0,4.0
T516562,Transferencia,v2,Trujillo,4,Normal,209.2,0,5.0
T516563,Pago de servicios,v2,Lima,12,Normal,193.0,0,5.0
T516564,Recarga celular,v2,Trujillo,1,Normal,150.9,0,4.0
T516565,Pago QR,v1,Trujillo,6,Normal,168.4,0,4.0
T516566,Transferencia,v1,Arequipa,16,Normal,215.5,0,3.0
T516567,Pago QR,v1,Trujillo,22,Normal,182.7,0,3.0
T516568,Recarga celular,v2,Trujillo,8,Pico,254.6,0,4.0
T516569,Pago de servicios,v2,Lima,17,Normal,281.0,0,2.0
T516570,Transferencia,v2,Arequipa,4,Normal,400.5,0,3.0
T516571,Pago QR,v2,Arequipa,13,Normal,178.0,0,3.0
T516572,Transferencia,v1,Lima,11,Normal,123.5,0,4.0
T516573,Pago QR,v2,Lima,9,Pico,419.5,0,4.0
T516574,Pago QR,v1,Trujillo,9,Pico,244.9,0,4.0
T516575,Consulta de saldo,v2,Trujillo,23,Normal,102.8,0,5.0
T516576,Transferencia,v2,Lima,10,Pico,406.7,0,5.0
T516577,Pago QR,v2,Lima,21,Pico,452.9,0,3.0
T516578,Pago QR,v1,Arequipa,11,Normal,156.1,0,3.0
T516579,Pago QR,v2,Trujillo,8,Pico,214.8,0,4.0
T516580,Recarga celular,v2,Lima,19,Pico,286.9,0,4.0
T516581,Pago de servicios,v2,Arequipa,7,Normal,663.5,0,4.0
T516582,Pago QR,v1,Lima,8,Pico,748.6,0,2.0
T516583,Transferencia,v2,Trujillo,10,Pico,334.2,0,4.0
T516584,Transferencia,v1,Trujillo,22,Normal,475.2,0,3.0
T516585,Pago QR,v1,Lima,6,Normal,162.7,0,3.0
T516586,Transferencia,v2,Lima,6,Normal,362.6,0,3.0
T516587,Pago de servicios,v1,Lima,7,Normal,428.4,0,3.0
T516588,Transferencia,v1,Arequipa,18,Pico,814.7,0,3.0
T516589,Consulta de saldo,v2,Arequipa,16,Normal,138.3,0,5.0
T516590,Recarga celular,v2,Trujillo,5,Normal,119.8,0,4.0
T516591,Transferencia,v2,Trujillo,7,Normal,193.6,0,5.0
T516592,Transferencia,v2,Lima,13,Normal,344.4,0,4.0
T516593,Pago de servicios,v1,Lima,10,Pico,984.6,0,2.0
T516594,Recarga celular,v1,Lima,11,Normal,125.8,0,4.0
T516595,Pago de servicios,v2,Lima,21,Pico,396.2,0,3.0
T516596,Transferencia,v2,Trujillo,15,Normal,244.5,0,4.0
T516597,Transferencia,v2,Lima,4,Normal,421.2,0,4.0
T516598,Recarga celular,v2,Lima,20,Pico,218.2,0,4.0
T516599,Pago de servicios,v1,Lima,7,Normal,237.5,0,4.0
T516600,Pago QR,v2,Lima,4,Normal,255.1,0,4.0
T516601,Consulta de saldo,v2,Arequipa,21,Pico,200.0,0,5.0
T516602,Pago QR,v1,Arequipa,21,Pico,336.1,0,5.0
T516603,Consulta de saldo,v2,Lima,17,Normal,117.2,0,4.0
T516604,Transferencia,v2,Arequipa,12,Normal,465.3,0,3.0
T516605,Pago de servicios,v2,Trujillo,15,Normal,240.9,0,5.0
T516606,Consulta de saldo,v1,Lima,22,Normal,89.0,0,4.0
T516607,Recarga celular,v2,Arequipa,19,Pico,451.3,0,4.0
T516608,Pago de servicios,v2,Arequipa,6,Normal,436.8,0,5.0
T516609,Consulta de saldo,v1,Lima,14,Normal,135.1,0,5.0
T516610,Pago de servicios,v2,Trujillo,20,Pico,528.0,0,4.0
T516611,Transferencia,v1,Lima,20,Pico,354.9,0,3.0
T516612,Pago de servicios,v2,Arequipa,10,Pico,232.0,0,3.0
T516613,Pago de servicios,v2,Lima,1,Normal,237.7,0,4.0
T516614,Pago QR,v2,Arequipa,15,Normal,349.0,0,4.0
T516615,Pago QR,v1,Lima,22,Normal,457.6,0,
T516616,Transferencia,v2,Lima,13,Normal,141.8,0,5.0
T516617,Transferencia,v1,Lima,5,Normal,209.6,0,5.0
T516618,Transferencia,v2,Arequipa,11,Normal,359.9,0,3.0
T516619,Transferencia,v1,Lima,18,Pico,167.7,0,5.0
T516620,Pago QR,v1,Lima,0,Normal,275.4,0,5.0
T516621,Pago QR,v2,Trujillo,3,Normal,109.8,0,4.0
T516622,Pago de servicios,v2,Lima,17,Normal,241.8,0,5.0
T516623,Consulta de saldo,v2,Lima,13,Normal,85.3,0,5.0
T516624,Pago QR,v1,Trujillo,21,Pico,437.6,0,2.0
T516625,Transferencia,v1,Lima,19,Pico,331.2,0,4.0
T516626,Transferencia,v2,Trujillo,1,Normal,249.8,0,5.0
T516627,Recarga celular,v1,Lima,3,Normal,123.8,0,4.0
T516628,Pago QR,v2,Trujillo,23,Normal,690.9,0,2.0
T516629,Recarga celular,v1,Lima,3,Normal,100.1,0,4.0
T516630,Pago de servicios,v2,Arequipa,23,Normal,286.3,0,5.0
T516631,Consulta de saldo,v2,Lima,0,Normal,44.5,0,4.0
T516632,Recarga celular,v1,Lima,6,Normal,141.0,0,5.0
T516633,Pago QR,v2,Arequipa,18,Pico,378.1,0,4.0
T516634,Pago QR,v1,Trujillo,20,Pico,189.8,0,4.0
T516635,Consulta de saldo,v2,Arequipa,3,Normal,164.5,0,5.0
T516636,Pago QR,v2,Lima,17,Normal,111.8,0,5.0
T516637,Consulta de saldo,v1,Lima,0,Normal,90.9,0,5.0
T516638,Consulta de saldo,v2,Arequipa,10,Pico,66.9,0,4.0
T516639,Transferencia,v2,Lima,11,Normal,526.1,0,3.0
T516640,Consulta de saldo,v1,Arequipa,8,Pico,160.2,0,5.0
T516641,Pago de servicios,v2,Lima,22,Normal,143.6,0,4.0
T516642,Consulta de saldo,v1,Arequipa,14,Normal,116.1,0,5.0
T516643,Pago QR,v2,Trujillo,23,Normal,297.7,0,4.0
T516644,Transferencia,v1,Trujillo,17,Normal,488.5,1,2.0
T516645,Consulta de saldo,v2,Trujillo,23,Normal,118.5,0,4.0
T516646,Transferencia,v2,Lima,6,Normal,207.6,0,4.0
T516647,Pago de servicios,v2,Arequipa,6,Normal,213.8,0,3.0
T516648,Consulta de saldo,v1,Lima,23,Normal,116.0,0,5.0
T516649,Transferencia,v1,Lima,3,Normal,231.2,0,4.0
T516650,Pago QR,v1,Lima,23,Normal,307.7,0,4.0
T516651,Consulta de saldo,v1,Lima,15,Normal,100.2,0,3.0
T516652,Recarga celular,v1,Lima,6,Normal,225.4,0,4.0
T516653,Pago QR,v2,Arequipa,13,Normal,162.7,0,5.0
T516654,Transferencia,v2,Arequipa,0,Normal,557.3,0,5.0
T516655,Pago de servicios,v1,Lima,14,Normal,478.8,0,5.0
T516656,Pago QR,v1,Arequipa,16,Normal,172.4,0,4.0
T516657,Transferencia,v1,Arequipa,3,Normal,260.6,0,4.0
T516658,Pago QR,v1,Lima,0,Normal,213.8,0,5.0
T516659,Pago QR,v1,Arequipa,12,Normal,146.0,0,3.0
T516660,Pago QR,v2,Trujillo,9,Pico,240.4,0,4.0
T516661,Recarga celular,v1,Lima,15,Normal,259.5,0,3.0
T516662,Pago QR,v2,Lima,5,Normal,267.7,0,5.0
T516663,Pago QR,v2,Lima,2,Normal,186.6,0,
T516664,Recarga celular,v2,Arequipa,9,Pico,198.9,0,5.0
T516665,Pago QR,v2,Lima,15,Normal,166.7,0,4.0
T516666,Recarga celular,v2,Lima,0,Normal,211.6,0,4.0
T516667,Transferencia,v2,Arequipa,23,Normal,120.4,0,5.0
T516668,Pago QR,v1,Trujillo,13,Normal,273.4,0,3.0
T516669,Recarga celular,v1,Arequipa,6,Normal,416.1,0,4.0
T516670,Recarga celular,v2,Lima,3,Normal,208.5,0,4.0
T516671,Pago QR,v2,Lima,14,Normal,103.0,0,4.0
T516672,Consulta de saldo,v2,Lima,20,Pico,56.7,0,5.0
T516673,Pago de servicios,v1,Lima,8,Pico,258.4,0,4.0
T516674,Recarga celular,v2,Arequipa,17,Normal,184.8,0,4.0
T516675,Consulta de saldo,v2,Trujillo,4,Normal,115.7,0,4.0
T516676,Pago QR,v1,Lima,2,Normal,266.3,0,5.0
T516677,Pago QR,v1,Lima,16,Normal,356.0,0,3.0
T516678,Transferencia,v1,Lima,3,Normal,123.0,0,3.0
T516679,Recarga celular,v1,Lima,1,Normal,101.7,0,4.0
T516680,Pago de servicios,v1,Lima,19,Pico,386.3,0,4.0
T516681,Transferencia,v2,Trujillo,15,Normal,622.7,0,4.0
T516682,Pago QR,v1,Trujillo,3,Normal,233.3,1,2.0
T516683,Pago QR,v1,Trujillo,7,Normal,400.9,0,5.0
T516684,Pago QR,v1,Lima,18,Pico,595.5,0,3.0
T516685,Recarga celular,v1,Trujillo,22,Normal,149.8,0,4.0
T516686,Transferencia,v1,Trujillo,6,Normal,481.9,0,4.0
T516687,Pago QR,v2,Arequipa,6,Normal,176.9,0,4.0
T516688,Transferencia,v2,Lima,4,Normal,232.0,0,5.0
T516689,Transferencia,v1,Lima,8,Pico,209.0,0,5.0
T516690,Transferencia,v1,Lima,15,Normal,102.5,0,5.0
T516691,Consulta de saldo,v2,Lima,23,Normal,53.0,0,5.0
T516692,Recarga celular,v1,Trujillo,3,Normal,67.0,0,5.0
T516693,Consulta de saldo,v1,Arequipa,7,Normal,70.8,0,4.0
T516694,Pago de servicios,v2,Lima,7,Normal,222.9,0,4.0
T516695,Pago QR,v2,Lima,11,Normal,155.3,0,5.0
T516696,Transferencia,v2,Lima,4,Normal,250.6,0,5.0
T516697,Pago QR,v2,Trujillo,14,Normal,252.2,0,4.0
T516698,Transferencia,v1,Lima,4,Normal,366.3,0,4.0
T516699,Pago QR,v1,Lima,13,Normal,120.6,0,4.0
T516700,Pago de servicios,v1,Arequipa,9,Pico,312.3,0,3.0
T516701,Transferencia,v2,Lima,13,Normal,205.2,0,5.0
T516702,Consulta de saldo,v1,Arequipa,6,Normal,71.2,0,5.0
T516703,Pago de servicios,v1,Arequipa,21,Pico,873.1,0,2.0
T516704,Pago de servicios,v2,Arequipa,4,Normal,199.3,0,5.0
T516705,Pago QR,v2,Arequipa,5,Normal,171.6,0,5.0
T516706,Recarga celular,v1,Lima,10,Pico,146.9,0,5.0
T516707,Pago QR,v2,Lima,3,Normal,184.8,0,5.0
T516708,Transferencia,v2,Arequipa,5,Normal,256.9,0,4.0
T516709,Transferencia,v2,Trujillo,17,Normal,241.3,0,4.0
T516710,Transferencia,v1,Arequipa,11,Normal,110.2,0,5.0
T516711,Recarga celular,v2,Lima,2,Normal,111.8,0,4.0
T516712,Pago QR,v2,Trujillo,5,Normal,164.6,0,4.0
T516713,Pago de servicios,v1,Arequipa,22,Normal,262.0,0,3.0
T516714,Consulta de saldo,v2,Arequipa,2,Normal,167.6,0,
T516715,Pago de servicios,v2,Arequipa,6,Normal,440.2,0,4.0
T516716,Consulta de saldo,v1,Trujillo,16,Normal,132.1,0,5.0
T516717,Transferencia,v2,Lima,11,Normal,195.7,0,4.0
T516718,Transferencia,v1,Lima,3,Normal,250.8,0,4.0
T516719,Transferencia,v1,Trujillo,22,Normal,355.6,0,4.0
T516720,Transferencia,v2,Lima,15,Normal,238.8,0,4.0
T516721,Recarga celular,v2,Trujillo,22,Normal,223.2,0,4.0
T516722,Pago de servicios,v2,Lima,9,Pico,246.0,0,5.0
T516723,Transferencia,v1,Lima,15,Normal,215.8,0,4.0
T516724,Pago QR,v2,Lima,22,Normal,207.8,0,5.0
T516725,Recarga celular,v1,Arequipa,9,Pico,213.6,0,5.0
T516726,Consulta de saldo,v2,Lima,2,Normal,110.7,0,5.0
T516727,Consulta de saldo,v1,Lima,8,Pico,233.6,0,5.0
T516728,Consulta de saldo,v1,Lima,7,Normal,180.9,0,4.0
T516729,Recarga celular,v2,Lima,0,Normal,329.9,0,3.0
T516730,Consulta de saldo,v2,Arequipa,4,Normal,107.9,0,4.0
T516731,Recarga celular,v2,Lima,10,Pico,263.2,0,4.0
T516732,Pago QR,v1,Lima,23,Normal,128.0,0,4.0
T516733,Pago QR,v2,Trujillo,2,Normal,124.1,0,5.0
T516734,Pago QR,v1,Lima,15,Normal,238.4,0,4.0
T516735,Consulta de saldo,v1,Arequipa,10,Pico,128.5,0,4.0
T516736,Recarga celular,v2,Lima,5,Normal,113.7,0,5.0
T516737,Consulta de saldo,v2,Trujillo,23,Normal,121.1,0,5.0
T516738,Recarga celular,v2,Lima,18,Pico,178.8,0,5.0
T516739,Consulta de saldo,v1,Arequipa,11,Normal,370.0,0,4.0
T516740,Recarga celular,v2,Lima,17,Normal,145.0,0,5.0
T516741,Pago de servicios,v2,Lima,18,Pico,713.5,0,3.0
T516742,Consulta de saldo,v2,Arequipa,4,Normal,190.3,0,4.0
T516743,Recarga celular,v1,Trujillo,2,Normal,128.4,0,5.0
T516744,Transferencia,v1,Trujillo,8,Pico,273.0,0,4.0
T516745,Consulta de saldo,v1,Trujillo,7,Normal,199.3,0,4.0
T516746,Pago QR,v1,Arequipa,22,Normal,200.1,0,4.0
T516747,Consulta de saldo,v1,Lima,10,Pico,245.1,0,4.0
T516748,Recarga celular,v1,Trujillo,10,Pico,190.7,0,5.0
T516749,Recarga celular,v1,Arequipa,10,Pico,243.1,0,5.0
T516750,Transferencia,v2,Trujillo,19,Pico,644.7,0,3.0
T516751,Transferencia,v1,Trujillo,20,Pico,424.2,0,3.0
T516752,Pago QR,v2,Arequipa,7,Normal,125.3,0,4.0
T516753,Pago de servicios,v1,Arequipa,6,Normal,440.0,0,2.0
T516754,Consulta de saldo,v2,Trujillo,16,Normal,47.1,0,5.0
T516755,Recarga celular,v1,Lima,3,Normal,198.8,0,4.0
T516756,Transferencia,v2,Trujillo,8,Pico,192.8,0,4.0
T516757,Consulta de saldo,v1,Arequipa,12,Normal,76.6,0,5.0
T516758,Pago de servicios,v1,Lima,22,Normal,244.9,0,3.0
T516759,Pago QR,v1,Lima,11,Normal,136.0,0,5.0
T516760,Pago de servicios,v2,Trujillo,4,Normal,391.8,0,4.0
T516761,Consulta de saldo,v2,Lima,19,Pico,310.1,0,4.0
T516762,Consulta de saldo,v1,Lima,3,Normal,83.8,0,4.0
T516763,Pago QR,v2,Arequipa,3,Normal,222.5,0,3.0
T516764,Pago QR,v1,Lima,15,Normal,143.2,0,4.0
T516765,Pago QR,v2,Arequipa,0,Normal,138.2,0,4.0
T516766,Pago de servicios,v1,Lima,18,Pico,272.0,0,5.0
T516767,Transferencia,v1,Lima,6,Normal,210.3,0,4.0
T516768,Pago QR,v1,Arequipa,23,Normal,205.0,0,3.0
T516769,Transferencia,v2,Trujillo,0,Normal,104.2,0,5.0
T516770,Transferencia,v1,Arequipa,3,Normal,501.2,0,3.0
T516771,Consulta de saldo,v2,Trujillo,6,Normal,46.5,0,4.0
T516772,Transferencia,v1,Trujillo,8,Pico,344.8,0,4.0
T516773,Transferencia,v2,Lima,0,Normal,350.3,0,5.0
T516774,Transferencia,v2,Arequipa,4,Normal,224.7,0,4.0
T516775,Transferencia,v2,Trujillo,0,Normal,223.4,0,3.0
T516776,Pago QR,v2,Lima,21,Pico,233.2,0,4.0
T516777,Recarga celular,v1,Arequipa,17,Normal,124.9,0,5.0
T516778,Pago QR,v2,Arequipa,21,Pico,195.0,0,5.0
T516779,Transferencia,v2,Lima,14,Normal,258.6,0,5.0
T516780,Pago QR,v1,Lima,16,Normal,189.7,0,3.0
T516781,Recarga celular,v1,Trujillo,9,Pico,468.3,0,3.0
T516782,Consulta de saldo,v2,Lima,20,Pico,90.2,0,4.0
T516783,Pago QR,v1,Arequipa,14,Normal,431.6,0,3.0
T516784,Recarga celular,v1,Lima,19,Pico,210.2,0,5.0
T516785,Pago de servicios,v2,Arequipa,21,Pico,326.0,0,4.0
T516786,Recarga celular,v2,Trujillo,22,Normal,150.7,0,5.0
T516787,Pago QR,v2,Trujillo,22,Normal,217.3,0,5.0
T516788,Pago de servicios,v2,Lima,1,Normal,278.9,0,5.0
T516789,Transferencia,v1,Arequipa,10,Pico,375.7,0,4.0
T516790,Consulta de saldo,v2,Lima,15,Normal,69.2,0,4.0
T516791,Recarga celular,v2,Lima,12,Normal,117.6,0,3.0
T516792,Pago QR,v2,Trujillo,0,Normal,272.1,0,3.0
T516793,Pago QR,v1,Arequipa,3,Normal,476.0,0,4.0
T516794,Transferencia,v1,Lima,18,Pico,210.6,0,4.0
T516795,Consulta de saldo,v2,Trujillo,12,Normal,110.2,0,5.0
T516796,Recarga celular,v2,Lima,22,Normal,141.6,0,5.0
T516797,Transferencia,v1,Lima,17,Normal,212.0,0,4.0
T516798,Pago QR,v1,Trujillo,15,Normal,210.7,0,3.0
T516799,Transferencia,v2,Arequipa,11,Normal,207.0,0,4.0
T516800,Consulta de saldo,v2,Lima,13,Normal,124.9,0,4.0
T516801,Transferencia,v2,Trujillo,3,Normal,100.7,0,4.0
T516802,Transferencia,v1,Arequipa,10,Pico,339.5,0,4.0
T516803,Pago QR,v1,Trujillo,1,Normal,78.6,0,5.0
T516804,Pago QR,v2,Arequipa,14,Normal,230.3,0,
T516805,Consulta de saldo,v2,Lima,2,Normal,77.2,0,4.0
T516806,Transferencia,v1,Arequipa,3,Normal,446.7,1,2.0
T516807,Pago QR,v2,Trujillo,18,Pico,191.0,0,3.0
T516808,Pago de servicios,v1,Lima,9,Pico,799.8,0,4.0
T516809,Pago QR,v1,Lima,11,Normal,159.8,0,5.0
T516810,Pago de servicios,v2,Lima,16,Normal,458.9,0,3.0
T516811,Transferencia,v2,Lima,19,Pico,166.9,0,4.0
T516812,Pago QR,v1,Trujillo,1,Normal,379.3,0,4.0
T516813,Pago de servicios,v1,Lima,16,Normal,309.0,0,3.0
T516814,Consulta de saldo,v1,Trujillo,21,Pico,267.5,0,5.0
T516815,Pago QR,v1,Lima,10,Pico,477.9,0,4.0
T516816,Recarga celular,v1,Lima,9,Pico,192.7,0,5.0
T516817,Pago de servicios,v2,Arequipa,15,Normal,828.5,0,3.0
T516818,Recarga celular,v2,Arequipa,8,Pico,145.5,0,5.0
T516819,Recarga celular,v1,Arequipa,1,Normal,194.4,0,4.0
T516820,Pago de servicios,v2,Lima,7,Normal,227.8,0,3.0
T516821,Pago QR,v2,Lima,2,Normal,181.4,0,5.0
T516822,Pago QR,v1,Lima,9,Pico,293.1,0,5.0
T516823,Pago QR,v1,Arequipa,1,Normal,298.9,0,5.0
T516824,Pago de servicios,v2,Trujillo,18,Pico,144.9,0,4.0
T516825,Transferencia,v2,Arequipa,19,Pico,198.0,0,5.0
T516826,Pago QR,v2,Arequipa,21,Pico,239.6,0,5.0
T516827,Transferencia,v1,Lima,5,Normal,233.6,0,5.0
T516828,Transferencia,v2,Arequipa,1,Normal,400.7,0,3.0
T516829,Recarga celular,v2,Arequipa,16,Normal,165.5,0,4.0
T516830,Consulta de saldo,v2,Lima,1,Normal,143.4,1,3.0
T516831,Transferencia,v1,Lima,15,Normal,822.5,0,3.0
T516832,Transferencia,v1,Lima,18,Pico,574.8,0,4.0
T516833,Pago QR,v1,Arequipa,15,Normal,321.5,0,4.0
T516834,Recarga celular,v2,Trujillo,15,Normal,82.3,0,4.0
T516835,Pago de servicios,v1,Arequipa,22,Normal,251.9,0,4.0
T516836,Pago QR,v2,Trujillo,8,Pico,263.5,0,5.0
T516837,Transferencia,v2,Lima,7,Normal,438.7,0,3.0
T516838,Pago QR,v1,Arequipa,5,Normal,236.6,0,3.0
T516839,Recarga celular,v1,Lima,17,Normal,262.5,0,4.0
T516840,Transferencia,v1,Arequipa,23,Normal,175.2,0,3.0
T516841,Consulta de saldo,v2,Lima,9,Pico,145.4,0,5.0
T516842,Consulta de saldo,v2,Lima,9,Pico,65.5,0,5.0
T516843,Recarga celular,v1,Lima,19,Pico,78.1,0,3.0
T516844,Consulta de saldo,v1,Lima,18,Pico,122.0,0,4.0
T516845,Consulta de saldo,v2,Trujillo,20,Pico,341.4,0,5.0
T516846,Pago QR,v1,Lima,20,Pico,177.9,0,5.0
T516847,Consulta de saldo,v1,Lima,19,Pico,111.8,0,5.0
T516848,Transferencia,v1,Lima,2,Normal,142.6,0,4.0
T516849,Pago QR,v1,Trujillo,2,Normal,404.9,0,5.0
T516850,Transferencia,v2,Lima,2,Normal,182.6,0,5.0
T516851,Transferencia,v1,Arequipa,13,Normal,246.4,0,5.0
T516852,Consulta de saldo,v2,Arequipa,14,Normal,118.4,0,4.0
T516853,Pago QR,v2,Lima,9,Pico,134.3,0,5.0
T516854,Transferencia,v2,Lima,7,Normal,331.1,0,3.0
T516855,Recarga celular,v2,Trujillo,3,Normal,245.2,0,4.0
T516856,Pago QR,v2,Arequipa,22,Normal,70.7,0,5.0
T516857,Recarga celular,v2,Trujillo,5,Normal,399.7,0,4.0
T516858,Pago QR,v2,Trujillo,0,Normal,293.5,0,3.0
T516859,Transferencia,v1,Trujillo,4,Normal,144.0,0,5.0
T516860,Pago de servicios,v2,Lima,6,Normal,127.9,0,3.0
T516861,Pago de servicios,v2,Trujillo,3,Normal,230.8,0,5.0
T516862,Consulta de saldo,v2,Arequipa,15,Normal,105.9,0,4.0
T516863,Recarga celular,v2,Lima,1,Normal,381.3,0,4.0
T516864,Transferencia,v2,Trujillo,10,Pico,416.3,0,4.0
T516865,Transferencia,v2,Lima,21,Pico,326.8,0,3.0
T516866,Recarga celular,v1,Arequipa,18,Pico,208.8,0,4.0
T516867,Pago de servicios,v1,Arequipa,22,Normal,334.2,0,4.0
T516868,Pago QR,v1,Lima,14,Normal,252.5,0,5.0
T516869,Consulta de saldo,v1,Trujillo,16,Normal,234.9,0,4.0
T516870,Pago QR,v2,Lima,16,Normal,323.2,0,4.0
T516871,Pago QR,v2,Lima,11,Normal,377.4,0,4.0
T516872,Recarga celular,v1,Arequipa,21,Pico,129.9,0,4.0
T516873,Consulta de saldo,v2,Arequipa,12,Normal,166.4,0,4.0
T516874,Consulta de saldo,v1,Trujillo,22,Normal,73.1,0,4.0
T516875,Pago QR,v2,Lima,6,Normal,543.5,0,2.0
T516876,Transferencia,v1,Lima,17,Normal,158.0,0,5.0
T516877,Pago QR,v1,Lima,1,Normal,415.6,0,3.0
T516878,Pago de servicios,v1,Lima,22,Normal,363.4,0,5.0
T516879,Pago QR,v2,Arequipa,12,Normal,178.9,0,4.0
T516880,Transferencia,v1,Arequipa,1,Normal,389.7,0,4.0
T516881,Pago de servicios,v2,Lima,10,Pico,177.6,0,4.0
T516882,Recarga celular,v1,Trujillo,10,Pico,330.6,0,5.0
T516883,Transferencia,v2,Lima,3,Normal,256.7,0,4.0
T516884,Pago de servicios,v2,Arequipa,9,Pico,207.1,0,4.0
T516885,Transferencia,v2,Arequipa,16,Normal,184.9,0,4.0
T516886,Recarga celular,v1,Lima,14,Normal,130.8,0,5.0
T516887,Recarga celular,v1,Lima,12,Normal,184.6,0,4.0
T516888,Consulta de saldo,v1,Arequipa,11,Normal,225.4,0,3.0
T516889,Consulta de saldo,v2,Trujillo,2,Normal,84.8,1,4.0
T516890,Pago QR,v1,Arequipa,0,Normal,126.2,0,5.0
T516891,Consulta de saldo,v1,Trujillo,13,Normal,82.0,0,4.0
T516892,Transferencia,v1,Arequipa,5,Normal,362.0,0,3.0
T516893,Transferencia,v2,Lima,16,Normal,332.8,0,3.0
T516894,Pago QR,v1,Trujillo,12,Normal,458.0,0,4.0
T516895,Recarga celular,v1,Arequipa,14,Normal,66.8,0,5.0
T516896,Transferencia,v1,Trujillo,17,Normal,158.0,0,4.0
T516897,Transferencia,v2,Lima,21,Pico,236.6,0,4.0
T516898,Pago QR,v2,Arequipa,16,Normal,118.3,0,4.0
T516899,Pago de servicios,v1,Lima,14,Normal,331.8,0,4.0
T516900,Consulta de saldo,v1,Lima,1,Normal,155.2,0,5.0
T516901,Transferencia,v1,Trujillo,18,Pico,274.4,0,4.0
T516902,Recarga celular,v2,Arequipa,6,Normal,109.2,0,4.0
T516903,Recarga celular,v2,Lima,16,Normal,97.6,0,4.0
T516904,Pago de servicios,v1,Lima,5,Normal,372.5,0,4.0
T516905,Pago QR,v2,Arequipa,2,Normal,158.1,0,5.0
T516906,Consulta de saldo,v2,Lima,6,Normal,79.0,0,5.0
T516907,Transferencia,v2,Lima,15,Normal,884.4,0,2.0
T516908,Recarga celular,v1,Lima,2,Normal,411.0,0,4.0
T516909,Pago QR,v2,Arequipa,18,Pico,188.2,0,4.0
T516910,Pago QR,v2,Lima,13,Normal,175.9,0,5.0
T516911,Transferencia,v1,Lima,23,Normal,322.1,0,5.0
T516912,Pago de servicios,v2,Arequipa,0,Normal,210.4,0,5.0
T516913,Pago de servicios,v1,Trujillo,9,Pico,420.2,0,4.0
T516914,Transferencia,v1,Lima,17,Normal,314.1,0,4.0
T516915,Pago QR,v1,Arequipa,0,Normal,103.2,0,5.0
T516916,Recarga celular,v2,Lima,2,Normal,98.3,0,4.0
T516917,Pago QR,v1,Lima,23,Normal,324.4,0,4.0
T516918,Pago QR,v2,Trujillo,0,Normal,368.9,0,3.0
T516919,Transferencia,v2,Lima,4,Normal,392.9,0,5.0
T516920,Pago QR,v1,Lima,13,Normal,165.4,0,5.0
T516921,Pago de servicios,v2,Trujillo,7,Normal,202.9,0,4.0
T516922,Transferencia,v1,Lima,15,Normal,139.5,0,5.0
T516923,Transferencia,v2,Trujillo,5,Normal,257.9,0,5.0
T516924,Transferencia,v2,Lima,9,Pico,272.4,0,4.0
T516925,Transferencia,v1,Trujillo,14,Normal,278.4,0,4.0
T516926,Pago QR,v1,Lima,1,Normal,211.1,0,4.0
T516927,Consulta de saldo,v2,Lima,4,Normal,76.3,0,4.0
T516928,Transferencia,v1,Lima,19,Pico,213.6,0,5.0
T516929,Pago de servicios,v2,Lima,20,Pico,517.2,0,2.0
T516930,Consulta de saldo,v1,Trujillo,4,Normal,71.6,0,5.0
T516931,Pago de servicios,v1,Lima,5,Normal,399.6,0,4.0
T516932,Transferencia,v1,Lima,11,Normal,219.8,0,4.0
T516933,Transferencia,v2,Lima,3,Normal,225.1,0,3.0
T516934,Transferencia,v2,Lima,2,Normal,262.1,0,5.0
T516935,Pago QR,v1,Lima,6,Normal,308.1,0,3.0
T516936,Pago de servicios,v1,Arequipa,13,Normal,386.1,0,3.0
T516937,Recarga celular,v2,Trujillo,21,Pico,280.3,0,4.0
T516938,Pago QR,v1,Lima,10,Pico,357.8,0,3.0
T516939,Pago de servicios,v1,Arequipa,5,Normal,429.1,0,2.0
T516940,Pago de servicios,v1,Arequipa,17,Normal,448.9,0,3.0
T516941,Pago de servicios,v2,Trujillo,16,Normal,305.8,0,5.0
T516942,Pago QR,v1,Lima,18,Pico,222.8,0,4.0
T516943,Consulta de saldo,v1,Trujillo,9,Pico,168.0,0,4.0
T516944,Recarga celular,v1,Arequipa,20,Pico,297.3,0,5.0
T516945,Recarga celular,v2,Arequipa,8,Pico,383.5,0,2.0
T516946,Transferencia,v1,Trujillo,13,Normal,165.4,0,4.0
T516947,Recarga celular,v1,Lima,6,Normal,250.9,0,
T516948,Pago QR,v1,Lima,17,Normal,182.3,0,5.0
T516949,Consulta de saldo,v2,Lima,1,Normal,44.6,0,4.0
T516950,Pago de servicios,v2,Trujillo,8,Pico,453.4,0,3.0
T516951,Recarga celular,v2,Trujillo,13,Normal,178.8,0,5.0
T516952,Transferencia,v2,Arequipa,4,Normal,439.4,0,4.0
T516953,Pago QR,v2,Arequipa,6,Normal,100.1,0,5.0
T516954,Pago QR,v2,Lima,9,Pico,121.8,0,4.0
T516955,Consulta de saldo,v2,Lima,6,Normal,116.0,0,5.0
T516956,Pago QR,v1,Lima,20,Pico,270.3,0,
T516957,Transferencia,v2,Lima,22,Normal,277.2,0,4.0
T516958,Pago de servicios,v1,Trujillo,0,Normal,432.0,0,3.0
T516959,Pago QR,v2,Lima,3,Normal,606.4,0,3.0
T516960,Transferencia,v2,Lima,7,Normal,175.6,0,5.0
T516961,Pago de servicios,v2,Arequipa,16,Normal,507.6,0,4.0
T516962,Recarga celular,v1,Arequipa,6,Normal,172.5,0,4.0
T516963,Consulta de saldo,v2,Trujillo,16,Normal,114.9,0,4.0
T516964,Transferencia,v2,Arequipa,22,Normal,251.1,0,4.0
T516965,Recarga celular,v2,Arequipa,21,Pico,195.3,0,3.0
T516966,Transferencia,v2,Lima,17,Normal,252.5,0,4.0
T516967,Transferencia,v1,Lima,20,Pico,273.8,0,4.0
T516968,Consulta de saldo,v2,Lima,22,Normal,60.0,0,3.0
T516969,Consulta de saldo,v1,Lima,21,Pico,85.3,0,5.0
T516970,Recarga celular,v2,Lima,22,Normal,271.1,0,5.0
T516971,Pago QR,v1,Arequipa,3,Normal,193.9,0,4.0
T516972,Consulta de saldo,v2,Trujillo,19,Pico,94.0,0,5.0
T516973,Pago de servicios,v2,Arequipa,3,Normal,601.0,0,3.0
T516974,Consulta de saldo,v1,Lima,12,Normal,90.8,0,5.0
T516975,Transferencia,v1,Arequipa,6,Normal,315.9,1,3.0
T516976,Transferencia,v1,Trujillo,5,Normal,222.3,0,4.0
T516977,Transferencia,v2,Lima,15,Normal,2897.5,0,1.0
T516978,Consulta de saldo,v2,Trujillo,0,Normal,109.8,0,5.0
T516979,Pago QR,v1,Lima,22,Normal,108.5,0,5.0
T516980,Pago de servicios,v2,Lima,18,Pico,341.1,0,3.0
T516981,Pago QR,v2,Trujillo,21,Pico,194.9,0,4.0
T516982,Transferencia,v2,Arequipa,5,Normal,335.0,0,4.0
T516983,Pago QR,v2,Trujillo,17,Normal,99.7,0,3.0
T516984,Consulta de saldo,v1,Lima,17,Normal,49.9,0,5.0
T516985,Consulta de saldo,v1,Lima,14,Normal,103.9,0,4.0
T516986,Consulta de saldo,v2,Trujillo,1,Normal,107.3,0,4.0
T516987,Pago QR,v2,Lima,21,Pico,258.9,0,4.0
T516988,Recarga celular,v1,Trujillo,21,Pico,382.8,0,5.0
T516989,Pago QR,v2,Lima,13,Normal,170.2,0,4.0
T516990,Pago QR,v1,Lima,12,Normal,131.6,0,4.0
T516991,Pago QR,v1,Lima,16,Normal,180.3,0,5.0
T516992,Consulta de saldo,v1,Lima,12,Normal,107.1,0,5.0
T516993,Pago QR,v1,Arequipa,19,Pico,546.6,0,4.0
T516994,Pago de servicios,v1,Lima,1,Normal,457.0,0,3.0
T516995,Recarga celular,v2,Trujillo,16,Normal,249.9,0,3.0
T516996,Pago de servicios,v2,Lima,23,Normal,292.4,0,4.0
T516997,Pago de servicios,v1,Lima,10,Pico,716.9,0,2.0
T516998,Consulta de saldo,v2,Arequipa,3,Normal,93.2,0,5.0
T516999,Pago QR,v2,Trujillo,13,Normal,157.5,0,5.0
T517000,Consulta de saldo,v1,Trujillo,8,Pico,71.9,0,3.0
T517001,Pago de servicios,v2,Arequipa,3,Normal,513.4,0,2.0
T517002,Transferencia,v1,Arequipa,17,Normal,307.8,0,4.0
T517003,Recarga celular,v2,Trujillo,13,Normal,313.0,0,3.0
T517004,Transferencia,v2,Arequipa,9,Pico,292.9,0,4.0
T517005,Pago QR,v2,Lima,8,Pico,231.4,0,4.0
T517006,Pago QR,v1,Arequipa,0,Normal,155.4,0,2.0
T517007,Recarga celular,v1,Lima,9,Pico,203.6,0,4.0
T517008,Pago de servicios,v2,Trujillo,16,Normal,277.4,0,5.0
T517009,Pago QR,v2,Lima,1,Normal,164.3,0,5.0
T517010,Pago QR,v1,Lima,7,Normal,173.3,0,5.0
T517011,Pago de servicios,v2,Lima,22,Normal,898.1,0,2.0
T517012,Pago de servicios,v2,Arequipa,18,Pico,196.5,0,4.0
T517013,Pago QR,v2,Lima,19,Pico,170.2,0,4.0
T517014,Consulta de saldo,v2,Lima,17,Normal,106.9,0,4.0
T517015,Pago QR,v2,Trujillo,22,Normal,211.9,0,3.0
T517016,Consulta de saldo,v2,Arequipa,5,Normal,138.7,0,4.0
T517017,Pago de servicios,v2,Arequipa,8,Pico,860.6,0,3.0
T517018,Pago QR,v2,Lima,7,Normal,159.2,0,5.0
T517019,Pago QR,v1,Trujillo,14,Normal,312.0,0,5.0
T517020,Transferencia,v2,Lima,15,Normal,213.7,0,4.0
T517021,Transferencia,v1,Lima,5,Normal,560.8,0,3.0
T517022,Recarga celular,v1,Lima,7,Normal,72.0,0,4.0
T517023,Recarga celular,v1,Trujillo,5,Normal,146.8,0,4.0
T517024,Pago QR,v2,Arequipa,15,Normal,128.4,0,5.0
T517025,Consulta de saldo,v2,Arequipa,0,Normal,111.7,0,4.0
T517026,Transferencia,v2,Trujillo,4,Normal,264.6,0,5.0
T517027,Consulta de saldo,v2,Trujillo,17,Normal,88.0,0,4.0
T517028,Pago QR,v1,Lima,5,Normal,392.2,0,2.0
T517029,Pago de servicios,v2,Trujillo,3,Normal,210.5,0,4.0
T517030,Recarga celular,v2,Lima,4,Normal,69.2,0,5.0
T517031,Consulta de saldo,v1,Trujillo,19,Pico,80.3,0,4.0
T517032,Recarga celular,v1,Trujillo,23,Normal,59.8,0,5.0
T517033,Recarga celular,v2,Lima,9,Pico,149.6,0,5.0
T517034,Recarga celular,v2,Lima,1,Normal,323.7,0,5.0
T517035,Transferencia,v2,Arequipa,18,Pico,418.7,0,4.0
T517036,Pago QR,v1,Trujillo,13,Normal,221.3,0,4.0
T517037,Pago de servicios,v1,Lima,15,Normal,1101.1,0,1.0
T517038,Transferencia,v1,Lima,3,Normal,362.1,0,2.0
T517039,Pago QR,v2,Lima,6,Normal,156.8,0,5.0
T517040,Recarga celular,v2,Lima,6,Normal,170.6,0,5.0
T517041,Recarga celular,v2,Lima,10,Pico,152.4,0,4.0
T517042,Pago QR,v1,Lima,5,Normal,236.3,0,4.0
T517043,Transferencia,v2,Arequipa,3,Normal,190.2,0,4.0
T517044,Pago QR,v1,Trujillo,0,Normal,80.4,0,4.0
T517045,Transferencia,v2,Lima,0,Normal,409.1,0,5.0
T517046,Pago QR,v1,Trujillo,13,Normal,151.4,0,5.0
T517047,Pago de servicios,v2,Trujillo,3,Normal,603.1,0,3.0
T517048,Pago QR,v1,Trujillo,12,Normal,186.7,0,5.0
T517049,Consulta de saldo,v1,Trujillo,23,Normal,200.0,0,4.0
T517050,Pago QR,v1,Arequipa,11,Normal,112.4,0,4.0
T517051,Pago de servicios,v2,Lima,9,Pico,269.6,0,3.0
T517052,Transferencia,v2,Arequipa,17,Normal,241.5,0,3.0
T517053,Consulta de saldo,v1,Arequipa,18,Pico,212.4,0,3.0
T517054,Consulta de saldo,v2,Lima,20,Pico,206.0,0,5.0
T517055,Consulta de saldo,v1,Arequipa,6,Normal,355.7,0,3.0
T517056,Recarga celular,v1,Arequipa,12,Normal,109.2,0,
T517057,Transferencia,v1,Arequipa,12,Normal,239.5,0,3.0
T517058,Recarga celular,v2,Lima,14,Normal,52.9,0,4.0
T517059,Transferencia,v1,Lima,16,Normal,183.7,1,2.0
T517060,Transferencia,v1,Lima,20,Pico,235.0,0,5.0
T517061,Transferencia,v2,Lima,13,Normal,310.5,0,3.0
T517062,Recarga celular,v2,Trujillo,7,Normal,88.3,0,5.0
T517063,Pago de servicios,v1,Arequipa,13,Normal,599.0,0,4.0
T517064,Recarga celular,v1,Lima,1,Normal,241.2,0,4.0
T517065,Transferencia,v1,Arequipa,11,Normal,266.3,0,4.0
T517066,Pago de servicios,v2,Lima,5,Normal,144.9,0,5.0
T517067,Recarga celular,v1,Lima,10,Pico,257.4,0,5.0
T517068,Transferencia,v1,Lima,5,Normal,430.5,0,2.0
T517069,Pago de servicios,v2,Trujillo,8,Pico,427.0,0,2.0
T517070,Pago QR,v2,Lima,7,Normal,205.7,0,5.0
T517071,Pago QR,v1,Lima,19,Pico,260.3,0,3.0
T517072,Pago QR,v1,Trujillo,0,Normal,222.2,0,3.0
T517073,Transferencia,v1,Arequipa,7,Normal,349.9,0,3.0
T517074,Transferencia,v2,Lima,10,Pico,136.5,0,5.0
T517075,Transferencia,v2,Trujillo,19,Pico,466.4,0,2.0
T517076,Pago QR,v2,Arequipa,23,Normal,186.5,0,4.0
T517077,Consulta de saldo,v2,Lima,16,Normal,121.2,0,5.0
T517078,Transferencia,v2,Trujillo,14,Normal,448.0,0,4.0
T517079,Transferencia,v2,Trujillo,8,Pico,424.9,0,4.0
T517080,Transferencia,v2,Arequipa,7,Normal,293.0,0,4.0
T517081,Pago de servicios,v1,Lima,3,Normal,316.6,0,4.0
T517082,Pago de servicios,v2,Lima,23,Normal,290.9,1,2.0
T517083,Pago QR,v1,Trujillo,7,Normal,362.1,0,4.0
T517084,Pago QR,v1,Trujillo,8,Pico,302.4,0,4.0
T517085,Consulta de saldo,v2,Trujillo,8,Pico,225.1,0,5.0
T517086,Transferencia,v2,Lima,3,Normal,110.4,0,4.0
T517087,Pago de servicios,v2,Lima,23,Normal,329.8,0,
T517088,Recarga celular,v1,Arequipa,17,Normal,256.6,0,4.0
T517089,Pago de servicios,v2,Arequipa,12,Normal,252.6,0,4.0
T517090,Recarga celular,v1,Trujillo,17,Normal,221.7,0,5.0
T517091,Consulta de saldo,v1,Lima,3,Normal,120.4,0,3.0
T517092,Pago QR,v1,Trujillo,2,Normal,138.8,0,3.0
T517093,Pago QR,v1,Arequipa,15,Normal,147.6,0,5.0
T517094,Consulta de saldo,v1,Arequipa,3,Normal,106.1,0,
T517095,Recarga celular,v1,Lima,7,Normal,134.7,0,5.0
T517096,Pago QR,v1,Arequipa,16,Normal,301.6,1,2.0
T517097,Recarga celular,v1,Trujillo,20,Pico,91.0,0,4.0
T517098,Transferencia,v2,Trujillo,23,Normal,221.2,0,5.0
T517099,Transferencia,v2,Lima,18,Pico,328.5,0,4.0
T517100,Transferencia,v2,Lima,10,Pico,290.7,0,3.0
T517101,Recarga celular,v2,Lima,0,Normal,123.5,0,5.0
T517102,Transferencia,v1,Lima,0,Normal,115.5,0,3.0
T517103,Recarga celular,v1,Lima,16,Normal,153.3,0,4.0
T517104,Consulta de saldo,v2,Arequipa,17,Normal,123.4,0,4.0
T517105,Consulta de saldo,v2,Lima,16,Normal,146.8,0,5.0
T517106,Pago QR,v1,Lima,10,Pico,250.6,0,4.0
T517107,Recarga celular,v2,Arequipa,17,Normal,125.1,0,5.0
T517108,Pago de servicios,v1,Trujillo,19,Pico,469.3,0,2.0
T517109,Transferencia,v2,Lima,13,Normal,266.1,0,4.0
T517110,Pago QR,v2,Arequipa,23,Normal,1144.9,0,1.0
T517111,Pago QR,v2,Arequipa,22,Normal,168.0,0,5.0
T517112,Recarga celular,v2,Lima,2,Normal,132.2,0,3.0
T517113,Transferencia,v2,Lima,8,Pico,389.5,0,3.0
T517114,Recarga celular,v2,Lima,14,Normal,219.0,0,4.0
T517115,Consulta de saldo,v1,Lima,5,Normal,166.0,0,3.0
T517116,Pago QR,v1,Lima,23,Normal,193.0,0,5.0
T517117,Consulta de saldo,v1,Lima,4,Normal,153.6,0,3.0
T517118,Transferencia,v1,Lima,22,Normal,210.1,0,2.0
T517119,Pago de servicios,v2,Lima,21,Pico,272.8,0,4.0
T517120,Consulta de saldo,v1,Arequipa,0,Normal,120.9,0,4.0
T517121,Pago QR,v1,Arequipa,22,Normal,221.1,0,3.0
T517122,Pago de servicios,v1,Lima,5,Normal,363.0,0,3.0
T517123,Recarga celular,v2,Trujillo,1,Normal,342.1,0,4.0
T517124,Pago de servicios,v1,Arequipa,12,Normal,195.6,0,5.0
T517125,Pago QR,v2,Lima,19,Pico,271.6,0,4.0
T517126,Recarga celular,v1,Lima,4,Normal,170.5,0,5.0
T517127,Consulta de saldo,v1,Lima,19,Pico,83.0,0,4.0
T517128,Transferencia,v1,Trujillo,12,Normal,255.2,0,3.0
T517129,Pago de servicios,v1,Arequipa,12,Normal,630.0,0,3.0
T517130,Consulta de saldo,v1,Arequipa,16,Normal,40.4,0,3.0
T517131,Consulta de saldo,v2,Trujillo,10,Pico,228.0,0,5.0
T517132,Pago QR,v2,Trujillo,9,Pico,198.2,0,4.0
T517133,Transferencia,v1,Trujillo,10,Pico,368.7,0,5.0
T517134,Recarga celular,v2,Lima,8,Pico,159.7,0,5.0
T517135,Pago QR,v1,Arequipa,14,Normal,171.1,0,5.0
T517136,Transferencia,v1,Trujillo,18,Pico,470.4,0,5.0
T517137,Consulta de saldo,v2,Lima,16,Normal,56.7,0,4.0
T517138,Transferencia,v2,Trujillo,21,Pico,354.6,0,4.0
T517139,Pago de servicios,v2,Lima,11,Normal,226.1,0,4.0
T517140,Pago QR,v1,Lima,15,Normal,125.0,0,5.0
T517141,Recarga celular,v2,Lima,13,Normal,187.0,0,4.0
T517142,Transferencia,v2,Lima,14,Normal,235.3,0,5.0
T517143,Recarga celular,v1,Trujillo,7,Normal,214.0,0,5.0
T517144,Pago QR,v2,Trujillo,6,Normal,690.6,0,3.0
T517145,Consulta de saldo,v1,Trujillo,18,Pico,172.9,0,4.0
T517146,Transferencia,v1,Trujillo,10,Pico,259.3,0,3.0
T517147,Transferencia,v2,Trujillo,14,Normal,231.2,0,4.0
T517148,Consulta de saldo,v1,Trujillo,4,Normal,89.2,0,3.0
T517149,Consulta de saldo,v1,Arequipa,9,Pico,192.3,0,5.0
T517150,Consulta de saldo,v1,Arequipa,9,Pico,95.8,0,
T517151,Transferencia,v2,Lima,22,Normal,322.7,0,4.0
T517152,Transferencia,v2,Arequipa,11,Normal,833.9,0,3.0
T517153,Pago QR,v2,Trujillo,13,Normal,245.4,0,5.0
T517154,Pago de servicios,v1,Arequipa,13,Normal,665.5,0,4.0
T517155,Transferencia,v2,Lima,19,Pico,469.6,0,4.0
T517156,Transferencia,v2,Lima,18,Pico,398.5,0,5.0
T517157,Recarga celular,v2,Lima,12,Normal,145.0,0,5.0
T517158,Consulta de saldo,v1,Lima,21,Pico,134.4,0,5.0
T517159,Pago QR,v1,Lima,6,Normal,161.0,0,4.0
T517160,Transferencia,v2,Lima,20,Pico,149.3,0,4.0
T517161,Pago QR,v1,Lima,20,Pico,411.9,0,4.0
T517162,Transferencia,v2,Lima,23,Normal,305.3,0,4.0
T517163,Consulta de saldo,v2,Arequipa,16,Normal,117.5,0,5.0
T517164,Pago QR,v1,Trujillo,14,Normal,104.9,0,5.0
T517165,Pago de servicios,v2,Lima,22,Normal,194.0,0,5.0
T517166,Pago de servicios,v1,Trujillo,14,Normal,266.1,0,3.0
T517167,Consulta de saldo,v2,Arequipa,5,Normal,146.2,0,4.0
T517168,Consulta de saldo,v2,Lima,16,Normal,51.2,0,4.0
T517169,Pago de servicios,v1,Trujillo,17,Normal,555.8,0,4.0
T517170,Transferencia,v2,Lima,13,Normal,180.6,0,5.0
T517171,Recarga celular,v2,Lima,11,Normal,220.1,0,4.0
T517172,Pago de servicios,v1,Lima,0,Normal,665.9,0,3.0
T517173,Pago QR,v2,Lima,20,Pico,298.6,0,5.0
T517174,Transferencia,v1,Lima,20,Pico,315.7,0,4.0
T517175,Transferencia,v2,Trujillo,8,Pico,585.2,0,4.0
T517176,Transferencia,v2,Trujillo,11,Normal,112.9,0,5.0
T517177,Pago QR,v1,Trujillo,2,Normal,395.5,0,3.0
T517178,Pago QR,v1,Lima,8,Pico,136.9,0,4.0
T517179,Transferencia,v1,Trujillo,7,Normal,198.0,0,3.0
T517180,Transferencia,v1,Lima,13,Normal,727.8,0,3.0
T517181,Pago QR,v2,Trujillo,0,Normal,145.8,0,5.0
T517182,Pago QR,v2,Arequipa,6,Normal,97.8,0,3.0
T517183,Pago de servicios,v2,Trujillo,19,Pico,236.9,0,5.0
T517184,Transferencia,v1,Lima,3,Normal,425.7,0,3.0
T517185,Recarga celular,v1,Arequipa,3,Normal,446.0,0,3.0
T517186,Recarga celular,v1,Arequipa,14,Normal,1465.1,0,2.0
T517187,Pago de servicios,v2,Lima,22,Normal,158.2,0,4.0
T517188,Consulta de saldo,v1,Arequipa,16,Normal,205.3,0,5.0
T517189,Recarga celular,v1,Lima,15,Normal,112.4,0,5.0
T517190,Pago QR,v2,Lima,9,Pico,160.5,0,4.0
T517191,Pago de servicios,v2,Lima,9,Pico,1050.9,0,2.0
T517192,Pago QR,v1,Lima,20,Pico,120.4,0,4.0
T517193,Pago QR,v1,Lima,3,Normal,292.5,0,
T517194,Consulta de saldo,v2,Trujillo,5,Normal,78.4,0,4.0
T517195,Pago QR,v2,Lima,7,Normal,231.8,0,4.0
T517196,Recarga celular,v1,Lima,5,Normal,347.1,0,4.0
T517197,Pago de servicios,v1,Lima,18,Pico,694.5,0,4.0
T517198,Consulta de saldo,v2,Lima,9,Pico,126.3,0,5.0
T517199,Pago QR,v2,Lima,9,Pico,111.7,0,5.0
T517200,Transferencia,v1,Arequipa,19,Pico,268.1,0,5.0
T517201,Transferencia,v2,Lima,23,Normal,207.3,0,4.0
T517202,Pago de servicios,v1,Trujillo,2,Normal,203.1,0,4.0
T517203,Consulta de saldo,v2,Lima,12,Normal,49.0,0,5.0
T517204,Recarga celular,v1,Lima,1,Normal,125.6,0,5.0
T517205,Transferencia,v1,Lima,19,Pico,331.6,0,3.0
T517206,Recarga celular,v2,Lima,3,Normal,276.4,0,4.0
T517207,Recarga celular,v1,Trujillo,21,Pico,215.1,0,5.0
T517208,Pago de servicios,v1,Trujillo,16,Normal,315.0,0,4.0
T517209,Pago QR,v1,Arequipa,19,Pico,557.1,0,4.0
T517210,Consulta de saldo,v2,Trujillo,20,Pico,149.9,0,5.0
T517211,Pago de servicios,v2,Lima,6,Normal,138.2,0,4.0
T517212,Transferencia,v2,Lima,14,Normal,170.3,0,5.0
T517213,Pago QR,v2,Arequipa,19,Pico,2817.7,0,1.0
T517214,Transferencia,v1,Trujillo,13,Normal,312.9,0,4.0
T517215,Pago de servicios,v1,Lima,2,Normal,214.2,0,4.0
T517216,Pago QR,v2,Arequipa,9,Pico,238.1,0,4.0
T517217,Recarga celular,v1,Arequipa,5,Normal,248.6,0,5.0
T517218,Pago QR,v2,Lima,21,Pico,227.7,0,4.0
T517219,Pago QR,v2,Lima,5,Normal,182.5,0,5.0
T517220,Pago QR,v1,Arequipa,2,Normal,226.0,0,4.0
T517221,Pago QR,v2,Lima,21,Pico,223.0,0,5.0
T517222,Pago de servicios,v2,Lima,9,Pico,414.8,0,4.0
T517223,Transferencia,v2,Trujillo,14,Normal,177.9,0,5.0
T517224,Pago de servicios,v1,Lima,13,Normal,168.7,0,5.0
T517225,Pago QR,v2,Arequipa,7,Normal,135.3,0,4.0
T517226,Transferencia,v2,Lima,13,Normal,318.7,0,4.0
T517227,Pago QR,v1,Lima,7,Normal,414.8,0,3.0
T517228,Recarga celular,v2,Lima,7,Normal,126.3,0,4.0
T517229,Recarga celular,v2,Lima,11,Normal,55.7,0,5.0
T517230,Pago QR,v1,Trujillo,16,Normal,262.3,0,4.0
T517231,Consulta de saldo,v2,Lima,13,Normal,127.0,0,5.0
T517232,Pago QR,v2,Lima,20,Pico,324.2,0,4.0
T517233,Transferencia,v2,Trujillo,3,Normal,248.9,0,4.0
T517234,Transferencia,v2,Arequipa,22,Normal,463.3,0,3.0
T517235,Pago QR,v2,Trujillo,21,Pico,330.4,0,4.0
T517236,Transferencia,v1,Trujillo,8,Pico,348.0,0,4.0
T517237,Transferencia,v1,Trujillo,17,Normal,525.9,0,4.0
T517238,Transferencia,v1,Trujillo,23,Normal,405.6,0,4.0
T517239,Recarga celular,v1,Lima,15,Normal,386.3,0,4.0
T517240,Pago QR,v1,Lima,5,Normal,79.6,0,5.0
T517241,Consulta de saldo,v1,Arequipa,9,Pico,431.4,0,4.0
T517242,Transferencia,v2,Lima,23,Normal,282.0,0,4.0
T517243,Pago de servicios,v1,Arequipa,2,Normal,363.0,0,4.0
T517244,Consulta de saldo,v2,Lima,12,Normal,72.3,0,5.0
T517245,Consulta de saldo,v2,Lima,9,Pico,247.0,0,4.0
T517246,Pago de servicios,v2,Trujillo,15,Normal,236.6,0,4.0
T517247,Pago de servicios,v1,Trujillo,23,Normal,247.7,0,4.0
T517248,Transferencia,v2,Arequipa,10,Pico,659.2,0,3.0
T517249,Transferencia,v1,Lima,0,Normal,197.8,0,4.0
T517250,Pago QR,v1,Lima,17,Normal,228.6,0,5.0
T517251,Pago QR,v2,Lima,22,Normal,369.3,0,3.0
T517252,Transferencia,v2,Trujillo,6,Normal,250.1,0,4.0
T517253,Pago QR,v1,Arequipa,11,Normal,69.1,0,4.0
T517254,Pago QR,v2,Arequipa,22,Normal,215.0,0,3.0
T517255,Transferencia,v1,Arequipa,12,Normal,403.4,0,4.0
T517256,Recarga celular,v2,Trujillo,2,Normal,185.6,0,4.0
T517257,Pago QR,v1,Trujillo,15,Normal,151.6,0,3.0
T517258,Transferencia,v1,Lima,0,Normal,311.7,0,4.0
T517259,Transferencia,v1,Lima,20,Pico,208.8,0,4.0
T517260,Pago QR,v1,Arequipa,3,Normal,421.6,0,4.0
T517261,Consulta de saldo,v2,Lima,20,Pico,103.2,0,3.0
T517262,Pago QR,v2,Trujillo,13,Normal,105.8,0,5.0
T517263,Recarga celular,v2,Trujillo,9,Pico,453.1,0,4.0
T517264,Pago QR,v1,Arequipa,0,Normal,252.2,0,3.0
T517265,Transferencia,v2,Lima,5,Normal,294.1,0,3.0
T517266,Transferencia,v1,Lima,17,Normal,246.3,0,5.0
T517267,Transferencia,v1,Lima,22,Normal,118.5,0,4.0
T517268,Pago QR,v1,Arequipa,16,Normal,309.1,0,4.0
T517269,Transferencia,v2,Lima,18,Pico,587.9,0,2.0
T517270,Pago de servicios,v2,Lima,21,Pico,211.7,0,4.0
T517271,Pago QR,v2,Trujillo,12,Normal,197.1,0,4.0
T517272,Pago QR,v2,Lima,12,Normal,298.2,0,3.0
T517273,Consulta de saldo,v2,Lima,10,Pico,188.9,0,4.0
T517274,Pago de servicios,v2,Lima,14,Normal,211.2,0,4.0
T517275,Pago de servicios,v2,Lima,17,Normal,353.5,0,4.0
T517276,Pago QR,v2,Lima,9,Pico,241.0,0,3.0
T517277,Pago QR,v1,Lima,14,Normal,232.3,0,4.0
T517278,Pago de servicios,v2,Lima,22,Normal,216.1,0,3.0
T517279,Consulta de saldo,v2,Trujillo,22,Normal,153.3,0,3.0
T517280,Consulta de saldo,v1,Arequipa,20,Pico,119.5,0,5.0
T517281,Pago de servicios,v2,Arequipa,1,Normal,263.4,0,3.0
T517282,Consulta de saldo,v2,Trujillo,9,Pico,57.3,0,5.0
T517283,Pago de servicios,v2,Lima,6,Normal,474.0,0,3.0
T517284,Pago de servicios,v2,Arequipa,0,Normal,186.5,0,4.0
T517285,Recarga celular,v1,Lima,0,Normal,206.2,0,5.0
T517286,Pago de servicios,v1,Lima,7,Normal,292.8,0,4.0
T517287,Pago de servicios,v2,Lima,21,Pico,154.7,0,4.0
T517288,Pago QR,v1,Lima,23,Normal,96.2,0,4.0
T517289,Pago QR,v2,Trujillo,17,Normal,,0,4.0
T517290,Pago de servicios,v1,Arequipa,14,Normal,247.3,0,5.0
T517291,Consulta de saldo,v1,Lima,6,Normal,345.9,0,4.0
T517292,Consulta de saldo,v2,Arequipa,20,Pico,184.2,0,3.0
T517293,Pago de servicios,v1,Arequipa,18,Pico,428.7,0,2.0
T517294,Transferencia,v1,Lima,12,Normal,144.5,0,5.0
T517295,Recarga celular,v1,Trujillo,10,Pico,312.6,0,3.0
T517296,Transferencia,v2,Lima,8,Pico,348.8,0,4.0
T517297,Transferencia,v1,Lima,20,Pico,362.1,0,3.0
T517298,Pago QR,v1,Arequipa,6,Normal,474.4,0,4.0
T517299,Pago de servicios,v1,Lima,18,Pico,216.4,0,5.0
T517300,Transferencia,v2,Arequipa,5,Normal,216.6,0,4.0
T517301,Pago QR,v1,Arequipa,10,Pico,267.8,0,3.0
T517302,Pago QR,v2,Lima,19,Pico,162.3,0,4.0
T517303,Consulta de saldo,v2,Lima,20,Pico,167.0,0,4.0
T517304,Consulta de saldo,v1,Lima,5,Normal,82.2,0,5.0
T517305,Transferencia,v1,Arequipa,23,Normal,312.0,0,4.0
T517306,Pago QR,v1,Lima,15,Normal,159.2,0,4.0
T517307,Recarga celular,v2,Arequipa,13,Normal,262.9,0,4.0
T517308,Consulta de saldo,v2,Lima,3,Normal,89.6,0,5.0
T517309,Recarga celular,v2,Lima,12,Normal,224.6,0,
T517310,Consulta de saldo,v1,Trujillo,14,Normal,77.6,0,5.0
T517311,Recarga celular,v1,Trujillo,8,Pico,252.4,0,4.0
T517312,Recarga celular,v1,Trujillo,13,Normal,226.3,0,4.0
T517313,Transferencia,v1,Lima,4,Normal,130.7,0,5.0
T517314,Transferencia,v1,Lima,15,Normal,397.4,0,4.0
T517315,Pago QR,v1,Lima,18,Pico,201.7,0,5.0
T517316,Pago QR,v1,Trujillo,13,Normal,194.7,0,5.0
T517317,Pago QR,v1,Lima,15,Normal,265.2,0,4.0
T517318,Pago de servicios,v2,Trujillo,20,Pico,633.4,0,4.0
T517319,Transferencia,v2,Arequipa,0,Normal,265.3,0,5.0
T517320,Recarga celular,v2,Arequipa,13,Normal,260.8,0,4.0
T517321,Pago QR,v1,Lima,20,Pico,149.7,0,3.0
T517322,Consulta de saldo,v2,Trujillo,18,Pico,270.1,0,4.0
T517323,Pago QR,v2,Lima,9,Pico,392.3,0,3.0
T517324,Pago de servicios,v1,Lima,0,Normal,258.2,0,4.0
T517325,Pago de servicios,v1,Arequipa,2,Normal,509.6,0,3.0
T517326,Transferencia,v1,Trujillo,3,Normal,281.5,0,5.0
T517327,Recarga celular,v1,Lima,21,Pico,155.0,0,
T517328,Pago de servicios,v1,Lima,14,Normal,329.7,0,4.0
T517329,Pago QR,v2,Lima,7,Normal,136.4,0,4.0
T517330,Consulta de saldo,v1,Arequipa,12,Normal,196.0,0,5.0
T517331,Transferencia,v1,Lima,3,Normal,240.3,0,4.0
T517332,Consulta de saldo,v2,Lima,9,Pico,50.2,0,4.0
T517333,Pago QR,v2,Trujillo,22,Normal,372.5,0,4.0
T517334,Recarga celular,v1,Arequipa,18,Pico,237.1,0,3.0
T517335,Pago QR,v2,Lima,8,Pico,110.2,0,4.0
T517336,Pago de servicios,v2,Trujillo,15,Normal,328.3,0,4.0
T517337,Recarga celular,v2,Lima,20,Pico,366.3,0,3.0
T517338,Pago QR,v2,Lima,2,Normal,227.2,0,4.0
T517339,Pago QR,v1,Lima,13,Normal,163.0,0,5.0
T517340,Consulta de saldo,v1,Lima,0,Normal,107.6,0,4.0
T517341,Pago de servicios,v2,Trujillo,5,Normal,343.3,0,3.0
T517342,Transferencia,v1,Trujillo,5,Normal,791.7,0,2.0
T517343,Recarga celular,v1,Arequipa,8,Pico,228.1,0,4.0
T517344,Consulta de saldo,v2,Lima,13,Normal,144.3,0,4.0
T517345,Consulta de saldo,v2,Trujillo,13,Normal,72.7,0,5.0
T517346,Transferencia,v1,Lima,0,Normal,181.1,0,5.0
T517347,Consulta de saldo,v2,Trujillo,16,Normal,60.9,0,5.0
T517348,Transferencia,v2,Lima,12,Normal,162.2,0,4.0
T517349,Recarga celular,v2,Trujillo,8,Pico,295.5,0,4.0
T517350,Consulta de saldo,v2,Lima,0,Normal,41.1,0,5.0
T517351,Transferencia,v2,Arequipa,14,Normal,250.9,0,4.0
T517352,Pago de servicios,v2,Lima,12,Normal,211.1,0,4.0
T517353,Recarga celular,v1,Trujillo,3,Normal,97.2,0,5.0
T517354,Consulta de saldo,v2,Lima,13,Normal,44.1,0,3.0
T517355,Pago QR,v2,Lima,9,Pico,156.1,0,4.0
T517356,Consulta de saldo,v1,Lima,11,Normal,133.7,0,3.0
T517357,Transferencia,v2,Trujillo,16,Normal,154.8,0,5.0
T517358,Consulta de saldo,v1,Lima,3,Normal,63.1,0,5.0
T517359,Pago QR,v1,Lima,14,Normal,198.5,0,4.0
T517360,Recarga celular,v1,Arequipa,7,Normal,257.9,0,4.0
T517361,Pago de servicios,v1,Lima,20,Pico,532.2,0,3.0
T517362,Pago QR,v2,Trujillo,0,Normal,235.1,0,4.0
T517363,Transferencia,v1,Arequipa,9,Pico,916.9,0,3.0
T517364,Transferencia,v2,Lima,10,Pico,274.1,0,4.0
T517365,Pago QR,v1,Trujillo,10,Pico,216.2,0,3.0
T517366,Recarga celular,v2,Arequipa,7,Normal,157.6,0,3.0
T517367,Transferencia,v2,Lima,0,Normal,160.9,0,5.0
T517368,Pago de servicios,v1,Lima,9,Pico,433.4,0,3.0
T517369,Consulta de saldo,v1,Arequipa,3,Normal,232.3,0,4.0
T517370,Pago de servicios,v1,Trujillo,11,Normal,229.2,0,3.0
T517371,Recarga celular,v2,Trujillo,9,Pico,364.8,0,4.0
T517372,Recarga celular,v1,Lima,18,Pico,318.2,0,5.0
T517373,Consulta de saldo,v2,Arequipa,1,Normal,136.3,0,5.0
T517374,Transferencia,v2,Arequipa,4,Normal,112.3,0,5.0
T517375,Recarga celular,v2,Arequipa,22,Normal,113.8,0,5.0
T517376,Transferencia,v2,Lima,10,Pico,413.9,0,4.0
T517377,Pago QR,v1,Trujillo,15,Normal,201.1,0,4.0
T517378,Recarga celular,v1,Lima,3,Normal,333.0,0,5.0
T517379,Recarga celular,v2,Trujillo,13,Normal,116.1,0,4.0
T517380,Recarga celular,v2,Lima,1,Normal,121.6,0,5.0
T517381,Pago QR,v2,Arequipa,19,Pico,193.2,0,4.0
T517382,Transferencia,v2,Lima,3,Normal,221.6,0,4.0
T517383,Pago de servicios,v2,Arequipa,1,Normal,326.2,0,3.0
T517384,Recarga celular,v2,Lima,12,Normal,108.7,0,5.0
T517385,Recarga celular,v2,Lima,21,Pico,379.7,0,2.0
T517386,Pago QR,v1,Lima,8,Pico,323.3,0,4.0
T517387,Transferencia,v1,Trujillo,18,Pico,530.4,0,3.0
T517388,Transferencia,v2,Lima,22,Normal,505.0,0,4.0
T517389,Consulta de saldo,v2,Lima,16,Normal,78.3,0,5.0
T517390,Pago de servicios,v2,Trujillo,3,Normal,354.3,0,
T517391,Pago QR,v2,Lima,4,Normal,558.3,0,3.0
T517392,Pago QR,v2,Trujillo,11,Normal,239.8,0,5.0
T517393,Pago de servicios,v1,Trujillo,22,Normal,180.7,0,4.0
T517394,Recarga celular,v1,Trujillo,20,Pico,228.9,0,4.0
T517395,Pago QR,v2,Trujillo,3,Normal,165.0,0,4.0
T517396,Pago QR,v2,Trujillo,18,Pico,566.4,0,4.0
T517397,Transferencia,v1,Lima,6,Normal,293.0,0,4.0
T517398,Transferencia,v2,Trujillo,11,Normal,269.6,0,4.0
T517399,Transferencia,v1,Arequipa,22,Normal,367.3,0,4.0
T517400,Transferencia,v2,Lima,10,Pico,304.9,0,3.0
T517401,Pago QR,v1,Lima,6,Normal,130.9,0,4.0
T517402,Pago QR,v2,Arequipa,7,Normal,256.6,0,4.0
T517403,Pago QR,v1,Lima,2,Normal,361.1,0,3.0
T517404,Transferencia,v1,Trujillo,14,Normal,269.4,0,4.0
T517405,Pago de servicios,v1,Lima,5,Normal,317.2,0,4.0
T517406,Transferencia,v1,Trujillo,22,Normal,358.1,0,4.0
T517407,Pago de servicios,v2,Lima,7,Normal,287.3,0,4.0
T517408,Pago QR,v1,Trujillo,20,Pico,169.7,0,4.0
T517409,Transferencia,v1,Lima,2,Normal,255.0,0,4.0
T517410,Consulta de saldo,v1,Lima,16,Normal,55.6,0,5.0
T517411,Recarga celular,v2,Arequipa,7,Normal,115.6,0,4.0
T517412,Pago de servicios,v2,Arequipa,17,Normal,227.5,0,4.0
T517413,Pago QR,v1,Arequipa,7,Normal,284.8,0,5.0
T517414,Consulta de saldo,v1,Arequipa,14,Normal,64.2,0,5.0
T517415,Consulta de saldo,v1,Arequipa,17,Normal,83.5,0,5.0
T517416,Transferencia,v2,Lima,19,Pico,254.8,0,4.0
T517417,Consulta de saldo,v1,Arequipa,12,Normal,103.7,0,4.0
T517418,Recarga celular,v1,Trujillo,9,Pico,181.1,0,5.0
T517419,Transferencia,v1,Lima,2,Normal,164.3,0,4.0
T517420,Transferencia,v1,Lima,19,Pico,579.7,0,3.0
T517421,Pago de servicios,v2,Lima,14,Normal,676.8,0,3.0
T517422,Pago QR,v2,Lima,22,Normal,111.9,0,5.0
T517423,Transferencia,v1,Arequipa,19,Pico,613.9,0,4.0
T517424,Pago QR,v1,Lima,21,Pico,161.5,0,5.0
T517425,Consulta de saldo,v2,Arequipa,18,Pico,127.8,0,5.0
T517426,Consulta de saldo,v1,Lima,19,Pico,126.4,0,3.0
T517427,Pago QR,v1,Arequipa,17,Normal,194.9,0,4.0
T517428,Consulta de saldo,v1,Lima,7,Normal,79.7,0,4.0
T517429,Consulta de saldo,v2,Lima,13,Normal,45.8,0,5.0
T517430,Transferencia,v1,Lima,7,Normal,238.5,0,4.0
T517431,Consulta de saldo,v2,Lima,21,Pico,67.1,0,5.0
T517432,Recarga celular,v2,Trujillo,0,Normal,90.9,0,5.0
T517433,Pago de servicios,v2,Arequipa,14,Normal,137.6,0,4.0
T517434,Recarga celular,v2,Lima,6,Normal,127.7,0,3.0
T517435,Consulta de saldo,v2,Arequipa,3,Normal,113.0,0,5.0
T517436,Pago de servicios,v1,Arequipa,1,Normal,381.1,0,3.0
T517437,Transferencia,v2,Arequipa,16,Normal,146.9,0,4.0
T517438,Consulta de saldo,v1,Trujillo,20,Pico,155.2,0,5.0
T517439,Pago de servicios,v2,Lima,19,Pico,476.7,0,3.0
T517440,Transferencia,v1,Arequipa,15,Normal,262.6,0,4.0
T517441,Recarga celular,v2,Arequipa,5,Normal,214.8,0,4.0
T517442,Pago QR,v1,Lima,16,Normal,1349.9,0,1.0
T517443,Pago de servicios,v1,Lima,12,Normal,494.5,0,4.0
T517444,Recarga celular,v2,Arequipa,19,Pico,174.6,0,4.0
T517445,Pago de servicios,v2,Lima,22,Normal,239.8,0,3.0
T517446,Transferencia,v2,Arequipa,15,Normal,435.3,0,4.0
T517447,Consulta de saldo,v2,Lima,23,Normal,116.0,0,5.0
T517448,Pago QR,v1,Lima,23,Normal,291.9,0,5.0
T517449,Pago QR,v1,Lima,18,Pico,356.0,0,
T517450,Recarga celular,v2,Trujillo,21,Pico,175.5,0,4.0
T517451,Pago QR,v1,Lima,13,Normal,355.2,0,4.0
T517452,Recarga celular,v1,Trujillo,23,Normal,204.0,0,5.0
T517453,Transferencia,v2,Lima,8,Pico,196.8,0,4.0
T517454,Transferencia,v1,Lima,5,Normal,173.2,0,4.0
T517455,Transferencia,v2,Trujillo,12,Normal,526.0,0,3.0
T517456,Transferencia,v2,Trujillo,23,Normal,348.9,0,3.0
T517457,Consulta de saldo,v2,Lima,6,Normal,66.8,0,5.0
T517458,Consulta de saldo,v2,Trujillo,0,Normal,121.1,0,4.0
T517459,Pago QR,v2,Arequipa,12,Normal,216.9,0,5.0
T517460,Pago QR,v2,Lima,8,Pico,110.9,0,4.0
T517461,Consulta de saldo,v2,Lima,22,Normal,77.8,0,4.0
T517462,Pago QR,v2,Lima,21,Pico,178.6,0,5.0
T517463,Transferencia,v1,Arequipa,20,Pico,335.4,0,4.0
T517464,Pago QR,v1,Lima,21,Pico,424.6,0,4.0
T517465,Recarga celular,v1,Lima,10,Pico,485.2,0,3.0
T517466,Consulta de saldo,v1,Trujillo,15,Normal,167.4,0,4.0
T517467,Pago QR,v2,Lima,21,Pico,319.9,0,4.0
T517468,Pago de servicios,v1,Trujillo,6,Normal,199.9,0,4.0
T517469,Pago de servicios,v1,Lima,14,Normal,329.8,0,4.0
T517470,Consulta de saldo,v1,Lima,7,Normal,199.3,0,
T517471,Transferencia,v1,Lima,22,Normal,314.4,0,3.0
T517472,Pago QR,v1,Lima,9,Pico,86.3,0,5.0
T517473,Transferencia,v1,Trujillo,2,Normal,506.0,0,3.0
T517474,Consulta de saldo,v1,Lima,10,Pico,109.6,0,5.0
T517475,Transferencia,v1,Trujillo,11,Normal,405.3,0,3.0
T517476,Transferencia,v2,Lima,11,Normal,199.3,0,4.0
T517477,Consulta de saldo,v2,Lima,0,Normal,65.0,0,5.0
T517478,Recarga celular,v2,Arequipa,7,Normal,71.4,0,5.0
T517479,Pago QR,v1,Lima,10,Pico,188.7,0,5.0
T517480,Pago QR,v2,Arequipa,5,Normal,160.1,0,4.0
T517481,Pago QR,v1,Lima,14,Normal,132.3,0,4.0
T517482,Pago QR,v2,Lima,20,Pico,254.6,0,5.0
T517483,Consulta de saldo,v2,Lima,4,Normal,177.7,0,4.0
T517484,Recarga celular,v1,Lima,5,Normal,102.1,0,5.0
T517485,Pago QR,v1,Lima,12,Normal,212.3,0,5.0
T517486,Transferencia,v1,Lima,7,Normal,362.7,0,5.0
T517487,Recarga celular,v2,Trujillo,23,Normal,189.4,0,4.0
T517488,Pago QR,v2,Lima,19,Pico,447.8,0,3.0
T517489,Transferencia,v2,Lima,16,Normal,300.3,0,3.0
T517490,Recarga celular,v2,Trujillo,8,Pico,292.0,0,4.0
T517491,Pago QR,v2,Lima,11,Normal,196.2,0,5.0
T517492,Pago QR,v1,Lima,8,Pico,260.2,0,4.0
T517493,Pago QR,v2,Lima,3,Normal,44.3,0,4.0
T517494,Pago QR,v2,Lima,1,Normal,220.1,0,4.0
T517495,Consulta de saldo,v1,Arequipa,3,Normal,97.4,0,5.0
T517496,Consulta de saldo,v2,Trujillo,19,Pico,107.7,0,5.0
T517497,Recarga celular,v2,Trujillo,6,Normal,,0,5.0
T517498,Transferencia,v1,Lima,4,Normal,417.1,0,3.0
T517499,Transferencia,v1,Arequipa,3,Normal,169.2,0,5.0
T517500,Pago de servicios,v2,Arequipa,0,Normal,263.6,0,4.0
T517501,Transferencia,v1,Trujillo,4,Normal,310.4,0,4.0
T517502,Transferencia,v2,Trujillo,10,Pico,263.9,0,4.0
T517503,Pago de servicios,v1,Lima,3,Normal,248.4,0,5.0
T517504,Consulta de saldo,v2,Arequipa,18,Pico,55.4,0,4.0
T517505,Pago QR,v2,Lima,1,Normal,598.8,0,3.0
T517506,Consulta de saldo,v1,Lima,0,Normal,106.2,0,5.0
T517507,Pago QR,v1,Lima,2,Normal,334.8,0,3.0
T517508,Consulta de saldo,v2,Lima,21,Pico,77.9,0,4.0
T517509,Consulta de saldo,v2,Arequipa,2,Normal,181.4,0,4.0
T517510,Pago QR,v1,Lima,4,Normal,142.6,0,4.0
T517511,Recarga celular,v1,Lima,18,Pico,264.8,0,4.0
T517512,Consulta de saldo,v1,Lima,22,Normal,82.9,0,5.0
T517513,Pago QR,v1,Arequipa,15,Normal,363.6,0,4.0
T517514,Pago QR,v1,Lima,15,Normal,179.3,0,4.0
T517515,Recarga celular,v1,Trujillo,1,Normal,188.9,0,5.0
T517516,Consulta de saldo,v1,Trujillo,11,Normal,163.8,0,5.0
T517517,Pago QR,v2,Lima,19,Pico,233.5,0,5.0
T517518,Transferencia,v1,Lima,1,Normal,186.0,0,4.0
T517519,Pago QR,v2,Lima,15,Normal,170.8,0,5.0
T517520,Consulta de saldo,v2,Trujillo,8,Pico,145.2,0,4.0
T517521,Transferencia,v2,Lima,0,Normal,184.4,0,4.0
T517522,Pago de servicios,v2,Lima,8,Pico,911.7,0,3.0
T517523,Consulta de saldo,v2,Lima,19,Pico,38.4,0,5.0
T517524,Recarga celular,v1,Trujillo,12,Normal,125.4,0,3.0
T517525,Consulta de saldo,v2,Lima,19,Pico,145.9,0,4.0
T517526,Transferencia,v2,Trujillo,7,Normal,567.5,0,5.0
T517527,Consulta de saldo,v2,Trujillo,7,Normal,77.7,0,5.0
T517528,Pago QR,v2,Lima,23,Normal,538.9,0,3.0
T517529,Pago QR,v2,Lima,18,Pico,153.9,0,5.0
T517530,Pago de servicios,v2,Arequipa,6,Normal,254.7,0,4.0
T517531,Consulta de saldo,v2,Trujillo,9,Pico,238.4,0,4.0
T517532,Transferencia,v1,Trujillo,16,Normal,380.9,0,2.0
T517533,Consulta de saldo,v2,Arequipa,9,Pico,99.1,0,3.0
T517534,Transferencia,v1,Trujillo,8,Pico,776.2,0,3.0
T517535,Pago QR,v2,Trujillo,19,Pico,536.0,0,3.0
T517536,Pago de servicios,v2,Lima,0,Normal,148.9,0,4.0
T517537,Consulta de saldo,v1,Lima,3,Normal,168.8,0,4.0
T517538,Pago de servicios,v1,Lima,15,Normal,256.1,0,3.0
T517539,Consulta de saldo,v2,Lima,5,Normal,30.9,0,4.0
T517540,Recarga celular,v2,Trujillo,19,Pico,99.9,0,4.0
T517541,Pago QR,v1,Trujillo,3,Normal,299.2,0,3.0
T517542,Pago QR,v1,Lima,0,Normal,215.4,0,
T517543,Consulta de saldo,v1,Arequipa,22,Normal,107.4,0,5.0
T517544,Pago de servicios,v2,Trujillo,18,Pico,573.5,0,3.0
T517545,Pago QR,v2,Lima,0,Normal,202.3,0,3.0
T517546,Pago QR,v1,Trujillo,17,Normal,507.5,0,4.0
T517547,Pago QR,v2,Arequipa,18,Pico,248.5,0,4.0
T517548,Pago de servicios,v1,Trujillo,22,Normal,185.4,0,3.0
T517549,Recarga celular,v2,Trujillo,0,Normal,141.3,0,4.0
T517550,Transferencia,v2,Arequipa,14,Normal,111.2,0,5.0
T517551,Pago QR,v2,Lima,21,Pico,110.4,0,5.0
T517552,Pago de servicios,v2,Arequipa,11,Normal,223.5,0,5.0
T517553,Pago QR,v1,Arequipa,10,Pico,76.5,0,4.0
T517554,Transferencia,v1,Arequipa,0,Normal,380.2,0,4.0
T517555,Pago QR,v2,Lima,4,Normal,124.7,0,4.0
T517556,Transferencia,v2,Trujillo,15,Normal,423.4,0,3.0
T517557,Transferencia,v1,Lima,10,Pico,385.0,0,4.0
T517558,Recarga celular,v1,Trujillo,2,Normal,172.7,0,4.0
T517559,Transferencia,v2,Trujillo,16,Normal,382.2,0,4.0
T517560,Pago QR,v2,Arequipa,17,Normal,266.1,0,3.0
T517561,Consulta de saldo,v1,Lima,6,Normal,103.0,0,5.0
T517562,Pago QR,v2,Trujillo,18,Pico,161.5,0,5.0
T517563,Consulta de saldo,v2,Lima,2,Normal,86.9,0,4.0
T517564,Transferencia,v1,Arequipa,1,Normal,415.6,0,4.0
T517565,Pago de servicios,v2,Trujillo,21,Pico,380.5,0,4.0
T517566,Consulta de saldo,v1,Trujillo,11,Normal,88.8,0,5.0
T517567,Consulta de saldo,v1,Lima,17,Normal,81.5,0,5.0
T517568,Recarga celular,v1,Arequipa,22,Normal,141.7,0,4.0
T517569,Transferencia,v1,Lima,1,Normal,,0,4.0
T517570,Pago de servicios,v1,Trujillo,12,Normal,368.4,0,3.0
T517571,Consulta de saldo,v2,Lima,0,Normal,94.1,1,3.0
T517572,Transferencia,v1,Trujillo,19,Pico,436.6,0,3.0
T517573,Pago QR,v2,Trujillo,20,Pico,90.7,0,4.0
T517574,Transferencia,v1,Trujillo,10,Pico,704.8,0,2.0
T517575,Consulta de saldo,v1,Arequipa,8,Pico,99.1,0,5.0
T517576,Recarga celular,v1,Arequipa,6,Normal,150.8,0,4.0
T517577,Recarga celular,v1,Lima,23,Normal,116.8,0,3.0
T517578,Pago de servicios,v1,Lima,15,Normal,280.0,0,4.0
T517579,Pago QR,v2,Arequipa,10,Pico,175.1,0,4.0
T517580,Pago de servicios,v1,Arequipa,18,Pico,409.9,0,4.0
T517581,Transferencia,v1,Arequipa,16,Normal,221.9,0,5.0
T517582,Pago QR,v1,Lima,4,Normal,2686.6,0,1.0
T517583,Recarga celular,v2,Trujillo,10,Pico,292.0,0,4.0
T517584,Transferencia,v1,Arequipa,13,Normal,193.7,0,4.0
T517585,Pago QR,v2,Lima,23,Normal,377.1,0,3.0
T517586,Transferencia,v2,Arequipa,19,Pico,543.1,0,3.0
T517587,Pago de servicios,v1,Lima,3,Normal,657.6,0,4.0
T517588,Pago QR,v2,Arequipa,11,Normal,149.5,0,5.0
T517589,Pago QR,v1,Lima,23,Normal,180.8,0,4.0
T517590,Pago QR,v2,Lima,8,Pico,274.3,0,4.0
T517591,Consulta de saldo,v1,Arequipa,15,Normal,81.7,0,4.0
T517592,Pago QR,v2,Trujillo,18,Pico,556.9,0,4.0
T517593,Transferencia,v2,Trujillo,6,Normal,233.9,0,5.0
T517594,Consulta de saldo,v2,Trujillo,9,Pico,50.6,0,5.0
T517595,Consulta de saldo,v2,Trujillo,21,Pico,149.5,0,4.0
T517596,Pago QR,v1,Lima,4,Normal,174.8,0,3.0
T517597,Pago QR,v2,Lima,12,Normal,199.1,0,5.0
T517598,Pago de servicios,v1,Lima,19,Pico,1111.8,0,2.0
T517599,Pago de servicios,v2,Lima,17,Normal,221.6,0,4.0
T517600,Transferencia,v1,Lima,12,Normal,532.1,0,3.0
T517601,Recarga celular,v1,Arequipa,1,Normal,109.3,0,4.0
T517602,Pago QR,v1,Lima,4,Normal,173.3,0,3.0
T517603,Pago QR,v2,Lima,6,Normal,164.8,0,4.0
T517604,Recarga celular,v2,Arequipa,5,Normal,76.1,0,4.0
T517605,Pago de servicios,v2,Trujillo,11,Normal,319.8,0,4.0
T517606,Pago QR,v1,Arequipa,12,Normal,175.3,0,4.0
T517607,Recarga celular,v2,Lima,3,Normal,233.8,0,4.0
T517608,Pago de servicios,v2,Arequipa,15,Normal,472.1,0,3.0
T517609,Transferencia,v1,Lima,7,Normal,224.8,0,3.0
T517610,Pago QR,v2,Arequipa,14,Normal,340.9,0,4.0
T517611,Recarga celular,v2,Lima,14,Normal,140.6,0,4.0
T517612,Consulta de saldo,v1,Lima,9,Pico,139.0,0,3.0
T517613,Pago QR,v1,Arequipa,10,Pico,170.0,0,4.0
T517614,Pago QR,v1,Arequipa,0,Normal,159.2,0,4.0
T517615,Transferencia,v2,Lima,6,Normal,431.6,0,3.0
T517616,Recarga celular,v2,Lima,10,Pico,104.7,0,5.0
T517617,Consulta de saldo,v2,Lima,22,Normal,103.2,0,5.0
T517618,Transferencia,v1,Lima,20,Pico,330.7,0,3.0
T517619,Consulta de saldo,v2,Trujillo,2,Normal,76.0,0,5.0
T517620,Consulta de saldo,v2,Lima,13,Normal,134.2,0,5.0
T517621,Recarga celular,v1,Lima,1,Normal,177.0,0,4.0
T517622,Consulta de saldo,v2,Lima,0,Normal,163.7,0,4.0
T517623,Consulta de saldo,v2,Trujillo,12,Normal,132.7,0,5.0
T517624,Pago de servicios,v1,Trujillo,20,Pico,519.5,0,2.0
T517625,Consulta de saldo,v2,Lima,5,Normal,102.4,0,5.0
T517626,Consulta de saldo,v1,Arequipa,5,Normal,133.7,0,5.0
T517627,Pago QR,v2,Lima,12,Normal,201.8,0,4.0
T517628,Pago de servicios,v1,Trujillo,20,Pico,223.5,0,3.0
T517629,Transferencia,v2,Lima,7,Normal,97.8,0,4.0
T517630,Pago de servicios,v2,Lima,2,Normal,588.7,0,3.0
T517631,Pago QR,v1,Trujillo,16,Normal,94.7,0,3.0
T517632,Pago QR,v2,Arequipa,17,Normal,151.1,0,3.0
T517633,Pago de servicios,v1,Arequipa,0,Normal,266.6,0,4.0
T517634,Consulta de saldo,v2,Arequipa,3,Normal,205.9,0,4.0
T517635,Pago QR,v2,Trujillo,4,Normal,107.3,0,5.0
T517636,Consulta de saldo,v1,Arequipa,11,Normal,116.6,0,5.0
T517637,Pago QR,v2,Trujillo,23,Normal,175.9,0,4.0
T517638,Consulta de saldo,v2,Lima,0,Normal,112.7,0,4.0
T517639,Recarga celular,v1,Lima,6,Normal,135.7,1,4.0
T517640,Recarga celular,v1,Lima,12,Normal,354.1,0,5.0
T517641,Pago de servicios,v1,Trujillo,4,Normal,515.0,0,3.0
T517642,Pago de servicios,v1,Lima,7,Normal,233.3,0,4.0
T517643,Pago QR,v1,Lima,22,Normal,170.6,0,4.0
T517644,Consulta de saldo,v1,Lima,16,Normal,76.5,0,4.0
T517645,Recarga celular,v2,Lima,12,Normal,310.9,0,4.0
T517646,Pago de servicios,v2,Lima,18,Pico,419.2,0,4.0
T517647,Consulta de saldo,v1,Lima,3,Normal,148.5,0,4.0
T517648,Consulta de saldo,v2,Lima,19,Pico,250.2,0,4.0
T517649,Transferencia,v1,Arequipa,1,Normal,479.2,0,2.0
T517650,Pago QR,v1,Lima,17,Normal,264.0,0,3.0
T517651,Consulta de saldo,v2,Arequipa,0,Normal,117.1,0,3.0
T517652,Pago QR,v1,Lima,4,Normal,3597.3,0,1.0
T517653,Recarga celular,v2,Arequipa,18,Pico,244.8,0,4.0
T517654,Pago QR,v1,Trujillo,11,Normal,289.9,0,4.0
T517655,Transferencia,v2,Lima,3,Normal,375.0,0,3.0
T517656,Pago de servicios,v1,Lima,0,Normal,524.0,0,3.0
T517657,Transferencia,v2,Trujillo,16,Normal,300.0,0,5.0
T517658,Consulta de saldo,v1,Lima,16,Normal,59.3,0,5.0
T517659,Transferencia,v2,Trujillo,21,Pico,216.6,0,5.0
T517660,Pago QR,v1,Arequipa,8,Pico,225.0,0,5.0
T517661,Pago QR,v2,Lima,22,Normal,171.6,0,4.0
T517662,Pago de servicios,v2,Lima,18,Pico,557.7,1,3.0
T517663,Pago QR,v2,Lima,0,Normal,151.6,0,5.0
T517664,Pago QR,v2,Lima,0,Normal,135.0,0,4.0
T517665,Consulta de saldo,v1,Lima,17,Normal,94.6,0,5.0
T517666,Recarga celular,v1,Lima,22,Normal,213.0,0,5.0
T517667,Pago de servicios,v1,Trujillo,16,Normal,151.9,0,4.0
T517668,Consulta de saldo,v1,Lima,14,Normal,84.5,0,5.0
T517669,Transferencia,v2,Lima,18,Pico,239.1,0,5.0
T517670,Consulta de saldo,v1,Arequipa,7,Normal,179.3,0,5.0
T517671,Pago de servicios,v1,Lima,22,Normal,336.9,0,4.0
T517672,Transferencia,v2,Trujillo,2,Normal,206.5,0,4.0
T517673,Pago QR,v2,Arequipa,1,Normal,382.9,0,3.0
T517674,Transferencia,v1,Lima,18,Pico,455.8,0,4.0
T517675,Pago de servicios,v2,Lima,16,Normal,320.7,0,4.0
T517676,Transferencia,v2,Trujillo,18,Pico,160.3,0,4.0
T517677,Recarga celular,v1,Arequipa,22,Normal,229.9,0,4.0
T517678,Pago de servicios,v2,Lima,5,Normal,242.5,0,5.0
T517679,Pago QR,v2,Lima,7,Normal,223.3,0,4.0
T517680,Pago QR,v1,Trujillo,12,Normal,319.8,0,4.0
T517681,Recarga celular,v1,Lima,11,Normal,146.0,0,5.0
T517682,Transferencia,v2,Lima,1,Normal,223.6,0,5.0
T517683,Consulta de saldo,v2,Lima,21,Pico,107.3,0,2.0
T517684,Pago QR,v1,Trujillo,16,Normal,291.9,0,2.0
T517685,Pago QR,v1,Lima,22,Normal,283.9,0,3.0
T517686,Transferencia,v2,Lima,14,Normal,691.5,0,4.0
T517687,Consulta de saldo,v2,Trujillo,15,Normal,119.9,0,4.0
T517688,Pago QR,v1,Lima,3,Normal,226.6,0,3.0
T517689,Pago QR,v2,Lima,15,Normal,211.6,0,4.0
T517690,Consulta de saldo,v2,Lima,19,Pico,171.1,0,3.0
T517691,Transferencia,v2,Lima,4,Normal,284.7,0,4.0
T517692,Consulta de saldo,v2,Lima,20,Pico,120.8,0,4.0
T517693,Consulta de saldo,v2,Lima,12,Normal,54.6,0,5.0
T517694,Transferencia,v1,Lima,12,Normal,311.9,0,5.0
T517695,Pago de servicios,v2,Trujillo,20,Pico,1284.6,0,2.0
T517696,Transferencia,v1,Trujillo,22,Normal,236.0,0,4.0
T517697,Pago QR,v1,Arequipa,23,Normal,628.4,0,4.0
T517698,Transferencia,v2,Arequipa,12,Normal,146.3,0,3.0
T517699,Recarga celular,v2,Lima,4,Normal,153.0,0,4.0
T517700,Transferencia,v1,Trujillo,7,Normal,496.2,0,2.0
T517701,Transferencia,v2,Arequipa,21,Pico,394.0,0,3.0
T517702,Transferencia,v2,Arequipa,11,Normal,256.3,0,4.0
T517703,Transferencia,v1,Lima,18,Pico,821.4,0,3.0
T517704,Transferencia,v2,Trujillo,15,Normal,136.9,0,5.0
T517705,Pago QR,v1,Trujillo,0,Normal,131.8,0,4.0
T517706,Consulta de saldo,v1,Lima,5,Normal,176.2,1,3.0
T517707,Consulta de saldo,v2,Trujillo,10,Pico,140.8,0,4.0
T517708,Pago QR,v2,Lima,18,Pico,219.9,0,4.0
T517709,Transferencia,v2,Arequipa,13,Normal,418.1,0,4.0
T517710,Consulta de saldo,v2,Trujillo,21,Pico,97.5,0,3.0
T517711,Consulta de saldo,v2,Lima,6,Normal,114.0,0,5.0
T517712,Transferencia,v2,Lima,22,Normal,186.2,0,4.0
T517713,Pago QR,v2,Lima,14,Normal,209.1,0,3.0
T517714,Consulta de saldo,v2,Trujillo,22,Normal,113.5,0,3.0
T517715,Pago de servicios,v2,Arequipa,17,Normal,482.6,0,3.0
T517716,Pago QR,v1,Arequipa,22,Normal,83.7,0,5.0
T517717,Pago QR,v1,Arequipa,14,Normal,254.3,0,3.0
T517718,Pago QR,v2,Arequipa,22,Normal,196.5,0,4.0
T517719,Pago de servicios,v2,Trujillo,18,Pico,264.3,0,3.0
T517720,Pago QR,v2,Lima,12,Normal,249.3,0,3.0
T517721,Consulta de saldo,v1,Arequipa,18,Pico,106.9,0,5.0
T517722,Pago de servicios,v1,Trujillo,7,Normal,436.5,0,4.0
T517723,Pago QR,v1,Lima,4,Normal,235.0,0,4.0
T517724,Pago de servicios,v2,Arequipa,2,Normal,252.3,0,4.0
T517725,Consulta de saldo,v1,Lima,0,Normal,80.8,0,4.0
T517726,Transferencia,v2,Lima,13,Normal,208.9,0,3.0
T517727,Pago de servicios,v2,Trujillo,11,Normal,154.9,0,5.0
T517728,Pago QR,v1,Trujillo,8,Pico,296.5,0,3.0
T517729,Transferencia,v1,Trujillo,8,Pico,323.5,0,3.0
T517730,Consulta de saldo,v1,Lima,21,Pico,54.7,0,4.0
T517731,Pago QR,v1,Arequipa,17,Normal,189.0,0,4.0
T517732,Pago QR,v1,Arequipa,13,Normal,348.7,0,3.0
T517733,Pago QR,v1,Trujillo,21,Pico,279.7,0,5.0
T517734,Consulta de saldo,v2,Trujillo,20,Pico,55.4,0,4.0
T517735,Transferencia,v2,Trujillo,6,Normal,273.1,0,4.0
T517736,Transferencia,v2,Arequipa,11,Normal,230.2,0,5.0
T517737,Pago de servicios,v1,Lima,22,Normal,391.6,0,4.0
T517738,Consulta de saldo,v2,Arequipa,18,Pico,215.4,0,5.0
T517739,Transferencia,v1,Trujillo,15,Normal,402.7,0,4.0
T517740,Recarga celular,v1,Arequipa,14,Normal,168.5,0,4.0
T517741,Pago de servicios,v2,Lima,10,Pico,259.4,0,4.0
T517742,Consulta de saldo,v2,Arequipa,8,Pico,196.5,0,4.0
T517743,Transferencia,v1,Arequipa,6,Normal,84.8,0,4.0
T517744,Transferencia,v1,Trujillo,5,Normal,189.0,0,4.0
T517745,Pago QR,v2,Lima,20,Pico,272.4,0,3.0
T517746,Pago QR,v2,Lima,18,Pico,335.9,0,5.0
T517747,Recarga celular,v2,Lima,15,Normal,69.8,0,4.0
T517748,Pago QR,v2,Lima,17,Normal,139.0,0,3.0
T517749,Transferencia,v2,Lima,22,Normal,214.4,0,4.0
T517750,Transferencia,v2,Trujillo,1,Normal,234.1,0,5.0
T517751,Pago de servicios,v1,Arequipa,4,Normal,336.6,0,3.0
T517752,Transferencia,v1,Trujillo,10,Pico,1211.2,0,3.0
T517753,Consulta de saldo,v2,Trujillo,13,Normal,45.8,0,5.0
T517754,Consulta de saldo,v1,Arequipa,19,Pico,176.8,0,4.0
T517755,Pago de servicios,v1,Lima,2,Normal,91.6,0,5.0
T517756,Pago de servicios,v1,Arequipa,5,Normal,237.8,0,4.0
T517757,Pago QR,v1,Trujillo,9,Pico,302.2,0,4.0
T517758,Pago QR,v1,Trujillo,4,Normal,168.5,0,3.0
T517759,Recarga celular,v1,Lima,9,Pico,393.7,0,3.0
T517760,Consulta de saldo,v1,Arequipa,22,Normal,86.5,0,4.0
T517761,Pago de servicios,v2,Trujillo,2,Normal,595.6,0,4.0
T517762,Transferencia,v2,Lima,8,Pico,786.4,0,3.0
T517763,Transferencia,v1,Lima,12,Normal,169.6,0,5.0
T517764,Pago QR,v1,Lima,23,Normal,82.3,0,4.0
T517765,Pago QR,v1,Lima,8,Pico,171.7,0,4.0
T517766,Transferencia,v2,Arequipa,16,Normal,133.7,0,5.0
T517767,Transferencia,v1,Trujillo,20,Pico,204.3,0,4.0
T517768,Recarga celular,v2,Trujillo,22,Normal,121.6,0,5.0
T517769,Consulta de saldo,v1,Lima,16,Normal,347.0,0,4.0
T517770,Consulta de saldo,v1,Lima,9,Pico,90.0,0,4.0
T517771,Recarga celular,v1,Arequipa,9,Pico,134.9,0,4.0
T517772,Transferencia,v1,Trujillo,20,Pico,269.5,0,5.0
T517773,Consulta de saldo,v2,Lima,10,Pico,245.1,0,5.0
T517774,Transferencia,v1,Lima,18,Pico,303.3,0,4.0
T517775,Consulta de saldo,v1,Trujillo,23,Normal,198.8,0,4.0
T517776,Consulta de saldo,v2,Lima,0,Normal,109.5,0,
T517777,Transferencia,v1,Trujillo,11,Normal,413.8,0,5.0
T517778,Pago QR,v1,Lima,13,Normal,175.0,0,5.0
T517779,Transferencia,v2,Arequipa,13,Normal,323.1,0,5.0
T517780,Recarga celular,v2,Lima,1,Normal,427.9,0,5.0
T517781,Transferencia,v1,Lima,17,Normal,200.6,0,5.0
T517782,Pago de servicios,v1,Trujillo,23,Normal,158.5,0,3.0
T517783,Pago de servicios,v2,Trujillo,20,Pico,632.7,0,3.0
T517784,Pago de servicios,v2,Lima,6,Normal,248.8,0,4.0
T517785,Pago QR,v2,Lima,7,Normal,122.7,0,5.0
T517786,Transferencia,v2,Lima,0,Normal,257.2,0,4.0
T517787,Pago QR,v2,Lima,4,Normal,160.8,0,4.0
T517788,Pago QR,v2,Trujillo,9,Pico,307.3,0,3.0
T517789,Pago de servicios,v2,Lima,12,Normal,262.4,0,4.0
T517790,Pago de servicios,v2,Arequipa,6,Normal,680.9,0,2.0
T517791,Transferencia,v1,Arequipa,1,Normal,590.8,0,4.0
T517792,Transferencia,v1,Trujillo,12,Normal,371.8,0,4.0
T517793,Pago de servicios,v2,Trujillo,19,Pico,315.9,0,3.0
T517794,Recarga celular,v1,Lima,18,Pico,209.9,0,4.0
T517795,Consulta de saldo,v2,Lima,6,Normal,121.3,0,5.0
T517796,Transferencia,v2,Arequipa,18,Pico,231.3,0,5.0
T517797,Consulta de saldo,v2,Trujillo,14,Normal,196.1,0,4.0
T517798,Recarga celular,v1,Trujillo,16,Normal,203.4,0,4.0
T517799,Pago de servicios,v2,Arequipa,16,Normal,436.5,0,4.0
T517800,Transferencia,v2,Arequipa,7,Normal,343.1,0,4.0
T517801,Recarga celular,v2,Arequipa,9,Pico,298.3,0,4.0
T517802,Consulta de saldo,v1,Lima,7,Normal,60.2,0,4.0
T517803,Transferencia,v1,Lima,12,Normal,173.7,0,2.0
T517804,Pago QR,v2,Lima,16,Normal,289.3,0,4.0
T517805,Recarga celular,v1,Lima,14,Normal,112.4,0,5.0
T517806,Recarga celular,v1,Lima,8,Pico,262.0,0,4.0
T517807,Recarga celular,v2,Lima,5,Normal,159.5,0,4.0
T517808,Transferencia,v2,Lima,1,Normal,338.3,0,5.0
T517809,Transferencia,v2,Arequipa,23,Normal,292.2,0,4.0
T517810,Transferencia,v1,Trujillo,0,Normal,358.9,0,4.0
T517811,Pago QR,v2,Lima,23,Normal,128.5,0,5.0
T517812,Recarga celular,v2,Arequipa,22,Normal,243.2,0,5.0
T517813,Consulta de saldo,v2,Lima,5,Normal,131.1,0,5.0
T517814,Transferencia,v1,Lima,1,Normal,364.3,0,3.0
T517815,Recarga celular,v2,Arequipa,9,Pico,484.6,0,4.0
T517816,Consulta de saldo,v2,Lima,16,Normal,98.6,0,5.0
T517817,Consulta de saldo,v1,Trujillo,18,Pico,86.2,0,4.0
T517818,Pago de servicios,v1,Lima,1,Normal,260.9,0,5.0
T517819,Recarga celular,v1,Arequipa,16,Normal,221.3,0,5.0
T517820,Consulta de saldo,v2,Lima,15,Normal,85.7,0,3.0
T517821,Recarga celular,v1,Arequipa,18,Pico,220.1,0,5.0
T517822,Consulta de saldo,v2,Lima,7,Normal,66.5,0,5.0
T517823,Consulta de saldo,v2,Trujillo,19,Pico,152.4,0,4.0
T517824,Pago de servicios,v1,Arequipa,22,Normal,356.2,0,4.0
T517825,Pago QR,v2,Lima,4,Normal,135.3,0,5.0
T517826,Pago QR,v1,Arequipa,4,Normal,200.6,0,5.0
T517827,Consulta de saldo,v1,Trujillo,8,Pico,132.6,0,5.0
T517828,Consulta de saldo,v2,Arequipa,20,Pico,43.1,0,5.0
T517829,Recarga celular,v2,Lima,19,Pico,297.0,1,3.0
T517830,Consulta de saldo,v2,Lima,5,Normal,59.8,0,5.0
T517831,Recarga celular,v1,Trujillo,13,Normal,142.3,0,5.0
T517832,Transferencia,v1,Arequipa,19,Pico,280.8,0,3.0
T517833,Recarga celular,v1,Lima,20,Pico,89.4,0,4.0
T517834,Pago QR,v1,Arequipa,4,Normal,127.6,0,5.0
T517835,Pago QR,v1,Lima,7,Normal,306.0,0,5.0
T517836,Transferencia,v1,Arequipa,5,Normal,361.2,0,4.0
T517837,Transferencia,v1,Lima,6,Normal,426.2,0,3.0
T517838,Pago QR,v1,Lima,21,Pico,77.3,0,4.0
T517839,Consulta de saldo,v1,Lima,6,Normal,44.7,0,5.0
T517840,Pago de servicios,v2,Trujillo,13,Normal,247.3,0,3.0
T517841,Pago QR,v2,Lima,20,Pico,575.5,0,3.0
T517842,Transferencia,v1,Lima,2,Normal,231.5,0,4.0
T517843,Recarga celular,v2,Lima,15,Normal,193.5,0,4.0
T517844,Pago de servicios,v1,Trujillo,7,Normal,155.7,0,5.0
T517845,Recarga celular,v1,Arequipa,12,Normal,231.0,0,3.0
T517846,Transferencia,v1,Lima,4,Normal,194.0,0,4.0
T517847,Transferencia,v2,Arequipa,7,Normal,170.5,0,4.0
T517848,Pago de servicios,v2,Lima,4,Normal,269.2,0,4.0
T517849,Consulta de saldo,v1,Lima,15,Normal,103.4,0,3.0
T517850,Recarga celular,v2,Lima,22,Normal,83.4,0,4.0
T517851,Consulta de saldo,v1,Arequipa,11,Normal,51.2,0,5.0
T517852,Pago QR,v1,Trujillo,22,Normal,249.7,0,4.0
T517853,Consulta de saldo,v2,Trujillo,21,Pico,183.5,0,5.0
T517854,Pago QR,v1,Trujillo,6,Normal,165.1,0,4.0
T517855,Transferencia,v1,Lima,0,Normal,210.5,0,4.0
T517856,Transferencia,v1,Lima,16,Normal,114.2,0,5.0
T517857,Transferencia,v2,Lima,10,Pico,519.4,0,3.0
T517858,Pago QR,v2,Arequipa,2,Normal,273.0,0,4.0
T517859,Recarga celular,v2,Trujillo,6,Normal,204.3,0,4.0
T517860,Pago QR,v2,Lima,20,Pico,400.6,0,5.0
T517861,Pago de servicios,v2,Lima,4,Normal,224.8,0,3.0
T517862,Consulta de saldo,v1,Lima,21,Pico,97.3,0,4.0
T517863,Pago QR,v1,Lima,9,Pico,613.0,0,2.0
T517864,Recarga celular,v1,Arequipa,19,Pico,557.3,0,3.0
T517865,Transferencia,v2,Lima,16,Normal,334.4,0,3.0
T517866,Pago de servicios,v1,Arequipa,13,Normal,664.1,0,4.0
T517867,Pago QR,v1,Lima,5,Normal,244.8,0,5.0
T517868,Consulta de saldo,v1,Trujillo,3,Normal,111.5,0,5.0
T517869,Consulta de saldo,v1,Lima,0,Normal,117.1,0,3.0
T517870,Transferencia,v2,Trujillo,21,Pico,252.0,0,
T517871,Transferencia,v1,Lima,14,Normal,289.3,0,5.0
T517872,Transferencia,v2,Trujillo,7,Normal,395.9,0,4.0
T517873,Transferencia,v2,Trujillo,19,Pico,266.3,0,5.0
T517874,Transferencia,v1,Trujillo,9,Pico,371.7,0,4.0
T517875,Consulta de saldo,v2,Lima,17,Normal,184.9,0,5.0
T517876,Pago de servicios,v2,Arequipa,18,Pico,195.6,0,4.0
T517877,Pago QR,v1,Trujillo,0,Normal,208.5,0,5.0
T517878,Consulta de saldo,v2,Lima,21,Pico,83.4,0,4.0
T517879,Transferencia,v1,Arequipa,9,Pico,608.8,0,5.0
T517880,Pago de servicios,v1,Trujillo,21,Pico,291.5,0,5.0
T517881,Pago de servicios,v1,Trujillo,22,Normal,253.2,1,3.0
T517882,Consulta de saldo,v2,Arequipa,0,Normal,158.3,0,4.0
T517883,Transferencia,v1,Lima,1,Normal,201.1,0,4.0
T517884,Consulta de saldo,v2,Lima,2,Normal,118.9,0,5.0
T517885,Consulta de saldo,v2,Lima,1,Normal,121.4,0,5.0
T517886,Transferencia,v1,Lima,13,Normal,214.8,0,4.0
T517887,Pago de servicios,v1,Trujillo,11,Normal,134.9,0,5.0
T517888,Pago QR,v2,Trujillo,15,Normal,604.2,0,3.0
T517889,Pago de servicios,v1,Lima,7,Normal,305.3,0,3.0
T517890,Pago QR,v1,Lima,2,Normal,279.6,0,4.0
T517891,Pago QR,v2,Arequipa,18,Pico,349.0,0,5.0
T517892,Pago QR,v1,Arequipa,9,Pico,345.8,0,3.0
T517893,Pago QR,v2,Arequipa,4,Normal,304.2,0,4.0
T517894,Consulta de saldo,v2,Trujillo,4,Normal,34.4,0,5.0
T517895,Pago de servicios,v1,Arequipa,15,Normal,410.7,0,4.0
T517896,Consulta de saldo,v1,Arequipa,17,Normal,58.3,0,4.0
T517897,Consulta de saldo,v2,Trujillo,23,Normal,97.5,0,5.0
T517898,Recarga celular,v1,Arequipa,12,Normal,122.2,0,4.0
T517899,Consulta de saldo,v1,Trujillo,4,Normal,95.5,0,4.0
T517900,Recarga celular,v1,Lima,10,Pico,270.5,0,4.0
T517901,Pago QR,v2,Lima,17,Normal,162.8,0,5.0
T517902,Pago QR,v2,Arequipa,3,Normal,201.5,0,5.0
T517903,Consulta de saldo,v1,Arequipa,15,Normal,123.0,0,4.0
T517904,Pago de servicios,v2,Lima,7,Normal,180.1,0,
T517905,Recarga celular,v1,Lima,14,Normal,121.1,0,4.0
T517906,Transferencia,v2,Lima,14,Normal,536.4,0,4.0
T517907,Pago de servicios,v1,Trujillo,15,Normal,515.6,0,3.0
T517908,Consulta de saldo,v1,Trujillo,20,Pico,173.1,0,5.0
T517909,Recarga celular,v2,Lima,7,Normal,77.8,0,5.0
T517910,Consulta de saldo,v2,Arequipa,10,Pico,258.4,0,3.0
T517911,Recarga celular,v2,Lima,5,Normal,251.0,0,4.0
T517912,Pago QR,v2,Trujillo,20,Pico,126.8,0,4.0
T517913,Pago de servicios,v1,Lima,3,Normal,416.6,0,2.0
T517914,Recarga celular,v2,Arequipa,3,Normal,138.6,0,4.0
T517915,Transferencia,v1,Lima,13,Normal,185.9,0,4.0
T517916,Pago QR,v1,Arequipa,12,Normal,157.0,0,4.0
T517917,Pago QR,v2,Trujillo,13,Normal,127.3,0,5.0
T517918,Pago de servicios,v2,Trujillo,16,Normal,186.7,0,4.0
T517919,Transferencia,v1,Lima,18,Pico,492.3,0,3.0
T517920,Transferencia,v2,Trujillo,4,Normal,309.3,0,4.0
T517921,Recarga celular,v2,Lima,14,Normal,74.2,0,3.0
T517922,Consulta de saldo,v1,Lima,6,Normal,146.6,0,4.0
T517923,Consulta de saldo,v2,Lima,23,Normal,54.8,0,3.0
T517924,Transferencia,v1,Lima,7,Normal,318.8,0,3.0
T517925,Transferencia,v2,Trujillo,14,Normal,200.1,0,4.0
T517926,Pago de servicios,v2,Trujillo,1,Normal,725.2,0,4.0
T517927,Transferencia,v1,Lima,8,Pico,488.4,0,5.0
T517928,Transferencia,v1,Arequipa,12,Normal,2876.8,0,1.0
T517929,Pago de servicios,v1,Lima,23,Normal,541.1,0,4.0
T517930,Recarga celular,v1,Trujillo,23,Normal,319.1,0,4.0
T517931,Pago QR,v2,Lima,3,Normal,360.4,0,4.0
T517932,Pago QR,v1,Lima,11,Normal,133.9,0,4.0
T517933,Consulta de saldo,v2,Trujillo,4,Normal,110.3,0,4.0
T517934,Pago QR,v1,Arequipa,11,Normal,186.3,0,5.0
T517935,Pago de servicios,v1,Arequipa,19,Pico,1053.0,0,2.0
T517936,Pago de servicios,v1,Arequipa,18,Pico,419.3,0,4.0
T517937,Transferencia,v2,Arequipa,8,Pico,407.4,0,4.0
T517938,Pago QR,v2,Lima,11,Normal,317.3,0,3.0
T517939,Transferencia,v1,Lima,18,Pico,352.3,0,4.0
T517940,Pago de servicios,v1,Arequipa,1,Normal,938.8,0,3.0
T517941,Consulta de saldo,v1,Lima,16,Normal,155.2,0,4.0
T517942,Consulta de saldo,v1,Lima,14,Normal,38.1,0,5.0
T517943,Pago QR,v2,Lima,4,Normal,188.8,0,5.0
T517944,Recarga celular,v2,Lima,6,Normal,151.5,0,3.0
T517945,Transferencia,v1,Lima,22,Normal,281.7,0,3.0
T517946,Consulta de saldo,v1,Trujillo,21,Pico,299.5,0,4.0
T517947,Consulta de saldo,v1,Lima,7,Normal,80.6,0,4.0
T517948,Pago de servicios,v1,Trujillo,22,Normal,506.4,0,4.0
T517949,Transferencia,v1,Lima,12,Normal,251.6,0,5.0
T517950,Transferencia,v1,Arequipa,10,Pico,407.0,0,3.0
T517951,Pago QR,v2,Trujillo,21,Pico,93.1,0,4.0
T517952,Pago QR,v1,Trujillo,18,Pico,139.6,0,5.0
T517953,Pago QR,v2,Trujillo,14,Normal,275.6,0,3.0
T517954,Pago de servicios,v2,Trujillo,19,Pico,856.5,0,3.0
T517955,Recarga celular,v2,Lima,20,Pico,584.2,0,4.0
T517956,Consulta de saldo,v1,Lima,7,Normal,111.3,0,4.0
T517957,Pago QR,v1,Lima,18,Pico,158.3,0,4.0
T517958,Transferencia,v1,Trujillo,9,Pico,169.2,0,4.0
T517959,Consulta de saldo,v2,Lima,17,Normal,80.0,0,5.0
T517960,Transferencia,v1,Lima,11,Normal,213.2,0,5.0
T517961,Pago QR,v2,Arequipa,7,Normal,152.9,0,3.0
T517962,Recarga celular,v1,Arequipa,3,Normal,97.8,0,5.0
T517963,Transferencia,v1,Lima,22,Normal,142.9,0,3.0
T517964,Transferencia,v1,Trujillo,19,Pico,485.2,0,4.0
T517965,Consulta de saldo,v1,Lima,7,Normal,137.6,0,4.0
T517966,Pago QR,v1,Lima,4,Normal,102.1,0,4.0
T517967,Transferencia,v1,Lima,20,Pico,421.2,0,4.0
T517968,Consulta de saldo,v2,Arequipa,10,Pico,401.5,0,4.0
T517969,Pago QR,v2,Lima,11,Normal,249.9,0,4.0
T517970,Consulta de saldo,v2,Arequipa,22,Normal,49.4,0,4.0
T517971,Transferencia,v1,Lima,9,Pico,581.2,0,4.0
T517972,Consulta de saldo,v2,Lima,7,Normal,150.1,0,3.0
T517973,Transferencia,v1,Arequipa,4,Normal,489.1,0,4.0
T517974,Consulta de saldo,v2,Trujillo,20,Pico,144.2,0,5.0
T517975,Pago QR,v1,Lima,0,Normal,110.7,0,4.0
T517976,Transferencia,v1,Lima,15,Normal,416.4,0,4.0
T517977,Pago de servicios,v1,Lima,3,Normal,140.5,0,5.0
T517978,Recarga celular,v1,Trujillo,6,Normal,186.4,0,4.0
T517979,Pago de servicios,v2,Lima,20,Pico,240.6,0,3.0
T517980,Transferencia,v2,Lima,5,Normal,297.4,0,5.0
T517981,Pago QR,v1,Arequipa,16,Normal,153.8,0,5.0
T517982,Consulta de saldo,v2,Trujillo,18,Pico,273.7,0,4.0
T517983,Transferencia,v1,Arequipa,20,Pico,561.0,0,4.0
T517984,Transferencia,v1,Trujillo,21,Pico,462.1,0,3.0
T517985,Pago de servicios,v1,Arequipa,19,Pico,455.2,0,3.0
T517986,Pago QR,v1,Lima,16,Normal,194.4,0,4.0
T517987,Transferencia,v1,Lima,13,Normal,690.6,0,2.0
T517988,Pago de servicios,v1,Trujillo,15,Normal,352.3,0,3.0
T517989,Pago de servicios,v1,Lima,0,Normal,244.4,0,5.0
T517990,Pago QR,v1,Trujillo,8,Pico,92.1,0,5.0
T517991,Pago QR,v2,Lima,12,Normal,84.7,0,4.0
T517992,Pago de servicios,v1,Lima,6,Normal,428.6,0,
T517993,Transferencia,v2,Arequipa,21,Pico,118.9,1,4.0
T517994,Transferencia,v1,Arequipa,4,Normal,336.7,0,4.0
T517995,Transferencia,v2,Lima,1,Normal,212.3,0,5.0
T517996,Transferencia,v1,Lima,12,Normal,185.8,0,4.0
T517997,Recarga celular,v2,Trujillo,13,Normal,188.8,0,4.0
T517998,Pago QR,v2,Lima,10,Pico,,0,4.0
T517999,Transferencia,v2,Trujillo,22,Normal,263.1,0,5.0
